comp_name,candidate_type,candidate_id,pdb_id_b,ab_chain_ids_b,ag_chain_ids_b,ab_pdb_id_u,ab_chain_ids_u,ag_pdb_id_u,ag_chain_ids_u,ab_mismatches_cnt,ag_mismatches_cnt,small_molecules_message
6rcv_J+I|F,U:U,0,6rcv,J+I,F,6RCS,A+B,4WAT,A,0,1,small molecules with 7 < n_atoms <= 15 detected
6rcv_H+G|F,U:U,0,6rcv,H+G,F,6RCQ,A+B,4WAT,A,0,1,small molecules with 7 < n_atoms <= 15 detected
6rcu_B+C|A,U:U,0,6rcu,B+C,A,6RCO,A+B,4WAT,A,0,1,small molecules with 7 < n_atoms <= 15 detected
6rcu_B+C|A,U:U,1,6rcu,B+C,A,6RCO,C+D,4WAT,A,0,1,small molecules with 7 < n_atoms <= 15 detected
6rcu_E+D|A,U:U,0,6rcu,E+D,A,6RCS,A+B,4WAT,A,0,1,small molecules with 7 < n_atoms <= 15 detected
6rcv_C+B|A,U:U,0,6rcv,C+B,A,6RCQ,A+B,4WAT,A,0,1,small molecules with 7 < n_atoms <= 15 detected
6nip_H+L|Z,U:B,0,6nip,H+L,Z,6NIS,H+L,6nip,Z,8,0,NA
6nip_H+L|Z,U:B,1,6nip,H+L,Z,6MTX,H+L,6nip,Z,0,0,small molecules with 7 < n_atoms <= 15 detected
6nip_H+L|Z,U:B,2,6nip,H+L,Z,6NIS,H+L,6nip,Z,8,0,NA
6nip_H+L|Z,U:B,3,6nip,H+L,Z,6MTX,H+L,6nip,Z,0,0,small molecules with 7 < n_atoms <= 15 detected
3ulu_D+C|A,U:U,0,3ulu,D+C,A,3ULS,H+L,2A0Z,A,0,0,small molecules with 7 < n_atoms <= 15 detected
3ulu_D+C|A,U:U,1,3ulu,D+C,A,3ULS,B+A,2A0Z,A,0,0,small molecules with 7 < n_atoms <= 15 detected
3ulu_D+C|A,U:U,2,3ulu,D+C,A,3ULS,H+L,1ZIW,A,0,4,small molecules with 7 < n_atoms <= 15 detected
3ulu_D+C|A,U:U,3,3ulu,D+C,A,3ULS,B+A,1ZIW,A,0,4,small molecules with 7 < n_atoms <= 15 detected
1vfb_B+A|C,U:U,0,1vfb,B+A,C,1A7N,H+L,6RO3,A,2,0,small molecules with n_atoms > 15 detected
1vfb_B+A|C,U:U,1,1vfb,B+A,C,1A7Q,H+L,6RO3,A,10,0,small molecules with n_atoms > 15 detected
1vfb_B+A|C,U:U,2,1vfb,B+A,C,1A7P,H+L,6RO3,A,3,0,small molecules with n_atoms > 15 detected
1vfb_B+A|C,U:U,3,1vfb,B+A,C,1A7R,H+L,6RO3,A,1,0,small molecules with n_atoms > 15 detected
1vfb_B+A|C,U:U,4,1vfb,B+A,C,1VFA,B+A,6RO3,A,0,0,small molecules with n_atoms > 15 detected
1vfb_B+A|C,U:U,5,1vfb,B+A,C,1A7N,H+L,6F9Y,A,2,0,NA
1vfb_B+A|C,U:U,6,1vfb,B+A,C,1A7Q,H+L,6F9Y,A,10,0,NA
1vfb_B+A|C,U:U,7,1vfb,B+A,C,1A7P,H+L,6F9Y,A,3,0,NA
1vfb_B+A|C,U:U,8,1vfb,B+A,C,1A7R,H+L,6F9Y,A,1,0,NA
1vfb_B+A|C,U:U,9,1vfb,B+A,C,1VFA,B+A,6F9Y,A,0,0,NA
1vfb_B+A|C,U:U,10,1vfb,B+A,C,1A7N,H+L,6RT3,A,2,0,NA
1vfb_B+A|C,U:U,11,1vfb,B+A,C,1A7Q,H+L,6RT3,A,10,0,NA
1vfb_B+A|C,U:U,12,1vfb,B+A,C,1A7P,H+L,6RT3,A,3,0,NA
1vfb_B+A|C,U:U,13,1vfb,B+A,C,1A7R,H+L,6RT3,A,1,0,NA
1vfb_B+A|C,U:U,14,1vfb,B+A,C,1VFA,B+A,6RT3,A,0,0,NA
1vfb_B+A|C,U:U,15,1vfb,B+A,C,1A7N,H+L,6F9Z,A,2,0,NA
1vfb_B+A|C,U:U,16,1vfb,B+A,C,1A7Q,H+L,6F9Z,A,10,0,NA
1vfb_B+A|C,U:U,17,1vfb,B+A,C,1A7P,H+L,6F9Z,A,3,0,NA
1vfb_B+A|C,U:U,18,1vfb,B+A,C,1A7R,H+L,6F9Z,A,1,0,NA
1vfb_B+A|C,U:U,19,1vfb,B+A,C,1VFA,B+A,6F9Z,A,0,0,NA
1vfb_B+A|C,U:U,20,1vfb,B+A,C,1A7N,H+L,6ABN,A,2,0,NA
1vfb_B+A|C,U:U,21,1vfb,B+A,C,1A7Q,H+L,6ABN,A,10,0,NA
1vfb_B+A|C,U:U,22,1vfb,B+A,C,1A7P,H+L,6ABN,A,3,0,NA
1vfb_B+A|C,U:U,23,1vfb,B+A,C,1A7R,H+L,6ABN,A,1,0,NA
1vfb_B+A|C,U:U,24,1vfb,B+A,C,1VFA,B+A,6ABN,A,0,0,NA
6mfp_H+L|G,U:U,0,6mfp,H+L,G,6MFJ,H+L,4DKR,A,0,0,small molecules with n_atoms > 15 detected
6mfp_H+L|G,U:U,1,6mfp,H+L,G,6MFJ,A+B,4DKR,A,0,0,small molecules with n_atoms > 15 detected
6mfp_H+L|G,U:U,2,6mfp,H+L,G,6MFJ,H+L,4DKR,C,0,0,small molecules with n_atoms > 15 detected
6mfp_H+L|G,U:U,3,6mfp,H+L,G,6MFJ,A+B,4DKR,C,0,0,small molecules with n_atoms > 15 detected
6mfp_H+L|G,U:U,4,6mfp,H+L,G,6MFJ,H+L,4DKQ,A,0,0,small molecules with n_atoms > 15 detected
6mfp_H+L|G,U:U,5,6mfp,H+L,G,6MFJ,A+B,4DKQ,A,0,0,small molecules with n_atoms > 15 detected
6mfp_H+L|G,U:U,6,6mfp,H+L,G,6MFJ,H+L,4DKP,A,0,0,small molecules with n_atoms > 15 detected
6mfp_H+L|G,U:U,7,6mfp,H+L,G,6MFJ,A+B,4DKP,A,0,0,small molecules with n_atoms > 15 detected
6mfp_H+L|G,U:U,8,6mfp,H+L,G,6MFJ,H+L,4DKP,C,0,0,small molecules with n_atoms > 15 detected
6mfp_H+L|G,U:U,9,6mfp,H+L,G,6MFJ,A+B,4DKP,C,0,0,small molecules with n_atoms > 15 detected
6mfp_H+L|G,U:U,10,6mfp,H+L,G,6MFJ,H+L,6ONF,A,0,7,small molecules with n_atoms > 15 detected
6mfp_H+L|G,U:U,11,6mfp,H+L,G,6MFJ,A+B,6ONF,A,0,7,small molecules with n_atoms > 15 detected
6mfp_H+L|G,U:U,12,6mfp,H+L,G,6MFJ,H+L,4RZ8,A,0,0,small molecules with n_atoms > 15 detected
6mfp_H+L|G,U:U,13,6mfp,H+L,G,6MFJ,A+B,4RZ8,A,0,0,small molecules with n_atoms > 15 detected
6mfp_H+L|G,U:U,14,6mfp,H+L,G,6MFJ,H+L,4RZ8,B,0,0,small molecules with n_atoms > 15 detected
6mfp_H+L|G,U:U,15,6mfp,H+L,G,6MFJ,A+B,4RZ8,B,0,0,small molecules with n_atoms > 15 detected
6mfp_H+L|G,U:U,16,6mfp,H+L,G,6MFJ,H+L,4RZ8,C,0,0,small molecules with n_atoms > 15 detected
6mfp_H+L|G,U:U,17,6mfp,H+L,G,6MFJ,A+B,4RZ8,C,0,0,small molecules with n_atoms > 15 detected
6mfp_H+L|G,U:U,18,6mfp,H+L,G,6MFJ,H+L,4RZ8,D,0,0,small molecules with n_atoms > 15 detected
6mfp_H+L|G,U:U,19,6mfp,H+L,G,6MFJ,A+B,4RZ8,D,0,0,small molecules with n_atoms > 15 detected
6s3t_N+M|A,U:U,0,6s3t,N+M,A,6RNN,H+L,6RQG,A,0,0,NA
6s3t_N+M|A,U:U,1,6s3t,N+M,A,6RNN,D+C,6RQG,A,0,0,NA
6s3t_N+M|A,U:U,2,6s3t,N+M,A,6RNN,H+L,6RQG,B,0,0,NA
6s3t_N+M|A,U:U,3,6s3t,N+M,A,6RNN,D+C,6RQG,B,0,0,NA
6s3t_N+M|A,U:U,4,6s3t,N+M,A,6RNN,H+L,6RQG,C,0,0,NA
6s3t_N+M|A,U:U,5,6s3t,N+M,A,6RNN,D+C,6RQG,C,0,0,NA
6s3t_N+M|A,U:U,6,6s3t,N+M,A,6RNN,H+L,6RUX,A,0,0,small molecules with n_atoms > 15 detected
6s3t_N+M|A,U:U,7,6s3t,N+M,A,6RNN,D+C,6RUX,A,0,0,small molecules with n_atoms > 15 detected
6s3t_N+M|A,U:U,8,6s3t,N+M,A,6RNN,H+L,6RUX,B,0,0,small molecules with n_atoms > 15 detected
6s3t_N+M|A,U:U,9,6s3t,N+M,A,6RNN,D+C,6RUX,B,0,0,small molecules with n_atoms > 15 detected
6s3t_N+M|A,U:U,10,6s3t,N+M,A,6RNN,H+L,6RUX,C,0,0,small molecules with n_atoms > 15 detected
6s3t_N+M|A,U:U,11,6s3t,N+M,A,6RNN,D+C,6RUX,C,0,0,small molecules with n_atoms > 15 detected
5x0t_A+B|E,U:U,0,5x0t,A+B,E,5X4G,A+B,3I85,A,0,4,NA
5x0t_A+B|E,U:U,1,5x0t,A+B,E,5X4G,A+B,3I85,B,0,4,NA
5x0t_A+B|E,U:U,2,5x0t,A+B,E,5X4G,A+B,3B5H,A,0,0,NA
5x0t_A+B|E,U:U,3,5x0t,A+B,E,5X4G,A+B,3B5H,B,0,0,NA
5x0t_A+B|E,U:U,4,5x0t,A+B,E,5X4G,A+B,3B5H,C,0,0,NA
5x0t_A+B|E,U:U,5,5x0t,A+B,E,5X4G,A+B,3B5H,D,0,0,NA
4s10_B|D,U:U,0,4s10,B,D,4S11,A,1KCQ,A,0,2,NA
4s10_B|D,U:U,1,4s10,B,D,2X1P,A,1KCQ,A,9,2,NA
4s10_B|D,U:U,2,4s10,B,D,2X1P,B,1KCQ,A,9,2,NA
4s10_B|D,U:U,3,4s10,B,D,2X1P,C,1KCQ,A,9,2,NA
4s10_B|D,U:U,4,4s10,B,D,2X1P,D,1KCQ,A,9,2,NA
4s10_B|D,U:U,5,4s10,B,D,4S11,A,5FAF,A,0,3,NA
4s10_B|D,U:U,6,4s10,B,D,2X1P,A,5FAF,A,9,3,NA
4s10_B|D,U:U,7,4s10,B,D,2X1P,B,5FAF,A,9,3,NA
4s10_B|D,U:U,8,4s10,B,D,2X1P,C,5FAF,A,9,3,NA
4s10_B|D,U:U,9,4s10,B,D,2X1P,D,5FAF,A,9,3,NA
4s10_B|D,U:U,10,4s10,B,D,4S11,A,6QW3,A,0,2,NA
4s10_B|D,U:U,11,4s10,B,D,2X1P,A,6QW3,A,9,2,NA
4s10_B|D,U:U,12,4s10,B,D,2X1P,B,6QW3,A,9,2,NA
4s10_B|D,U:U,13,4s10,B,D,2X1P,C,6QW3,A,9,2,NA
4s10_B|D,U:U,14,4s10,B,D,2X1P,D,6QW3,A,9,2,NA
4s10_B|D,U:U,15,4s10,B,D,4S11,A,5FAE,A,0,3,NA
4s10_B|D,U:U,16,4s10,B,D,2X1P,A,5FAE,A,9,3,NA
4s10_B|D,U:U,17,4s10,B,D,2X1P,B,5FAE,A,9,3,NA
4s10_B|D,U:U,18,4s10,B,D,2X1P,C,5FAE,A,9,3,NA
4s10_B|D,U:U,19,4s10,B,D,2X1P,D,5FAE,A,9,3,NA
6pz8_C+G|J,U:B,0,6pz8,C+G,J,6PXG,A+B,6pz8,J,0,0,small molecules with 7 < n_atoms <= 15 detected
6pz8_C+G|J,U:B,1,6pz8,C+G,J,6PXG,C+D,6pz8,J,0,0,small molecules with 7 < n_atoms <= 15 detected
6pz8_C+G|J,U:B,2,6pz8,C+G,J,6PXG,E+F,6pz8,J,0,0,small molecules with 7 < n_atoms <= 15 detected
6pz8_C+G|J,U:B,3,6pz8,C+G,J,6PXG,H+L,6pz8,J,0,0,small molecules with 7 < n_atoms <= 15 detected
4i2x_D+C|F,U:B,0,4i2x,D+C,F,3DIF,B+A,4i2x,F,0,0,small molecules with 7 < n_atoms <= 15 detected
4i2x_D+C|F,U:B,1,4i2x,D+C,F,3DIF,D+C,4i2x,F,0,0,small molecules with 7 < n_atoms <= 15 detected
3eob_H+L|I,U:U,0,3eob,H+L,I,3EO9,H+L,3F74,A,0,1,NA
3eob_H+L|I,U:U,1,3eob,H+L,I,3EO9,H+L,3F74,B,0,1,NA
3eob_H+L|I,U:U,2,3eob,H+L,I,3EO9,H+L,3F74,C,0,1,NA
3eob_H+L|I,U:U,3,3eob,H+L,I,3EO9,H+L,1MJN,A,0,2,NA
3eob_H+L|I,U:U,4,3eob,H+L,I,3EO9,H+L,2O7N,A,0,0,small molecules with n_atoms > 15 detected
3eob_H+L|I,U:U,5,3eob,H+L,I,3EO9,H+L,3F78,A,0,1,small molecules with 7 < n_atoms <= 15 detected
3eob_H+L|I,U:U,6,3eob,H+L,I,3EO9,H+L,3F78,B,0,1,small molecules with 7 < n_atoms <= 15 detected
3eob_H+L|I,U:U,7,3eob,H+L,I,3EO9,H+L,3F78,C,0,1,NA
3eob_H+L|I,U:U,8,3eob,H+L,I,3EO9,H+L,2ICA,A,0,0,small molecules with n_atoms > 15 detected
4dn4_H+L|M,U:U,0,4dn4,H+L,M,4DN3,H+L,1DOL,A,0,1,NA
4m5z_H+L|A,U:U,0,4m5z,H+L,A,4M5Y,H+L,3UYW,A,0,1,small molecules with 7 < n_atoms <= 15 detected
4m5z_H+L|A,U:U,1,4m5z,H+L,A,4M5Y,I+M,3UYW,A,0,1,NA
4m5z_H+L|A,U:U,2,4m5z,H+L,A,4M5Y,H+L,3UYW,B,0,1,small molecules with 7 < n_atoms <= 15 detected
4m5z_H+L|A,U:U,3,4m5z,H+L,A,4M5Y,I+M,3UYW,B,0,1,NA
4m5z_H+L|A,U:U,4,4m5z,H+L,A,4M5Y,H+L,3UYW,C,0,1,small molecules with 7 < n_atoms <= 15 detected
4m5z_H+L|A,U:U,5,4m5z,H+L,A,4M5Y,I+M,3UYW,C,0,1,NA
4m5z_H+L|A,U:U,6,4m5z,H+L,A,4M5Y,H+L,3UYW,D,0,1,small molecules with 7 < n_atoms <= 15 detected
4m5z_H+L|A,U:U,7,4m5z,H+L,A,4M5Y,I+M,3UYW,D,0,1,NA
4m5z_H+L|A,U:U,8,4m5z,H+L,A,4M5Y,H+L,3UYX,A,0,2,small molecules with 7 < n_atoms <= 15 detected
4m5z_H+L|A,U:U,9,4m5z,H+L,A,4M5Y,I+M,3UYX,A,0,2,NA
4m5z_H+L|A,U:U,10,4m5z,H+L,A,4M5Y,H+L,3UYX,B,0,2,small molecules with 7 < n_atoms <= 15 detected
4m5z_H+L|A,U:U,11,4m5z,H+L,A,4M5Y,I+M,3UYX,B,0,2,NA
4m5z_H+L|A,U:U,12,4m5z,H+L,A,4M5Y,H+L,3MLH,A,0,1,small molecules with 7 < n_atoms <= 15 detected
4m5z_H+L|A,U:U,13,4m5z,H+L,A,4M5Y,I+M,3MLH,A,0,1,NA
4m5z_H+L|A,U:U,14,4m5z,H+L,A,4M5Y,H+L,3MLH,B,0,1,small molecules with 7 < n_atoms <= 15 detected
4m5z_H+L|A,U:U,15,4m5z,H+L,A,4M5Y,I+M,3MLH,B,0,1,NA
1jps_H+L|T,U:U,0,1jps,H+L,T,1JPT,H+L,1TFH,A,0,0,NA
1jps_H+L|T,U:U,1,1jps,H+L,T,1JPT,H+L,1TFH,B,0,0,NA
5nh3_I+M|B,U:U,0,5nh3,I+M,B,5NHW,H+L,1BTE,A,0,2,small molecules with 7 < n_atoms <= 15 detected
5nh3_I+M|B,U:U,1,5nh3,I+M,B,5NHW,H+L,1BTE,B,0,2,small molecules with 7 < n_atoms <= 15 detected
6pxh_C+D|A,U:U,0,6pxh,C+D,A,6PXG,A+B,5VYH,A,0,1,small molecules with n_atoms > 15 detected
6pxh_C+D|A,U:U,1,6pxh,C+D,A,6PXG,C+D,5VYH,A,0,1,small molecules with n_atoms > 15 detected
6pxh_C+D|A,U:U,2,6pxh,C+D,A,6PXG,E+F,5VYH,A,0,1,small molecules with n_atoms > 15 detected
6pxh_C+D|A,U:U,3,6pxh,C+D,A,6PXG,H+L,5VYH,A,0,1,small molecules with n_atoms > 15 detected
6pxh_C+D|A,U:U,4,6pxh,C+D,A,6PXG,A+B,5X4R,A,0,1,small molecules with 7 < n_atoms <= 15 detected
6pxh_C+D|A,U:U,5,6pxh,C+D,A,6PXG,C+D,5X4R,A,0,1,small molecules with 7 < n_atoms <= 15 detected
6pxh_C+D|A,U:U,6,6pxh,C+D,A,6PXG,E+F,5X4R,A,0,1,small molecules with 7 < n_atoms <= 15 detected
6pxh_C+D|A,U:U,7,6pxh,C+D,A,6PXG,H+L,5X4R,A,0,1,small molecules with 7 < n_atoms <= 15 detected
1g7i_B+A|C,U:U,0,1g7i,B+A,C,1A7N,H+L,6RO3,A,3,0,small molecules with n_atoms > 15 detected
1g7i_B+A|C,U:U,1,1g7i,B+A,C,1A7Q,H+L,6RO3,A,11,0,small molecules with n_atoms > 15 detected
1g7i_B+A|C,U:U,2,1g7i,B+A,C,1A7P,H+L,6RO3,A,4,0,small molecules with n_atoms > 15 detected
1g7i_B+A|C,U:U,3,1g7i,B+A,C,1A7R,H+L,6RO3,A,2,0,small molecules with n_atoms > 15 detected
1g7i_B+A|C,U:U,4,1g7i,B+A,C,1VFA,B+A,6RO3,A,1,0,small molecules with n_atoms > 15 detected
1g7i_B+A|C,U:U,5,1g7i,B+A,C,1A7N,H+L,6F9Y,A,3,0,NA
1g7i_B+A|C,U:U,6,1g7i,B+A,C,1A7Q,H+L,6F9Y,A,11,0,NA
1g7i_B+A|C,U:U,7,1g7i,B+A,C,1A7P,H+L,6F9Y,A,4,0,NA
1g7i_B+A|C,U:U,8,1g7i,B+A,C,1A7R,H+L,6F9Y,A,2,0,NA
1g7i_B+A|C,U:U,9,1g7i,B+A,C,1VFA,B+A,6F9Y,A,1,0,NA
1g7i_B+A|C,U:U,10,1g7i,B+A,C,1A7N,H+L,6RT3,A,3,0,NA
1g7i_B+A|C,U:U,11,1g7i,B+A,C,1A7Q,H+L,6RT3,A,11,0,NA
1g7i_B+A|C,U:U,12,1g7i,B+A,C,1A7P,H+L,6RT3,A,4,0,NA
1g7i_B+A|C,U:U,13,1g7i,B+A,C,1A7R,H+L,6RT3,A,2,0,NA
1g7i_B+A|C,U:U,14,1g7i,B+A,C,1VFA,B+A,6RT3,A,1,0,NA
1g7i_B+A|C,U:U,15,1g7i,B+A,C,1A7N,H+L,6F9Z,A,3,0,NA
1g7i_B+A|C,U:U,16,1g7i,B+A,C,1A7Q,H+L,6F9Z,A,11,0,NA
1g7i_B+A|C,U:U,17,1g7i,B+A,C,1A7P,H+L,6F9Z,A,4,0,NA
1g7i_B+A|C,U:U,18,1g7i,B+A,C,1A7R,H+L,6F9Z,A,2,0,NA
1g7i_B+A|C,U:U,19,1g7i,B+A,C,1VFA,B+A,6F9Z,A,1,0,NA
1g7i_B+A|C,U:U,20,1g7i,B+A,C,1A7N,H+L,6ABN,A,3,0,NA
1g7i_B+A|C,U:U,21,1g7i,B+A,C,1A7Q,H+L,6ABN,A,11,0,NA
1g7i_B+A|C,U:U,22,1g7i,B+A,C,1A7P,H+L,6ABN,A,4,0,NA
1g7i_B+A|C,U:U,23,1g7i,B+A,C,1A7R,H+L,6ABN,A,2,0,NA
1g7i_B+A|C,U:U,24,1g7i,B+A,C,1VFA,B+A,6ABN,A,1,0,NA
6a77_H+L|A,U:U,0,6a77,H+L,A,6A76,H+L,5O5I,A,0,0,NA
3eoa_H+L|I,U:U,0,3eoa,H+L,I,3EO9,H+L,3F74,A,0,1,NA
3eoa_H+L|I,U:U,1,3eoa,H+L,I,3EO9,H+L,3F74,B,0,1,NA
3eoa_H+L|I,U:U,2,3eoa,H+L,I,3EO9,H+L,3F74,C,0,1,NA
3eoa_H+L|I,U:U,3,3eoa,H+L,I,3EO9,H+L,1MJN,A,0,2,NA
3eoa_H+L|I,U:U,4,3eoa,H+L,I,3EO9,H+L,2O7N,A,0,0,small molecules with n_atoms > 15 detected
3eoa_H+L|I,U:U,5,3eoa,H+L,I,3EO9,H+L,3F78,A,0,1,small molecules with 7 < n_atoms <= 15 detected
3eoa_H+L|I,U:U,6,3eoa,H+L,I,3EO9,H+L,3F78,B,0,1,small molecules with 7 < n_atoms <= 15 detected
3eoa_H+L|I,U:U,7,3eoa,H+L,I,3EO9,H+L,3F78,C,0,1,NA
3eoa_H+L|I,U:U,8,3eoa,H+L,I,3EO9,H+L,2ICA,A,0,0,small molecules with n_atoms > 15 detected
1s78_F+E|B,U:B,0,1s78,F+E,B,1L7I,H+L,1s78,B,0,0,small molecules with 7 < n_atoms <= 15 detected
1s78_F+E|B,U:B,1,1s78,F+E,B,5VSH,A+B,1s78,B,6,0,small molecules with 7 < n_atoms <= 15 detected
1s78_F+E|B,U:B,2,1s78,F+E,B,5VSH,C+D,1s78,B,6,0,small molecules with 7 < n_atoms <= 15 detected
1s78_F+E|B,U:B,3,1s78,F+E,B,5VSH,E+F,1s78,B,6,0,small molecules with 7 < n_atoms <= 15 detected
1s78_F+E|B,U:B,4,1s78,F+E,B,5VSH,H+L,1s78,B,6,0,small molecules with 7 < n_atoms <= 15 detected
5vl3_H+L|Q,U:U,0,5vl3,H+L,Q,5VKK,H+L,5VKJ,A,0,5,small molecules with 7 < n_atoms <= 15 detected
5vl3_H+L|Q,U:U,1,5vl3,H+L,Q,5VKK,A+B,5VKJ,A,0,5,small molecules with 7 < n_atoms <= 15 detected
5vl3_H+L|Q,U:U,2,5vl3,H+L,Q,5VKK,H+L,5VKM,A,0,5,small molecules with n_atoms > 15 detected
5vl3_H+L|Q,U:U,3,5vl3,H+L,Q,5VKK,A+B,5VKM,A,0,5,small molecules with n_atoms > 15 detected
4ogy_H+L|A,U:U,0,4ogy,H+L,A,4PUB,H+L,6I44,A,0,7,small molecules with n_atoms > 15 detected
4ogy_H+L|A,U:U,1,4ogy,H+L,A,4PUB,H+L,6O1S,E,0,0,small molecules with n_atoms > 15 detected
4ogy_H+L|A,U:U,2,4ogy,H+L,A,4PUB,H+L,2ANW,A,0,3,small molecules with n_atoms > 15 detected
4ogy_H+L|A,U:U,3,4ogy,H+L,A,4PUB,H+L,2ANY,A,0,0,small molecules with n_atoms > 15 detected
4ogy_H+L|A,U:U,4,4ogy,H+L,A,4PUB,H+L,5TJX,A,0,0,small molecules with n_atoms > 15 detected
4o5i_W+X|K,U:B,0,4o5i,W+X,K,4O5L,H+L,4o5i,K,2,0,small molecules with 7 < n_atoms <= 15 detected
5hgg_T|A,U:U,0,5hgg,T,A,5HDO,A,4FU9,A,0,0,small molecules with n_atoms > 15 detected
5hgg_T|A,U:U,1,5hgg,T,A,5HDO,B,4FU9,A,0,0,small molecules with n_atoms > 15 detected
5hgg_T|A,U:U,2,5hgg,T,A,5HDO,C,4FU9,A,0,0,small molecules with n_atoms > 15 detected
5hgg_T|A,U:U,3,5hgg,T,A,5HDO,D,4FU9,A,0,0,small molecules with n_atoms > 15 detected
5hgg_T|A,U:U,4,5hgg,T,A,5HDO,A,5Z1C,U,0,0,small molecules with 7 < n_atoms <= 15 detected
5hgg_T|A,U:U,5,5hgg,T,A,5HDO,B,5Z1C,U,0,0,small molecules with 7 < n_atoms <= 15 detected
5hgg_T|A,U:U,6,5hgg,T,A,5HDO,C,5Z1C,U,0,0,small molecules with 7 < n_atoms <= 15 detected
5hgg_T|A,U:U,7,5hgg,T,A,5HDO,D,5Z1C,U,0,0,small molecules with 7 < n_atoms <= 15 detected
5hgg_T|A,U:U,8,5hgg,T,A,5HDO,A,5ZA9,U,0,0,small molecules with n_atoms > 15 detected
5hgg_T|A,U:U,9,5hgg,T,A,5HDO,B,5ZA9,U,0,0,small molecules with n_atoms > 15 detected
5hgg_T|A,U:U,10,5hgg,T,A,5HDO,C,5ZA9,U,0,0,small molecules with n_atoms > 15 detected
5hgg_T|A,U:U,11,5hgg,T,A,5HDO,D,5ZA9,U,0,0,small molecules with n_atoms > 15 detected
5hgg_T|A,U:U,12,5hgg,T,A,5HDO,A,4XSK,U,0,3,small molecules with 7 < n_atoms <= 15 detected
5hgg_T|A,U:U,13,5hgg,T,A,5HDO,B,4XSK,U,0,3,small molecules with 7 < n_atoms <= 15 detected
5hgg_T|A,U:U,14,5hgg,T,A,5HDO,C,4XSK,U,0,3,small molecules with 7 < n_atoms <= 15 detected
5hgg_T|A,U:U,15,5hgg,T,A,5HDO,D,4XSK,U,0,3,small molecules with 7 < n_atoms <= 15 detected
5hgg_T|A,U:U,16,5hgg,T,A,5HDO,A,5YC6,U,0,0,small molecules with 7 < n_atoms <= 15 detected
5hgg_T|A,U:U,17,5hgg,T,A,5HDO,B,5YC6,U,0,0,small molecules with 7 < n_atoms <= 15 detected
5hgg_T|A,U:U,18,5hgg,T,A,5HDO,C,5YC6,U,0,0,small molecules with 7 < n_atoms <= 15 detected
5hgg_T|A,U:U,19,5hgg,T,A,5HDO,D,5YC6,U,0,0,small molecules with 7 < n_atoms <= 15 detected
6pz8_D+K|F,U:B,0,6pz8,D+K,F,6PXG,A+B,6pz8,F,0,0,small molecules with 7 < n_atoms <= 15 detected
6pz8_D+K|F,U:B,1,6pz8,D+K,F,6PXG,C+D,6pz8,F,0,0,small molecules with 7 < n_atoms <= 15 detected
6pz8_D+K|F,U:B,2,6pz8,D+K,F,6PXG,E+F,6pz8,F,0,0,small molecules with 7 < n_atoms <= 15 detected
6pz8_D+K|F,U:B,3,6pz8,D+K,F,6PXG,H+L,6pz8,F,0,0,small molecules with 7 < n_atoms <= 15 detected
5tru_H+L|C,U:U,0,5tru,H+L,C,6JC2,H+L,1AH1,A,1,0,small molecules with n_atoms > 15 detected
6hx4_H+L|B,U:U,0,6hx4,H+L,B,6GXX,H+L,5NBU,A,0,8,NA
6hx4_H+L|B,U:U,1,6hx4,H+L,B,6GXX,H+L,3NE4,A,0,0,NA
6hx4_H+L|B,U:U,2,6hx4,H+L,B,6GXX,H+L,5NBV,A,0,9,NA
6hx4_H+L|B,U:U,3,6hx4,H+L,B,6GXX,H+L,6I4V,A,0,2,small molecules with 7 < n_atoms <= 15 detected
6hx4_H+L|B,U:U,4,6hx4,H+L,B,6GXX,H+L,6I7U,A,0,1,NA
4etq_H+L|C,U:U,0,4etq,H+L,C,4EBQ,H+L,4E9O,X,2,0,NA
5ugy_I+M|C,U:B,0,5ugy,I+M,C,4WUK,H+L,5ugy,C,0,0,small molecules with n_atoms > 15 detected
5o1r_H+L|A,U:U,0,5o1r,H+L,A,5NYX,H+L,2LFU,A,0,0,small molecules with 7 < n_atoms <= 15 detected
5o1r_H+L|A,U:U,1,5o1r,H+L,A,5NYX,M+N,2LFU,A,0,0,small molecules with 7 < n_atoms <= 15 detected
5o1r_H+L|A,U:U,2,5o1r,H+L,A,5NYX,O+P,2LFU,A,0,0,small molecules with 7 < n_atoms <= 15 detected
4ogx_H+L|A,U:U,0,4ogx,H+L,A,4PUB,H+L,6I44,A,0,7,small molecules with n_atoms > 15 detected
4ogx_H+L|A,U:U,1,4ogx,H+L,A,4PUB,H+L,6O1S,E,0,0,small molecules with n_atoms > 15 detected
4ogx_H+L|A,U:U,2,4ogx,H+L,A,4PUB,H+L,2ANW,A,0,3,small molecules with n_atoms > 15 detected
4ogx_H+L|A,U:U,3,4ogx,H+L,A,4PUB,H+L,2ANY,A,0,0,small molecules with n_atoms > 15 detected
4ogx_H+L|A,U:U,4,4ogx,H+L,A,4PUB,H+L,5TJX,A,0,0,small molecules with n_atoms > 15 detected
1g7l_B+A|C,U:U,0,1g7l,B+A,C,1A7N,H+L,6RO3,A,3,0,small molecules with n_atoms > 15 detected
1g7l_B+A|C,U:U,1,1g7l,B+A,C,1A7Q,H+L,6RO3,A,11,0,small molecules with n_atoms > 15 detected
1g7l_B+A|C,U:U,2,1g7l,B+A,C,1A7P,H+L,6RO3,A,4,0,small molecules with n_atoms > 15 detected
1g7l_B+A|C,U:U,3,1g7l,B+A,C,1A7R,H+L,6RO3,A,2,0,small molecules with n_atoms > 15 detected
1g7l_B+A|C,U:U,4,1g7l,B+A,C,1VFA,B+A,6RO3,A,1,0,small molecules with n_atoms > 15 detected
1g7l_B+A|C,U:U,5,1g7l,B+A,C,1A7N,H+L,6F9Y,A,3,0,NA
1g7l_B+A|C,U:U,6,1g7l,B+A,C,1A7Q,H+L,6F9Y,A,11,0,NA
1g7l_B+A|C,U:U,7,1g7l,B+A,C,1A7P,H+L,6F9Y,A,4,0,NA
1g7l_B+A|C,U:U,8,1g7l,B+A,C,1A7R,H+L,6F9Y,A,2,0,NA
1g7l_B+A|C,U:U,9,1g7l,B+A,C,1VFA,B+A,6F9Y,A,1,0,NA
1g7l_B+A|C,U:U,10,1g7l,B+A,C,1A7N,H+L,6RT3,A,3,0,NA
1g7l_B+A|C,U:U,11,1g7l,B+A,C,1A7Q,H+L,6RT3,A,11,0,NA
1g7l_B+A|C,U:U,12,1g7l,B+A,C,1A7P,H+L,6RT3,A,4,0,NA
1g7l_B+A|C,U:U,13,1g7l,B+A,C,1A7R,H+L,6RT3,A,2,0,NA
1g7l_B+A|C,U:U,14,1g7l,B+A,C,1VFA,B+A,6RT3,A,1,0,NA
1g7l_B+A|C,U:U,15,1g7l,B+A,C,1A7N,H+L,6F9Z,A,3,0,NA
1g7l_B+A|C,U:U,16,1g7l,B+A,C,1A7Q,H+L,6F9Z,A,11,0,NA
1g7l_B+A|C,U:U,17,1g7l,B+A,C,1A7P,H+L,6F9Z,A,4,0,NA
1g7l_B+A|C,U:U,18,1g7l,B+A,C,1A7R,H+L,6F9Z,A,2,0,NA
1g7l_B+A|C,U:U,19,1g7l,B+A,C,1VFA,B+A,6F9Z,A,1,0,NA
1g7l_B+A|C,U:U,20,1g7l,B+A,C,1A7N,H+L,6ABN,A,3,0,NA
1g7l_B+A|C,U:U,21,1g7l,B+A,C,1A7Q,H+L,6ABN,A,11,0,NA
1g7l_B+A|C,U:U,22,1g7l,B+A,C,1A7P,H+L,6ABN,A,4,0,NA
1g7l_B+A|C,U:U,23,1g7l,B+A,C,1A7R,H+L,6ABN,A,2,0,NA
1g7l_B+A|C,U:U,24,1g7l,B+A,C,1VFA,B+A,6ABN,A,1,0,NA
6niu_I+J|A,U:B,0,6niu,I+J,A,6MTY,H+L,6niu,A,0,0,NA
1mlc_B+A|E,U:U,0,1mlc,B+A,E,1MLB,B+A,6RO3,A,0,0,small molecules with n_atoms > 15 detected
1mlc_B+A|E,U:U,1,1mlc,B+A,E,1MLB,B+A,6F9Y,A,0,0,NA
1mlc_B+A|E,U:U,2,1mlc,B+A,E,1MLB,B+A,6RT3,A,0,0,NA
1mlc_B+A|E,U:U,3,1mlc,B+A,E,1MLB,B+A,6F9Z,A,0,0,NA
1mlc_B+A|E,U:U,4,1mlc,B+A,E,1MLB,B+A,6ABN,A,0,0,NA
3l5w_B+A|J,U:U,0,3l5w,B+A,J,3L7E,H+L,1GA3,A,0,0,NA
3l5w_B+A|J,U:U,1,3l5w,B+A,J,3L7E,B+A,1GA3,A,0,0,NA
5ggv_H+L|Y,U:U,0,5ggv,H+L,Y,5GGU,H+L,1AH1,A,0,0,small molecules with n_atoms > 15 detected
5ggv_H+L|Y,U:U,1,5ggv,H+L,Y,5GGU,A+B,1AH1,A,0,0,small molecules with n_atoms > 15 detected
1bgx_H+L|T,U:U,0,1bgx,H+L,T,1AY1,H+L,1TAQ,A,0,4,small molecules with n_atoms > 15 detected
6a4k_I+M|B,U:U,0,6a4k,I+M,B,6JP7,H+L,3UYW,A,0,1,small molecules with n_atoms > 15 detected
6a4k_I+M|B,U:U,1,6a4k,I+M,B,6JP7,H+L,3UYW,B,0,1,small molecules with n_atoms > 15 detected
6a4k_I+M|B,U:U,2,6a4k,I+M,B,6JP7,H+L,3UYW,C,0,1,small molecules with n_atoms > 15 detected
6a4k_I+M|B,U:U,3,6a4k,I+M,B,6JP7,H+L,3UYW,D,0,1,small molecules with n_atoms > 15 detected
6a4k_I+M|B,U:U,4,6a4k,I+M,B,6JP7,H+L,3UYX,A,0,2,small molecules with n_atoms > 15 detected
6a4k_I+M|B,U:U,5,6a4k,I+M,B,6JP7,H+L,3UYX,B,0,2,small molecules with n_atoms > 15 detected
6a4k_I+M|B,U:U,6,6a4k,I+M,B,6JP7,H+L,3MLH,A,0,1,small molecules with n_atoms > 15 detected
6a4k_I+M|B,U:U,7,6a4k,I+M,B,6JP7,H+L,3MLH,B,0,1,small molecules with n_atoms > 15 detected
6cwg_D|C,U:U,0,6cwg,D,C,6CWK,A,1J1M,A,0,1,small molecules with n_atoms > 15 detected
6cwg_D|C,U:U,1,6cwg,D,C,6CWK,A,3PX8,X,0,0,small molecules with 7 < n_atoms <= 15 detected
6cwg_D|C,U:U,2,6cwg,D,C,6CWK,A,4HUO,X,0,0,small molecules with n_atoms > 15 detected
4m7l_H+L|T,U:U,0,4m7l,H+L,T,4M7K,H+L,1TFH,A,0,0,NA
4m7l_H+L|T,U:U,1,4m7l,H+L,T,4M7K,H+L,1TFH,B,0,0,NA
5ggr_H+L|Z,U:U,0,5ggr,H+L,Z,5GGQ,H+L,6UMU,A,0,3,NA
5ggr_H+L|Z,U:U,1,5ggr,H+L,Z,5GGQ,H+L,6UMV,A,0,2,NA
5ggr_H+L|Z,U:U,2,5ggr,H+L,Z,5GGQ,H+L,2M2D,A,0,0,NA
5ggr_H+L|Z,U:U,3,5ggr,H+L,Z,5GGQ,H+L,3RRQ,A,0,2,NA
4xt1_C|A,U:U,0,4xt1,C,A,5WB1,A,5WB1,A,0,8,NA
6s3t_R+Q|B,U:U,0,6s3t,R+Q,B,6RNN,H+L,6RQG,A,0,0,NA
6s3t_R+Q|B,U:U,1,6s3t,R+Q,B,6RNN,D+C,6RQG,A,0,0,NA
6s3t_R+Q|B,U:U,2,6s3t,R+Q,B,6RNN,H+L,6RQG,B,0,0,NA
6s3t_R+Q|B,U:U,3,6s3t,R+Q,B,6RNN,D+C,6RQG,B,0,0,NA
6s3t_R+Q|B,U:U,4,6s3t,R+Q,B,6RNN,H+L,6RQG,C,0,0,NA
6s3t_R+Q|B,U:U,5,6s3t,R+Q,B,6RNN,D+C,6RQG,C,0,0,NA
6s3t_R+Q|B,U:U,6,6s3t,R+Q,B,6RNN,H+L,6RUX,A,0,0,small molecules with n_atoms > 15 detected
6s3t_R+Q|B,U:U,7,6s3t,R+Q,B,6RNN,D+C,6RUX,A,0,0,small molecules with n_atoms > 15 detected
6s3t_R+Q|B,U:U,8,6s3t,R+Q,B,6RNN,H+L,6RUX,B,0,0,small molecules with n_atoms > 15 detected
6s3t_R+Q|B,U:U,9,6s3t,R+Q,B,6RNN,D+C,6RUX,B,0,0,small molecules with n_atoms > 15 detected
6s3t_R+Q|B,U:U,10,6s3t,R+Q,B,6RNN,H+L,6RUX,C,0,0,small molecules with n_atoms > 15 detected
6s3t_R+Q|B,U:U,11,6s3t,R+Q,B,6RNN,D+C,6RUX,C,0,0,small molecules with n_atoms > 15 detected
6niu_H+L|Z,U:B,0,6niu,H+L,Z,6MTY,H+L,6niu,Z,0,0,NA
1ahw_E+D|F,U:U,0,1ahw,E+D,F,1FGN,H+L,1TFH,A,0,0,NA
1ahw_E+D|F,U:U,1,1ahw,E+D,F,1FGN,H+L,1TFH,B,0,0,NA
5vl3_A+B|R,U:U,0,5vl3,A+B,R,5VKK,H+L,5VKJ,A,0,5,small molecules with 7 < n_atoms <= 15 detected
5vl3_A+B|R,U:U,1,5vl3,A+B,R,5VKK,A+B,5VKJ,A,0,5,small molecules with 7 < n_atoms <= 15 detected
5vl3_A+B|R,U:U,2,5vl3,A+B,R,5VKK,H+L,5VKM,A,0,5,small molecules with n_atoms > 15 detected
5vl3_A+B|R,U:U,3,5vl3,A+B,R,5VKK,A+B,5VKM,A,0,5,small molecules with n_atoms > 15 detected
6bpc_B+C|A,U:U,0,6bpc,B+C,A,6BPB,A+B,5W53,A,0,0,NA
6bpc_B+C|A,U:U,1,6bpc,B+C,A,6BPB,A+B,5W53,B,0,0,NA
6oge_E+D|A,U:B,0,6oge,E+D,A,6BI0,H+L,6oge,A,3,0,small molecules with 7 < n_atoms <= 15 detected
6oge_E+D|A,U:B,1,6oge,E+D,A,6BI0,I+M,6oge,A,3,0,small molecules with 7 < n_atoms <= 15 detected
6oge_E+D|A,U:B,2,6oge,E+D,A,5TDP,B+A,6oge,A,13,0,small molecules with 7 < n_atoms <= 15 detected
6oge_E+D|A,U:B,3,6oge,E+D,A,5TDP,D+C,6oge,A,13,0,small molecules with 7 < n_atoms <= 15 detected
6oge_E+D|A,U:B,4,6oge,E+D,A,5TDO,B+A,6oge,A,5,0,small molecules with 7 < n_atoms <= 15 detected
6oge_E+D|A,U:B,5,6oge,E+D,A,5TDO,D+C,6oge,A,5,0,small molecules with 7 < n_atoms <= 15 detected
6oge_E+D|A,U:B,6,6oge,E+D,A,6BI2,H+L,6oge,A,1,0,small molecules with 7 < n_atoms <= 15 detected
6oge_E+D|A,U:B,7,6oge,E+D,A,6BI2,I+M,6oge,A,1,0,small molecules with 7 < n_atoms <= 15 detected
6oge_E+D|A,U:B,8,6oge,E+D,A,5TDN,B+A,6oge,A,5,0,small molecules with 7 < n_atoms <= 15 detected
6oge_E+D|A,U:B,9,6oge,E+D,A,5TDN,D+C,6oge,A,5,0,small molecules with 7 < n_atoms <= 15 detected
1xgr_B+A|C,U:U,0,1xgr,B+A,C,1DQQ,B+A,6RO3,A,1,0,small molecules with n_atoms > 15 detected
1xgr_B+A|C,U:U,1,1xgr,B+A,C,1DQQ,D+C,6RO3,A,1,0,small molecules with n_atoms > 15 detected
1xgr_B+A|C,U:U,2,1xgr,B+A,C,1DQM,H+L,6RO3,A,1,0,small molecules with n_atoms > 15 detected
1xgr_B+A|C,U:U,3,1xgr,B+A,C,1DQQ,B+A,6F9Y,A,1,0,NA
1xgr_B+A|C,U:U,4,1xgr,B+A,C,1DQQ,D+C,6F9Y,A,1,0,NA
1xgr_B+A|C,U:U,5,1xgr,B+A,C,1DQM,H+L,6F9Y,A,1,0,NA
1xgr_B+A|C,U:U,6,1xgr,B+A,C,1DQQ,B+A,6RT3,A,1,0,NA
1xgr_B+A|C,U:U,7,1xgr,B+A,C,1DQQ,D+C,6RT3,A,1,0,NA
1xgr_B+A|C,U:U,8,1xgr,B+A,C,1DQM,H+L,6RT3,A,1,0,NA
1xgr_B+A|C,U:U,9,1xgr,B+A,C,1DQQ,B+A,6F9Z,A,1,0,NA
1xgr_B+A|C,U:U,10,1xgr,B+A,C,1DQQ,D+C,6F9Z,A,1,0,NA
1xgr_B+A|C,U:U,11,1xgr,B+A,C,1DQM,H+L,6F9Z,A,1,0,NA
1xgr_B+A|C,U:U,12,1xgr,B+A,C,1DQQ,B+A,6ABN,A,1,0,NA
1xgr_B+A|C,U:U,13,1xgr,B+A,C,1DQQ,D+C,6ABN,A,1,0,NA
1xgr_B+A|C,U:U,14,1xgr,B+A,C,1DQM,H+L,6ABN,A,1,0,NA
4o5i_O+P|C,U:B,0,4o5i,O+P,C,4O5L,H+L,4o5i,C,2,0,small molecules with 7 < n_atoms <= 15 detected
3hmx_H+L|A,U:U,0,3hmx,H+L,A,3HMW,H+L,1F42,A,0,0,small molecules with 7 < n_atoms <= 15 detected
6qex_C+B|A,U:U,0,6qex,C+B,A,5JUE,H+L,6C0V,A,1,3,small molecules with n_atoms > 15 detected
2nz9_D+C|A,U:U,0,2nz9,D+C,A,2GCY,B+A,3V0C,A,7,5,NA
2nz9_D+C|A,U:U,1,2nz9,D+C,A,2GCY,B+A,3BTA,A,7,0,NA
4qti_H+L|U,U:U,0,4qti,H+L,U,4QTH,H+L,3U74,U,0,2,small molecules with 7 < n_atoms <= 15 detected
4qti_H+L|U,U:U,1,4qti,H+L,U,4QTH,A+B,3U74,U,0,2,small molecules with 7 < n_atoms <= 15 detected
5jmo_C|A,U:U,0,5jmo,C,A,5JMR,A,5JXG,A,0,0,NA
5jmo_C|A,U:U,1,5jmo,C,A,5JMR,B,5JXG,A,0,0,NA
5jmo_C|A,U:U,2,5jmo,C,A,5JMR,A,5MIM,A,0,0,small molecules with n_atoms > 15 detected
5jmo_C|A,U:U,3,5jmo,C,A,5JMR,B,5MIM,A,0,0,small molecules with n_atoms > 15 detected
5jmo_C|A,U:U,4,5jmo,C,A,5JMR,A,5JXI,A,0,0,NA
5jmo_C|A,U:U,5,5jmo,C,A,5JMR,B,5JXI,A,0,0,NA
5jmo_C|A,U:U,6,5jmo,C,A,5JMR,A,4Z2A,A,0,2,NA
5jmo_C|A,U:U,7,5jmo,C,A,5JMR,B,4Z2A,A,0,2,NA
5vco_B+A|F,U:U,0,5vco,B+A,F,4POZ,D+C,1XKG,A,0,2,NA
5vco_B+A|F,U:U,1,5vco,B+A,F,4POZ,D+C,3F5V,A,0,1,NA
5vco_B+A|F,U:U,2,5vco,B+A,F,4POZ,D+C,3F5V,B,0,1,small molecules with 7 < n_atoms <= 15 detected
6niu_F+G|B,U:B,0,6niu,F+G,B,6MTY,H+L,6niu,B,0,0,NA
4s10_A|C,U:U,0,4s10,A,C,4S11,A,1KCQ,A,0,2,NA
4s10_A|C,U:U,1,4s10,A,C,2X1P,A,1KCQ,A,9,2,NA
4s10_A|C,U:U,2,4s10,A,C,2X1P,B,1KCQ,A,9,2,NA
4s10_A|C,U:U,3,4s10,A,C,2X1P,C,1KCQ,A,9,2,NA
4s10_A|C,U:U,4,4s10,A,C,2X1P,D,1KCQ,A,9,2,NA
4s10_A|C,U:U,5,4s10,A,C,4S11,A,5FAF,A,0,3,NA
4s10_A|C,U:U,6,4s10,A,C,2X1P,A,5FAF,A,9,3,NA
4s10_A|C,U:U,7,4s10,A,C,2X1P,B,5FAF,A,9,3,NA
4s10_A|C,U:U,8,4s10,A,C,2X1P,C,5FAF,A,9,3,NA
4s10_A|C,U:U,9,4s10,A,C,2X1P,D,5FAF,A,9,3,NA
4s10_A|C,U:U,10,4s10,A,C,4S11,A,6QW3,A,0,2,NA
4s10_A|C,U:U,11,4s10,A,C,2X1P,A,6QW3,A,9,2,NA
4s10_A|C,U:U,12,4s10,A,C,2X1P,B,6QW3,A,9,2,NA
4s10_A|C,U:U,13,4s10,A,C,2X1P,C,6QW3,A,9,2,NA
4s10_A|C,U:U,14,4s10,A,C,2X1P,D,6QW3,A,9,2,NA
4s10_A|C,U:U,15,4s10,A,C,4S11,A,5FAE,A,0,3,NA
4s10_A|C,U:U,16,4s10,A,C,2X1P,A,5FAE,A,9,3,NA
4s10_A|C,U:U,17,4s10,A,C,2X1P,B,5FAE,A,9,3,NA
4s10_A|C,U:U,18,4s10,A,C,2X1P,C,5FAE,A,9,3,NA
4s10_A|C,U:U,19,4s10,A,C,2X1P,D,5FAE,A,9,3,NA
1a2y_B+A|C,U:U,0,1a2y,B+A,C,1A7N,H+L,6RO3,A,2,1,small molecules with n_atoms > 15 detected
1a2y_B+A|C,U:U,1,1a2y,B+A,C,1A7Q,H+L,6RO3,A,10,1,small molecules with n_atoms > 15 detected
1a2y_B+A|C,U:U,2,1a2y,B+A,C,1A7P,H+L,6RO3,A,3,1,small molecules with n_atoms > 15 detected
1a2y_B+A|C,U:U,3,1a2y,B+A,C,1A7R,H+L,6RO3,A,1,1,small molecules with n_atoms > 15 detected
1a2y_B+A|C,U:U,4,1a2y,B+A,C,1VFA,B+A,6RO3,A,0,1,small molecules with n_atoms > 15 detected
1a2y_B+A|C,U:U,5,1a2y,B+A,C,1A7N,H+L,6F9Y,A,2,1,NA
1a2y_B+A|C,U:U,6,1a2y,B+A,C,1A7Q,H+L,6F9Y,A,10,1,NA
1a2y_B+A|C,U:U,7,1a2y,B+A,C,1A7P,H+L,6F9Y,A,3,1,NA
1a2y_B+A|C,U:U,8,1a2y,B+A,C,1A7R,H+L,6F9Y,A,1,1,NA
1a2y_B+A|C,U:U,9,1a2y,B+A,C,1VFA,B+A,6F9Y,A,0,1,NA
1a2y_B+A|C,U:U,10,1a2y,B+A,C,1A7N,H+L,6RT3,A,2,1,NA
1a2y_B+A|C,U:U,11,1a2y,B+A,C,1A7Q,H+L,6RT3,A,10,1,NA
1a2y_B+A|C,U:U,12,1a2y,B+A,C,1A7P,H+L,6RT3,A,3,1,NA
1a2y_B+A|C,U:U,13,1a2y,B+A,C,1A7R,H+L,6RT3,A,1,1,NA
1a2y_B+A|C,U:U,14,1a2y,B+A,C,1VFA,B+A,6RT3,A,0,1,NA
1a2y_B+A|C,U:U,15,1a2y,B+A,C,1A7N,H+L,6F9Z,A,2,1,NA
1a2y_B+A|C,U:U,16,1a2y,B+A,C,1A7Q,H+L,6F9Z,A,10,1,NA
1a2y_B+A|C,U:U,17,1a2y,B+A,C,1A7P,H+L,6F9Z,A,3,1,NA
1a2y_B+A|C,U:U,18,1a2y,B+A,C,1A7R,H+L,6F9Z,A,1,1,NA
1a2y_B+A|C,U:U,19,1a2y,B+A,C,1VFA,B+A,6F9Z,A,0,1,NA
1a2y_B+A|C,U:U,20,1a2y,B+A,C,1A7N,H+L,6ABN,A,2,1,NA
1a2y_B+A|C,U:U,21,1a2y,B+A,C,1A7Q,H+L,6ABN,A,10,1,NA
1a2y_B+A|C,U:U,22,1a2y,B+A,C,1A7P,H+L,6ABN,A,3,1,NA
1a2y_B+A|C,U:U,23,1a2y,B+A,C,1A7R,H+L,6ABN,A,1,1,NA
1a2y_B+A|C,U:U,24,1a2y,B+A,C,1VFA,B+A,6ABN,A,0,1,NA
1nby_B+A|C,U:U,0,1nby,B+A,C,1DQQ,B+A,6RO3,A,0,1,small molecules with n_atoms > 15 detected
1nby_B+A|C,U:U,1,1nby,B+A,C,1DQQ,D+C,6RO3,A,0,1,small molecules with n_atoms > 15 detected
1nby_B+A|C,U:U,2,1nby,B+A,C,1DQM,H+L,6RO3,A,0,1,small molecules with n_atoms > 15 detected
1nby_B+A|C,U:U,3,1nby,B+A,C,1DQQ,B+A,6F9Y,A,0,1,NA
1nby_B+A|C,U:U,4,1nby,B+A,C,1DQQ,D+C,6F9Y,A,0,1,NA
1nby_B+A|C,U:U,5,1nby,B+A,C,1DQM,H+L,6F9Y,A,0,1,NA
1nby_B+A|C,U:U,6,1nby,B+A,C,1DQQ,B+A,6RT3,A,0,1,NA
1nby_B+A|C,U:U,7,1nby,B+A,C,1DQQ,D+C,6RT3,A,0,1,NA
1nby_B+A|C,U:U,8,1nby,B+A,C,1DQM,H+L,6RT3,A,0,1,NA
1nby_B+A|C,U:U,9,1nby,B+A,C,1DQQ,B+A,6F9Z,A,0,1,NA
1nby_B+A|C,U:U,10,1nby,B+A,C,1DQQ,D+C,6F9Z,A,0,1,NA
1nby_B+A|C,U:U,11,1nby,B+A,C,1DQM,H+L,6F9Z,A,0,1,NA
1nby_B+A|C,U:U,12,1nby,B+A,C,1DQQ,B+A,6ABN,A,0,1,NA
1nby_B+A|C,U:U,13,1nby,B+A,C,1DQQ,D+C,6ABN,A,0,1,NA
1nby_B+A|C,U:U,14,1nby,B+A,C,1DQM,H+L,6ABN,A,0,1,NA
5grj_H+L|A,U:U,0,5grj,H+L,A,4NKI,H+L,3BIS,A,0,0,NA
5grj_H+L|A,U:U,1,5grj,H+L,A,4NKI,H+L,3BIS,A,0,0,NA
5grj_H+L|A,U:U,2,5grj,H+L,A,4NKI,H+L,3BIS,A,0,0,NA
5grj_H+L|A,U:U,3,5grj,H+L,A,4NKI,H+L,3BIS,B,0,0,NA
5grj_H+L|A,U:U,4,5grj,H+L,A,4NKI,H+L,3BIS,B,0,0,NA
5grj_H+L|A,U:U,5,5grj,H+L,A,4NKI,H+L,3BIS,B,0,0,NA
5grj_H+L|A,U:U,6,5grj,H+L,A,4NKI,H+L,3BIS,A,0,0,NA
5grj_H+L|A,U:U,7,5grj,H+L,A,4NKI,H+L,3BIS,A,0,0,NA
5grj_H+L|A,U:U,8,5grj,H+L,A,4NKI,H+L,3BIS,A,0,0,NA
5grj_H+L|A,U:U,9,5grj,H+L,A,4NKI,H+L,3BIS,B,0,0,NA
5grj_H+L|A,U:U,10,5grj,H+L,A,4NKI,H+L,3BIS,B,0,0,NA
5grj_H+L|A,U:U,11,5grj,H+L,A,4NKI,H+L,3BIS,B,0,0,NA
1g7m_B+A|C,U:U,0,1g7m,B+A,C,1VFA,B+A,6F9Y,A,1,0,NA
1g7m_B+A|C,U:U,1,1g7m,B+A,C,1A7R,H+L,6F9Y,A,2,0,NA
1g7m_B+A|C,U:U,2,1g7m,B+A,C,1A7Q,H+L,6F9Y,A,11,0,NA
1g7m_B+A|C,U:U,3,1g7m,B+A,C,1A7N,H+L,6F9Y,A,3,0,NA
1g7m_B+A|C,U:U,4,1g7m,B+A,C,1A7P,H+L,6F9Y,A,4,0,NA
1g7m_B+A|C,U:U,5,1g7m,B+A,C,1VFA,B+A,6F9Z,A,1,0,NA
1g7m_B+A|C,U:U,6,1g7m,B+A,C,1A7R,H+L,6F9Z,A,2,0,NA
1g7m_B+A|C,U:U,7,1g7m,B+A,C,1A7Q,H+L,6F9Z,A,11,0,NA
1g7m_B+A|C,U:U,8,1g7m,B+A,C,1A7N,H+L,6F9Z,A,3,0,NA
1g7m_B+A|C,U:U,9,1g7m,B+A,C,1A7P,H+L,6F9Z,A,4,0,NA
1g7m_B+A|C,U:U,10,1g7m,B+A,C,1VFA,B+A,6RO3,A,1,0,small molecules with n_atoms > 15 detected
1g7m_B+A|C,U:U,11,1g7m,B+A,C,1A7R,H+L,6RO3,A,2,0,small molecules with n_atoms > 15 detected
1g7m_B+A|C,U:U,12,1g7m,B+A,C,1A7Q,H+L,6RO3,A,11,0,small molecules with n_atoms > 15 detected
1g7m_B+A|C,U:U,13,1g7m,B+A,C,1A7N,H+L,6RO3,A,3,0,small molecules with n_atoms > 15 detected
1g7m_B+A|C,U:U,14,1g7m,B+A,C,1A7P,H+L,6RO3,A,4,0,small molecules with n_atoms > 15 detected
1g7m_B+A|C,U:U,15,1g7m,B+A,C,1VFA,B+A,6RT3,A,1,0,NA
1g7m_B+A|C,U:U,16,1g7m,B+A,C,1A7R,H+L,6RT3,A,2,0,NA
1g7m_B+A|C,U:U,17,1g7m,B+A,C,1A7Q,H+L,6RT3,A,11,0,NA
1g7m_B+A|C,U:U,18,1g7m,B+A,C,1A7N,H+L,6RT3,A,3,0,NA
1g7m_B+A|C,U:U,19,1g7m,B+A,C,1A7P,H+L,6RT3,A,4,0,NA
1g7m_B+A|C,U:U,20,1g7m,B+A,C,1VFA,B+A,6ABN,A,1,0,NA
1g7m_B+A|C,U:U,21,1g7m,B+A,C,1A7R,H+L,6ABN,A,2,0,NA
1g7m_B+A|C,U:U,22,1g7m,B+A,C,1A7Q,H+L,6ABN,A,11,0,NA
1g7m_B+A|C,U:U,23,1g7m,B+A,C,1A7N,H+L,6ABN,A,3,0,NA
1g7m_B+A|C,U:U,24,1g7m,B+A,C,1A7P,H+L,6ABN,A,4,0,NA
6mfp_C+D|A,U:U,0,6mfp,C+D,A,6MFJ,H+L,6ONF,A,0,7,small molecules with n_atoms > 15 detected
6mfp_C+D|A,U:U,1,6mfp,C+D,A,6MFJ,A+B,6ONF,A,0,7,small molecules with n_atoms > 15 detected
6mfp_C+D|A,U:U,2,6mfp,C+D,A,6MFJ,H+L,4RZ8,A,0,0,small molecules with n_atoms > 15 detected
6mfp_C+D|A,U:U,3,6mfp,C+D,A,6MFJ,A+B,4RZ8,A,0,0,small molecules with n_atoms > 15 detected
6mfp_C+D|A,U:U,4,6mfp,C+D,A,6MFJ,H+L,4RZ8,B,0,0,small molecules with n_atoms > 15 detected
6mfp_C+D|A,U:U,5,6mfp,C+D,A,6MFJ,A+B,4RZ8,B,0,0,small molecules with n_atoms > 15 detected
6mfp_C+D|A,U:U,6,6mfp,C+D,A,6MFJ,H+L,4RZ8,C,0,0,small molecules with n_atoms > 15 detected
6mfp_C+D|A,U:U,7,6mfp,C+D,A,6MFJ,A+B,4RZ8,C,0,0,small molecules with n_atoms > 15 detected
6mfp_C+D|A,U:U,8,6mfp,C+D,A,6MFJ,H+L,4RZ8,D,0,0,small molecules with n_atoms > 15 detected
6mfp_C+D|A,U:U,9,6mfp,C+D,A,6MFJ,A+B,4RZ8,D,0,0,small molecules with n_atoms > 15 detected
6mfp_C+D|A,U:U,10,6mfp,C+D,A,6MFJ,H+L,4DKP,A,0,0,small molecules with n_atoms > 15 detected
6mfp_C+D|A,U:U,11,6mfp,C+D,A,6MFJ,A+B,4DKP,A,0,0,small molecules with n_atoms > 15 detected
6mfp_C+D|A,U:U,12,6mfp,C+D,A,6MFJ,H+L,4DKP,C,0,0,small molecules with n_atoms > 15 detected
6mfp_C+D|A,U:U,13,6mfp,C+D,A,6MFJ,A+B,4DKP,C,0,0,small molecules with n_atoms > 15 detected
6mfp_C+D|A,U:U,14,6mfp,C+D,A,6MFJ,H+L,4DKR,A,0,0,small molecules with n_atoms > 15 detected
6mfp_C+D|A,U:U,15,6mfp,C+D,A,6MFJ,A+B,4DKR,A,0,0,small molecules with n_atoms > 15 detected
6mfp_C+D|A,U:U,16,6mfp,C+D,A,6MFJ,H+L,4DKR,C,0,0,small molecules with n_atoms > 15 detected
6mfp_C+D|A,U:U,17,6mfp,C+D,A,6MFJ,A+B,4DKR,C,0,0,small molecules with n_atoms > 15 detected
6mfp_C+D|A,U:U,18,6mfp,C+D,A,6MFJ,H+L,4DKQ,A,0,0,small molecules with n_atoms > 15 detected
6mfp_C+D|A,U:U,19,6mfp,C+D,A,6MFJ,A+B,4DKQ,A,0,0,small molecules with n_atoms > 15 detected
5vl3_C+D|S,U:U,0,5vl3,C+D,S,5VKK,H+L,5VKM,A,0,5,small molecules with n_atoms > 15 detected
5vl3_C+D|S,U:U,1,5vl3,C+D,S,5VKK,A+B,5VKM,A,0,5,small molecules with n_atoms > 15 detected
5vl3_C+D|S,U:U,2,5vl3,C+D,S,5VKK,H+L,5VKJ,A,0,5,small molecules with 7 < n_atoms <= 15 detected
5vl3_C+D|S,U:U,3,5vl3,C+D,S,5VKK,A+B,5VKJ,A,0,5,small molecules with 7 < n_atoms <= 15 detected
6jb2_A|B,U:U,0,6jb2,A,B,6JB9,A,6F9Y,A,1,0,NA
6jb2_A|B,U:U,1,6jb2,A,B,6JB9,A,6F9Z,A,1,0,NA
6jb2_A|B,U:U,2,6jb2,A,B,6JB9,A,6RO3,A,1,0,small molecules with n_atoms > 15 detected
6jb2_A|B,U:U,3,6jb2,A,B,6JB9,A,6RT3,A,1,0,NA
6jb2_A|B,U:U,4,6jb2,A,B,6JB9,A,6ABN,A,1,0,NA
6hhd_D|C,U:U,0,6hhd,D,C,6HEQ,A,2L1H,A,1,1,NA
6hhd_D|C,U:U,1,6hhd,D,C,6HEQ,A,2K5O,A,1,2,NA
6hhd_D|C,U:U,2,6hhd,D,C,6HEQ,A,2L39,A,1,1,NA
6hhd_D|C,U:U,3,6hhd,D,C,6HEQ,A,2L40,A,1,2,NA
6hhd_D|C,U:U,4,6hhd,D,C,6HEQ,A,2KU5,A,1,1,NA
6cwg_B|A,U:U,0,6cwg,B,A,6CWK,A,4HUO,X,0,0,small molecules with n_atoms > 15 detected
6cwg_B|A,U:U,1,6cwg,B,A,6CWK,A,3PX8,X,0,0,small molecules with 7 < n_atoms <= 15 detected
6cwg_B|A,U:U,2,6cwg,B,A,6CWK,A,1J1M,A,0,1,small molecules with n_atoms > 15 detected
1g7h_B+A|C,U:U,0,1g7h,B+A,C,1VFA,B+A,6F9Y,A,1,0,NA
1g7h_B+A|C,U:U,1,1g7h,B+A,C,1A7R,H+L,6F9Y,A,2,0,NA
1g7h_B+A|C,U:U,2,1g7h,B+A,C,1A7Q,H+L,6F9Y,A,11,0,NA
1g7h_B+A|C,U:U,3,1g7h,B+A,C,1A7N,H+L,6F9Y,A,3,0,NA
1g7h_B+A|C,U:U,4,1g7h,B+A,C,1A7P,H+L,6F9Y,A,4,0,NA
1g7h_B+A|C,U:U,5,1g7h,B+A,C,1VFA,B+A,6F9Z,A,1,0,NA
1g7h_B+A|C,U:U,6,1g7h,B+A,C,1A7R,H+L,6F9Z,A,2,0,NA
1g7h_B+A|C,U:U,7,1g7h,B+A,C,1A7Q,H+L,6F9Z,A,11,0,NA
1g7h_B+A|C,U:U,8,1g7h,B+A,C,1A7N,H+L,6F9Z,A,3,0,NA
1g7h_B+A|C,U:U,9,1g7h,B+A,C,1A7P,H+L,6F9Z,A,4,0,NA
1g7h_B+A|C,U:U,10,1g7h,B+A,C,1VFA,B+A,6RO3,A,1,0,small molecules with n_atoms > 15 detected
1g7h_B+A|C,U:U,11,1g7h,B+A,C,1A7R,H+L,6RO3,A,2,0,small molecules with n_atoms > 15 detected
1g7h_B+A|C,U:U,12,1g7h,B+A,C,1A7Q,H+L,6RO3,A,11,0,small molecules with n_atoms > 15 detected
1g7h_B+A|C,U:U,13,1g7h,B+A,C,1A7N,H+L,6RO3,A,3,0,small molecules with n_atoms > 15 detected
1g7h_B+A|C,U:U,14,1g7h,B+A,C,1A7P,H+L,6RO3,A,4,0,small molecules with n_atoms > 15 detected
1g7h_B+A|C,U:U,15,1g7h,B+A,C,1VFA,B+A,6RT3,A,1,0,NA
1g7h_B+A|C,U:U,16,1g7h,B+A,C,1A7R,H+L,6RT3,A,2,0,NA
1g7h_B+A|C,U:U,17,1g7h,B+A,C,1A7Q,H+L,6RT3,A,11,0,NA
1g7h_B+A|C,U:U,18,1g7h,B+A,C,1A7N,H+L,6RT3,A,3,0,NA
1g7h_B+A|C,U:U,19,1g7h,B+A,C,1A7P,H+L,6RT3,A,4,0,NA
1g7h_B+A|C,U:U,20,1g7h,B+A,C,1VFA,B+A,6ABN,A,1,0,NA
1g7h_B+A|C,U:U,21,1g7h,B+A,C,1A7R,H+L,6ABN,A,2,0,NA
1g7h_B+A|C,U:U,22,1g7h,B+A,C,1A7Q,H+L,6ABN,A,11,0,NA
1g7h_B+A|C,U:U,23,1g7h,B+A,C,1A7N,H+L,6ABN,A,3,0,NA
1g7h_B+A|C,U:U,24,1g7h,B+A,C,1A7P,H+L,6ABN,A,4,0,NA
5wt9_H+L|G,U:U,0,5wt9,H+L,G,5GGQ,H+L,6UMV,A,9,7,NA
5wt9_H+L|G,U:U,1,5wt9,H+L,G,5GGQ,H+L,2M2D,A,9,1,NA
5wt9_H+L|G,U:U,2,5wt9,H+L,G,5GGQ,H+L,3RRQ,A,9,1,NA
5wt9_H+L|G,U:U,3,5wt9,H+L,G,5GGQ,H+L,6UMU,A,9,8,NA
1mlc_D+C|F,U:U,0,1mlc,D+C,F,1MLB,B+A,6F9Y,A,0,0,NA
1mlc_D+C|F,U:U,1,1mlc,D+C,F,1MLB,B+A,6FSJ,A,0,0,small molecules with n_atoms > 15 detected
1mlc_D+C|F,U:U,2,1mlc,D+C,F,1MLB,B+A,6F9Z,A,0,0,NA
1mlc_D+C|F,U:U,3,1mlc,D+C,F,1MLB,B+A,6RO3,A,0,0,small molecules with n_atoms > 15 detected
1mlc_D+C|F,U:U,4,1mlc,D+C,F,1MLB,B+A,6RT3,A,0,0,NA
1mlc_D+C|F,U:U,5,1mlc,D+C,F,1MLB,B+A,6GNL,A,0,0,small molecules with n_atoms > 15 detected
1mlc_D+C|F,U:U,6,1mlc,D+C,F,1MLB,B+A,6G8A,C,0,0,small molecules with 7 < n_atoms <= 15 detected
1mlc_D+C|F,U:U,7,1mlc,D+C,F,1MLB,B+A,6ABN,A,0,0,NA
1mlc_D+C|F,U:U,8,1mlc,D+C,F,1MLB,B+A,6ADF,A,0,0,small molecules with 7 < n_atoms <= 15 detected
4g6j_H+L|A,U:U,0,4g6j,H+L,A,5BVJ,B+A,31BI,A,2,1,NA
4g6j_H+L|A,U:U,1,4g6j,H+L,A,5BVJ,D+C,31BI,A,2,1,NA
4g6j_H+L|A,U:U,2,4g6j,H+L,A,5BVJ,F+E,31BI,A,2,1,NA
4g6j_H+L|A,U:U,3,4g6j,H+L,A,5BVJ,H+G,31BI,A,2,1,NA
4g6j_H+L|A,U:U,4,4g6j,H+L,A,4G5Z,H+L,31BI,A,0,1,NA
4g6j_H+L|A,U:U,5,4g6j,H+L,A,5BVJ,B+A,4I1B,A,2,0,NA
4g6j_H+L|A,U:U,6,4g6j,H+L,A,5BVJ,D+C,4I1B,A,2,0,NA
4g6j_H+L|A,U:U,7,4g6j,H+L,A,5BVJ,F+E,4I1B,A,2,0,NA
4g6j_H+L|A,U:U,8,4g6j,H+L,A,5BVJ,H+G,4I1B,A,2,0,NA
4g6j_H+L|A,U:U,9,4g6j,H+L,A,4G5Z,H+L,4I1B,A,0,0,NA
4g6j_H+L|A,U:U,10,4g6j,H+L,A,5BVJ,B+A,2NVH,A,2,0,NA
4g6j_H+L|A,U:U,11,4g6j,H+L,A,5BVJ,D+C,2NVH,A,2,0,NA
4g6j_H+L|A,U:U,12,4g6j,H+L,A,5BVJ,F+E,2NVH,A,2,0,NA
4g6j_H+L|A,U:U,13,4g6j,H+L,A,5BVJ,H+G,2NVH,A,2,0,NA
4g6j_H+L|A,U:U,14,4g6j,H+L,A,4G5Z,H+L,2NVH,A,0,0,NA
4g6j_H+L|A,U:U,15,4g6j,H+L,A,5BVJ,B+A,21BI,A,2,1,NA
4g6j_H+L|A,U:U,16,4g6j,H+L,A,5BVJ,D+C,21BI,A,2,1,NA
4g6j_H+L|A,U:U,17,4g6j,H+L,A,5BVJ,F+E,21BI,A,2,1,NA
4g6j_H+L|A,U:U,18,4g6j,H+L,A,5BVJ,H+G,21BI,A,2,1,NA
4g6j_H+L|A,U:U,19,4g6j,H+L,A,4G5Z,H+L,21BI,A,0,1,NA
4g6j_H+L|A,U:U,20,4g6j,H+L,A,5BVJ,B+A,1L2H,A,2,2,NA
4g6j_H+L|A,U:U,21,4g6j,H+L,A,5BVJ,D+C,1L2H,A,2,2,NA
4g6j_H+L|A,U:U,22,4g6j,H+L,A,5BVJ,F+E,1L2H,A,2,2,NA
4g6j_H+L|A,U:U,23,4g6j,H+L,A,5BVJ,H+G,1L2H,A,2,2,NA
4g6j_H+L|A,U:U,24,4g6j,H+L,A,4G5Z,H+L,1L2H,A,0,2,NA
4n9o_B|A,U:U,0,4n9o,B,A,6HEQ,A,3HEQ,A,1,1,NA
4n9o_B|A,U:U,1,4n9o,B,A,6HEQ,A,3HEQ,B,1,1,NA
4n9o_B|A,U:U,2,4n9o,B,A,6HEQ,A,3HER,A,1,2,NA
4n9o_B|A,U:U,3,4n9o,B,A,6HEQ,A,3HER,B,1,2,NA
4n9o_B|A,U:U,4,4n9o,B,A,6HEQ,A,6DU9,A,1,0,NA
4n9o_B|A,U:U,5,4n9o,B,A,6HEQ,A,3HES,A,1,1,NA
4n9o_B|A,U:U,6,4n9o,B,A,6HEQ,A,3HES,B,1,1,NA
3jab_H+L|C,U:U,0,3jab,H+L,C,12E8,H+L,3JWQ,A,0,0,small molecules with n_atoms > 15 detected
3jab_H+L|C,U:U,1,3jab,H+L,C,12E8,P+M,3JWQ,A,0,0,small molecules with n_atoms > 15 detected
3jab_H+L|C,U:U,2,3jab,H+L,C,12E8,H+L,3JWQ,B,0,0,small molecules with n_atoms > 15 detected
3jab_H+L|C,U:U,3,3jab,H+L,C,12E8,P+M,3JWQ,B,0,0,small molecules with n_atoms > 15 detected
3jab_H+L|C,U:U,4,3jab,H+L,C,12E8,H+L,3JWQ,C,0,0,small molecules with n_atoms > 15 detected
3jab_H+L|C,U:U,5,3jab,H+L,C,12E8,P+M,3JWQ,C,0,0,small molecules with n_atoms > 15 detected
3jab_H+L|C,U:U,6,3jab,H+L,C,12E8,H+L,3JWQ,D,0,0,small molecules with n_atoms > 15 detected
3jab_H+L|C,U:U,7,3jab,H+L,C,12E8,P+M,3JWQ,D,0,0,small molecules with n_atoms > 15 detected
3mxw_H+L|A,U:U,0,3mxw,H+L,A,3MXV,H+L,3M1N,A,0,0,NA
3mxw_H+L|A,U:U,1,3mxw,H+L,A,3MXV,H+L,3M1N,B,0,0,NA
3mxw_H+L|A,U:U,2,3mxw,H+L,A,3MXV,H+L,6PJV,A,0,0,small molecules with 7 < n_atoms <= 15 detected
3mxw_H+L|A,U:U,3,3mxw,H+L,A,3MXV,H+L,3N1R,A,0,1,NA
3mxw_H+L|A,U:U,4,3mxw,H+L,A,3MXV,H+L,1VHH,A,0,1,NA
3mxw_H+L|A,U:U,5,3mxw,H+L,A,3MXV,H+L,4C4M,A,0,1,small molecules with n_atoms > 15 detected
1zvy_A|B,U:U,0,1zvy,A,B,6JB9,A,6F9Y,A,0,0,NA
1zvy_A|B,U:U,1,1zvy,A,B,6JB9,A,6F9Z,A,0,0,NA
1zvy_A|B,U:U,2,1zvy,A,B,6JB9,A,6RO3,A,0,0,small molecules with n_atoms > 15 detected
1zvy_A|B,U:U,3,1zvy,A,B,6JB9,A,6RT3,A,0,0,NA
1zvy_A|B,U:U,4,1zvy,A,B,6JB9,A,6ABN,A,0,0,NA
3hi6_H+L|A,U:U,0,3hi6,H+L,A,3HI5,H+L,3F74,A,0,2,NA
3hi6_H+L|A,U:U,1,3hi6,H+L,A,3HI5,H+L,3F74,B,0,2,NA
3hi6_H+L|A,U:U,2,3hi6,H+L,A,3HI5,H+L,3F74,C,0,2,NA
3hi6_H+L|A,U:U,3,3hi6,H+L,A,3HI5,H+L,2O7N,A,0,3,small molecules with n_atoms > 15 detected
3hi6_H+L|A,U:U,4,3hi6,H+L,A,3HI5,H+L,2ICA,A,0,3,small molecules with n_atoms > 15 detected
3hi6_H+L|A,U:U,5,3hi6,H+L,A,3HI5,H+L,1MJN,A,0,1,NA
3hi6_H+L|A,U:U,6,3hi6,H+L,A,3HI5,H+L,3F78,A,0,2,small molecules with 7 < n_atoms <= 15 detected
3hi6_H+L|A,U:U,7,3hi6,H+L,A,3HI5,H+L,3F78,B,0,2,small molecules with 7 < n_atoms <= 15 detected
3hi6_H+L|A,U:U,8,3hi6,H+L,A,3HI5,H+L,3F78,C,0,2,NA
3ulv_H+L|A,U:U,0,3ulv,H+L,A,3NCJ,H+L,2A0Z,A,4,0,small molecules with 7 < n_atoms <= 15 detected
3ulv_H+L|A,U:U,1,3ulv,H+L,A,3NAA,H+L,2A0Z,A,3,0,small molecules with 7 < n_atoms <= 15 detected
3ulv_H+L|A,U:U,2,3ulv,H+L,A,3NAB,H+L,2A0Z,A,5,0,small molecules with 7 < n_atoms <= 15 detected
3ulv_H+L|A,U:U,3,3ulv,H+L,A,3NAC,H+L,2A0Z,A,6,0,small molecules with 7 < n_atoms <= 15 detected
3ulv_H+L|A,U:U,4,3ulv,H+L,A,3NA9,H+L,2A0Z,A,0,0,small molecules with 7 < n_atoms <= 15 detected
3ulv_H+L|A,U:U,5,3ulv,H+L,A,3NCJ,H+L,1ZIW,A,4,4,small molecules with 7 < n_atoms <= 15 detected
3ulv_H+L|A,U:U,6,3ulv,H+L,A,3NAA,H+L,1ZIW,A,3,4,small molecules with 7 < n_atoms <= 15 detected
3ulv_H+L|A,U:U,7,3ulv,H+L,A,3NAB,H+L,1ZIW,A,5,4,small molecules with 7 < n_atoms <= 15 detected
3ulv_H+L|A,U:U,8,3ulv,H+L,A,3NAC,H+L,1ZIW,A,6,4,small molecules with 7 < n_atoms <= 15 detected
3ulv_H+L|A,U:U,9,3ulv,H+L,A,3NA9,H+L,1ZIW,A,0,4,small molecules with 7 < n_atoms <= 15 detected
1xgq_B+A|C,U:U,0,1xgq,B+A,C,1DQM,H+L,6F9Y,A,1,0,NA
1xgq_B+A|C,U:U,1,1xgq,B+A,C,1DQQ,B+A,6F9Y,A,1,0,NA
1xgq_B+A|C,U:U,2,1xgq,B+A,C,1DQQ,D+C,6F9Y,A,1,0,NA
1xgq_B+A|C,U:U,3,1xgq,B+A,C,1DQM,H+L,6F9Z,A,1,0,NA
1xgq_B+A|C,U:U,4,1xgq,B+A,C,1DQQ,B+A,6F9Z,A,1,0,NA
1xgq_B+A|C,U:U,5,1xgq,B+A,C,1DQQ,D+C,6F9Z,A,1,0,NA
1xgq_B+A|C,U:U,6,1xgq,B+A,C,1DQM,H+L,6RO3,A,1,0,small molecules with n_atoms > 15 detected
1xgq_B+A|C,U:U,7,1xgq,B+A,C,1DQQ,B+A,6RO3,A,1,0,small molecules with n_atoms > 15 detected
1xgq_B+A|C,U:U,8,1xgq,B+A,C,1DQQ,D+C,6RO3,A,1,0,small molecules with n_atoms > 15 detected
1xgq_B+A|C,U:U,9,1xgq,B+A,C,1DQM,H+L,6RT3,A,1,0,NA
1xgq_B+A|C,U:U,10,1xgq,B+A,C,1DQQ,B+A,6RT3,A,1,0,NA
1xgq_B+A|C,U:U,11,1xgq,B+A,C,1DQQ,D+C,6RT3,A,1,0,NA
1xgq_B+A|C,U:U,12,1xgq,B+A,C,1DQM,H+L,6ABN,A,1,0,NA
1xgq_B+A|C,U:U,13,1xgq,B+A,C,1DQQ,B+A,6ABN,A,1,0,NA
1xgq_B+A|C,U:U,14,1xgq,B+A,C,1DQQ,D+C,6ABN,A,1,0,NA
6s3t_D+C|S,U:U,0,6s3t,D+C,S,6RNN,H+L,6RQG,A,0,0,NA
6s3t_D+C|S,U:U,1,6s3t,D+C,S,6RNN,D+C,6RQG,A,0,0,NA
6s3t_D+C|S,U:U,2,6s3t,D+C,S,6RNN,H+L,6RQG,B,0,0,NA
6s3t_D+C|S,U:U,3,6s3t,D+C,S,6RNN,D+C,6RQG,B,0,0,NA
6s3t_D+C|S,U:U,4,6s3t,D+C,S,6RNN,H+L,6RQG,C,0,0,NA
6s3t_D+C|S,U:U,5,6s3t,D+C,S,6RNN,D+C,6RQG,C,0,0,NA
6s3t_D+C|S,U:U,6,6s3t,D+C,S,6RNN,H+L,6RUX,A,0,0,small molecules with n_atoms > 15 detected
6s3t_D+C|S,U:U,7,6s3t,D+C,S,6RNN,D+C,6RUX,A,0,0,small molecules with n_atoms > 15 detected
6s3t_D+C|S,U:U,8,6s3t,D+C,S,6RNN,H+L,6RUX,B,0,0,small molecules with n_atoms > 15 detected
6s3t_D+C|S,U:U,9,6s3t,D+C,S,6RNN,D+C,6RUX,B,0,0,small molecules with n_atoms > 15 detected
6s3t_D+C|S,U:U,10,6s3t,D+C,S,6RNN,H+L,6RUX,C,0,0,small molecules with n_atoms > 15 detected
6s3t_D+C|S,U:U,11,6s3t,D+C,S,6RNN,D+C,6RUX,C,0,0,small molecules with n_atoms > 15 detected
2w9e_H+L|A,U:U,0,2w9e,H+L,A,2W9D,H+L,3HEQ,A,5,1,NA
2w9e_H+L|A,U:U,1,2w9e,H+L,A,2W9D,H+L,3HEQ,B,5,1,NA
2w9e_H+L|A,U:U,2,2w9e,H+L,A,2W9D,H+L,3HAK,A,5,1,NA
2w9e_H+L|A,U:U,3,2w9e,H+L,A,2W9D,H+L,3HES,A,5,1,NA
2w9e_H+L|A,U:U,4,2w9e,H+L,A,2W9D,H+L,3HES,B,5,1,NA
6hhd_B|A,U:U,0,6hhd,B,A,6HEQ,A,2L1H,A,1,1,NA
6hhd_B|A,U:U,1,6hhd,B,A,6HEQ,A,2K5O,A,1,2,NA
6hhd_B|A,U:U,2,6hhd,B,A,6HEQ,A,2L39,A,1,1,NA
6hhd_B|A,U:U,3,6hhd,B,A,6HEQ,A,2L40,A,1,2,NA
6hhd_B|A,U:U,4,6hhd,B,A,6HEQ,A,2KU5,A,1,1,NA
3l5x_H+L|A,U:U,0,3l5x,H+L,A,3L7F,H+L,1GA3,A,0,0,NA
3l5x_H+L|A,U:U,1,3l5x,H+L,A,3L7F,B+A,1GA3,A,0,0,NA
3l5x_H+L|A,U:U,2,3l5x,H+L,A,3L7F,E+D,1GA3,A,0,0,NA
4o5i_U+V|I,U:B,0,4o5i,U+V,I,4O5L,H+L,4o5i,I,2,0,small molecules with 7 < n_atoms <= 15 detected
3hi6_X+Y|B,U:U,0,3hi6,X+Y,B,3HI5,H+L,3F74,A,0,2,NA
3hi6_X+Y|B,U:U,1,3hi6,X+Y,B,3HI5,H+L,3F74,B,0,2,NA
3hi6_X+Y|B,U:U,2,3hi6,X+Y,B,3HI5,H+L,3F74,C,0,2,NA
3hi6_X+Y|B,U:U,3,3hi6,X+Y,B,3HI5,H+L,2O7N,A,0,3,small molecules with n_atoms > 15 detected
3hi6_X+Y|B,U:U,4,3hi6,X+Y,B,3HI5,H+L,2ICA,A,0,3,small molecules with n_atoms > 15 detected
3hi6_X+Y|B,U:U,5,3hi6,X+Y,B,3HI5,H+L,1MJN,A,0,1,NA
3hi6_X+Y|B,U:U,6,3hi6,X+Y,B,3HI5,H+L,3F78,A,0,2,small molecules with 7 < n_atoms <= 15 detected
3hi6_X+Y|B,U:U,7,3hi6,X+Y,B,3HI5,H+L,3F78,B,0,2,small molecules with 7 < n_atoms <= 15 detected
3hi6_X+Y|B,U:U,8,3hi6,X+Y,B,3HI5,H+L,3F78,C,0,2,NA
5gs0_D+C|A,U:U,0,5gs0,D+C,A,3ULS,H+L,2A0Z,A,3,0,small molecules with 7 < n_atoms <= 15 detected
5gs0_D+C|A,U:U,1,5gs0,D+C,A,3ULS,B+A,2A0Z,A,3,0,small molecules with 7 < n_atoms <= 15 detected
5gs0_D+C|A,U:U,2,5gs0,D+C,A,3ULS,H+L,1ZIW,A,3,0,small molecules with 7 < n_atoms <= 15 detected
5gs0_D+C|A,U:U,3,5gs0,D+C,A,3ULS,B+A,1ZIW,A,3,0,small molecules with 7 < n_atoms <= 15 detected
6bpc_E+F|D,U:U,0,6bpc,E+F,D,6BPB,A+B,5W53,A,0,0,NA
6bpc_E+F|D,U:U,1,6bpc,E+F,D,6BPB,A+B,5W53,B,0,0,NA
5vnw_C|B,U:U,0,5vnw,C,B,5VNV,A,6HSC,A,0,0,small molecules with n_atoms > 15 detected
5vnw_C|B,U:U,1,5vnw,C,B,5VNV,A,6HSC,B,0,0,small molecules with n_atoms > 15 detected
5vnw_C|B,U:U,2,5vnw,C,B,5VNV,A,3SQJ,A,0,0,small molecules with n_atoms > 15 detected
5vnw_C|B,U:U,3,5vnw,C,B,5VNV,A,3SQJ,B,0,0,small molecules with n_atoms > 15 detected
5vnw_C|B,U:U,4,5vnw,C,B,5VNV,A,4Z69,A,0,0,small molecules with n_atoms > 15 detected
5vnw_C|B,U:U,5,5vnw,C,B,5VNV,A,4Z69,I,0,0,small molecules with n_atoms > 15 detected
5vnw_C|B,U:U,6,5vnw,C,B,5VNV,A,4L8U,A,0,0,small molecules with n_atoms > 15 detected
1dqj_B+A|C,U:U,0,1dqj,B+A,C,1DQM,H+L,6F9Y,A,0,0,NA
1dqj_B+A|C,U:U,1,1dqj,B+A,C,1DQQ,B+A,6F9Y,A,0,0,NA
1dqj_B+A|C,U:U,2,1dqj,B+A,C,1DQQ,D+C,6F9Y,A,0,0,NA
1dqj_B+A|C,U:U,3,1dqj,B+A,C,1DQM,H+L,6F9Z,A,0,0,NA
1dqj_B+A|C,U:U,4,1dqj,B+A,C,1DQQ,B+A,6F9Z,A,0,0,NA
1dqj_B+A|C,U:U,5,1dqj,B+A,C,1DQQ,D+C,6F9Z,A,0,0,NA
1dqj_B+A|C,U:U,6,1dqj,B+A,C,1DQM,H+L,6RO3,A,0,0,small molecules with n_atoms > 15 detected
1dqj_B+A|C,U:U,7,1dqj,B+A,C,1DQQ,B+A,6RO3,A,0,0,small molecules with n_atoms > 15 detected
1dqj_B+A|C,U:U,8,1dqj,B+A,C,1DQQ,D+C,6RO3,A,0,0,small molecules with n_atoms > 15 detected
1dqj_B+A|C,U:U,9,1dqj,B+A,C,1DQM,H+L,6RT3,A,0,0,NA
1dqj_B+A|C,U:U,10,1dqj,B+A,C,1DQQ,B+A,6RT3,A,0,0,NA
1dqj_B+A|C,U:U,11,1dqj,B+A,C,1DQQ,D+C,6RT3,A,0,0,NA
1dqj_B+A|C,U:U,12,1dqj,B+A,C,1DQM,H+L,6ABN,A,0,0,NA
1dqj_B+A|C,U:U,13,1dqj,B+A,C,1DQQ,B+A,6ABN,A,0,0,NA
1dqj_B+A|C,U:U,14,1dqj,B+A,C,1DQQ,D+C,6ABN,A,0,0,NA
5o1r_I+M|B,U:U,0,5o1r,I+M,B,5NYX,H+L,2LFU,A,0,0,small molecules with 7 < n_atoms <= 15 detected
5o1r_I+M|B,U:U,1,5o1r,I+M,B,5NYX,M+N,2LFU,A,0,0,small molecules with 7 < n_atoms <= 15 detected
5o1r_I+M|B,U:U,2,5o1r,I+M,B,5NYX,O+P,2LFU,A,0,0,small molecules with 7 < n_atoms <= 15 detected
6nip_A+B|E,U:B,0,6nip,A+B,E,6NIS,H+L,6nip,E,8,0,NA
6nip_A+B|E,U:B,1,6nip,A+B,E,6MTX,H+L,6nip,E,0,0,small molecules with 7 < n_atoms <= 15 detected
6jb5_A|B,U:U,0,6jb5,A,B,6JB9,A,6F9Z,A,1,0,NA
6jb5_A|B,U:U,1,6jb5,A,B,6JB9,A,6F9Y,A,1,0,NA
6jb5_A|B,U:U,2,6jb5,A,B,6JB9,A,6ABN,A,1,0,NA
6jb5_A|B,U:U,3,6jb5,A,B,6JB9,A,6RT3,A,1,0,NA
6jb5_A|B,U:U,4,6jb5,A,B,6JB9,A,6RO3,A,1,0,small molecules with n_atoms > 15 detected
6dbf_B|A,U:U,0,6dbf,B,A,6DBA,A,1H6T,A,0,5,NA
6dbf_B|A,U:U,1,6dbf,B,A,6DBA,B,1H6T,A,0,5,NA
6dbf_B|A,U:U,2,6dbf,B,A,6DBA,A,1OTN,A,0,3,NA
6dbf_B|A,U:U,3,6dbf,B,A,6DBA,B,1OTN,A,0,3,NA
6dbf_B|A,U:U,4,6dbf,B,A,6DBA,A,1OTO,A,0,3,NA
6dbf_B|A,U:U,5,6dbf,B,A,6DBA,B,1OTO,A,0,3,NA
6dbf_B|A,U:U,6,6dbf,B,A,6DBA,A,1D0B,A,0,2,NA
6dbf_B|A,U:U,7,6dbf,B,A,6DBA,B,1D0B,A,0,2,NA
6dbf_B|A,U:U,8,6dbf,B,A,6DBA,A,1OTM,A,0,4,NA
6dbf_B|A,U:U,9,6dbf,B,A,6DBA,B,1OTM,A,0,4,NA
1p2c_B+A|C,U:U,0,1p2c,B+A,C,2Q76,B+A,6F9Z,A,2,0,NA
1p2c_B+A|C,U:U,1,1p2c,B+A,C,2Q76,D+C,6F9Z,A,2,0,NA
1p2c_B+A|C,U:U,2,1p2c,B+A,C,2Q76,B+A,6F9Y,A,2,0,NA
1p2c_B+A|C,U:U,3,1p2c,B+A,C,2Q76,D+C,6F9Y,A,2,0,NA
1p2c_B+A|C,U:U,4,1p2c,B+A,C,2Q76,B+A,6ABN,A,2,0,NA
1p2c_B+A|C,U:U,5,1p2c,B+A,C,2Q76,D+C,6ABN,A,2,0,NA
1p2c_B+A|C,U:U,6,1p2c,B+A,C,2Q76,B+A,6RT3,A,2,0,NA
1p2c_B+A|C,U:U,7,1p2c,B+A,C,2Q76,D+C,6RT3,A,2,0,NA
1p2c_B+A|C,U:U,8,1p2c,B+A,C,2Q76,B+A,6RO3,A,2,0,small molecules with n_atoms > 15 detected
1p2c_B+A|C,U:U,9,1p2c,B+A,C,2Q76,D+C,6RO3,A,2,0,small molecules with n_atoms > 15 detected
1bvk_B+A|C,U:U,0,1bvk,B+A,C,1BVL,A+B,6F9Z,A,0,0,NA
1bvk_B+A|C,U:U,1,1bvk,B+A,C,1BVL,C+D,6F9Z,A,0,0,NA
1bvk_B+A|C,U:U,2,1bvk,B+A,C,1BVL,A+B,6F9Y,A,0,0,NA
1bvk_B+A|C,U:U,3,1bvk,B+A,C,1BVL,C+D,6F9Y,A,0,0,NA
1bvk_B+A|C,U:U,4,1bvk,B+A,C,1BVL,A+B,6ABN,A,0,0,NA
1bvk_B+A|C,U:U,5,1bvk,B+A,C,1BVL,C+D,6ABN,A,0,0,NA
1bvk_B+A|C,U:U,6,1bvk,B+A,C,1BVL,A+B,6RT3,A,0,0,NA
1bvk_B+A|C,U:U,7,1bvk,B+A,C,1BVL,C+D,6RT3,A,0,0,NA
1bvk_B+A|C,U:U,8,1bvk,B+A,C,1BVL,A+B,6RO3,A,0,0,small molecules with n_atoms > 15 detected
1bvk_B+A|C,U:U,9,1bvk,B+A,C,1BVL,C+D,6RO3,A,0,0,small molecules with n_atoms > 15 detected
1nbz_B+A|C,U:U,0,1nbz,B+A,C,1DQM,H+L,6F9Z,A,0,1,NA
1nbz_B+A|C,U:U,1,1nbz,B+A,C,1DQQ,B+A,6F9Z,A,0,1,NA
1nbz_B+A|C,U:U,2,1nbz,B+A,C,1DQQ,D+C,6F9Z,A,0,1,NA
1nbz_B+A|C,U:U,3,1nbz,B+A,C,1DQM,H+L,6F9Y,A,0,1,NA
1nbz_B+A|C,U:U,4,1nbz,B+A,C,1DQQ,B+A,6F9Y,A,0,1,NA
1nbz_B+A|C,U:U,5,1nbz,B+A,C,1DQQ,D+C,6F9Y,A,0,1,NA
1nbz_B+A|C,U:U,6,1nbz,B+A,C,1DQM,H+L,6ABN,A,0,1,NA
1nbz_B+A|C,U:U,7,1nbz,B+A,C,1DQQ,B+A,6ABN,A,0,1,NA
1nbz_B+A|C,U:U,8,1nbz,B+A,C,1DQQ,D+C,6ABN,A,0,1,NA
1nbz_B+A|C,U:U,9,1nbz,B+A,C,1DQM,H+L,6RT3,A,0,1,NA
1nbz_B+A|C,U:U,10,1nbz,B+A,C,1DQQ,B+A,6RT3,A,0,1,NA
1nbz_B+A|C,U:U,11,1nbz,B+A,C,1DQQ,D+C,6RT3,A,0,1,NA
1nbz_B+A|C,U:U,12,1nbz,B+A,C,1DQM,H+L,6RO3,A,0,1,small molecules with n_atoms > 15 detected
1nbz_B+A|C,U:U,13,1nbz,B+A,C,1DQQ,B+A,6RO3,A,0,1,small molecules with n_atoms > 15 detected
1nbz_B+A|C,U:U,14,1nbz,B+A,C,1DQQ,D+C,6RO3,A,0,1,small molecules with n_atoms > 15 detected
3bt2_H+L|U,U:U,0,3bt2,H+L,U,2FAT,H+L,3U74,U,0,2,small molecules with 7 < n_atoms <= 15 detected
1g7j_B+A|C,U:U,0,1g7j,B+A,C,1A7R,H+L,6F9Z,A,2,0,NA
1g7j_B+A|C,U:U,1,1g7j,B+A,C,1A7Q,H+L,6F9Z,A,11,0,NA
1g7j_B+A|C,U:U,2,1g7j,B+A,C,1A7P,H+L,6F9Z,A,4,0,NA
1g7j_B+A|C,U:U,3,1g7j,B+A,C,1A7N,H+L,6F9Z,A,3,0,NA
1g7j_B+A|C,U:U,4,1g7j,B+A,C,1VFA,B+A,6F9Z,A,1,0,NA
1g7j_B+A|C,U:U,5,1g7j,B+A,C,1A7R,H+L,6F9Y,A,2,0,NA
1g7j_B+A|C,U:U,6,1g7j,B+A,C,1A7Q,H+L,6F9Y,A,11,0,NA
1g7j_B+A|C,U:U,7,1g7j,B+A,C,1A7P,H+L,6F9Y,A,4,0,NA
1g7j_B+A|C,U:U,8,1g7j,B+A,C,1A7N,H+L,6F9Y,A,3,0,NA
1g7j_B+A|C,U:U,9,1g7j,B+A,C,1VFA,B+A,6F9Y,A,1,0,NA
1g7j_B+A|C,U:U,10,1g7j,B+A,C,1A7R,H+L,6ABN,A,2,0,NA
1g7j_B+A|C,U:U,11,1g7j,B+A,C,1A7Q,H+L,6ABN,A,11,0,NA
1g7j_B+A|C,U:U,12,1g7j,B+A,C,1A7P,H+L,6ABN,A,4,0,NA
1g7j_B+A|C,U:U,13,1g7j,B+A,C,1A7N,H+L,6ABN,A,3,0,NA
1g7j_B+A|C,U:U,14,1g7j,B+A,C,1VFA,B+A,6ABN,A,1,0,NA
1g7j_B+A|C,U:U,15,1g7j,B+A,C,1A7R,H+L,6RT3,A,2,0,NA
1g7j_B+A|C,U:U,16,1g7j,B+A,C,1A7Q,H+L,6RT3,A,11,0,NA
1g7j_B+A|C,U:U,17,1g7j,B+A,C,1A7P,H+L,6RT3,A,4,0,NA
1g7j_B+A|C,U:U,18,1g7j,B+A,C,1A7N,H+L,6RT3,A,3,0,NA
1g7j_B+A|C,U:U,19,1g7j,B+A,C,1VFA,B+A,6RT3,A,1,0,NA
1g7j_B+A|C,U:U,20,1g7j,B+A,C,1A7R,H+L,6RO3,A,2,0,small molecules with n_atoms > 15 detected
1g7j_B+A|C,U:U,21,1g7j,B+A,C,1A7Q,H+L,6RO3,A,11,0,small molecules with n_atoms > 15 detected
1g7j_B+A|C,U:U,22,1g7j,B+A,C,1A7P,H+L,6RO3,A,4,0,small molecules with n_atoms > 15 detected
1g7j_B+A|C,U:U,23,1g7j,B+A,C,1A7N,H+L,6RO3,A,3,0,small molecules with n_atoms > 15 detected
1g7j_B+A|C,U:U,24,1g7j,B+A,C,1VFA,B+A,6RO3,A,1,0,small molecules with n_atoms > 15 detected
3p11_H+L|A,U:U,0,3p11,H+L,A,3P0V,H+L,1M6B,A,0,2,small molecules with 7 < n_atoms <= 15 detected
3p11_H+L|A,U:U,1,3p11,H+L,A,3P0V,I+M,1M6B,A,0,2,small molecules with 7 < n_atoms <= 15 detected
3p11_H+L|A,U:U,2,3p11,H+L,A,3P0V,H+L,1M6B,B,0,2,small molecules with 7 < n_atoms <= 15 detected
3p11_H+L|A,U:U,3,3p11,H+L,A,3P0V,I+M,1M6B,B,0,2,small molecules with 7 < n_atoms <= 15 detected
5hgg_S|B,U:U,0,5hgg,S,B,5HDO,A,5Z1C,U,0,0,small molecules with 7 < n_atoms <= 15 detected
5hgg_S|B,U:U,1,5hgg,S,B,5HDO,B,5Z1C,U,0,0,small molecules with 7 < n_atoms <= 15 detected
5hgg_S|B,U:U,2,5hgg,S,B,5HDO,C,5Z1C,U,0,0,small molecules with 7 < n_atoms <= 15 detected
5hgg_S|B,U:U,3,5hgg,S,B,5HDO,D,5Z1C,U,0,0,small molecules with 7 < n_atoms <= 15 detected
5hgg_S|B,U:U,4,5hgg,S,B,5HDO,A,4FU9,A,0,0,small molecules with n_atoms > 15 detected
5hgg_S|B,U:U,5,5hgg,S,B,5HDO,B,4FU9,A,0,0,small molecules with n_atoms > 15 detected
5hgg_S|B,U:U,6,5hgg,S,B,5HDO,C,4FU9,A,0,0,small molecules with n_atoms > 15 detected
5hgg_S|B,U:U,7,5hgg,S,B,5HDO,D,4FU9,A,0,0,small molecules with n_atoms > 15 detected
5hgg_S|B,U:U,8,5hgg,S,B,5HDO,A,5YC6,U,0,0,small molecules with 7 < n_atoms <= 15 detected
5hgg_S|B,U:U,9,5hgg,S,B,5HDO,B,5YC6,U,0,0,small molecules with 7 < n_atoms <= 15 detected
5hgg_S|B,U:U,10,5hgg,S,B,5HDO,C,5YC6,U,0,0,small molecules with 7 < n_atoms <= 15 detected
5hgg_S|B,U:U,11,5hgg,S,B,5HDO,D,5YC6,U,0,0,small molecules with 7 < n_atoms <= 15 detected
5hgg_S|B,U:U,12,5hgg,S,B,5HDO,A,5ZA9,U,0,0,small molecules with n_atoms > 15 detected
5hgg_S|B,U:U,13,5hgg,S,B,5HDO,B,5ZA9,U,0,0,small molecules with n_atoms > 15 detected
5hgg_S|B,U:U,14,5hgg,S,B,5HDO,C,5ZA9,U,0,0,small molecules with n_atoms > 15 detected
5hgg_S|B,U:U,15,5hgg,S,B,5HDO,D,5ZA9,U,0,0,small molecules with n_atoms > 15 detected
5hgg_S|B,U:U,16,5hgg,S,B,5HDO,A,4XSK,U,0,3,small molecules with 7 < n_atoms <= 15 detected
5hgg_S|B,U:U,17,5hgg,S,B,5HDO,B,4XSK,U,0,3,small molecules with 7 < n_atoms <= 15 detected
5hgg_S|B,U:U,18,5hgg,S,B,5HDO,C,4XSK,U,0,3,small molecules with 7 < n_atoms <= 15 detected
5hgg_S|B,U:U,19,5hgg,S,B,5HDO,D,4XSK,U,0,3,small molecules with 7 < n_atoms <= 15 detected
4o5i_M+N|A,U:B,0,4o5i,M+N,A,4O5L,H+L,4o5i,A,2,0,small molecules with 7 < n_atoms <= 15 detected
2nz9_F+E|B,U:U,0,2nz9,F+E,B,2GCY,B+A,3BTA,A,7,0,NA
2nz9_F+E|B,U:U,1,2nz9,F+E,B,2GCY,B+A,3V0C,A,7,5,NA
1s78_D+C|A,U:U,0,1s78,D+C,A,1L7I,H+L,2A91,A,0,2,small molecules with 7 < n_atoms <= 15 detected
1s78_D+C|A,U:U,1,1s78,D+C,A,5VSH,A+B,2A91,A,6,2,small molecules with 7 < n_atoms <= 15 detected
1s78_D+C|A,U:U,2,1s78,D+C,A,5VSH,C+D,2A91,A,6,2,small molecules with 7 < n_atoms <= 15 detected
1s78_D+C|A,U:U,3,1s78,D+C,A,5VSH,E+F,2A91,A,6,2,small molecules with 7 < n_atoms <= 15 detected
1s78_D+C|A,U:U,4,1s78,D+C,A,5VSH,H+L,2A91,A,6,2,small molecules with 7 < n_atoms <= 15 detected
3rvx_D+C|A,U:U,0,3rvx,D+C,A,3RVU,D+C,3F5V,A,0,2,NA
3rvx_D+C|A,U:U,1,3rvx,D+C,A,3RVT,D+C,3F5V,A,0,2,NA
3rvx_D+C|A,U:U,2,3rvx,D+C,A,3RVU,D+C,3F5V,B,0,2,small molecules with 7 < n_atoms <= 15 detected
3rvx_D+C|A,U:U,3,3rvx,D+C,A,3RVT,D+C,3F5V,B,0,2,small molecules with 7 < n_atoms <= 15 detected
3rvx_D+C|A,U:U,4,3rvx,D+C,A,3RVU,D+C,1XKG,A,0,3,NA
3rvx_D+C|A,U:U,5,3rvx,D+C,A,3RVT,D+C,1XKG,A,0,3,NA
5vco_D+C|E,U:U,0,5vco,D+C,E,4POZ,D+C,3F5V,A,0,1,NA
5vco_D+C|E,U:U,1,5vco,D+C,E,4POZ,D+C,3F5V,B,0,1,small molecules with 7 < n_atoms <= 15 detected
5vco_D+C|E,U:U,2,5vco,D+C,E,4POZ,D+C,1XKG,A,0,2,NA
4rfn_B+C|A,U:U,0,4rfn,B+C,A,4RFE,H+L,4DKP,A,0,0,small molecules with n_atoms > 15 detected
4rfn_B+C|A,U:U,1,4rfn,B+C,A,4RFE,A+B,4DKP,A,0,0,small molecules with n_atoms > 15 detected
4rfn_B+C|A,U:U,2,4rfn,B+C,A,4RFE,C+D,4DKP,A,0,0,small molecules with n_atoms > 15 detected
4rfn_B+C|A,U:U,3,4rfn,B+C,A,4RFE,E+F,4DKP,A,0,0,small molecules with n_atoms > 15 detected
4rfn_B+C|A,U:U,4,4rfn,B+C,A,4RFE,H+L,4DKP,C,0,0,small molecules with n_atoms > 15 detected
4rfn_B+C|A,U:U,5,4rfn,B+C,A,4RFE,A+B,4DKP,C,0,0,small molecules with n_atoms > 15 detected
4rfn_B+C|A,U:U,6,4rfn,B+C,A,4RFE,C+D,4DKP,C,0,0,small molecules with n_atoms > 15 detected
4rfn_B+C|A,U:U,7,4rfn,B+C,A,4RFE,E+F,4DKP,C,0,0,small molecules with n_atoms > 15 detected
4rfn_B+C|A,U:U,8,4rfn,B+C,A,4RFE,H+L,4DKR,A,0,0,small molecules with n_atoms > 15 detected
4rfn_B+C|A,U:U,9,4rfn,B+C,A,4RFE,A+B,4DKR,A,0,0,small molecules with n_atoms > 15 detected
4rfn_B+C|A,U:U,10,4rfn,B+C,A,4RFE,C+D,4DKR,A,0,0,small molecules with n_atoms > 15 detected
4rfn_B+C|A,U:U,11,4rfn,B+C,A,4RFE,E+F,4DKR,A,0,0,small molecules with n_atoms > 15 detected
4rfn_B+C|A,U:U,12,4rfn,B+C,A,4RFE,H+L,4DKR,C,0,0,small molecules with n_atoms > 15 detected
4rfn_B+C|A,U:U,13,4rfn,B+C,A,4RFE,A+B,4DKR,C,0,0,small molecules with n_atoms > 15 detected
4rfn_B+C|A,U:U,14,4rfn,B+C,A,4RFE,C+D,4DKR,C,0,0,small molecules with n_atoms > 15 detected
4rfn_B+C|A,U:U,15,4rfn,B+C,A,4RFE,E+F,4DKR,C,0,0,small molecules with n_atoms > 15 detected
4rfn_B+C|A,U:U,16,4rfn,B+C,A,4RFE,H+L,4DKQ,A,0,0,small molecules with n_atoms > 15 detected
4rfn_B+C|A,U:U,17,4rfn,B+C,A,4RFE,A+B,4DKQ,A,0,0,small molecules with n_atoms > 15 detected
4rfn_B+C|A,U:U,18,4rfn,B+C,A,4RFE,C+D,4DKQ,A,0,0,small molecules with n_atoms > 15 detected
4rfn_B+C|A,U:U,19,4rfn,B+C,A,4RFE,E+F,4DKQ,A,0,0,small molecules with n_atoms > 15 detected
4rfn_B+C|A,U:U,20,4rfn,B+C,A,4RFE,H+L,4RZ8,A,0,0,small molecules with n_atoms > 15 detected
4rfn_B+C|A,U:U,21,4rfn,B+C,A,4RFE,A+B,4RZ8,A,0,0,small molecules with n_atoms > 15 detected
4rfn_B+C|A,U:U,22,4rfn,B+C,A,4RFE,C+D,4RZ8,A,0,0,small molecules with n_atoms > 15 detected
4rfn_B+C|A,U:U,23,4rfn,B+C,A,4RFE,E+F,4RZ8,A,0,0,small molecules with n_atoms > 15 detected
4rfn_B+C|A,U:U,24,4rfn,B+C,A,4RFE,H+L,4RZ8,B,0,0,small molecules with n_atoms > 15 detected
4rfn_B+C|A,U:U,25,4rfn,B+C,A,4RFE,A+B,4RZ8,B,0,0,small molecules with n_atoms > 15 detected
4rfn_B+C|A,U:U,26,4rfn,B+C,A,4RFE,C+D,4RZ8,B,0,0,small molecules with n_atoms > 15 detected
4rfn_B+C|A,U:U,27,4rfn,B+C,A,4RFE,E+F,4RZ8,B,0,0,small molecules with n_atoms > 15 detected
4rfn_B+C|A,U:U,28,4rfn,B+C,A,4RFE,H+L,4RZ8,C,0,0,small molecules with n_atoms > 15 detected
4rfn_B+C|A,U:U,29,4rfn,B+C,A,4RFE,A+B,4RZ8,C,0,0,small molecules with n_atoms > 15 detected
4rfn_B+C|A,U:U,30,4rfn,B+C,A,4RFE,C+D,4RZ8,C,0,0,small molecules with n_atoms > 15 detected
4rfn_B+C|A,U:U,31,4rfn,B+C,A,4RFE,E+F,4RZ8,C,0,0,small molecules with n_atoms > 15 detected
4rfn_B+C|A,U:U,32,4rfn,B+C,A,4RFE,H+L,4RZ8,D,0,0,small molecules with n_atoms > 15 detected
4rfn_B+C|A,U:U,33,4rfn,B+C,A,4RFE,A+B,4RZ8,D,0,0,small molecules with n_atoms > 15 detected
4rfn_B+C|A,U:U,34,4rfn,B+C,A,4RFE,C+D,4RZ8,D,0,0,small molecules with n_atoms > 15 detected
4rfn_B+C|A,U:U,35,4rfn,B+C,A,4RFE,E+F,4RZ8,D,0,0,small molecules with n_atoms > 15 detected
4rfn_B+C|A,U:U,36,4rfn,B+C,A,4RFE,H+L,6ONF,A,0,7,small molecules with n_atoms > 15 detected
4rfn_B+C|A,U:U,37,4rfn,B+C,A,4RFE,A+B,6ONF,A,0,7,small molecules with n_atoms > 15 detected
4rfn_B+C|A,U:U,38,4rfn,B+C,A,4RFE,C+D,6ONF,A,0,7,small molecules with n_atoms > 15 detected
4rfn_B+C|A,U:U,39,4rfn,B+C,A,4RFE,E+F,6ONF,A,0,7,small molecules with n_atoms > 15 detected
6pz8_H+L|B,U:B,0,6pz8,H+L,B,6PXG,A+B,6pz8,B,0,0,small molecules with 7 < n_atoms <= 15 detected
6pz8_H+L|B,U:B,1,6pz8,H+L,B,6PXG,C+D,6pz8,B,0,0,small molecules with 7 < n_atoms <= 15 detected
6pz8_H+L|B,U:B,2,6pz8,H+L,B,6PXG,E+F,6pz8,B,0,0,small molecules with 7 < n_atoms <= 15 detected
6pz8_H+L|B,U:B,3,6pz8,H+L,B,6PXG,H+L,6pz8,B,0,0,small molecules with 7 < n_atoms <= 15 detected
3rvw_D+C|A,U:U,0,3rvw,D+C,A,3RVU,D+C,3F5V,A,0,2,NA
3rvw_D+C|A,U:U,1,3rvw,D+C,A,3RVT,D+C,3F5V,A,0,2,NA
3rvw_D+C|A,U:U,2,3rvw,D+C,A,3RVU,D+C,3F5V,B,0,2,small molecules with 7 < n_atoms <= 15 detected
3rvw_D+C|A,U:U,3,3rvw,D+C,A,3RVT,D+C,3F5V,B,0,2,small molecules with 7 < n_atoms <= 15 detected
3rvw_D+C|A,U:U,4,3rvw,D+C,A,3RVU,D+C,1XKG,A,0,3,NA
3rvw_D+C|A,U:U,5,3rvw,D+C,A,3RVT,D+C,1XKG,A,0,3,NA
5gs0_F+E|B,U:U,0,5gs0,F+E,B,3ULS,H+L,2A0Z,A,3,0,small molecules with 7 < n_atoms <= 15 detected
5gs0_F+E|B,U:U,1,5gs0,F+E,B,3ULS,B+A,2A0Z,A,3,0,small molecules with 7 < n_atoms <= 15 detected
5gs0_F+E|B,U:U,2,5gs0,F+E,B,3ULS,H+L,1ZIW,A,3,0,small molecules with 7 < n_atoms <= 15 detected
5gs0_F+E|B,U:U,3,5gs0,F+E,B,3ULS,B+A,1ZIW,A,3,0,small molecules with 7 < n_atoms <= 15 detected
5if0_A+B|I,U:U,0,5if0,A+B,I,5IFA,H+L,5IDL,A,0,3,small molecules with 7 < n_atoms <= 15 detected
4etq_A+B|X,U:U,0,4etq,A+B,X,4EBQ,H+L,4E9O,X,2,0,NA
3eoa_B+A|J,U:U,0,3eoa,B+A,J,3EO9,H+L,2O7N,A,0,0,small molecules with n_atoms > 15 detected
3eoa_B+A|J,U:U,1,3eoa,B+A,J,3EO9,H+L,2ICA,A,0,0,small molecules with n_atoms > 15 detected
3eoa_B+A|J,U:U,2,3eoa,B+A,J,3EO9,H+L,3F74,A,0,1,NA
3eoa_B+A|J,U:U,3,3eoa,B+A,J,3EO9,H+L,3F74,B,0,1,NA
3eoa_B+A|J,U:U,4,3eoa,B+A,J,3EO9,H+L,3F74,C,0,1,NA
3eoa_B+A|J,U:U,5,3eoa,B+A,J,3EO9,H+L,3F78,A,0,1,small molecules with 7 < n_atoms <= 15 detected
3eoa_B+A|J,U:U,6,3eoa,B+A,J,3EO9,H+L,3F78,B,0,1,small molecules with 7 < n_atoms <= 15 detected
3eoa_B+A|J,U:U,7,3eoa,B+A,J,3EO9,H+L,3F78,C,0,1,NA
3eoa_B+A|J,U:U,8,3eoa,B+A,J,3EO9,H+L,1MJN,A,0,2,NA
5vl3_E+F|T,U:U,0,5vl3,E+F,T,5VKK,H+L,5VKJ,A,0,5,small molecules with 7 < n_atoms <= 15 detected
5vl3_E+F|T,U:U,1,5vl3,E+F,T,5VKK,A+B,5VKJ,A,0,5,small molecules with 7 < n_atoms <= 15 detected
5vl3_E+F|T,U:U,2,5vl3,E+F,T,5VKK,H+L,5VKM,A,0,5,small molecules with n_atoms > 15 detected
5vl3_E+F|T,U:U,3,5vl3,E+F,T,5VKK,A+B,5VKM,A,0,5,small molecules with n_atoms > 15 detected
5cd5_C+D|A,U:U,0,5cd5,C+D,A,5CD3,G+H,4DKP,A,0,1,small molecules with n_atoms > 15 detected
5cd5_C+D|A,U:U,1,5cd5,C+D,A,5CD3,A+B,4DKP,A,0,1,small molecules with n_atoms > 15 detected
5cd5_C+D|A,U:U,2,5cd5,C+D,A,5CD3,C+D,4DKP,A,0,1,small molecules with n_atoms > 15 detected
5cd5_C+D|A,U:U,3,5cd5,C+D,A,5CD3,E+F,4DKP,A,0,1,small molecules with n_atoms > 15 detected
5cd5_C+D|A,U:U,4,5cd5,C+D,A,5CD3,G+H,4DKP,C,0,1,small molecules with n_atoms > 15 detected
5cd5_C+D|A,U:U,5,5cd5,C+D,A,5CD3,A+B,4DKP,C,0,1,small molecules with n_atoms > 15 detected
5cd5_C+D|A,U:U,6,5cd5,C+D,A,5CD3,C+D,4DKP,C,0,1,small molecules with n_atoms > 15 detected
5cd5_C+D|A,U:U,7,5cd5,C+D,A,5CD3,E+F,4DKP,C,0,1,small molecules with n_atoms > 15 detected
5cd5_C+D|A,U:U,8,5cd5,C+D,A,5CD3,G+H,4DKR,A,0,1,small molecules with n_atoms > 15 detected
5cd5_C+D|A,U:U,9,5cd5,C+D,A,5CD3,A+B,4DKR,A,0,1,small molecules with n_atoms > 15 detected
5cd5_C+D|A,U:U,10,5cd5,C+D,A,5CD3,C+D,4DKR,A,0,1,small molecules with n_atoms > 15 detected
5cd5_C+D|A,U:U,11,5cd5,C+D,A,5CD3,E+F,4DKR,A,0,1,small molecules with n_atoms > 15 detected
5cd5_C+D|A,U:U,12,5cd5,C+D,A,5CD3,G+H,4DKR,C,0,1,small molecules with n_atoms > 15 detected
5cd5_C+D|A,U:U,13,5cd5,C+D,A,5CD3,A+B,4DKR,C,0,1,small molecules with n_atoms > 15 detected
5cd5_C+D|A,U:U,14,5cd5,C+D,A,5CD3,C+D,4DKR,C,0,1,small molecules with n_atoms > 15 detected
5cd5_C+D|A,U:U,15,5cd5,C+D,A,5CD3,E+F,4DKR,C,0,1,small molecules with n_atoms > 15 detected
5cd5_C+D|A,U:U,16,5cd5,C+D,A,5CD3,G+H,4DKQ,A,0,1,small molecules with n_atoms > 15 detected
5cd5_C+D|A,U:U,17,5cd5,C+D,A,5CD3,A+B,4DKQ,A,0,1,small molecules with n_atoms > 15 detected
5cd5_C+D|A,U:U,18,5cd5,C+D,A,5CD3,C+D,4DKQ,A,0,1,small molecules with n_atoms > 15 detected
5cd5_C+D|A,U:U,19,5cd5,C+D,A,5CD3,E+F,4DKQ,A,0,1,small molecules with n_atoms > 15 detected
5cd5_C+D|A,U:U,20,5cd5,C+D,A,5CD3,G+H,4RZ8,A,0,1,small molecules with n_atoms > 15 detected
5cd5_C+D|A,U:U,21,5cd5,C+D,A,5CD3,A+B,4RZ8,A,0,1,small molecules with n_atoms > 15 detected
5cd5_C+D|A,U:U,22,5cd5,C+D,A,5CD3,C+D,4RZ8,A,0,1,small molecules with n_atoms > 15 detected
5cd5_C+D|A,U:U,23,5cd5,C+D,A,5CD3,E+F,4RZ8,A,0,1,small molecules with n_atoms > 15 detected
5cd5_C+D|A,U:U,24,5cd5,C+D,A,5CD3,G+H,4RZ8,B,0,1,small molecules with n_atoms > 15 detected
5cd5_C+D|A,U:U,25,5cd5,C+D,A,5CD3,A+B,4RZ8,B,0,1,small molecules with n_atoms > 15 detected
5cd5_C+D|A,U:U,26,5cd5,C+D,A,5CD3,C+D,4RZ8,B,0,1,small molecules with n_atoms > 15 detected
5cd5_C+D|A,U:U,27,5cd5,C+D,A,5CD3,E+F,4RZ8,B,0,1,small molecules with n_atoms > 15 detected
5cd5_C+D|A,U:U,28,5cd5,C+D,A,5CD3,G+H,4RZ8,C,0,1,small molecules with n_atoms > 15 detected
5cd5_C+D|A,U:U,29,5cd5,C+D,A,5CD3,A+B,4RZ8,C,0,1,small molecules with n_atoms > 15 detected
5cd5_C+D|A,U:U,30,5cd5,C+D,A,5CD3,C+D,4RZ8,C,0,1,small molecules with n_atoms > 15 detected
5cd5_C+D|A,U:U,31,5cd5,C+D,A,5CD3,E+F,4RZ8,C,0,1,small molecules with n_atoms > 15 detected
5cd5_C+D|A,U:U,32,5cd5,C+D,A,5CD3,G+H,4RZ8,D,0,1,small molecules with n_atoms > 15 detected
5cd5_C+D|A,U:U,33,5cd5,C+D,A,5CD3,A+B,4RZ8,D,0,1,small molecules with n_atoms > 15 detected
5cd5_C+D|A,U:U,34,5cd5,C+D,A,5CD3,C+D,4RZ8,D,0,1,small molecules with n_atoms > 15 detected
5cd5_C+D|A,U:U,35,5cd5,C+D,A,5CD3,E+F,4RZ8,D,0,1,small molecules with n_atoms > 15 detected
5cd5_C+D|A,U:U,36,5cd5,C+D,A,5CD3,G+H,6ONF,A,0,7,small molecules with n_atoms > 15 detected
5cd5_C+D|A,U:U,37,5cd5,C+D,A,5CD3,A+B,6ONF,A,0,7,small molecules with n_atoms > 15 detected
5cd5_C+D|A,U:U,38,5cd5,C+D,A,5CD3,C+D,6ONF,A,0,7,small molecules with n_atoms > 15 detected
5cd5_C+D|A,U:U,39,5cd5,C+D,A,5CD3,E+F,6ONF,A,0,7,small molecules with n_atoms > 15 detected
1kir_B+A|C,U:U,0,1kir,B+A,C,1A7R,H+L,6F9Z,A,2,0,NA
1kir_B+A|C,U:U,1,1kir,B+A,C,1A7Q,H+L,6F9Z,A,11,0,NA
1kir_B+A|C,U:U,2,1kir,B+A,C,1A7P,H+L,6F9Z,A,4,0,NA
1kir_B+A|C,U:U,3,1kir,B+A,C,1A7N,H+L,6F9Z,A,3,0,NA
1kir_B+A|C,U:U,4,1kir,B+A,C,1VFA,B+A,6F9Z,A,1,0,NA
1kir_B+A|C,U:U,5,1kir,B+A,C,1A7R,H+L,6F9Y,A,2,0,NA
1kir_B+A|C,U:U,6,1kir,B+A,C,1A7Q,H+L,6F9Y,A,11,0,NA
1kir_B+A|C,U:U,7,1kir,B+A,C,1A7P,H+L,6F9Y,A,4,0,NA
1kir_B+A|C,U:U,8,1kir,B+A,C,1A7N,H+L,6F9Y,A,3,0,NA
1kir_B+A|C,U:U,9,1kir,B+A,C,1VFA,B+A,6F9Y,A,1,0,NA
1kir_B+A|C,U:U,10,1kir,B+A,C,1A7R,H+L,6ABN,A,2,0,NA
1kir_B+A|C,U:U,11,1kir,B+A,C,1A7Q,H+L,6ABN,A,11,0,NA
1kir_B+A|C,U:U,12,1kir,B+A,C,1A7P,H+L,6ABN,A,4,0,NA
1kir_B+A|C,U:U,13,1kir,B+A,C,1A7N,H+L,6ABN,A,3,0,NA
1kir_B+A|C,U:U,14,1kir,B+A,C,1VFA,B+A,6ABN,A,1,0,NA
1kir_B+A|C,U:U,15,1kir,B+A,C,1A7R,H+L,6RT3,A,2,0,NA
1kir_B+A|C,U:U,16,1kir,B+A,C,1A7Q,H+L,6RT3,A,11,0,NA
1kir_B+A|C,U:U,17,1kir,B+A,C,1A7P,H+L,6RT3,A,4,0,NA
1kir_B+A|C,U:U,18,1kir,B+A,C,1A7N,H+L,6RT3,A,3,0,NA
1kir_B+A|C,U:U,19,1kir,B+A,C,1VFA,B+A,6RT3,A,1,0,NA
1kir_B+A|C,U:U,20,1kir,B+A,C,1A7R,H+L,6RO3,A,2,0,small molecules with n_atoms > 15 detected
1kir_B+A|C,U:U,21,1kir,B+A,C,1A7Q,H+L,6RO3,A,11,0,small molecules with n_atoms > 15 detected
1kir_B+A|C,U:U,22,1kir,B+A,C,1A7P,H+L,6RO3,A,4,0,small molecules with n_atoms > 15 detected
1kir_B+A|C,U:U,23,1kir,B+A,C,1A7N,H+L,6RO3,A,3,0,small molecules with n_atoms > 15 detected
1kir_B+A|C,U:U,24,1kir,B+A,C,1VFA,B+A,6RO3,A,1,0,small molecules with n_atoms > 15 detected
6dbg_C|B,U:U,0,6dbg,C,B,6DBA,A,1H6T,A,0,0,NA
6dbg_C|B,U:U,1,6dbg,C,B,6DBA,B,1H6T,A,0,0,NA
6dbg_C|B,U:U,2,6dbg,C,B,6DBA,A,2WQX,A,0,5,NA
6dbg_C|B,U:U,3,6dbg,C,B,6DBA,B,2WQX,A,0,5,NA
6dbg_C|B,U:U,4,6dbg,C,B,6DBA,A,2WQX,B,0,5,NA
6dbg_C|B,U:U,5,6dbg,C,B,6DBA,B,2WQX,B,0,5,NA
6dbg_C|B,U:U,6,6dbg,C,B,6DBA,A,1M9S,A,0,4,NA
6dbg_C|B,U:U,7,6dbg,C,B,6DBA,B,1M9S,A,0,4,NA
6dbg_C|B,U:U,8,6dbg,C,B,6DBA,A,2WQU,A,0,0,NA
6dbg_C|B,U:U,9,6dbg,C,B,6DBA,B,2WQU,A,0,0,NA
6dbg_C|B,U:U,10,6dbg,C,B,6DBA,A,2WQU,B,0,0,NA
6dbg_C|B,U:U,11,6dbg,C,B,6DBA,B,2WQU,B,0,0,NA
6dbg_C|B,U:U,12,6dbg,C,B,6DBA,A,2WQU,C,0,0,NA
6dbg_C|B,U:U,13,6dbg,C,B,6DBA,B,2WQU,C,0,0,NA
6dbg_C|B,U:U,14,6dbg,C,B,6DBA,A,2WQU,D,0,0,NA
6dbg_C|B,U:U,15,6dbg,C,B,6DBA,B,2WQU,D,0,0,NA
6dbg_C|B,U:U,16,6dbg,C,B,6DBA,A,2WQU,E,0,0,NA
6dbg_C|B,U:U,17,6dbg,C,B,6DBA,B,2WQU,E,0,0,NA
6dbg_C|B,U:U,18,6dbg,C,B,6DBA,A,2WQU,F,0,0,NA
6dbg_C|B,U:U,19,6dbg,C,B,6DBA,B,2WQU,F,0,0,NA
6qb6_H+L|A,U:U,0,6qb6,H+L,A,6QBC,H+L,5KU9,A,0,0,small molecules with n_atoms > 15 detected
6qb6_H+L|A,U:U,1,6qb6,H+L,A,6QBC,H+L,5KU9,B,0,0,small molecules with n_atoms > 15 detected
6qb6_H+L|A,U:U,2,6qb6,H+L,A,6QBC,H+L,6FS1,A,0,0,small molecules with n_atoms > 15 detected
6qb6_H+L|A,U:U,3,6qb6,H+L,A,6QBC,H+L,6FS1,B,0,0,small molecules with n_atoms > 15 detected
1p2c_E+D|F,U:U,0,1p2c,E+D,F,2Q76,B+A,6F9Z,A,2,0,NA
1p2c_E+D|F,U:U,1,1p2c,E+D,F,2Q76,D+C,6F9Z,A,2,0,NA
1p2c_E+D|F,U:U,2,1p2c,E+D,F,2Q76,B+A,6F9Y,A,2,0,NA
1p2c_E+D|F,U:U,3,1p2c,E+D,F,2Q76,D+C,6F9Y,A,2,0,NA
1p2c_E+D|F,U:U,4,1p2c,E+D,F,2Q76,B+A,6ABN,A,2,0,NA
1p2c_E+D|F,U:U,5,1p2c,E+D,F,2Q76,D+C,6ABN,A,2,0,NA
1p2c_E+D|F,U:U,6,1p2c,E+D,F,2Q76,B+A,6RT3,A,2,0,NA
1p2c_E+D|F,U:U,7,1p2c,E+D,F,2Q76,D+C,6RT3,A,2,0,NA
1p2c_E+D|F,U:U,8,1p2c,E+D,F,2Q76,B+A,6RO3,A,2,0,small molecules with n_atoms > 15 detected
1p2c_E+D|F,U:U,9,1p2c,E+D,F,2Q76,D+C,6RO3,A,2,0,small molecules with n_atoms > 15 detected
4h8w_H+L|G,U:U,0,4h8w,H+L,G,3TNN,H+L,4DKP,A,0,0,small molecules with n_atoms > 15 detected
4h8w_H+L|G,U:U,1,4h8w,H+L,G,3TNN,A+B,4DKP,A,0,0,small molecules with n_atoms > 15 detected
4h8w_H+L|G,U:U,2,4h8w,H+L,G,3TNN,C+D,4DKP,A,0,0,small molecules with n_atoms > 15 detected
4h8w_H+L|G,U:U,3,4h8w,H+L,G,3TNN,E+F,4DKP,A,0,0,small molecules with n_atoms > 15 detected
4h8w_H+L|G,U:U,4,4h8w,H+L,G,3TNN,H+L,4DKP,C,0,0,small molecules with n_atoms > 15 detected
4h8w_H+L|G,U:U,5,4h8w,H+L,G,3TNN,A+B,4DKP,C,0,0,small molecules with n_atoms > 15 detected
4h8w_H+L|G,U:U,6,4h8w,H+L,G,3TNN,C+D,4DKP,C,0,0,small molecules with n_atoms > 15 detected
4h8w_H+L|G,U:U,7,4h8w,H+L,G,3TNN,E+F,4DKP,C,0,0,small molecules with n_atoms > 15 detected
4h8w_H+L|G,U:U,8,4h8w,H+L,G,3TNN,H+L,4DKR,A,0,0,small molecules with n_atoms > 15 detected
4h8w_H+L|G,U:U,9,4h8w,H+L,G,3TNN,A+B,4DKR,A,0,0,small molecules with n_atoms > 15 detected
4h8w_H+L|G,U:U,10,4h8w,H+L,G,3TNN,C+D,4DKR,A,0,0,small molecules with n_atoms > 15 detected
4h8w_H+L|G,U:U,11,4h8w,H+L,G,3TNN,E+F,4DKR,A,0,0,small molecules with n_atoms > 15 detected
4h8w_H+L|G,U:U,12,4h8w,H+L,G,3TNN,H+L,4DKR,C,0,0,small molecules with n_atoms > 15 detected
4h8w_H+L|G,U:U,13,4h8w,H+L,G,3TNN,A+B,4DKR,C,0,0,small molecules with n_atoms > 15 detected
4h8w_H+L|G,U:U,14,4h8w,H+L,G,3TNN,C+D,4DKR,C,0,0,small molecules with n_atoms > 15 detected
4h8w_H+L|G,U:U,15,4h8w,H+L,G,3TNN,E+F,4DKR,C,0,0,small molecules with n_atoms > 15 detected
4h8w_H+L|G,U:U,16,4h8w,H+L,G,3TNN,H+L,4DKQ,A,0,0,small molecules with n_atoms > 15 detected
4h8w_H+L|G,U:U,17,4h8w,H+L,G,3TNN,A+B,4DKQ,A,0,0,small molecules with n_atoms > 15 detected
4h8w_H+L|G,U:U,18,4h8w,H+L,G,3TNN,C+D,4DKQ,A,0,0,small molecules with n_atoms > 15 detected
4h8w_H+L|G,U:U,19,4h8w,H+L,G,3TNN,E+F,4DKQ,A,0,0,small molecules with n_atoms > 15 detected
4h8w_H+L|G,U:U,20,4h8w,H+L,G,3TNN,H+L,4RZ8,A,0,0,small molecules with n_atoms > 15 detected
4h8w_H+L|G,U:U,21,4h8w,H+L,G,3TNN,A+B,4RZ8,A,0,0,small molecules with n_atoms > 15 detected
4h8w_H+L|G,U:U,22,4h8w,H+L,G,3TNN,C+D,4RZ8,A,0,0,small molecules with n_atoms > 15 detected
4h8w_H+L|G,U:U,23,4h8w,H+L,G,3TNN,E+F,4RZ8,A,0,0,small molecules with n_atoms > 15 detected
4h8w_H+L|G,U:U,24,4h8w,H+L,G,3TNN,H+L,4RZ8,B,0,0,small molecules with n_atoms > 15 detected
4h8w_H+L|G,U:U,25,4h8w,H+L,G,3TNN,A+B,4RZ8,B,0,0,small molecules with n_atoms > 15 detected
4h8w_H+L|G,U:U,26,4h8w,H+L,G,3TNN,C+D,4RZ8,B,0,0,small molecules with n_atoms > 15 detected
4h8w_H+L|G,U:U,27,4h8w,H+L,G,3TNN,E+F,4RZ8,B,0,0,small molecules with n_atoms > 15 detected
4h8w_H+L|G,U:U,28,4h8w,H+L,G,3TNN,H+L,4RZ8,C,0,0,small molecules with n_atoms > 15 detected
4h8w_H+L|G,U:U,29,4h8w,H+L,G,3TNN,A+B,4RZ8,C,0,0,small molecules with n_atoms > 15 detected
4h8w_H+L|G,U:U,30,4h8w,H+L,G,3TNN,C+D,4RZ8,C,0,0,small molecules with n_atoms > 15 detected
4h8w_H+L|G,U:U,31,4h8w,H+L,G,3TNN,E+F,4RZ8,C,0,0,small molecules with n_atoms > 15 detected
4h8w_H+L|G,U:U,32,4h8w,H+L,G,3TNN,H+L,4RZ8,D,0,0,small molecules with n_atoms > 15 detected
4h8w_H+L|G,U:U,33,4h8w,H+L,G,3TNN,A+B,4RZ8,D,0,0,small molecules with n_atoms > 15 detected
4h8w_H+L|G,U:U,34,4h8w,H+L,G,3TNN,C+D,4RZ8,D,0,0,small molecules with n_atoms > 15 detected
4h8w_H+L|G,U:U,35,4h8w,H+L,G,3TNN,E+F,4RZ8,D,0,0,small molecules with n_atoms > 15 detected
4h8w_H+L|G,U:U,36,4h8w,H+L,G,3TNN,H+L,6ONF,A,0,7,small molecules with n_atoms > 15 detected
4h8w_H+L|G,U:U,37,4h8w,H+L,G,3TNN,A+B,6ONF,A,0,7,small molecules with n_atoms > 15 detected
4h8w_H+L|G,U:U,38,4h8w,H+L,G,3TNN,C+D,6ONF,A,0,7,small molecules with n_atoms > 15 detected
4h8w_H+L|G,U:U,39,4h8w,H+L,G,3TNN,E+F,6ONF,A,0,7,small molecules with n_atoms > 15 detected
2vxt_H+L|I,U:U,0,2vxt,H+L,I,2VXU,H+L,3WO2,A,0,4,small molecules with n_atoms > 15 detected
2vxt_H+L|I,U:U,1,2vxt,H+L,I,2VXU,I+M,3WO2,A,0,4,small molecules with n_atoms > 15 detected
2vxt_H+L|I,U:U,2,2vxt,H+L,I,2VXU,H+L,3WO2,B,0,4,small molecules with n_atoms > 15 detected
2vxt_H+L|I,U:U,3,2vxt,H+L,I,2VXU,I+M,3WO2,B,0,4,small molecules with n_atoms > 15 detected
2vxt_H+L|I,U:U,4,2vxt,H+L,I,2VXU,H+L,3WO2,C,0,4,small molecules with n_atoms > 15 detected
2vxt_H+L|I,U:U,5,2vxt,H+L,I,2VXU,I+M,3WO2,C,0,4,small molecules with n_atoms > 15 detected
2vxt_H+L|I,U:U,6,2vxt,H+L,I,2VXU,H+L,3WO2,D,0,4,small molecules with n_atoms > 15 detected
2vxt_H+L|I,U:U,7,2vxt,H+L,I,2VXU,I+M,3WO2,D,0,4,small molecules with n_atoms > 15 detected
5ggr_A+B|Y,U:U,0,5ggr,A+B,Y,5GGQ,H+L,2M2D,A,0,0,NA
5ggr_A+B|Y,U:U,1,5ggr,A+B,Y,5GGQ,H+L,6UMU,A,0,3,NA
5ggr_A+B|Y,U:U,2,5ggr,A+B,Y,5GGQ,H+L,3RRQ,A,0,2,NA
5ggr_A+B|Y,U:U,3,5ggr,A+B,Y,5GGQ,H+L,6UMV,A,0,2,NA
3ulv_D+C|A,U:U,0,3ulv,D+C,A,3ULS,H+L,2A0Z,A,0,0,small molecules with 7 < n_atoms <= 15 detected
3ulv_D+C|A,U:U,1,3ulv,D+C,A,3ULS,B+A,2A0Z,A,0,0,small molecules with 7 < n_atoms <= 15 detected
3ulv_D+C|A,U:U,2,3ulv,D+C,A,3ULS,H+L,1ZIW,A,0,4,small molecules with 7 < n_atoms <= 15 detected
3ulv_D+C|A,U:U,3,3ulv,D+C,A,3ULS,B+A,1ZIW,A,0,4,small molecules with 7 < n_atoms <= 15 detected
5fec_A+B|D,U:U,0,5fec,A+B,D,5F7E,H+L,5FA2,A,1,8,small molecules with n_atoms > 15 detected
5fec_A+B|D,U:U,1,5fec,A+B,D,5F7E,H+L,5FA2,B,1,8,small molecules with 7 < n_atoms <= 15 detected
3lev_H+L|A,U:U,0,3lev,H+L,A,2PR4,H+L,3LES,A,3,0,NA
3lev_H+L|A,U:U,1,3lev,H+L,A,2PR4,H+L,3LES,B,3,0,NA
3ulu_H+L|A,U:U,0,3ulu,H+L,A,3NA9,H+L,2A0Z,A,0,0,small molecules with 7 < n_atoms <= 15 detected
3ulu_H+L|A,U:U,1,3ulu,H+L,A,3NCJ,H+L,2A0Z,A,4,0,small molecules with 7 < n_atoms <= 15 detected
3ulu_H+L|A,U:U,2,3ulu,H+L,A,3NAC,H+L,2A0Z,A,6,0,small molecules with 7 < n_atoms <= 15 detected
3ulu_H+L|A,U:U,3,3ulu,H+L,A,3NAA,H+L,2A0Z,A,3,0,small molecules with 7 < n_atoms <= 15 detected
3ulu_H+L|A,U:U,4,3ulu,H+L,A,3NAB,H+L,2A0Z,A,5,0,small molecules with 7 < n_atoms <= 15 detected
3ulu_H+L|A,U:U,5,3ulu,H+L,A,3NA9,H+L,1ZIW,A,0,4,small molecules with 7 < n_atoms <= 15 detected
3ulu_H+L|A,U:U,6,3ulu,H+L,A,3NCJ,H+L,1ZIW,A,4,4,small molecules with 7 < n_atoms <= 15 detected
3ulu_H+L|A,U:U,7,3ulu,H+L,A,3NAC,H+L,1ZIW,A,6,4,small molecules with 7 < n_atoms <= 15 detected
3ulu_H+L|A,U:U,8,3ulu,H+L,A,3NAA,H+L,1ZIW,A,3,4,small molecules with 7 < n_atoms <= 15 detected
3ulu_H+L|A,U:U,9,3ulu,H+L,A,3NAB,H+L,1ZIW,A,5,4,small molecules with 7 < n_atoms <= 15 detected
5vpg_D+C|A,U:U,0,5vpg,D+C,A,3RVU,D+C,3F5V,A,0,1,NA
5vpg_D+C|A,U:U,1,5vpg,D+C,A,3RVT,D+C,3F5V,A,0,1,NA
5vpg_D+C|A,U:U,2,5vpg,D+C,A,3RVU,D+C,3F5V,B,0,1,small molecules with 7 < n_atoms <= 15 detected
5vpg_D+C|A,U:U,3,5vpg,D+C,A,3RVT,D+C,3F5V,B,0,1,small molecules with 7 < n_atoms <= 15 detected
5vpg_D+C|A,U:U,4,5vpg,D+C,A,3RVU,D+C,1XKG,A,0,2,NA
5vpg_D+C|A,U:U,5,5vpg,D+C,A,3RVT,D+C,1XKG,A,0,2,NA
5ugy_H+L|A,U:B,0,5ugy,H+L,A,4WUK,H+L,5ugy,A,0,0,small molecules with n_atoms > 15 detected
4i2x_B+A|E,U:B,0,4i2x,B+A,E,3DIF,B+A,4i2x,E,0,0,small molecules with 7 < n_atoms <= 15 detected
4i2x_B+A|E,U:B,1,4i2x,B+A,E,3DIF,D+C,4i2x,E,0,0,small molecules with 7 < n_atoms <= 15 detected
5vpl_D+C|A,U:U,0,5vpl,D+C,A,3RVU,D+C,5VPK,A,0,0,small molecules with 7 < n_atoms <= 15 detected
5vpl_D+C|A,U:U,1,5vpl,D+C,A,3RVT,D+C,5VPK,A,0,0,small molecules with 7 < n_atoms <= 15 detected
5vpl_D+C|A,U:U,2,5vpl,D+C,A,3RVU,D+C,5VPK,B,0,0,small molecules with 7 < n_atoms <= 15 detected
5vpl_D+C|A,U:U,3,5vpl,D+C,A,3RVT,D+C,5VPK,B,0,0,small molecules with 7 < n_atoms <= 15 detected
5vpl_D+C|A,U:U,4,5vpl,D+C,A,3RVU,D+C,5VPK,C,0,0,NA
5vpl_D+C|A,U:U,5,5vpl,D+C,A,3RVT,D+C,5VPK,C,0,0,NA
5vpl_D+C|A,U:U,6,5vpl,D+C,A,3RVU,D+C,3D6S,A,0,2,small molecules with 7 < n_atoms <= 15 detected
5vpl_D+C|A,U:U,7,5vpl,D+C,A,3RVT,D+C,3D6S,A,0,2,small molecules with 7 < n_atoms <= 15 detected
5vpl_D+C|A,U:U,8,5vpl,D+C,A,3RVU,D+C,3D6S,B,0,2,small molecules with 7 < n_atoms <= 15 detected
5vpl_D+C|A,U:U,9,5vpl,D+C,A,3RVT,D+C,3D6S,B,0,2,small molecules with 7 < n_atoms <= 15 detected
5vpl_D+C|A,U:U,10,5vpl,D+C,A,3RVU,D+C,3D6S,C,0,2,NA
5vpl_D+C|A,U:U,11,5vpl,D+C,A,3RVT,D+C,3D6S,C,0,2,NA
4pp2_D+C|E,U:U,0,4pp2,D+C,E,4POZ,D+C,3F5V,A,0,1,NA
4pp2_D+C|E,U:U,1,4pp2,D+C,E,4POZ,D+C,3F5V,B,0,1,small molecules with 7 < n_atoms <= 15 detected
4pp2_D+C|E,U:U,2,4pp2,D+C,E,4POZ,D+C,1XKG,A,0,2,NA
5tru_h+l|c,U:U,0,5tru,h+l,c,6JC2,H+L,1AH1,A,1,0,small molecules with n_atoms > 15 detected
6niu_M+N|E,U:B,0,6niu,M+N,E,6MTY,H+L,6niu,E,0,0,NA
3w9e_A+B|C,U:U,0,3w9e,A+B,C,3W9D,A+B,4MYV,A,0,0,small molecules with 7 < n_atoms <= 15 detected
3w9e_A+B|C,U:U,1,3w9e,A+B,C,3W9D,C+D,4MYV,A,0,0,small molecules with 7 < n_atoms <= 15 detected
3w9e_A+B|C,U:U,2,3w9e,A+B,C,3W9D,A+B,4MYV,B,0,0,small molecules with 7 < n_atoms <= 15 detected
3w9e_A+B|C,U:U,3,3w9e,A+B,C,3W9D,C+D,4MYV,B,0,0,small molecules with 7 < n_atoms <= 15 detected
5vph_D+C|A,U:U,0,5vph,D+C,A,3RVU,D+C,3F5V,A,0,1,NA
5vph_D+C|A,U:U,1,5vph,D+C,A,3RVT,D+C,3F5V,A,0,1,NA
5vph_D+C|A,U:U,2,5vph,D+C,A,3RVU,D+C,3F5V,B,0,1,small molecules with 7 < n_atoms <= 15 detected
5vph_D+C|A,U:U,3,5vph,D+C,A,3RVT,D+C,3F5V,B,0,1,small molecules with 7 < n_atoms <= 15 detected
5vph_D+C|A,U:U,4,5vph,D+C,A,3RVU,D+C,1XKG,A,0,2,NA
5vph_D+C|A,U:U,5,5vph,D+C,A,3RVT,D+C,1XKG,A,0,2,NA
5vnw_D|A,U:U,0,5vnw,D,A,5VNV,A,3SQJ,A,0,0,small molecules with n_atoms > 15 detected
5vnw_D|A,U:U,1,5vnw,D,A,5VNV,A,3SQJ,B,0,0,small molecules with n_atoms > 15 detected
5vnw_D|A,U:U,2,5vnw,D,A,5VNV,A,4Z69,A,0,0,small molecules with n_atoms > 15 detected
5vnw_D|A,U:U,3,5vnw,D,A,5VNV,A,4Z69,I,0,0,small molecules with n_atoms > 15 detected
5vnw_D|A,U:U,4,5vnw,D,A,5VNV,A,6HSC,A,0,0,small molecules with n_atoms > 15 detected
5vnw_D|A,U:U,5,5vnw,D,A,5VNV,A,6HSC,B,0,0,small molecules with n_atoms > 15 detected
5vnw_D|A,U:U,6,5vnw,D,A,5VNV,A,4L8U,A,0,0,small molecules with n_atoms > 15 detected
5ies_H+L|C,U:U,0,5ies,H+L,C,5IFA,H+L,5IDL,A,0,3,small molecules with 7 < n_atoms <= 15 detected
6jb8_A|B,U:U,0,6jb8,A,B,6JB9,A,6F9Z,A,0,0,NA
6jb8_A|B,U:U,1,6jb8,A,B,6JB9,A,6F9Y,A,0,0,NA
6jb8_A|B,U:U,2,6jb8,A,B,6JB9,A,6ABN,A,0,0,NA
6jb8_A|B,U:U,3,6jb8,A,B,6JB9,A,6RT3,A,0,0,NA
6jb8_A|B,U:U,4,6jb8,A,B,6JB9,A,6RO3,A,0,0,small molecules with n_atoms > 15 detected
4rfn_H+L|G,U:U,0,4rfn,H+L,G,4RFE,H+L,4DKP,A,0,0,small molecules with n_atoms > 15 detected
4rfn_H+L|G,U:U,1,4rfn,H+L,G,4RFE,A+B,4DKP,A,0,0,small molecules with n_atoms > 15 detected
4rfn_H+L|G,U:U,2,4rfn,H+L,G,4RFE,C+D,4DKP,A,0,0,small molecules with n_atoms > 15 detected
4rfn_H+L|G,U:U,3,4rfn,H+L,G,4RFE,E+F,4DKP,A,0,0,small molecules with n_atoms > 15 detected
4rfn_H+L|G,U:U,4,4rfn,H+L,G,4RFE,H+L,4DKP,C,0,0,small molecules with n_atoms > 15 detected
4rfn_H+L|G,U:U,5,4rfn,H+L,G,4RFE,A+B,4DKP,C,0,0,small molecules with n_atoms > 15 detected
4rfn_H+L|G,U:U,6,4rfn,H+L,G,4RFE,C+D,4DKP,C,0,0,small molecules with n_atoms > 15 detected
4rfn_H+L|G,U:U,7,4rfn,H+L,G,4RFE,E+F,4DKP,C,0,0,small molecules with n_atoms > 15 detected
4rfn_H+L|G,U:U,8,4rfn,H+L,G,4RFE,H+L,4DKR,A,0,0,small molecules with n_atoms > 15 detected
4rfn_H+L|G,U:U,9,4rfn,H+L,G,4RFE,A+B,4DKR,A,0,0,small molecules with n_atoms > 15 detected
4rfn_H+L|G,U:U,10,4rfn,H+L,G,4RFE,C+D,4DKR,A,0,0,small molecules with n_atoms > 15 detected
4rfn_H+L|G,U:U,11,4rfn,H+L,G,4RFE,E+F,4DKR,A,0,0,small molecules with n_atoms > 15 detected
4rfn_H+L|G,U:U,12,4rfn,H+L,G,4RFE,H+L,4DKR,C,0,0,small molecules with n_atoms > 15 detected
4rfn_H+L|G,U:U,13,4rfn,H+L,G,4RFE,A+B,4DKR,C,0,0,small molecules with n_atoms > 15 detected
4rfn_H+L|G,U:U,14,4rfn,H+L,G,4RFE,C+D,4DKR,C,0,0,small molecules with n_atoms > 15 detected
4rfn_H+L|G,U:U,15,4rfn,H+L,G,4RFE,E+F,4DKR,C,0,0,small molecules with n_atoms > 15 detected
4rfn_H+L|G,U:U,16,4rfn,H+L,G,4RFE,H+L,4DKQ,A,0,0,small molecules with n_atoms > 15 detected
4rfn_H+L|G,U:U,17,4rfn,H+L,G,4RFE,A+B,4DKQ,A,0,0,small molecules with n_atoms > 15 detected
4rfn_H+L|G,U:U,18,4rfn,H+L,G,4RFE,C+D,4DKQ,A,0,0,small molecules with n_atoms > 15 detected
4rfn_H+L|G,U:U,19,4rfn,H+L,G,4RFE,E+F,4DKQ,A,0,0,small molecules with n_atoms > 15 detected
4rfn_H+L|G,U:U,20,4rfn,H+L,G,4RFE,H+L,4RZ8,A,0,0,small molecules with n_atoms > 15 detected
4rfn_H+L|G,U:U,21,4rfn,H+L,G,4RFE,A+B,4RZ8,A,0,0,small molecules with n_atoms > 15 detected
4rfn_H+L|G,U:U,22,4rfn,H+L,G,4RFE,C+D,4RZ8,A,0,0,small molecules with n_atoms > 15 detected
4rfn_H+L|G,U:U,23,4rfn,H+L,G,4RFE,E+F,4RZ8,A,0,0,small molecules with n_atoms > 15 detected
4rfn_H+L|G,U:U,24,4rfn,H+L,G,4RFE,H+L,4RZ8,B,0,0,small molecules with n_atoms > 15 detected
4rfn_H+L|G,U:U,25,4rfn,H+L,G,4RFE,A+B,4RZ8,B,0,0,small molecules with n_atoms > 15 detected
4rfn_H+L|G,U:U,26,4rfn,H+L,G,4RFE,C+D,4RZ8,B,0,0,small molecules with n_atoms > 15 detected
4rfn_H+L|G,U:U,27,4rfn,H+L,G,4RFE,E+F,4RZ8,B,0,0,small molecules with n_atoms > 15 detected
4rfn_H+L|G,U:U,28,4rfn,H+L,G,4RFE,H+L,4RZ8,C,0,0,small molecules with n_atoms > 15 detected
4rfn_H+L|G,U:U,29,4rfn,H+L,G,4RFE,A+B,4RZ8,C,0,0,small molecules with n_atoms > 15 detected
4rfn_H+L|G,U:U,30,4rfn,H+L,G,4RFE,C+D,4RZ8,C,0,0,small molecules with n_atoms > 15 detected
4rfn_H+L|G,U:U,31,4rfn,H+L,G,4RFE,E+F,4RZ8,C,0,0,small molecules with n_atoms > 15 detected
4rfn_H+L|G,U:U,32,4rfn,H+L,G,4RFE,H+L,4RZ8,D,0,0,small molecules with n_atoms > 15 detected
4rfn_H+L|G,U:U,33,4rfn,H+L,G,4RFE,A+B,4RZ8,D,0,0,small molecules with n_atoms > 15 detected
4rfn_H+L|G,U:U,34,4rfn,H+L,G,4RFE,C+D,4RZ8,D,0,0,small molecules with n_atoms > 15 detected
4rfn_H+L|G,U:U,35,4rfn,H+L,G,4RFE,E+F,4RZ8,D,0,0,small molecules with n_atoms > 15 detected
4rfn_H+L|G,U:U,36,4rfn,H+L,G,4RFE,H+L,6ONF,A,0,7,small molecules with n_atoms > 15 detected
4rfn_H+L|G,U:U,37,4rfn,H+L,G,4RFE,A+B,6ONF,A,0,7,small molecules with n_atoms > 15 detected
4rfn_H+L|G,U:U,38,4rfn,H+L,G,4RFE,C+D,6ONF,A,0,7,small molecules with n_atoms > 15 detected
4rfn_H+L|G,U:U,39,4rfn,H+L,G,4RFE,E+F,6ONF,A,0,7,small molecules with n_atoms > 15 detected
5sv3_C|D,U:U,0,5sv3,C,D,5SV4,A,3MK9,A,0,2,NA
5sv3_C|D,U:U,1,5sv3,C,D,5SV4,B,3MK9,A,0,2,NA
5sv3_C|D,U:U,2,5sv3,C,D,5SV4,A,4IMV,A,0,3,NA
5sv3_C|D,U:U,3,5sv3,C,D,5SV4,B,4IMV,A,0,3,NA
5sv3_C|D,U:U,4,5sv3,C,D,5SV4,A,3LC9,A,0,2,NA
5sv3_C|D,U:U,5,5sv3,C,D,5SV4,B,3LC9,A,0,2,NA
1fdl_H+L|Y,B:U,0,1fdl,H+L,Y,1fdl,H+L,6F9Z,A,0,0,NA
1fdl_H+L|Y,B:U,1,1fdl,H+L,Y,1fdl,H+L,6F9Y,A,0,0,NA
1fdl_H+L|Y,B:U,2,1fdl,H+L,Y,1fdl,H+L,6ABN,A,0,0,NA
1fdl_H+L|Y,B:U,3,1fdl,H+L,Y,1fdl,H+L,6RT3,A,0,0,NA
1fdl_H+L|Y,B:U,4,1fdl,H+L,Y,1fdl,H+L,6RO3,A,0,0,small molecules with n_atoms > 15 detected
4g6m_H+L|A,U:U,0,4g6m,H+L,A,4G6K,H+L,21BI,A,0,1,NA
4g6m_H+L|A,U:U,1,4g6m,H+L,A,4G6K,H+L,31BI,A,0,1,NA
4g6m_H+L|A,U:U,2,4g6m,H+L,A,4G6K,H+L,1L2H,A,0,2,NA
4g6m_H+L|A,U:U,3,4g6m,H+L,A,4G6K,H+L,4I1B,A,0,0,NA
4g6m_H+L|A,U:U,4,4g6m,H+L,A,4G6K,H+L,2NVH,A,0,0,NA
5c7x_M+N|B,U:U,0,5c7x,M+N,B,5D7S,H+L,2GMF,A,0,0,NA
5c7x_M+N|B,U:U,1,5c7x,M+N,B,5D7S,H+L,2GMF,B,0,0,NA
1bvk_E+D|F,U:U,0,1bvk,E+D,F,1BVL,A+B,6F9Z,A,0,0,NA
1bvk_E+D|F,U:U,1,1bvk,E+D,F,1BVL,C+D,6F9Z,A,0,0,NA
1bvk_E+D|F,U:U,2,1bvk,E+D,F,1BVL,A+B,6F9Y,A,0,0,NA
1bvk_E+D|F,U:U,3,1bvk,E+D,F,1BVL,C+D,6F9Y,A,0,0,NA
1bvk_E+D|F,U:U,4,1bvk,E+D,F,1BVL,A+B,6ABN,A,0,0,NA
1bvk_E+D|F,U:U,5,1bvk,E+D,F,1BVL,C+D,6ABN,A,0,0,NA
1bvk_E+D|F,U:U,6,1bvk,E+D,F,1BVL,A+B,6RT3,A,0,0,NA
1bvk_E+D|F,U:U,7,1bvk,E+D,F,1BVL,C+D,6RT3,A,0,0,NA
1bvk_E+D|F,U:U,8,1bvk,E+D,F,1BVL,A+B,6RO3,A,0,0,small molecules with n_atoms > 15 detected
1bvk_E+D|F,U:U,9,1bvk,E+D,F,1BVL,C+D,6RO3,A,0,0,small molecules with n_atoms > 15 detected
5ezo_H+L|A,U:U,0,5ezo,H+L,A,5EZJ,A+B,5TIK,A,1,3,small molecules with 7 < n_atoms <= 15 detected
5ezo_H+L|A,U:U,1,5ezo,H+L,A,5EZI,H+L,5TIK,A,0,3,small molecules with 7 < n_atoms <= 15 detected
5ezo_H+L|A,U:U,2,5ezo,H+L,A,5EZL,A+B,5TIK,A,0,3,small molecules with 7 < n_atoms <= 15 detected
5ezo_H+L|A,U:U,3,5ezo,H+L,A,5EZL,H+L,5TIK,A,0,3,small molecules with 7 < n_atoms <= 15 detected
5ezo_H+L|A,U:U,4,5ezo,H+L,A,5EZJ,A+B,5TIK,B,1,3,small molecules with 7 < n_atoms <= 15 detected
5ezo_H+L|A,U:U,5,5ezo,H+L,A,5EZI,H+L,5TIK,B,0,3,small molecules with 7 < n_atoms <= 15 detected
5ezo_H+L|A,U:U,6,5ezo,H+L,A,5EZL,A+B,5TIK,B,0,3,small molecules with 7 < n_atoms <= 15 detected
5ezo_H+L|A,U:U,7,5ezo,H+L,A,5EZL,H+L,5TIK,B,0,3,small molecules with 7 < n_atoms <= 15 detected
5ezo_H+L|A,U:U,8,5ezo,H+L,A,5EZJ,A+B,5TIK,C,1,3,small molecules with 7 < n_atoms <= 15 detected
5ezo_H+L|A,U:U,9,5ezo,H+L,A,5EZI,H+L,5TIK,C,0,3,small molecules with 7 < n_atoms <= 15 detected
5ezo_H+L|A,U:U,10,5ezo,H+L,A,5EZL,A+B,5TIK,C,0,3,small molecules with 7 < n_atoms <= 15 detected
5ezo_H+L|A,U:U,11,5ezo,H+L,A,5EZL,H+L,5TIK,C,0,3,small molecules with 7 < n_atoms <= 15 detected
5ezo_H+L|A,U:U,12,5ezo,H+L,A,5EZJ,A+B,5TIK,D,1,3,small molecules with 7 < n_atoms <= 15 detected
5ezo_H+L|A,U:U,13,5ezo,H+L,A,5EZI,H+L,5TIK,D,0,3,small molecules with 7 < n_atoms <= 15 detected
5ezo_H+L|A,U:U,14,5ezo,H+L,A,5EZL,A+B,5TIK,D,0,3,small molecules with 7 < n_atoms <= 15 detected
5ezo_H+L|A,U:U,15,5ezo,H+L,A,5EZL,H+L,5TIK,D,0,3,small molecules with 7 < n_atoms <= 15 detected
4ot1_H+L|A,U:U,0,4ot1,H+L,A,4OSU,H+L,4OSN,A,1,2,NA
6pxh_H+L|B,U:U,0,6pxh,H+L,B,6PXG,A+B,5VYH,A,0,1,small molecules with n_atoms > 15 detected
6pxh_H+L|B,U:U,1,6pxh,H+L,B,6PXG,C+D,5VYH,A,0,1,small molecules with n_atoms > 15 detected
6pxh_H+L|B,U:U,2,6pxh,H+L,B,6PXG,E+F,5VYH,A,0,1,small molecules with n_atoms > 15 detected
6pxh_H+L|B,U:U,3,6pxh,H+L,B,6PXG,H+L,5VYH,A,0,1,small molecules with n_atoms > 15 detected
6pxh_H+L|B,U:U,4,6pxh,H+L,B,6PXG,A+B,5X4R,A,0,1,small molecules with 7 < n_atoms <= 15 detected
6pxh_H+L|B,U:U,5,6pxh,H+L,B,6PXG,C+D,5X4R,A,0,1,small molecules with 7 < n_atoms <= 15 detected
6pxh_H+L|B,U:U,6,6pxh,H+L,B,6PXG,E+F,5X4R,A,0,1,small molecules with 7 < n_atoms <= 15 detected
6pxh_H+L|B,U:U,7,6pxh,H+L,B,6PXG,H+L,5X4R,A,0,1,small molecules with 7 < n_atoms <= 15 detected
6b0s_H+L|C,U:U,0,6b0s,H+L,C,6B0W,H+L,3VDL,A,0,0,NA
6b0s_H+L|C,U:U,1,6b0s,H+L,C,6B0W,H+L,3VDL,B,0,0,NA
6b0s_H+L|C,U:U,2,6b0s,H+L,C,6B0W,H+L,3VDL,C,0,0,NA
6b0s_H+L|C,U:U,3,6b0s,H+L,C,6B0W,H+L,3VDK,A,0,0,NA
6b0s_H+L|C,U:U,4,6b0s,H+L,C,6B0W,H+L,3VDJ,A,0,0,NA
5if0_H+L|G,U:U,0,5if0,H+L,G,5IFA,H+L,5IDL,A,0,3,small molecules with 7 < n_atoms <= 15 detected
4ogy_M+N|B,U:U,0,4ogy,M+N,B,4PUB,H+L,2ANY,A,0,0,small molecules with n_atoms > 15 detected
4ogy_M+N|B,U:U,1,4ogy,M+N,B,4PUB,H+L,6I44,A,0,7,small molecules with n_atoms > 15 detected
4ogy_M+N|B,U:U,2,4ogy,M+N,B,4PUB,H+L,5TJX,A,0,0,small molecules with n_atoms > 15 detected
4ogy_M+N|B,U:U,3,4ogy,M+N,B,4PUB,H+L,6O1S,E,0,0,small molecules with n_atoms > 15 detected
4ogy_M+N|B,U:U,4,4ogy,M+N,B,4PUB,H+L,2ANW,A,0,3,small molecules with n_atoms > 15 detected
5jmo_D|B,U:U,0,5jmo,D,B,5JMR,A,5MIM,A,0,0,small molecules with n_atoms > 15 detected
5jmo_D|B,U:U,1,5jmo,D,B,5JMR,B,5MIM,A,0,0,small molecules with n_atoms > 15 detected
5jmo_D|B,U:U,2,5jmo,D,B,5JMR,A,5JXG,A,0,0,NA
5jmo_D|B,U:U,3,5jmo,D,B,5JMR,B,5JXG,A,0,0,NA
5jmo_D|B,U:U,4,5jmo,D,B,5JMR,A,4Z2A,A,0,2,NA
5jmo_D|B,U:U,5,5jmo,D,B,5JMR,B,4Z2A,A,0,2,NA
5jmo_D|B,U:U,6,5jmo,D,B,5JMR,A,5JXI,A,0,0,NA
5jmo_D|B,U:U,7,5jmo,D,B,5JMR,B,5JXI,A,0,0,NA
5ugy_J+N|E,U:B,0,5ugy,J+N,E,4WUK,H+L,5ugy,E,0,0,small molecules with n_atoms > 15 detected
6hx4_I+M|A,U:U,0,6hx4,I+M,A,6GXX,H+L,5NBU,A,0,8,NA
6hx4_I+M|A,U:U,1,6hx4,I+M,A,6GXX,H+L,3NE4,A,0,0,NA
6hx4_I+M|A,U:U,2,6hx4,I+M,A,6GXX,H+L,5NBV,A,0,9,NA
6hx4_I+M|A,U:U,3,6hx4,I+M,A,6GXX,H+L,6I7U,A,0,1,NA
6hx4_I+M|A,U:U,4,6hx4,I+M,A,6GXX,H+L,6I4V,A,0,2,small molecules with 7 < n_atoms <= 15 detected
3eob_B+A|J,U:U,0,3eob,B+A,J,3EO9,H+L,2O7N,A,0,0,small molecules with n_atoms > 15 detected
3eob_B+A|J,U:U,1,3eob,B+A,J,3EO9,H+L,2ICA,A,0,0,small molecules with n_atoms > 15 detected
3eob_B+A|J,U:U,2,3eob,B+A,J,3EO9,H+L,3F74,A,0,1,NA
3eob_B+A|J,U:U,3,3eob,B+A,J,3EO9,H+L,3F74,B,0,1,NA
3eob_B+A|J,U:U,4,3eob,B+A,J,3EO9,H+L,3F74,C,0,1,NA
3eob_B+A|J,U:U,5,3eob,B+A,J,3EO9,H+L,3F78,A,0,1,small molecules with 7 < n_atoms <= 15 detected
3eob_B+A|J,U:U,6,3eob,B+A,J,3EO9,H+L,3F78,B,0,1,small molecules with 7 < n_atoms <= 15 detected
3eob_B+A|J,U:U,7,3eob,B+A,J,3EO9,H+L,3F78,C,0,1,NA
3eob_B+A|J,U:U,8,3eob,B+A,J,3EO9,H+L,1MJN,A,0,2,NA
3u4e_H+L|G,U:B,0,3u4e,H+L,G,3U36,H+L,3u4e,G,0,0,small molecules with n_atoms > 15 detected
3u4e_H+L|G,U:B,1,3u4e,H+L,G,3U36,A+B,3u4e,G,0,0,small molecules with n_atoms > 15 detected
3u4e_H+L|G,U:B,2,3u4e,H+L,G,3U36,C+D,3u4e,G,0,0,small molecules with n_atoms > 15 detected
3u4e_H+L|G,U:B,3,3u4e,H+L,G,3U36,E+F,3u4e,G,0,0,small molecules with n_atoms > 15 detected
1wej_H+L|F,U:U,0,1wej,H+L,F,1QBM,H+L,2B4Z,A,1,3,small molecules with n_atoms > 15 detected
1wej_H+L|F,U:U,1,1wej,H+L,F,1QBL,H+L,2B4Z,A,0,3,small molecules with n_atoms > 15 detected
1wej_H+L|F,U:U,2,1wej,H+L,F,1QBM,H+L,6FF5,A,1,3,small molecules with n_atoms > 15 detected
1wej_H+L|F,U:U,3,1wej,H+L,F,1QBL,H+L,6FF5,A,0,3,small molecules with n_atoms > 15 detected
3u2s_H+L|G,U:B,0,3u2s,H+L,G,3U36,H+L,3u2s,G,0,0,small molecules with 7 < n_atoms <= 15 detected
3u2s_H+L|G,U:B,1,3u2s,H+L,G,3U36,A+B,3u2s,G,0,0,small molecules with 7 < n_atoms <= 15 detected
3u2s_H+L|G,U:B,2,3u2s,H+L,G,3U36,C+D,3u2s,G,0,0,small molecules with 7 < n_atoms <= 15 detected
3u2s_H+L|G,U:B,3,3u2s,H+L,G,3U36,E+F,3u2s,G,0,0,small molecules with 7 < n_atoms <= 15 detected
6her_B|A,U:U,0,6her,B,A,6HEQ,A,2KU5,A,1,1,NA
6her_B|A,U:U,1,6her,B,A,6HEQ,A,2L39,A,1,1,NA
6her_B|A,U:U,2,6her,B,A,6HEQ,A,2K5O,A,1,2,NA
6her_B|A,U:U,3,6her,B,A,6HEQ,A,2L1H,A,1,1,NA
6her_B|A,U:U,4,6her,B,A,6HEQ,A,2L40,A,1,2,NA
6al0_H+L|A,U:U,0,6al0,H+L,A,4YNY,A+B,6AKQ,A,0,0,NA
6al0_H+L|A,U:U,1,6al0,H+L,A,4YNY,C+D,6AKQ,A,0,0,NA
5nh3_H+L|A,U:U,0,5nh3,H+L,A,5NHW,H+L,1BTE,A,0,2,small molecules with 7 < n_atoms <= 15 detected
5nh3_H+L|A,U:U,1,5nh3,H+L,A,5NHW,H+L,1BTE,B,0,2,small molecules with 7 < n_atoms <= 15 detected
1xgt_B+A|C,U:U,0,1xgt,B+A,C,1DQM,H+L,6F9Z,A,1,0,NA
1xgt_B+A|C,U:U,1,1xgt,B+A,C,1DQQ,B+A,6F9Z,A,1,0,NA
1xgt_B+A|C,U:U,2,1xgt,B+A,C,1DQQ,D+C,6F9Z,A,1,0,NA
1xgt_B+A|C,U:U,3,1xgt,B+A,C,1DQM,H+L,6F9Y,A,1,0,NA
1xgt_B+A|C,U:U,4,1xgt,B+A,C,1DQQ,B+A,6F9Y,A,1,0,NA
1xgt_B+A|C,U:U,5,1xgt,B+A,C,1DQQ,D+C,6F9Y,A,1,0,NA
1xgt_B+A|C,U:U,6,1xgt,B+A,C,1DQM,H+L,6ABN,A,1,0,NA
1xgt_B+A|C,U:U,7,1xgt,B+A,C,1DQQ,B+A,6ABN,A,1,0,NA
1xgt_B+A|C,U:U,8,1xgt,B+A,C,1DQQ,D+C,6ABN,A,1,0,NA
1xgt_B+A|C,U:U,9,1xgt,B+A,C,1DQM,H+L,6RT3,A,1,0,NA
1xgt_B+A|C,U:U,10,1xgt,B+A,C,1DQQ,B+A,6RT3,A,1,0,NA
1xgt_B+A|C,U:U,11,1xgt,B+A,C,1DQQ,D+C,6RT3,A,1,0,NA
1xgt_B+A|C,U:U,12,1xgt,B+A,C,1DQM,H+L,6RO3,A,1,0,small molecules with n_atoms > 15 detected
1xgt_B+A|C,U:U,13,1xgt,B+A,C,1DQQ,B+A,6RO3,A,1,0,small molecules with n_atoms > 15 detected
1xgt_B+A|C,U:U,14,1xgt,B+A,C,1DQQ,D+C,6RO3,A,1,0,small molecules with n_atoms > 15 detected
3jab_Q+R|O,U:U,0,3jab,Q+R,O,12E8,H+L,3JWQ,A,0,0,small molecules with n_atoms > 15 detected
3jab_Q+R|O,U:U,1,3jab,Q+R,O,12E8,P+M,3JWQ,A,0,0,small molecules with n_atoms > 15 detected
3jab_Q+R|O,U:U,2,3jab,Q+R,O,12E8,H+L,3JWQ,B,0,0,small molecules with n_atoms > 15 detected
3jab_Q+R|O,U:U,3,3jab,Q+R,O,12E8,P+M,3JWQ,B,0,0,small molecules with n_atoms > 15 detected
3jab_Q+R|O,U:U,4,3jab,Q+R,O,12E8,H+L,3JWQ,C,0,0,small molecules with n_atoms > 15 detected
3jab_Q+R|O,U:U,5,3jab,Q+R,O,12E8,P+M,3JWQ,C,0,0,small molecules with n_atoms > 15 detected
3jab_Q+R|O,U:U,6,3jab,Q+R,O,12E8,H+L,3JWQ,D,0,0,small molecules with n_atoms > 15 detected
3jab_Q+R|O,U:U,7,3jab,Q+R,O,12E8,P+M,3JWQ,D,0,0,small molecules with n_atoms > 15 detected
3wih_H+L|A,U:U,0,3wih,H+L,A,3WII,H+L,4HLJ,A,0,0,small molecules with n_atoms > 15 detected
3wih_H+L|A,U:U,1,3wih,H+L,A,3WII,I+M,4HLJ,A,0,0,small molecules with n_atoms > 15 detected
1ahw_B+A|C,U:U,0,1ahw,B+A,C,1FGN,H+L,1TFH,A,0,0,NA
1ahw_B+A|C,U:U,1,1ahw,B+A,C,1FGN,H+L,1TFH,B,0,0,NA
3ulu_F+E|A,U:U,0,3ulu,F+E,A,3QPQ,H+L,2A0Z,A,0,0,small molecules with 7 < n_atoms <= 15 detected
3ulu_F+E|A,U:U,1,3ulu,F+E,A,3QPQ,F+E,2A0Z,A,0,0,small molecules with 7 < n_atoms <= 15 detected
3ulu_F+E|A,U:U,2,3ulu,F+E,A,3QPQ,D+C,2A0Z,A,0,0,small molecules with 7 < n_atoms <= 15 detected
3ulu_F+E|A,U:U,3,3ulu,F+E,A,3QPQ,J+I,2A0Z,A,0,0,small molecules with 7 < n_atoms <= 15 detected
3ulu_F+E|A,U:U,4,3ulu,F+E,A,3QPQ,H+L,1ZIW,A,0,4,small molecules with 7 < n_atoms <= 15 detected
3ulu_F+E|A,U:U,5,3ulu,F+E,A,3QPQ,F+E,1ZIW,A,0,4,small molecules with 7 < n_atoms <= 15 detected
3ulu_F+E|A,U:U,6,3ulu,F+E,A,3QPQ,D+C,1ZIW,A,0,4,small molecules with 7 < n_atoms <= 15 detected
3ulu_F+E|A,U:U,7,3ulu,F+E,A,3QPQ,J+I,1ZIW,A,0,4,small molecules with 7 < n_atoms <= 15 detected
5sv3_A|B,U:U,0,5sv3,A,B,5SV4,A,3MK9,A,0,2,NA
5sv3_A|B,U:U,1,5sv3,A,B,5SV4,B,3MK9,A,0,2,NA
5sv3_A|B,U:U,2,5sv3,A,B,5SV4,A,4IMV,A,0,3,NA
5sv3_A|B,U:U,3,5sv3,A,B,5SV4,B,4IMV,A,0,3,NA
5sv3_A|B,U:U,4,5sv3,A,B,5SV4,A,3LC9,A,0,2,NA
5sv3_A|B,U:U,5,5sv3,A,B,5SV4,B,3LC9,A,0,2,NA
3ulv_F+E|A,U:U,0,3ulv,F+E,A,3QPQ,H+L,2A0Z,A,0,0,small molecules with 7 < n_atoms <= 15 detected
3ulv_F+E|A,U:U,1,3ulv,F+E,A,3QPQ,F+E,2A0Z,A,0,0,small molecules with 7 < n_atoms <= 15 detected
3ulv_F+E|A,U:U,2,3ulv,F+E,A,3QPQ,D+C,2A0Z,A,0,0,small molecules with 7 < n_atoms <= 15 detected
3ulv_F+E|A,U:U,3,3ulv,F+E,A,3QPQ,J+I,2A0Z,A,0,0,small molecules with 7 < n_atoms <= 15 detected
3ulv_F+E|A,U:U,4,3ulv,F+E,A,3QPQ,H+L,1ZIW,A,0,4,small molecules with 7 < n_atoms <= 15 detected
3ulv_F+E|A,U:U,5,3ulv,F+E,A,3QPQ,F+E,1ZIW,A,0,4,small molecules with 7 < n_atoms <= 15 detected
3ulv_F+E|A,U:U,6,3ulv,F+E,A,3QPQ,D+C,1ZIW,A,0,4,small molecules with 7 < n_atoms <= 15 detected
3ulv_F+E|A,U:U,7,3ulv,F+E,A,3QPQ,J+I,1ZIW,A,0,4,small molecules with 7 < n_atoms <= 15 detected
5vgj_H+L|G,U:B,0,5vgj,H+L,G,5EWI,H+L,5vgj,G,0,0,small molecules with n_atoms > 15 detected
3u4e_A+B|J,U:B,0,3u4e,A+B,J,3U36,H+L,3u4e,J,0,0,small molecules with n_atoms > 15 detected
3u4e_A+B|J,U:B,1,3u4e,A+B,J,3U36,A+B,3u4e,J,0,0,small molecules with n_atoms > 15 detected
3u4e_A+B|J,U:B,2,3u4e,A+B,J,3U36,C+D,3u4e,J,0,0,small molecules with n_atoms > 15 detected
3u4e_A+B|J,U:B,3,3u4e,A+B,J,3U36,E+F,3u4e,J,0,0,small molecules with n_atoms > 15 detected
3l5w_H+L|I,U:U,0,3l5w,H+L,I,3L7E,H+L,1GA3,A,0,0,NA
3l5w_H+L|I,U:U,1,3l5w,H+L,I,3L7E,B+A,1GA3,A,0,0,NA
4o5i_S+T|G,U:B,0,4o5i,S+T,G,4O5L,H+L,4o5i,G,2,0,small molecules with 7 < n_atoms <= 15 detected
4k24_H+L|U,U:U,0,4k24,H+L,U,4K23,H+L,3U74,U,0,2,small molecules with 7 < n_atoms <= 15 detected
6s3t_E+I|T,U:U,0,6s3t,E+I,T,6RNN,H+L,6RUX,A,0,0,small molecules with n_atoms > 15 detected
6s3t_E+I|T,U:U,1,6s3t,E+I,T,6RNN,D+C,6RUX,A,0,0,small molecules with n_atoms > 15 detected
6s3t_E+I|T,U:U,2,6s3t,E+I,T,6RNN,H+L,6RUX,B,0,0,small molecules with n_atoms > 15 detected
6s3t_E+I|T,U:U,3,6s3t,E+I,T,6RNN,D+C,6RUX,B,0,0,small molecules with n_atoms > 15 detected
6s3t_E+I|T,U:U,4,6s3t,E+I,T,6RNN,H+L,6RUX,C,0,0,small molecules with n_atoms > 15 detected
6s3t_E+I|T,U:U,5,6s3t,E+I,T,6RNN,D+C,6RUX,C,0,0,small molecules with n_atoms > 15 detected
6s3t_E+I|T,U:U,6,6s3t,E+I,T,6RNN,H+L,6RQG,A,0,0,NA
6s3t_E+I|T,U:U,7,6s3t,E+I,T,6RNN,D+C,6RQG,A,0,0,NA
6s3t_E+I|T,U:U,8,6s3t,E+I,T,6RNN,H+L,6RQG,B,0,0,NA
6s3t_E+I|T,U:U,9,6s3t,E+I,T,6RNN,D+C,6RQG,B,0,0,NA
6s3t_E+I|T,U:U,10,6s3t,E+I,T,6RNN,H+L,6RQG,C,0,0,NA
6s3t_E+I|T,U:U,11,6s3t,E+I,T,6RNN,D+C,6RQG,C,0,0,NA
5c7x_H+L|A,U:U,0,5c7x,H+L,A,5D7S,H+L,2GMF,A,0,0,NA
5c7x_H+L|A,U:U,1,5c7x,H+L,A,5D7S,H+L,2GMF,B,0,0,NA
1xgu_B+A|C,U:U,0,1xgu,B+A,C,1DQM,H+L,6F9Z,A,1,0,NA
1xgu_B+A|C,U:U,1,1xgu,B+A,C,1DQQ,B+A,6F9Z,A,1,0,NA
1xgu_B+A|C,U:U,2,1xgu,B+A,C,1DQQ,D+C,6F9Z,A,1,0,NA
1xgu_B+A|C,U:U,3,1xgu,B+A,C,1DQM,H+L,6F9Y,A,1,0,NA
1xgu_B+A|C,U:U,4,1xgu,B+A,C,1DQQ,B+A,6F9Y,A,1,0,NA
1xgu_B+A|C,U:U,5,1xgu,B+A,C,1DQQ,D+C,6F9Y,A,1,0,NA
1xgu_B+A|C,U:U,6,1xgu,B+A,C,1DQM,H+L,6ABN,A,1,0,NA
1xgu_B+A|C,U:U,7,1xgu,B+A,C,1DQQ,B+A,6ABN,A,1,0,NA
1xgu_B+A|C,U:U,8,1xgu,B+A,C,1DQQ,D+C,6ABN,A,1,0,NA
1xgu_B+A|C,U:U,9,1xgu,B+A,C,1DQM,H+L,6RT3,A,1,0,NA
1xgu_B+A|C,U:U,10,1xgu,B+A,C,1DQQ,B+A,6RT3,A,1,0,NA
1xgu_B+A|C,U:U,11,1xgu,B+A,C,1DQQ,D+C,6RT3,A,1,0,NA
1xgu_B+A|C,U:U,12,1xgu,B+A,C,1DQM,H+L,6RO3,A,1,0,small molecules with n_atoms > 15 detected
1xgu_B+A|C,U:U,13,1xgu,B+A,C,1DQQ,B+A,6RO3,A,1,0,small molecules with n_atoms > 15 detected
1xgu_B+A|C,U:U,14,1xgu,B+A,C,1DQQ,D+C,6RO3,A,1,0,small molecules with n_atoms > 15 detected
6a4k_H+L|A,U:U,0,6a4k,H+L,A,6JP7,H+L,3UYW,A,0,1,small molecules with n_atoms > 15 detected
6a4k_H+L|A,U:U,1,6a4k,H+L,A,6JP7,H+L,3UYW,B,0,1,small molecules with n_atoms > 15 detected
6a4k_H+L|A,U:U,2,6a4k,H+L,A,6JP7,H+L,3UYW,C,0,1,small molecules with n_atoms > 15 detected
6a4k_H+L|A,U:U,3,6a4k,H+L,A,6JP7,H+L,3UYW,D,0,1,small molecules with n_atoms > 15 detected
6a4k_H+L|A,U:U,4,6a4k,H+L,A,6JP7,H+L,3UYX,A,0,2,small molecules with n_atoms > 15 detected
6a4k_H+L|A,U:U,5,6a4k,H+L,A,6JP7,H+L,3UYX,B,0,2,small molecules with n_atoms > 15 detected
6a4k_H+L|A,U:U,6,6a4k,H+L,A,6JP7,H+L,3MLH,A,0,1,small molecules with n_atoms > 15 detected
6a4k_H+L|A,U:U,7,6a4k,H+L,A,6JP7,H+L,3MLH,B,0,1,small molecules with n_atoms > 15 detected
3wih_I+M|B,U:U,0,3wih,I+M,B,3WII,H+L,4HLJ,A,0,0,small molecules with n_atoms > 15 detected
3wih_I+M|B,U:U,1,3wih,I+M,B,3WII,I+M,4HLJ,A,0,0,small molecules with n_atoms > 15 detected
3g6d_H+L|A,U:U,0,3g6d,H+L,A,3G6A,H+L,1GA3,A,0,0,NA
3g6d_H+L|A,U:U,1,3g6d,H+L,A,3G6A,B+A,1GA3,A,0,0,NA
6a4k_J+N|C,U:U,0,6a4k,J+N,C,6JP7,H+L,3UYW,A,0,1,small molecules with n_atoms > 15 detected
6a4k_J+N|C,U:U,1,6a4k,J+N,C,6JP7,H+L,3UYW,B,0,1,small molecules with n_atoms > 15 detected
6a4k_J+N|C,U:U,2,6a4k,J+N,C,6JP7,H+L,3UYW,C,0,1,small molecules with n_atoms > 15 detected
6a4k_J+N|C,U:U,3,6a4k,J+N,C,6JP7,H+L,3UYW,D,0,1,small molecules with n_atoms > 15 detected
6a4k_J+N|C,U:U,4,6a4k,J+N,C,6JP7,H+L,3UYX,A,0,2,small molecules with n_atoms > 15 detected
6a4k_J+N|C,U:U,5,6a4k,J+N,C,6JP7,H+L,3UYX,B,0,2,small molecules with n_atoms > 15 detected
6a4k_J+N|C,U:U,6,6a4k,J+N,C,6JP7,H+L,3MLH,A,0,1,small molecules with n_atoms > 15 detected
6a4k_J+N|C,U:U,7,6a4k,J+N,C,6JP7,H+L,3MLH,B,0,1,small molecules with n_atoms > 15 detected
5w06_H+L|T,U:U,0,5w06,H+L,T,5W05,H+L,1TFH,A,3,0,NA
5w06_H+L|T,U:U,1,5w06,H+L,T,5W05,H+L,1TFH,B,3,0,NA
4pp2_B+A|F,U:U,0,4pp2,B+A,F,4POZ,D+C,3F5V,A,0,1,NA
4pp2_B+A|F,U:U,1,4pp2,B+A,F,4POZ,D+C,3F5V,B,0,1,small molecules with 7 < n_atoms <= 15 detected
4pp2_B+A|F,U:U,2,4pp2,B+A,F,4POZ,D+C,1XKG,A,0,2,NA
5bvp_H+L|I,U:U,0,5bvp,H+L,I,4G5Z,H+L,21BI,A,2,1,NA
5bvp_H+L|I,U:U,1,5bvp,H+L,I,5BVJ,B+A,21BI,A,0,1,NA
5bvp_H+L|I,U:U,2,5bvp,H+L,I,5BVJ,D+C,21BI,A,0,1,NA
5bvp_H+L|I,U:U,3,5bvp,H+L,I,5BVJ,F+E,21BI,A,0,1,NA
5bvp_H+L|I,U:U,4,5bvp,H+L,I,5BVJ,H+G,21BI,A,0,1,NA
5bvp_H+L|I,U:U,5,5bvp,H+L,I,4G5Z,H+L,31BI,A,2,1,NA
5bvp_H+L|I,U:U,6,5bvp,H+L,I,5BVJ,B+A,31BI,A,0,1,NA
5bvp_H+L|I,U:U,7,5bvp,H+L,I,5BVJ,D+C,31BI,A,0,1,NA
5bvp_H+L|I,U:U,8,5bvp,H+L,I,5BVJ,F+E,31BI,A,0,1,NA
5bvp_H+L|I,U:U,9,5bvp,H+L,I,5BVJ,H+G,31BI,A,0,1,NA
5bvp_H+L|I,U:U,10,5bvp,H+L,I,4G5Z,H+L,1L2H,A,2,2,NA
5bvp_H+L|I,U:U,11,5bvp,H+L,I,5BVJ,B+A,1L2H,A,0,2,NA
5bvp_H+L|I,U:U,12,5bvp,H+L,I,5BVJ,D+C,1L2H,A,0,2,NA
5bvp_H+L|I,U:U,13,5bvp,H+L,I,5BVJ,F+E,1L2H,A,0,2,NA
5bvp_H+L|I,U:U,14,5bvp,H+L,I,5BVJ,H+G,1L2H,A,0,2,NA
5bvp_H+L|I,U:U,15,5bvp,H+L,I,4G5Z,H+L,4I1B,A,2,0,NA
5bvp_H+L|I,U:U,16,5bvp,H+L,I,5BVJ,B+A,4I1B,A,0,0,NA
5bvp_H+L|I,U:U,17,5bvp,H+L,I,5BVJ,D+C,4I1B,A,0,0,NA
5bvp_H+L|I,U:U,18,5bvp,H+L,I,5BVJ,F+E,4I1B,A,0,0,NA
5bvp_H+L|I,U:U,19,5bvp,H+L,I,5BVJ,H+G,4I1B,A,0,0,NA
5bvp_H+L|I,U:U,20,5bvp,H+L,I,4G5Z,H+L,2NVH,A,2,0,NA
5bvp_H+L|I,U:U,21,5bvp,H+L,I,5BVJ,B+A,2NVH,A,0,0,NA
5bvp_H+L|I,U:U,22,5bvp,H+L,I,5BVJ,D+C,2NVH,A,0,0,NA
5bvp_H+L|I,U:U,23,5bvp,H+L,I,5BVJ,F+E,2NVH,A,0,0,NA
5bvp_H+L|I,U:U,24,5bvp,H+L,I,5BVJ,H+G,2NVH,A,0,0,NA
4o5i_Q+R|E,U:B,0,4o5i,Q+R,E,4O5L,H+L,4o5i,E,2,0,small molecules with 7 < n_atoms <= 15 detected
4jpk_H+L|A,U:U,0,4jpk,H+L,A,4JPI,H+L,4JPJ,A,1,7,small molecules with 7 < n_atoms <= 15 detected
4jpk_H+L|A,U:U,1,4jpk,H+L,A,4JPI,A+B,4JPJ,A,1,7,small molecules with 7 < n_atoms <= 15 detected
4jpk_H+L|A,U:U,2,4jpk,H+L,A,4JPI,H+L,4JPJ,B,1,7,small molecules with 7 < n_atoms <= 15 detected
4jpk_H+L|A,U:U,3,4jpk,H+L,A,4JPI,A+B,4JPJ,B,1,7,small molecules with 7 < n_atoms <= 15 detected
4jpk_H+L|A,U:U,4,4jpk,H+L,A,4JPI,H+L,4JPJ,C,1,7,small molecules with 7 < n_atoms <= 15 detected
4jpk_H+L|A,U:U,5,4jpk,H+L,A,4JPI,A+B,4JPJ,C,1,7,small molecules with 7 < n_atoms <= 15 detected
4jpk_H+L|A,U:U,6,4jpk,H+L,A,4JPI,H+L,4JPJ,D,1,7,small molecules with 7 < n_atoms <= 15 detected
4jpk_H+L|A,U:U,7,4jpk,H+L,A,4JPI,A+B,4JPJ,D,1,7,small molecules with 7 < n_atoms <= 15 detected
1xgp_B+A|C,U:U,0,1xgp,B+A,C,1DQM,H+L,6F9Z,A,1,0,NA
1xgp_B+A|C,U:U,1,1xgp,B+A,C,1DQQ,B+A,6F9Z,A,1,0,NA
1xgp_B+A|C,U:U,2,1xgp,B+A,C,1DQQ,D+C,6F9Z,A,1,0,NA
1xgp_B+A|C,U:U,3,1xgp,B+A,C,1DQM,H+L,6F9Y,A,1,0,NA
1xgp_B+A|C,U:U,4,1xgp,B+A,C,1DQQ,B+A,6F9Y,A,1,0,NA
1xgp_B+A|C,U:U,5,1xgp,B+A,C,1DQQ,D+C,6F9Y,A,1,0,NA
1xgp_B+A|C,U:U,6,1xgp,B+A,C,1DQM,H+L,6ABN,A,1,0,NA
1xgp_B+A|C,U:U,7,1xgp,B+A,C,1DQQ,B+A,6ABN,A,1,0,NA
1xgp_B+A|C,U:U,8,1xgp,B+A,C,1DQQ,D+C,6ABN,A,1,0,NA
1xgp_B+A|C,U:U,9,1xgp,B+A,C,1DQM,H+L,6RT3,A,1,0,NA
1xgp_B+A|C,U:U,10,1xgp,B+A,C,1DQQ,B+A,6RT3,A,1,0,NA
1xgp_B+A|C,U:U,11,1xgp,B+A,C,1DQQ,D+C,6RT3,A,1,0,NA
1xgp_B+A|C,U:U,12,1xgp,B+A,C,1DQM,H+L,6RO3,A,1,0,small molecules with n_atoms > 15 detected
1xgp_B+A|C,U:U,13,1xgp,B+A,C,1DQQ,B+A,6RO3,A,1,0,small molecules with n_atoms > 15 detected
1xgp_B+A|C,U:U,14,1xgp,B+A,C,1DQQ,D+C,6RO3,A,1,0,small molecules with n_atoms > 15 detected
6a4k_K+O|D,U:U,0,6a4k,K+O,D,6JP7,H+L,3UYW,A,0,1,small molecules with n_atoms > 15 detected
6a4k_K+O|D,U:U,1,6a4k,K+O,D,6JP7,H+L,3UYW,B,0,1,small molecules with n_atoms > 15 detected
6a4k_K+O|D,U:U,2,6a4k,K+O,D,6JP7,H+L,3UYW,C,0,1,small molecules with n_atoms > 15 detected
6a4k_K+O|D,U:U,3,6a4k,K+O,D,6JP7,H+L,3UYW,D,0,1,small molecules with n_atoms > 15 detected
6a4k_K+O|D,U:U,4,6a4k,K+O,D,6JP7,H+L,3UYX,A,0,2,small molecules with n_atoms > 15 detected
6a4k_K+O|D,U:U,5,6a4k,K+O,D,6JP7,H+L,3UYX,B,0,2,small molecules with n_atoms > 15 detected
6a4k_K+O|D,U:U,6,6a4k,K+O,D,6JP7,H+L,3MLH,A,0,1,small molecules with n_atoms > 15 detected
6a4k_K+O|D,U:U,7,6a4k,K+O,D,6JP7,H+L,3MLH,B,0,1,small molecules with n_atoms > 15 detected
3rvv_D+C|A,U:U,0,3rvv,D+C,A,3RVU,D+C,5VPK,A,0,2,small molecules with 7 < n_atoms <= 15 detected
3rvv_D+C|A,U:U,1,3rvv,D+C,A,3RVT,D+C,5VPK,A,0,2,small molecules with 7 < n_atoms <= 15 detected
3rvv_D+C|A,U:U,2,3rvv,D+C,A,3RVU,D+C,5VPK,B,0,2,small molecules with 7 < n_atoms <= 15 detected
3rvv_D+C|A,U:U,3,3rvv,D+C,A,3RVT,D+C,5VPK,B,0,2,small molecules with 7 < n_atoms <= 15 detected
3rvv_D+C|A,U:U,4,3rvv,D+C,A,3RVU,D+C,5VPK,C,0,2,NA
3rvv_D+C|A,U:U,5,3rvv,D+C,A,3RVT,D+C,5VPK,C,0,2,NA
3rvv_D+C|A,U:U,6,3rvv,D+C,A,3RVU,D+C,3D6S,A,0,0,small molecules with 7 < n_atoms <= 15 detected
3rvv_D+C|A,U:U,7,3rvv,D+C,A,3RVT,D+C,3D6S,A,0,0,small molecules with 7 < n_atoms <= 15 detected
3rvv_D+C|A,U:U,8,3rvv,D+C,A,3RVU,D+C,3D6S,B,0,0,small molecules with 7 < n_atoms <= 15 detected
3rvv_D+C|A,U:U,9,3rvv,D+C,A,3RVT,D+C,3D6S,B,0,0,small molecules with 7 < n_atoms <= 15 detected
3rvv_D+C|A,U:U,10,3rvv,D+C,A,3RVU,D+C,3D6S,C,0,0,NA
3rvv_D+C|A,U:U,11,3rvv,D+C,A,3RVT,D+C,3D6S,C,0,0,NA
6rcv_E+D|A,U:U,0,6rcv,E+D,A,6RCS,A+B,4WAT,A,0,1,small molecules with 7 < n_atoms <= 15 detected
1kip_B+A|C,U:U,0,1kip,B+A,C,1A7R,H+L,6F9Z,A,2,0,NA
1kip_B+A|C,U:U,1,1kip,B+A,C,1A7Q,H+L,6F9Z,A,11,0,NA
1kip_B+A|C,U:U,2,1kip,B+A,C,1A7P,H+L,6F9Z,A,4,0,NA
1kip_B+A|C,U:U,3,1kip,B+A,C,1A7N,H+L,6F9Z,A,3,0,NA
1kip_B+A|C,U:U,4,1kip,B+A,C,1VFA,B+A,6F9Z,A,1,0,NA
1kip_B+A|C,U:U,5,1kip,B+A,C,1A7R,H+L,6F9Y,A,2,0,NA
1kip_B+A|C,U:U,6,1kip,B+A,C,1A7Q,H+L,6F9Y,A,11,0,NA
1kip_B+A|C,U:U,7,1kip,B+A,C,1A7P,H+L,6F9Y,A,4,0,NA
1kip_B+A|C,U:U,8,1kip,B+A,C,1A7N,H+L,6F9Y,A,3,0,NA
1kip_B+A|C,U:U,9,1kip,B+A,C,1VFA,B+A,6F9Y,A,1,0,NA
1kip_B+A|C,U:U,10,1kip,B+A,C,1A7R,H+L,6ABN,A,2,0,NA
1kip_B+A|C,U:U,11,1kip,B+A,C,1A7Q,H+L,6ABN,A,11,0,NA
1kip_B+A|C,U:U,12,1kip,B+A,C,1A7P,H+L,6ABN,A,4,0,NA
1kip_B+A|C,U:U,13,1kip,B+A,C,1A7N,H+L,6ABN,A,3,0,NA
1kip_B+A|C,U:U,14,1kip,B+A,C,1VFA,B+A,6ABN,A,1,0,NA
1kip_B+A|C,U:U,15,1kip,B+A,C,1A7R,H+L,6RT3,A,2,0,NA
1kip_B+A|C,U:U,16,1kip,B+A,C,1A7Q,H+L,6RT3,A,11,0,NA
1kip_B+A|C,U:U,17,1kip,B+A,C,1A7P,H+L,6RT3,A,4,0,NA
1kip_B+A|C,U:U,18,1kip,B+A,C,1A7N,H+L,6RT3,A,3,0,NA
1kip_B+A|C,U:U,19,1kip,B+A,C,1VFA,B+A,6RT3,A,1,0,NA
1kip_B+A|C,U:U,20,1kip,B+A,C,1A7R,H+L,6RO3,A,2,0,small molecules with n_atoms > 15 detected
1kip_B+A|C,U:U,21,1kip,B+A,C,1A7Q,H+L,6RO3,A,11,0,small molecules with n_atoms > 15 detected
1kip_B+A|C,U:U,22,1kip,B+A,C,1A7P,H+L,6RO3,A,4,0,small molecules with n_atoms > 15 detected
1kip_B+A|C,U:U,23,1kip,B+A,C,1A7N,H+L,6RO3,A,3,0,small molecules with n_atoms > 15 detected
1kip_B+A|C,U:U,24,1kip,B+A,C,1VFA,B+A,6RO3,A,1,0,small molecules with n_atoms > 15 detected
5x0t_C+D|F,U:U,0,5x0t,C+D,F,5X4G,A+B,3B5H,A,0,0,NA
5x0t_C+D|F,U:U,1,5x0t,C+D,F,5X4G,A+B,3B5H,B,0,0,NA
5x0t_C+D|F,U:U,2,5x0t,C+D,F,5X4G,A+B,3B5H,C,0,0,NA
5x0t_C+D|F,U:U,3,5x0t,C+D,F,5X4G,A+B,3B5H,D,0,0,NA
5x0t_C+D|F,U:U,4,5x0t,C+D,F,5X4G,A+B,3I85,A,0,4,NA
5x0t_C+D|F,U:U,5,5x0t,C+D,F,5X4G,A+B,3I85,B,0,4,NA
2fd6_H+L|U,U:U,0,2fd6,H+L,U,2FAT,H+L,3U74,U,0,2,small molecules with 7 < n_atoms <= 15 detected
6c6y_H+L|R,U:U,0,6c6y,H+L,R,6C6X,A+B,4L3N,A,0,1,small molecules with 7 < n_atoms <= 15 detected
6c6y_H+L|R,U:U,1,6c6y,H+L,R,6C6X,C+D,4L3N,A,0,1,small molecules with 7 < n_atoms <= 15 detected
6c6y_H+L|R,U:U,2,6c6y,H+L,R,6C6X,E+F,4L3N,A,0,1,small molecules with 7 < n_atoms <= 15 detected
6c6y_H+L|R,U:U,3,6c6y,H+L,R,6C6X,H+L,4L3N,A,0,1,small molecules with 7 < n_atoms <= 15 detected
6c6y_H+L|R,U:U,4,6c6y,H+L,R,6C6X,A+B,4L3N,B,0,1,small molecules with 7 < n_atoms <= 15 detected
6c6y_H+L|R,U:U,5,6c6y,H+L,R,6C6X,C+D,4L3N,B,0,1,small molecules with 7 < n_atoms <= 15 detected
6c6y_H+L|R,U:U,6,6c6y,H+L,R,6C6X,E+F,4L3N,B,0,1,small molecules with 7 < n_atoms <= 15 detected
6c6y_H+L|R,U:U,7,6c6y,H+L,R,6C6X,H+L,4L3N,B,0,1,small molecules with 7 < n_atoms <= 15 detected
6c6y_H+L|R,U:U,8,6c6y,H+L,R,6C6X,A+B,4KQZ,A,0,1,small molecules with 7 < n_atoms <= 15 detected
6c6y_H+L|R,U:U,9,6c6y,H+L,R,6C6X,C+D,4KQZ,A,0,1,small molecules with 7 < n_atoms <= 15 detected
6c6y_H+L|R,U:U,10,6c6y,H+L,R,6C6X,E+F,4KQZ,A,0,1,small molecules with 7 < n_atoms <= 15 detected
6c6y_H+L|R,U:U,11,6c6y,H+L,R,6C6X,H+L,4KQZ,A,0,1,small molecules with 7 < n_atoms <= 15 detected
6c6y_H+L|R,U:U,12,6c6y,H+L,R,6C6X,A+B,4KQZ,B,0,1,small molecules with 7 < n_atoms <= 15 detected
6c6y_H+L|R,U:U,13,6c6y,H+L,R,6C6X,C+D,4KQZ,B,0,1,small molecules with 7 < n_atoms <= 15 detected
6c6y_H+L|R,U:U,14,6c6y,H+L,R,6C6X,E+F,4KQZ,B,0,1,small molecules with 7 < n_atoms <= 15 detected
6c6y_H+L|R,U:U,15,6c6y,H+L,R,6C6X,H+L,4KQZ,B,0,1,small molecules with 7 < n_atoms <= 15 detected
3u2s_A+B|C,U:B,0,3u2s,A+B,C,3U36,H+L,3u2s,C,0,0,small molecules with 7 < n_atoms <= 15 detected
3u2s_A+B|C,U:B,1,3u2s,A+B,C,3U36,A+B,3u2s,C,0,0,small molecules with 7 < n_atoms <= 15 detected
3u2s_A+B|C,U:B,2,3u2s,A+B,C,3U36,C+D,3u2s,C,0,0,small molecules with 7 < n_atoms <= 15 detected
3u2s_A+B|C,U:B,3,3u2s,A+B,C,3U36,E+F,3u2s,C,0,0,small molecules with 7 < n_atoms <= 15 detected
