comp_name,type,chain_ids,candidate_pdb_id,candidate_chain_ids,assembly_id
4o51_B:A|N,AG,N,6F2Z,B,1
4o51_B:A|N,AG,N,6F2Z,A,2
2ny3_D:C|A,AB,D:C,1RZ8,B:A,1
2ny3_D:C|A,AB,D:C,1RZ8,D:C,2
4yo0_C:D|F,AB,C:D,4YNY,A:B,1
4yo0_C:D|F,AB,C:D,4YNY,C:D,2
4yo0_C:D|F,AG,F,6JJU,A,1
4yo0_C:D|F,AG,F,5ZTF,A,1
3qa3_B:A|E,AG,E,4XW2,A,1
3qa3_B:A|E,AG,E,1NA5,A,1
3qa3_B:A|E,AG,E,1IDO,A,1
3qa3_B:A|E,AG,E,1JLM,A,1
3qa3_B:A|E,AG,E,1MF7,A,1
4ypg_H:L|D,AG,D,1RH2,A,1
4ypg_H:L|D,AG,D,1RH2,B,2
4ypg_H:L|D,AG,D,1RH2,C,3
4ypg_H:L|D,AG,D,1RH2,D,4
4ypg_H:L|D,AG,D,1RH2,E,5
4ypg_H:L|D,AG,D,1RH2,F,6
4fqr_a:b|A,AB,a:b,4FNL,H:L,1
4fqr_a:b|A,AB,a:b,4FNL,I:M,2
6bdz_H:L|A,AG,A,6BE6,A,1
6bdz_H:L|A,AG,A,6BE6,B,2
6bdz_H:L|A,AG,A,6BE6,C,3
6bdz_H:L|A,AG,A,6BE6,D,4
6bdz_H:L|A,AG,A,2AO7,A,1
6r2s_B:A|C,AG,C,4YFS,A,1
3x3f_H:L|A,AB,H:L,3X3G,H:L,1
2r56_I:M|B,AG,B,4CK4,A,1
2r56_I:M|B,AG,B,4CK4,B,2
5dup_H:L|A,AG,A,5DUT,A,1
5fhc_A:B|J,AB,A:B,5FHB,H:L,1
4hc1_M:N|B,AG,B,4HBQ,A,1
4hc1_M:N|B,AG,B,4HBQ,B,2
6nip_H:L|Z,AB,H:L,6NIS,H:L,1
6nip_H:L|Z,AB,H:L,6MTX,H:L,1
6nip_H:L|Z,AG,Z,5OMZ,A,1
3ulu_D:C|A,AB,D:C,3ULS,H:L,1
3ulu_D:C|A,AB,D:C,3ULS,B:A,2
3ulu_D:C|A,AG,A,2A0Z,A,1
3ulu_D:C|A,AG,A,1ZIW,A,1
1vfb_B:A|C,AB,B:A,1VFA,B:A,1
1vfb_B:A|C,AB,B:A,1A7R,H:L,1
1vfb_B:A|C,AB,B:A,1A7P,H:L,1
1vfb_B:A|C,AB,B:A,1A7N,H:L,1
1vfb_B:A|C,AG,C,6F9Z,A,1
1vfb_B:A|C,AG,C,6RT3,A,1
1vfb_B:A|C,AG,C,6ABN,A,1
1vfb_B:A|C,AG,C,6ADF,A,1
1vfb_B:A|C,AG,C,6FSJ,A,1
6pzw_F:E|C,AB,F:E,6PZH,H:L,1
6pzw_F:E|C,AB,F:E,6PZH,B:A,2
1ggi_H:L|P,AB,H:L,1GGB,H:L,1
1ggi_H:L|P,AB,H:L,1GGC,H:L,1
4ypg_B:A|C,AG,C,1RH2,A,1
4ypg_B:A|C,AG,C,1RH2,B,2
4ypg_B:A|C,AG,C,1RH2,C,3
4ypg_B:A|C,AG,C,1RH2,D,4
4ypg_B:A|C,AG,C,1RH2,E,5
4ypg_B:A|C,AG,C,1RH2,F,6
6mfp_H:L|G,AB,H:L,6MFJ,H:L,1
6mfp_H:L|G,AB,H:L,6MFJ,A:B,2
6mfp_H:L|G,AG,G,6ONH,A,1
6mfp_H:L|G,AG,G,6ONE,A,1
4xx1_H:L|A,AG,A,5TXF,A,1
4xx1_H:L|A,AG,A,5TXF,B,2
4xx1_H:L|A,AG,A,5TXF,C,3
4xx1_H:L|A,AG,A,5TXF,D,4
4xx1_H:L|A,AG,A,6MVD,A,1
4xx1_H:L|A,AG,A,6MVD,B,2
2ltq_F:E|D,AG,D,2L0N,A,1
2ltq_F:E|D,AG,D,2L0O,A,1
2ltq_F:E|D,AG,D,2K73,A,1
2ltq_F:E|D,AG,D,2K74,A,1
3q3g_K:J|L,AG,L,4XW2,A,1
3q3g_K:J|L,AG,L,1NA5,A,1
3q3g_K:J|L,AG,L,1IDO,A,1
3q3g_K:J|L,AG,L,1JLM,A,1
3q3g_K:J|L,AG,L,1MF7,A,1
3opz_I:M|B,AG,B,2AH2,A,1
3opz_I:M|B,AG,B,1S0I,A,1
3opz_I:M|B,AG,B,1MS9,A,1
3opz_I:M|B,AG,B,1MS9,B,2
3opz_I:M|B,AG,B,1S0J,A,1
6s3t_N:M|A,AB,N:M,6RNN,H:L,1
6s3t_N:M|A,AB,N:M,6RNN,D:C,2
6s3t_N:M|A,AG,A,6RUX,A,1
6s3t_N:M|A,AG,A,6RUX,B,2
6s3t_N:M|A,AG,A,6RUX,C,3
6s3t_N:M|A,AG,A,6RQG,A,1
6s3t_N:M|A,AG,A,6RQG,B,2
6s3t_N:M|A,AG,A,6RQG,C,3
6mhg_G:S|E,AG,E,3VDL,A,1
6mhg_G:S|E,AG,E,3VDL,B,2
6mhg_G:S|E,AG,E,3VDL,C,3
6mhg_G:S|E,AG,E,3VDJ,A,1
6mhg_G:S|E,AG,E,3VDK,A,1
6adc_E:F|B,AG,B,3NMO,A,1
5x0t_A:B|E,AB,A:B,5X4G,A:B,1
5x0t_A:B|E,AG,E,3B5H,A,1
5x0t_A:B|E,AG,E,3B5H,B,2
5x0t_A:B|E,AG,E,3B5H,C,3
5x0t_A:B|E,AG,E,3B5H,D,4
5x0t_A:B|E,AG,E,3I85,A,1
5x0t_A:B|E,AG,E,3I85,B,2
6mhg_A:N|E,AG,E,3VDL,A,1
6mhg_A:N|E,AG,E,3VDL,B,2
6mhg_A:N|E,AG,E,3VDL,C,3
6mhg_A:N|E,AG,E,3VDJ,A,1
6mhg_A:N|E,AG,E,3VDK,A,1
6d0u_H:I|G,AB,H:I,4FNL,H:L,1
6d0u_H:I|G,AB,H:I,4FNL,I:M,2
6nb7_H:L|A,AB,H:L,6NB8,H:L,1
5ifj_J:K|L,AB,J:K,5IHZ,A:B,1
5ifj_J:K|L,AB,J:K,5IHZ,C:D,2
5ifj_J:K|L,AB,J:K,5IHZ,E:F,3
5ifj_J:K|L,AB,J:K,5IHZ,H:L,4
6h3t_I:M|B,AG,B,6H3S,B,1
6h3t_I:M|B,AG,B,6H3S,A,2
6pz8_C:G|J,AB,C:G,6PXG,A:B,1
6pz8_C:G|J,AB,C:G,6PXG,C:D,2
6pz8_C:G|J,AB,C:G,6PXG,E:F,3
6pz8_C:G|J,AB,C:G,6PXG,H:L,4
6pz8_C:G|J,AG,J,5VYH,A,1
6pz8_C:G|J,AG,J,4L3N,A,1
6pz8_C:G|J,AG,J,4L3N,B,2
6pz8_C:G|J,AG,J,5X4R,A,1
4i2x_D:C|F,AB,D:C,3DIF,B:A,1
4i2x_D:C|F,AB,D:C,3DIF,D:C,2
4i2x_D:C|F,AG,F,2JJW,A,2
5ig7_G:H|I,AB,G:H,5IHZ,A:B,1
5ig7_G:H|I,AB,G:H,5IHZ,C:D,2
5ig7_G:H|I,AB,G:H,5IHZ,E:F,3
5ig7_G:H|I,AB,G:H,5IHZ,H:L,4
5cus_J:N|C,AG,C,1M6B,A,1
5cus_J:N|C,AG,C,1M6B,B,2
3eob_H:L|I,AB,H:L,3EO9,H:L,1
3eob_H:L|I,AG,I,2ICA,A,1
3eob_H:L|I,AG,I,1MJN,A,1
3eob_H:L|I,AG,I,3F78,A,1
3eob_H:L|I,AG,I,3F78,B,2
3eob_H:L|I,AG,I,3F78,C,3
4kxz_Q:P|D,AB,Q:P,3EO0,B:A,1
4kxz_Q:P|D,AB,Q:P,3EO0,D:C,2
4ut6_I:M|B,AG,B,4UTC,A,1
4ut6_I:M|B,AG,B,4UTC,B,2
6mb3_H:L|E,AG,E,3VDL,A,1
6mb3_H:L|E,AG,E,3VDL,B,2
6mb3_H:L|E,AG,E,3VDL,C,3
6mb3_H:L|E,AG,E,3VDJ,A,1
6mb3_H:L|E,AG,E,3VDK,A,1
5wth_E:D|B,AB,E:D,5WTG,B:A,1
5wth_E:D|B,AB,E:D,5WTG,D:C,2
5a7x_D:C|A,AB,D:C,1RZ8,B:A,1
5a7x_D:C|A,AB,D:C,1RZ8,D:C,2
2h2p_E:F|B,AG,B,3NMO,A,1
4dn4_H:L|M,AB,H:L,4DN3,H:L,1
4dn4_H:L|M,AG,M,1DOL,A,1
4fqr_w:x|W,AB,w:x,4FNL,H:L,1
4fqr_w:x|W,AB,w:x,4FNL,I:M,2
5h30_I:M|C,AG,C,5OMZ,A,1
4yhp_H:L|P,AB,H:L,4YHY,B:C,1
4yhp_H:L|P,AB,H:L,4YHY,H:L,2
4yhp_H:L|P,AG,P,3A1B,A,1
4yhp_H:L|P,AG,P,6U04,A,1
4mqx_E:F|B,AG,B,3NMO,A,1
5mev_H:L|A,AG,A,6FS2,A,1
5mev_H:L|A,AG,A,6FS2,B,2
5mev_H:L|A,AG,A,6FS1,A,1
5mev_H:L|A,AG,A,6FS1,B,2
5mev_H:L|A,AG,A,5KU9,A,1
5mev_H:L|A,AG,A,5KU9,B,2
2ny0_D:C|A,AB,D:C,1RZ8,B:A,1
2ny0_D:C|A,AB,D:C,1RZ8,D:C,2
5u7o_H:L|G,AB,H:L,4JY5,H:L,1
6dzm_J:L|F:C,AB,J:L,6DZN,H:L,1
3uc0_I:M|B,AG,B,6NT3,A,1
1u8p_B:A|C,AB,B:A,2PR4,H:L,1
3iu3_A:B|K,AB,A:B,1MIM,H:L,1
5vjq_C:D|J,AG,J,6D9I,A,1
5vjq_C:D|J,AG,J,6D9I,B,2
5vjq_C:D|J,AG,J,5V8G,A,1
4m5z_H:L|A,AB,H:L,4M5Y,H:L,1
4m5z_H:L|A,AB,H:L,4M5Y,I:M,2
4m5z_H:L|A,AG,A,3UYW,A,1
4m5z_H:L|A,AG,A,3UYW,B,2
4m5z_H:L|A,AG,A,3UYW,C,3
4m5z_H:L|A,AG,A,3UYW,D,4
4m5z_H:L|A,AG,A,3UYX,A,1
4m5z_H:L|A,AG,A,3UYX,B,2
1jps_H:L|T,AB,H:L,1JPT,H:L,1
1jps_H:L|T,AG,T,1TFH,A,1
1jps_H:L|T,AG,T,1TFH,B,2
4uao_C:B|A,AG,A,4UV6,A,1
4uao_C:B|A,AG,A,4UV6,B,2
3jwd_P:O|B,AB,P:O,1RZ7,H:L,1
3ejz_C:D|A,AG,A,3NMO,A,1
2h2s_E:F|B,AG,B,3NMO,A,1
3csy_E:F|L:K,AB,E:F,3INU,H:L,1
3csy_E:F|L:K,AB,E:F,3INU,M:N,2
5nh3_I:M|B,AB,I:M,5NHW,H:L,1
5nh3_I:M|B,AG,B,1BTE,A,1
5nh3_I:M|B,AG,B,1BTE,B,2
4k2u_H:L|A,AG,A,1ZRL,A,2
6mvl_H:L|A,AG,A,6OIL,A,1
6mvl_H:L|A,AG,A,6U6V,A,1
4zs6_C:D|B,AG,B,4L3N,A,1
4zs6_C:D|B,AG,B,4L3N,B,2
1u8h_B:A|C,AB,B:A,2PR4,H:L,1
4z5r_W:V|F,AG,F,1RH2,A,1
4z5r_W:V|F,AG,F,1RH2,B,2
4z5r_W:V|F,AG,F,1RH2,C,3
4z5r_W:V|F,AG,F,1RH2,D,4
4z5r_W:V|F,AG,F,1RH2,E,5
4z5r_W:V|F,AG,F,1RH2,F,6
6pxh_C:D|A,AB,C:D,6PXG,A:B,1
6pxh_C:D|A,AB,C:D,6PXG,C:D,2
6pxh_C:D|A,AB,C:D,6PXG,E:F,3
6pxh_C:D|A,AB,C:D,6PXG,H:L,4
6pxh_C:D|A,AG,A,5X4R,A,1
6dc5_H:I|G,AB,H:I,6DC4,H:L,1
3so3_C:B|A,AG,A,4JZ1,A,1
3so3_C:B|A,AG,A,4IS5,A,1
3so3_C:B|A,AG,A,1EAX,A,1
3so3_C:B|A,AG,A,3NCL,A,1
3so3_C:B|A,AG,A,3P8G,A,1
2otw_B:A|E,AB,B:A,2GSG,B:A,1
2otw_B:A|E,AB,B:A,2GSG,D:C,2
5mvz_H:L|U,AG,U,31BI,A,1
5mvz_H:L|U,AG,U,4I1B,A,1
5mvz_H:L|U,AG,U,21BI,A,1
5mvz_H:L|U,AG,U,2NVH,A,1
5mvz_H:L|U,AG,U,1L2H,A,1
5bo1_I:M|A,AG,A,2VJ2,A,1
5bo1_I:M|A,AG,A,2VJ2,B,2
5bo1_I:M|A,AG,A,4CBZ,A,1
5bo1_I:M|A,AG,A,4CBZ,B,2
5bo1_I:M|A,AG,A,4CC0,A,1
5bo1_I:M|A,AG,A,4CC0,B,2
6me1_A:B|F,AB,A:B,5I8E,A:B,1
6me1_A:B|F,AB,A:B,5I8E,C:D,2
5u8q_H:L|A,AG,A,1IGR,A,1
1ic5_H:L|Y,AG,Y,6F9Z,A,1
1ic5_H:L|Y,AG,Y,6RT3,A,1
1ic5_H:L|Y,AG,Y,6ABN,A,1
1ic5_H:L|Y,AG,Y,6ADF,A,1
1ic5_H:L|Y,AG,Y,6FSJ,A,1
1g7i_B:A|C,AB,B:A,1VFA,B:A,1
1g7i_B:A|C,AB,B:A,1A7R,H:L,1
1g7i_B:A|C,AB,B:A,1A7P,H:L,1
1g7i_B:A|C,AB,B:A,1A7N,H:L,1
1g7i_B:A|C,AG,C,6F9Z,A,1
1g7i_B:A|C,AG,C,6RT3,A,1
1g7i_B:A|C,AG,C,6ABN,A,1
1g7i_B:A|C,AG,C,6ADF,A,1
1g7i_B:A|C,AG,C,6FSJ,A,1
4jre_H:L|D,AG,D,4U4W,A,1
4jre_H:L|D,AG,D,4U4W,B,2
4jre_H:L|D,AG,D,4U4T,A,1
4jre_H:L|D,AG,D,4U4V,A,1
1u8l_B:A|C,AB,B:A,2PR4,H:L,1
6i9i_H:L|D,AG,D,5Y0Y,A,1
6i9i_H:L|D,AG,D,5Y0W,A,1
6i9i_H:L|D,AG,D,6F8P,A,1
1ifh_H:L|P,AB,H:L,1HIL,B:A,1
1ifh_H:L|P,AB,H:L,1HIL,D:C,2
2fed_C:D|A,AG,A,3NMO,A,1
5w23_H:L|C,AB,H:L,5W24,H:L,1
3sqo_H:L|A,AG,A,6U26,A,1
3sqo_H:L|A,AG,A,6U26,B,2
3sqo_H:L|A,AG,A,2P4E,P,1
3sqo_H:L|A,AG,A,2P4E,A,2
5xhv_H:L|E,AG,E,3UYW,A,1
5xhv_H:L|E,AG,E,3UYW,B,2
5xhv_H:L|E,AG,E,3UYW,C,3
5xhv_H:L|E,AG,E,3UYW,D,4
5xhv_H:L|E,AG,E,3UYX,A,1
5xhv_H:L|E,AG,E,3UYX,B,2
6n1w_M:N|c,AB,M:N,4JY5,H:L,1
6a77_H:L|A,AB,H:L,6A76,H:L,1
6a77_H:L|A,AG,A,5O5I,A,1
2htl_C:D|A,AG,A,3NMO,A,1
4mwf_A:B|D,AB,A:B,6MEF,H:L,1
5bjz_D:H|B,AG,B,6QGD,A,1
5bjz_D:H|B,AG,B,6K7E,A,1
5bjz_D:H|B,AG,B,6K7D,A,1
5bjz_D:H|B,AG,B,6K7F,A,1
5bjz_D:H|B,AG,B,6N84,A,1
4xmn_H:L|E,AG,E,3F7F,A,1
4xmn_H:L|E,AG,E,3F7F,B,2
4xmn_H:L|E,AG,E,3F7F,C,3
4xmn_H:L|E,AG,E,3F7F,D,4
4xmn_H:L|E,AG,E,3H7N,A,1
4xmn_H:L|E,AG,E,3H7N,B,2
4xmn_H:L|E,AG,E,3H7N,C,3
4xmn_H:L|E,AG,E,3H7N,D,4
2vh5_H:L|R,AG,R,5WDP,A,1
2vh5_H:L|R,AG,R,5WDQ,A,1
2vh5_H:L|R,AG,R,4DLR,A,1
5xez_H:L|B,AG,B,5V7E,A,1
5xez_H:L|B,AG,B,5JWV,A,1
5xez_H:L|B,AG,B,5LWO,A,1
5xez_H:L|B,AG,B,5XPF,A,1
5xez_H:L|B,AG,B,5JWT,A,1
4kxz_N:M|E,AB,N:M,3EO0,B:A,1
4kxz_N:M|E,AB,N:M,3EO0,D:C,2
6h06_E:F|J,AB,E:F,5V7U,H:L,1
6um5_G:H|E,AB,G:H,5U15,A:B,1
6um5_G:H|E,AB,G:H,5U15,H:L,2
1jhl_H:L|A,AG,A,1GHL,A,1
1jhl_H:L|A,AG,A,1GHL,B,2
4cmh_B:C|A,AG,A,2O3S,A,1
4cmh_B:C|A,AG,A,2O3S,B,2
4cmh_B:C|A,AG,A,3F6Y,A,1
4cmh_B:C|A,AG,A,3DZH,A,1
4cmh_B:C|A,AG,A,3DZH,B,2
6k68_C:D|E,AB,C:D,3MO1,B:A,1
6k68_C:D|E,AB,C:D,3MNV,B:A,1
6k68_C:D|E,AB,C:D,3MNV,D:C,2
6mhg_B:O|E,AG,E,3VDL,A,1
6mhg_B:O|E,AG,E,3VDL,B,2
6mhg_B:O|E,AG,E,3VDL,C,3
6mhg_B:O|E,AG,E,3VDJ,A,1
6mhg_B:O|E,AG,E,3VDK,A,1
5fhc_H:L|K,AB,H:L,5FHA,H:L,1
4s1r_H:L|G,AG,G,6ONH,A,1
4s1r_H:L|G,AG,G,6ONE,A,1
5vcn_F:E|A,AG,A,3F5V,A,1
5vcn_F:E|A,AG,A,3F5V,B,2
5vcn_F:E|A,AG,A,1XKG,A,1
6att_H:L|A,AG,A,2A91,A,1
4kka_C:D|A,AG,A,3NMO,A,1
6o41_B:A|N,AG,N,2IGD,A,1
6o41_B:A|N,AG,N,1PGX,A,1
6o41_B:A|N,AG,N,2LUM,A,1
6o41_B:A|N,AG,N,1IGD,A,1
3sob_H:L|B,AG,B,4DG6,A,1
3sob_H:L|B,AG,B,3S94,A,1
3sob_H:L|B,AG,B,3S94,B,2
6o3l_A:B|E,AB,A:B,6O3K,H:L,1
6o3l_A:B|E,AB,A:B,6O3U,H:L,1
6o3l_A:B|E,AB,A:B,6O3U,B:A,2
6o3l_A:B|E,AB,A:B,6O3U,D:C,3
6o3l_A:B|E,AB,A:B,6O3U,F:E,4
3eoa_H:L|I,AB,H:L,3EO9,H:L,1
3eoa_H:L|I,AG,I,2ICA,A,1
3eoa_H:L|I,AG,I,1MJN,A,1
3eoa_H:L|I,AG,I,3F78,A,1
3eoa_H:L|I,AG,I,3F78,B,2
3eoa_H:L|I,AG,I,3F78,C,3
4q6i_H:L|C,AG,C,1CDJ,A,1
4q6i_H:L|C,AG,C,1CDY,A,1
4q6i_H:L|C,AG,C,1CDU,A,1
3nps_B:C|A,AG,A,4JZ1,A,1
3nps_B:C|A,AG,A,4IS5,A,1
3nps_B:C|A,AG,A,1EAX,A,1
3nps_B:C|A,AG,A,3NCL,A,1
3nps_B:C|A,AG,A,3P8G,A,1
3opz_J:N|C,AG,C,2AH2,A,1
3opz_J:N|C,AG,C,1S0I,A,1
3opz_J:N|C,AG,C,1MS9,A,1
3opz_J:N|C,AG,C,1MS9,B,2
3opz_J:N|C,AG,C,1S0J,A,1
1s78_F:E|B,AB,F:E,5VSH,A:B,1
1s78_F:E|B,AB,F:E,5VSH,C:D,2
1s78_F:E|B,AB,F:E,5VSH,E:F,3
1s78_F:E|B,AB,F:E,5VSH,H:L,4
1s78_F:E|B,AB,F:E,1L7I,H:L,1
1s78_F:E|B,AG,B,2A91,A,1
6edu_L:M|D:I,AB,L:M,3LMJ,H:L,1
5mp1_J:K|I,AB,J:K,4OZ4,H:L,1
5mp1_J:K|I,AB,J:K,4OZ4,A:B,2
3uaj_C:D|B,AG,B,4X42,E,3
3uaj_C:D|B,AG,B,4X42,F,4
2ltq_C:B|A,AG,A,2L0N,A,1
2ltq_C:B|A,AG,A,2L0O,A,1
2ltq_C:B|A,AG,A,2K73,A,1
2ltq_C:B|A,AG,A,2K74,A,1
6snc_B:A|C,AG,C,2NCT,A,1
6snc_B:A|C,AG,C,2NCS,A,1
4xnz_H:L|G,AG,G,6ONH,A,1
4xnz_H:L|G,AG,G,6ONE,A,1
1tjh_H:L|P,AB,H:L,2PR4,H:L,1
5vl3_H:L|Q,AB,H:L,5VKK,H:L,1
5vl3_H:L|Q,AB,H:L,5VKK,A:B,2
5vl3_H:L|Q,AG,Q,5VKJ,A,1
5vl3_H:L|Q,AG,Q,5VKM,A,1
5i5k_X:Y|A,AG,A,3HQB,A,1
5i5k_X:Y|A,AG,A,3HQB,B,2
5i5k_X:Y|A,AG,A,3HQA,A,1
5i5k_X:Y|A,AG,A,3HQA,B,2
5i5k_X:Y|A,AG,A,3CU7,A,1
5i5k_X:Y|A,AG,A,3CU7,B,2
2nyy_D:C|A,AG,A,6F0P,A,1
2nyy_D:C|A,AG,A,3BON,A,1
2nyy_D:C|A,AG,A,4EL4,A,1
2nyy_D:C|A,AG,A,3BOK,A,1
2nyy_D:C|A,AG,A,5MK6,A,1
5cus_K:O|D,AG,D,1M6B,A,1
5cus_K:O|D,AG,D,1M6B,B,2
3eo1_H:G|I,AB,H:G,3EO0,B:A,1
3eo1_H:G|I,AB,H:G,3EO0,D:C,2
1rzk_H:L|G,AB,H:L,1RZ8,B:A,1
1rzk_H:L|G,AB,H:L,1RZ8,D:C,2
3jcc_C:B|A,AB,C:B,4JY5,H:L,1
4ij3_C:B|A,AG,A,3Q6O,A,1
6ad8_E:F|B,AG,B,3NMO,A,1
6u36_H:L|B,AG,B,6U26,A,1
6u36_H:L|B,AG,B,6U26,B,2
5cbe_C:D|F,AG,F,4ZAI,A,1
3pnw_B:A|C,AG,C,5YJ8,A,1
3pnw_B:A|C,AG,C,3S6W,A,1
3pnw_B:A|C,AG,C,3PMT,A,1
6jep_H:L|E,AG,E,5OMZ,A,1
5y0a_D:E|A,AG,A,5OMZ,A,1
2hkf_H:L|P,AB,H:L,2HKH,H:L,1
6de7_D:E|B,AB,D:E,4TOY,H:L,1
4yc2_B:C|A,AB,B:C,3TNM,H:L,1
4yc2_B:C|A,AB,B:C,3TNM,A:B,2
4rfo_H:L|G,AG,G,6ONH,A,1
4rfo_H:L|G,AG,G,6ONE,A,1
4ogy_H:L|A,AB,H:L,4PUB,H:L,1
4ogy_H:L|A,AG,A,6O1S,E,1
4ogy_H:L|A,AG,A,2ANW,A,1
4ogy_H:L|A,AG,A,6I44,A,1
4ogy_H:L|A,AG,A,2ANY,A,1
4ogy_H:L|A,AG,A,5TJX,A,1
6dc5_B:C|A,AB,B:C,6DC4,H:L,1
4ene_E:F|B,AG,B,3NMO,A,1
6cdi_m:n|d,AB,m:n,4JY5,H:L,1
5w9p_D:E|B,AB,D:E,5VZR,H:L,1
5w9p_D:E|B,AB,D:E,5VZR,A:B,2
5w9p_D:E|B,AG,B,5X4R,A,1
6aru_C:B|A,AB,C:B,1YY8,B:A,1
6aru_C:B|A,AB,C:B,1YY8,D:C,2
6n1w_mn2,AB,m:n,4JY5,H:L,1
6mph_Y:a|B,AB,Y:a,4JY5,H:L,1
5hys_A:B|G,AB,A:B,4X7T,H:L,1
5hys_A:B|G,AB,A:B,4X7T,A:B,2
5hys_A:B|G,AB,A:B,2XA8,H:L,1
6plk_H:L|E,AG,E,5OMZ,A,1
2htk_C:D|A,AG,A,3NMO,A,1
2eh8_H:L|P,AB,H:L,2EH7,H:L,1
2vis_B:A|C,AB,B:A,1GIG,H:L,1
3d0l_B:A|C,AB,B:A,2PR4,H:L,1
4nm8_H:L|B:A,AB,H:L,4NM4,H:L,1
4nm8_H:L|B:A,AB,H:L,4NM4,I:M,2
4aei_H:L|A,AG,A,1AHO,A,1
4aei_H:L|A,AG,A,1PTX,A,1
1v7n_J:N|Y,AB,J:N,2ZKH,H:L,1
5mes_H:L|A,AG,A,6FS2,A,1
5mes_H:L|A,AG,A,6FS2,B,2
5mes_H:L|A,AG,A,6FS1,A,1
5mes_H:L|A,AG,A,6FS1,B,2
5mes_H:L|A,AG,A,5KU9,A,1
5mes_H:L|A,AG,A,5KU9,B,2
5i73_B:C|A,AB,B:C,5I66,A:B,1
1ic7_H:L|Y,AG,Y,6F9Z,A,1
1ic7_H:L|Y,AG,Y,6RT3,A,1
1ic7_H:L|Y,AG,Y,6ABN,A,1
1ic7_H:L|Y,AG,Y,6ADF,A,1
1ic7_H:L|Y,AG,Y,6FSJ,A,1
6did_K:E|G:J,AB,K:E,6CJK,B:A,1
6did_K:E|G:J,AB,K:E,6CJK,D:C,2
4ut9_J:N|D,AG,D,4UTC,A,1
4ut9_J:N|D,AG,D,4UTC,B,2
4tul_H:L|I,AB,H:L,4TUO,A:B,1
4tul_H:L|I,AB,H:L,4TUO,C:D,2
4tul_H:L|I,AB,H:L,4TRP,H:L,1
5u3j_H:L|A,AG,A,5NWW,A,1
5u3j_H:L|A,AG,A,5NWV,A,1
3qnz_B:A|C,AB,B:A,3QO1,B:A,1
6iut_H:L|A,AG,A,5DUT,A,1
6k5d_E:F|B,AG,B,3NMO,A,1
4l5f_H:L|E,AG,E,3IRC,A,1
2eks_B:A|C,AG,C,6F9Z,A,1
2eks_B:A|C,AG,C,6RT3,A,1
2eks_B:A|C,AG,C,6ABN,A,1
2eks_B:A|C,AG,C,6ADF,A,1
2eks_B:A|C,AG,C,6FSJ,A,1
5mp5_E:F|I,AB,E:F,4OZ4,H:L,1
5mp5_E:F|I,AB,E:F,4OZ4,A:B,2
6pz8_D:K|F,AB,D:K,6PXG,A:B,1
6pz8_D:K|F,AB,D:K,6PXG,C:D,2
6pz8_D:K|F,AB,D:K,6PXG,E:F,3
6pz8_D:K|F,AB,D:K,6PXG,H:L,4
6pz8_D:K|F,AG,F,5VYH,A,1
6pz8_D:K|F,AG,F,4L3N,A,1
6pz8_D:K|F,AG,F,4L3N,B,2
6pz8_D:K|F,AG,F,5X4R,A,1
5d1q_B:A|E,AG,E,3RUR,A,1
5d1q_B:A|E,AG,E,3RUR,B,2
5d1q_B:A|E,AG,E,3RUR,C,3
5d1q_B:A|E,AG,E,3RUR,D,4
5d1q_B:A|E,AG,E,3RTL,A,1
5d1q_B:A|E,AG,E,3RTL,B,2
5d1q_B:A|E,AG,E,3RTL,C,3
5d1q_B:A|E,AG,E,3RTL,D,4
3nfp_H:L|I,AB,H:L,3NFS,H:L,1
4jan_A:B|I,AB,A:B,4JAM,H:L,1
4jan_A:B|I,AB,A:B,4JAM,A:B,2
5ifj_D:E|F,AB,D:E,5IHZ,A:B,1
5ifj_D:E|F,AB,D:E,5IHZ,C:D,2
5ifj_D:E|F,AB,D:E,5IHZ,E:F,3
5ifj_D:E|F,AB,D:E,5IHZ,H:L,4
5hys_H:L|I,AB,H:L,4X7T,H:L,1
5hys_H:L|I,AB,H:L,4X7T,A:B,2
5hys_H:L|I,AB,H:L,2XA8,H:L,1
5bv7_C:B|A,AG,A,5TXF,A,1
5bv7_C:B|A,AG,A,5TXF,B,2
5bv7_C:B|A,AG,A,5TXF,C,3
5bv7_C:B|A,AG,A,5TXF,D,4
5bv7_C:B|A,AG,A,6MVD,A,1
5bv7_C:B|A,AG,A,6MVD,B,2
5tru_H:L|C,AB,H:L,6JC2,H:L,1
5tru_H:L|C,AG,C,1AH1,A,1
4yzf_E:F|A,AB,E:F,5A16,G:H,1
4yzf_E:F|A,AB,E:F,5A16,C:D,2
4yzf_E:F|A,AB,E:F,5A16,E:F,3
4yzf_E:F|A,AB,E:F,5A16,A:B,4
5d9q_F:E|A,AB,F:E,4JY5,H:L,1
1f90_H:L|E,AB,H:L,1S5I,H:L,1
1f90_H:L|E,AB,H:L,1F8T,H:L,1
4ki5_E:F|M,AG,M,3HOB,M,1
4ki5_E:F|M,AG,M,3HOB,A,2
4ki5_E:F|M,AG,M,3HNB,M,1
4ki5_E:F|M,AG,M,3HNY,M,1
4ki5_E:F|M,AG,M,1D7P,M,1
4z5r_Z:Y|X,AG,X,1RH2,A,1
4z5r_Z:Y|X,AG,X,1RH2,B,2
4z5r_Z:Y|X,AG,X,1RH2,C,3
4z5r_Z:Y|X,AG,X,1RH2,D,4
4z5r_Z:Y|X,AG,X,1RH2,E,5
4z5r_Z:Y|X,AG,X,1RH2,F,6
4jfx_H:L|P,AB,H:L,4JFY,B:A,1
4jfx_H:L|P,AB,H:L,4JFY,H:L,2
5l0q_C:B|A,AG,A,2AO7,A,1
5tud_F:E|D,AG,D,6DYC,A,1
5tud_F:E|D,AG,D,6DYC,B,2
5tud_F:E|D,AG,D,6DYF,A,1
5tud_F:E|D,AG,D,6DYF,B,2
6mph_X:Z|A,AB,X:Z,4JY5,H:L,1
4nco_L:K|I,AB,L:K,4JY5,H:L,1
5tfw_H:L|O,AB,H:L,5JNY,A:B,1
5tfw_H:L|O,AB,H:L,5JNY,C:D,2
5njg_E:F|A,AB,E:F,5NIV,B:A,1
5v8l_J:N|A,AB,J:N,3U1S,H:L,1
6um5_C:D|A,AB,C:D,5U15,A:B,1
6um5_C:D|A,AB,C:D,5U15,H:L,2
5ggs_C:D|Y,AG,Y,6UMU,A,1
5ggs_C:D|Y,AG,Y,6UMV,A,1
5ggs_C:D|Y,AG,Y,2M2D,A,1
5ggs_C:D|Y,AG,Y,3RRQ,A,1
4d9r_H:L|A,AG,A,5NB7,A,1
4d9r_H:L|A,AG,A,5NAW,A,1
4d9r_H:L|A,AG,A,2XW9,A,1
4d9r_H:L|A,AG,A,5NAT,A,1
4d9r_H:L|A,AG,A,5MT0,A,1
5hd8_E:F|B,AG,B,3NMO,A,1
5dur_H:L|C,AG,C,5DUT,A,1
4kk8_E:F|B,AG,B,3NMO,A,1
5w9m_B:C|A,AB,B:C,5VZR,H:L,1
5w9m_B:C|A,AB,B:C,5VZR,A:B,2
5w9m_B:C|A,AG,A,5X4R,A,1
6n1v_X:Z|A,AB,X:Z,4JY5,H:L,1
3c09_H:L|D,AB,H:L,5VSI,H:L,1
3c09_H:L|D,AB,H:L,3C08,H:L,1
3c09_H:L|D,AB,H:L,5VR9,A:B,1
3c09_H:L|D,AB,H:L,5VR9,H:L,2
6fxn_D:E|A,AB,D:E,5Y9K,H:L,1
4ydj_A:B|I,AG,I,6ONH,A,1
4ydj_A:B|I,AG,I,6ONE,A,1
2a6k_H:L|P,AB,H:L,2A6J,H:L,2
2a6k_H:L|P,AB,H:L,2A6J,B:A,3
2a6k_H:L|P,AB,H:L,5VGA,B:A,1
6hco_D:C|B,AB,D:C,5NIV,B:A,1
6hx4_H:L|B,AB,H:L,6GXX,H:L,1
6hx4_H:L|B,AG,B,3NE4,A,1
6hx4_H:L|B,AG,B,5NBV,A,1
6hx4_H:L|B,AG,B,5NBU,A,1
1tji_H:L|P,AB,H:L,2PR4,H:L,1
4etq_H:L|C,AB,H:L,4EBQ,H:L,1
4etq_H:L|C,AG,C,4E9O,X,1
4wy7_H:L|P,AB,H:L,5CIP,H:L,1
4wy7_H:L|P,AB,H:L,5CIP,A:B,2
4wy7_H:L|P,AB,H:L,4LLV,A:B,1
4wy7_H:L|P,AB,H:L,4LLV,E:F,2
4wy7_H:L|P,AB,H:L,4LLV,H:L,3
4wy7_H:L|P,AB,H:L,4LLV,C:D,4
6osy_562,AB,5:6,4JY5,H:L,1
6n1v_Y:a|B,AB,Y:a,4JY5,H:L,1
6hjp_I:J|D:C,AB,I:J,6HKG,A:B,1
6ieq_D:E|B,AB,D:E,4TOY,H:L,1
6hjp_K:L|F:E,AB,K:L,6HKG,A:B,1
5w9k_H:I|G,AB,H:I,5VZR,H:L,1
5w9k_H:I|G,AB,H:I,5VZR,A:B,2
5w9k_H:I|G,AG,G,5X4R,A,1
2exw_C:D|A,AG,A,3NMO,A,1
3s36_H:L|X,AB,H:L,3S34,H:L,1
3u9p_H:L|D,AG,D,3S26,A,1
6k5f_C:D|A,AG,A,3NMO,A,1
5ugy_I:M|C,AB,I:M,4WUK,H:L,1
5ugy_I:M|C,AG,C,6CHX,A,1
5ugy_I:M|C,AG,C,6CHX,B,2
4gxu_M:N|A,AB,M:N,4GXV,H:L,1
4gxu_M:N|A,AB,M:N,4GXV,I:M,2
6n1v_Q:R|C,AB,Q:R,5JXA,H:L,1
1yqv_H:L|Y,AG,Y,6F9Z,A,1
1yqv_H:L|Y,AG,Y,6RT3,A,1
1yqv_H:L|Y,AG,Y,6ABN,A,1
1yqv_H:L|Y,AG,Y,6ADF,A,1
1yqv_H:L|Y,AG,Y,6FSJ,A,1
6h06_H:L|I,AB,H:L,5V7U,H:L,1
5o6v_H:L|B,AG,B,1SVB,A,1
3lzf_H:L|A,AB,H:L,3QHZ,H:L,1
3lzf_H:L|A,AB,H:L,3QHZ,I:M,2
4mqx_C:D|A,AG,A,3NMO,A,1
5t3s_D:E|B,AB,D:E,4TOY,H:L,1
5o1r_H:L|A,AB,H:L,5NYX,H:L,1
5o1r_H:L|A,AB,H:L,5NYX,M:N,2
5o1r_H:L|A,AB,H:L,5NYX,O:P,3
5o1r_H:L|A,AG,A,2LFU,A,1
4ogx_H:L|A,AB,H:L,4PUB,H:L,1
4ogx_H:L|A,AG,A,6O1S,E,1
4ogx_H:L|A,AG,A,2ANW,A,1
4ogx_H:L|A,AG,A,6I44,A,1
4ogx_H:L|A,AG,A,2ANY,A,1
4ogx_H:L|A,AG,A,5TJX,A,1
2r9h_E:F|B,AG,B,3NMO,A,1
6pe8_H:L|T,AB,H:L,6PE7,H:L,1
5ggt_H:L|A,AG,A,5C3T,A,1
6mhg_J:U|E,AG,E,3VDL,A,1
6mhg_J:U|E,AG,E,3VDL,B,2
6mhg_J:U|E,AG,E,3VDL,C,3
6mhg_J:U|E,AG,E,3VDJ,A,1
6mhg_J:U|E,AG,E,3VDK,A,1
4aei_I:M|B,AG,B,1AHO,A,1
4aei_I:M|B,AG,B,1PTX,A,1
6dfj_H:L|E,AG,E,3IRC,A,1
2i9l_F:E|K,AG,K,1YPY,A,1
2i9l_F:E|K,AG,K,1YPY,B,2
6cmg_C:B|A,AG,A,6PD4,A,1
6cmg_C:B|A,AG,A,6PD4,B,2
1g7l_B:A|C,AB,B:A,1VFA,B:A,1
1g7l_B:A|C,AB,B:A,1A7R,H:L,1
1g7l_B:A|C,AB,B:A,1A7P,H:L,1
1g7l_B:A|C,AB,B:A,1A7N,H:L,1
1g7l_B:A|C,AG,C,6F9Z,A,1
1g7l_B:A|C,AG,C,6RT3,A,1
1g7l_B:A|C,AG,C,6ABN,A,1
1g7l_B:A|C,AG,C,6ADF,A,1
1g7l_B:A|C,AG,C,6FSJ,A,1
6n1w_56C,AB,5:6,4JY5,H:L,1
1v7n_K:O|Z,AB,K:O,2ZKH,H:L,1
4oly_H:L|G,AG,G,6ONH,A,1
4oly_H:L|G,AG,G,6ONE,A,1
4odx_H:B|X,AB,H:B,4OB5,H:L,1
4odx_H:B|X,AB,H:B,4LRN,H:L,1
6a78_I:M|B,AG,B,5O5I,A,1
2fx8_J:N|R,AB,J:N,5CIP,H:L,1
2fx8_J:N|R,AB,J:N,5CIP,A:B,2
2fx8_J:N|R,AB,J:N,4LLV,A:B,1
2fx8_J:N|R,AB,J:N,4LLV,E:F,2
2fx8_J:N|R,AB,J:N,4LLV,H:L,3
2fx8_J:N|R,AB,J:N,4LLV,C:D,4
3vga_C:B|A,AG,A,2YDV,A,1
3vga_C:B|A,AG,A,4UG2,A,1
3vga_C:B|A,AG,A,4UG2,B,2
3vga_C:B|A,AG,A,2YDO,A,1
3vga_C:B|A,AG,A,4UHR,A,1
6niu_I:J|A,AB,I:J,6MTY,H:L,1
6niu_I:J|A,AG,A,5OMZ,A,1
3dro_B:A|P,AB,B:A,2PR4,H:L,1
2i60_H:L|G,AB,H:L,1RZ8,B:A,1
2i60_H:L|G,AB,H:L,1RZ8,D:C,2
1u8j_B:A|C,AB,B:A,2PR4,H:L,1
3jbq_H:L|F,AG,F,3JWQ,A,1
3jbq_H:L|F,AG,F,3JWQ,B,2
3jbq_H:L|F,AG,F,3JWQ,C,3
3jbq_H:L|F,AG,F,3JWQ,D,4
4c2i_H:L|C,AG,C,3IRC,A,1
5y11_A:B|C,AG,C,5Y10,C,1
1mlc_B:A|E,AB,B:A,1MLB,B:A,1
1mlc_B:A|E,AG,E,6F9Z,A,1
1mlc_B:A|E,AG,E,6RT3,A,1
1mlc_B:A|E,AG,E,6ABN,A,1
1mlc_B:A|E,AG,E,6ADF,A,1
1mlc_B:A|E,AG,E,6FSJ,A,1
6ada_C:D|A,AG,A,3NMO,A,1
6mhg_H:L|E,AG,E,3VDL,A,1
6mhg_H:L|E,AG,E,3VDL,B,2
6mhg_H:L|E,AG,E,3VDL,C,3
6mhg_H:L|E,AG,E,3VDJ,A,1
6mhg_H:L|E,AG,E,3VDK,A,1
6o3b_G:E|H,AG,H,5T44,A,1
6o3b_G:E|H,AG,H,5T44,B,3
3u9u_A:B|F,AG,F,2AHX,A,1
3u9u_A:B|F,AG,F,2AHX,B,2
3u9u_A:B|F,AG,F,3U2P,A,1
4u0r_B:C|A,AG,A,4WAT,A,1
2adf_H:L|A,AG,A,1AO3,A,1
2adf_H:L|A,AG,A,1AO3,B,2
2adf_H:L|A,AG,A,1ATZ,A,1
2adf_H:L|A,AG,A,1ATZ,B,2
2ny1_D:C|A,AB,D:C,1RZ8,B:A,1
2ny1_D:C|A,AB,D:C,1RZ8,D:C,2
5mp1_F:G|E,AB,F:G,4OZ4,H:L,1
5mp1_F:G|E,AB,F:G,4OZ4,A:B,2
1u8n_B:A|C,AB,B:A,2PR4,H:L,1
4yk4_C:B|A,AG,A,6CHX,A,1
4yk4_C:B|A,AG,A,6CHX,B,2
5yy5_H:L|A,AG,A,4L3N,A,1
5yy5_H:L|A,AG,A,4L3N,B,2
6i8s_G:K|C,AG,C,4G8R,A,1
6i8s_G:K|C,AG,C,4G8R,B,2
6i8s_G:K|C,AG,C,1DVN,A,1
6i8s_G:K|C,AG,C,1LJ5,A,1
6i8s_G:K|C,AG,C,3CVM,A,1
6i8s_G:K|C,AG,C,3CVM,B,2
4s1s_H:L|G,AG,G,6ONH,A,1
4s1s_H:L|G,AG,G,6ONE,A,1
4kk5_E:F|B,AG,B,3NMO,A,1
3l5w_B:A|J,AB,B:A,3L7E,H:L,1
3l5w_B:A|J,AB,B:A,3L7E,B:A,2
3l5w_B:A|J,AG,J,1GA3,A,1
5ywy_H:L|A,AB,H:L,5YFI,H:L,1
4lou_C:D|A,AG,A,3NMO,A,1
2ht3_C:D|A,AG,A,3NMO,A,1
6cxg_H:L|A,AB,H:L,3OAZ,H:K,1
6cxg_H:L|A,AB,H:L,3OAZ,M:L,2
6k5i_E:F|B,AG,B,3NMO,A,1
6pzz_K:J|D,AB,K:J,6PZG,H:L,1
5vzy_H:L|A,AB,H:L,5VZX,H:L,2
5vzy_H:L|A,AB,H:L,5VZX,E:I,3
2ht3_E:F|B,AG,B,3NMO,A,1
6j5f_H:L|A,AG,A,1SVB,A,1
5hj3_M:N|L:K,AB,M:N,3INU,H:L,1
5hj3_M:N|L:K,AB,M:N,3INU,M:N,2
6iec_J:K|I,AG,I,5Y0Y,A,1
6iec_J:K|I,AG,I,5Y0W,A,1
6iec_J:K|I,AG,I,6F8P,A,1
2i9l_D:C|J,AG,J,1YPY,A,1
2i9l_D:C|J,AG,J,1YPY,B,2
3jwo_H:L|A,AB,H:L,1RZ7,H:L,1
5d9q_H:L|G,AB,H:L,4JY5,H:L,1
6bpe_E:F|D,AG,D,5W53,A,1
6bpe_E:F|D,AG,D,5W53,B,2
2otu_D:C|Q,AB,D:C,2GSG,B:A,1
2otu_D:C|Q,AB,D:C,2GSG,D:C,2
4ttd_C:D|B,AG,B,6F9Z,A,1
4ttd_C:D|B,AG,B,6RT3,A,1
4ttd_C:D|B,AG,B,6ABN,A,1
4ttd_C:D|B,AG,B,6ADF,A,1
4ttd_C:D|B,AG,B,6FSJ,A,1
4c2i_M:N|A,AG,A,3IRC,A,1
6plk_I:M|F,AG,F,5OMZ,A,1
4gxu_W:X|K,AB,W:X,4GXV,H:L,1
4gxu_W:X|K,AB,W:X,4GXV,I:M,2
1otu_E:F|B,AG,B,3NMO,A,1
4om1_H:L|G,AG,G,6ONH,A,1
4om1_H:L|G,AG,G,6ONE,A,1
1pz5_B:A|C,AB,B:A,1M7I,B:A,1
1pz5_B:A|C,AB,B:A,1M7D,B:A,1
1pz5_B:A|C,AB,B:A,1M71,B:A,1
4yzf_K:L|D,AB,K:L,5A16,G:H,1
4yzf_K:L|D,AB,K:L,5A16,C:D,2
4yzf_K:L|D,AB,K:L,5A16,E:F,3
4yzf_K:L|D,AB,K:L,5A16,A:B,4
5ggv_H:L|Y,AB,H:L,5GGU,H:L,1
5ggv_H:L|Y,AB,H:L,5GGU,A:B,2
5ggv_H:L|Y,AG,Y,1AH1,A,1
6mg7_H:L|G,AG,G,6ONH,A,1
6mg7_H:L|G,AG,G,6ONE,A,1
2ez0_C:D|A,AG,A,3NMO,A,1
6avr_H:L|B:A,AB,H:L,5OPY,H:L,1
4gxu_U:V|I,AB,U:V,4GXV,H:L,1
4gxu_U:V|I,AB,U:V,4GXV,I:M,2
5esz_A:B|C,AB,A:B,3TCL,H:L,1
5esz_A:B|C,AB,A:B,3TCL,A:B,2
4xzu_E:F|G,AG,G,3HOB,M,1
4xzu_E:F|G,AG,G,3HOB,A,2
4xzu_E:F|G,AG,G,3HNB,M,1
4xzu_E:F|G,AG,G,3HNY,M,1
4xzu_E:F|G,AG,G,1D7P,M,1
5aum_A:B|D,AG,D,6JJU,A,1
5aum_A:B|D,AG,D,5ZTF,A,1
6i8s_F:J|B,AG,B,4G8R,A,1
6i8s_F:J|B,AG,B,4G8R,B,2
6i8s_F:J|B,AG,B,1DVN,A,1
6i8s_F:J|B,AG,B,1LJ5,A,1
6i8s_F:J|B,AG,B,3CVM,A,1
6i8s_F:J|B,AG,B,3CVM,B,2
6ea5_M:N|B:C:D,AB,M:N,6DZN,H:L,1
6um6_K:L|I,AB,K:L,5TQA,H:L,1
6um6_K:L|I,AB,K:L,5TQA,A:B,2
4kkb_C:D|A,AG,A,3NMO,A,1
1e6j_H:L|P,AB,H:L,1E6O,H:L,1
4u6h_A:B|E,AG,E,1YPY,A,1
4u6h_A:B|E,AG,E,1YPY,B,2
6mek_F:E|C,AB,F:E,6MEG,H:L,1
3mob_H:L|P,AB,H:L,2PR4,H:L,1
6muf_D:E|B,AB,D:E,4TOY,H:L,1
1bgx_H:L|T,AB,H:L,1AY1,H:L,1
1bgx_H:L|T,AG,T,5KTQ,A,1
4leo_A:B|C,AG,C,1M6B,A,1
4leo_A:B|C,AG,C,1M6B,B,2
2oqj_B:A|C,AB,B:A,3OAZ,H:K,1
2oqj_B:A|C,AB,B:A,3OAZ,M:L,2
4q6i_B:A|K,AG,K,1CDJ,A,1
4q6i_B:A|K,AG,K,1CDY,A,1
4q6i_B:A|K,AG,K,1CDU,A,1
6a0z_H:L|A,AB,H:L,6A0X,A:B,1
6a0z_H:L|A,AB,H:L,6A0X,C:D,2
6a0z_H:L|A,AB,H:L,6A0X,E:F,3
6a0z_H:L|A,AB,H:L,6A0X,G:H,4
6e63_H:L|P,AB,H:L,6E65,H:L,1
5xj3_J:K|L,AB,J:K,6JC2,H:L,1
5xj3_J:K|L,AG,L,1AH1,A,1
4wv1_B:A|C,AG,C,3DAR,A,1
4wv1_B:A|C,AG,C,3DAR,B,2
4wv1_B:A|C,AG,C,3CAF,A,2
4wv1_B:A|C,AG,C,3EUU,A,1
4wv1_B:A|C,AG,C,3EUU,B,2
1xct_D:C|Q:M,AB,D:C,1NLB,H:L,1
4xvt_H:L|G,AG,G,6ONH,A,1
4xvt_H:L|G,AG,G,6ONE,A,1
6cuf_m:n|d,AB,m:n,4JY5,H:L,1
1fbi_H:L|X,AG,X,1HHL,A,1
1c08_B:A|C,AG,C,6F9Z,A,1
1c08_B:A|C,AG,C,6RT3,A,1
1c08_B:A|C,AG,C,6ABN,A,1
1c08_B:A|C,AG,C,6ADF,A,1
1c08_B:A|C,AG,C,6FSJ,A,1
6a4k_I:M|B,AB,I:M,6JP7,H:L,1
6a4k_I:M|B,AG,B,3UYW,A,1
6a4k_I:M|B,AG,B,3UYW,B,2
6a4k_I:M|B,AG,B,3UYW,C,3
6a4k_I:M|B,AG,B,3UYW,D,4
6a4k_I:M|B,AG,B,3UYX,A,1
6a4k_I:M|B,AG,B,3UYX,B,2
5w9j_B:C|A,AB,B:C,5VZR,H:L,1
5w9j_B:C|A,AB,B:C,5VZR,A:B,2
5w9j_B:C|A,AG,A,5X4R,A,1
4utb_I:M|B,AG,B,4UTC,A,1
4utb_I:M|B,AG,B,4UTC,B,2
4m7l_H:L|T,AB,H:L,4M7K,H:L,1
4m7l_H:L|T,AG,T,1TFH,A,1
4m7l_H:L|T,AG,T,1TFH,B,2
5ggr_H:L|Z,AB,H:L,5GGQ,H:L,1
5ggr_H:L|Z,AG,Z,6UMU,A,1
5ggr_H:L|Z,AG,Z,6UMV,A,1
5ggr_H:L|Z,AG,Z,2M2D,A,1
5ggr_H:L|Z,AG,Z,3RRQ,A,1
1nl0_H:L|G,AB,H:L,3D69,B:A,1
1nl0_H:L|G,AB,H:L,3D69,H:L,2
1nl0_H:L|G,AG,G,1CFI,A,1
1nl0_H:L|G,AG,G,1MGX,A,1
3lhp_H:L|S,AB,H:L,5CIP,H:L,1
3lhp_H:L|S,AB,H:L,5CIP,A:B,2
3lhp_H:L|S,AB,H:L,4LLV,A:B,1
3lhp_H:L|S,AB,H:L,4LLV,E:F,2
3lhp_H:L|S,AB,H:L,4LLV,H:L,3
3lhp_H:L|S,AB,H:L,4LLV,C:D,4
6ad7_C:D|A,AG,A,3NMO,A,1
5hd8_C:D|A,AG,A,3NMO,A,1
5y2l_I:J|B:A,AB,I:J,6J9O,H:L,1
4ki5_C:D|M,AG,M,3HOB,M,1
4ki5_C:D|M,AG,M,3HOB,A,2
4ki5_C:D|M,AG,M,3HNB,M,1
4ki5_C:D|M,AG,M,3HNY,M,1
4ki5_C:D|M,AG,M,1D7P,M,1
6s3t_R:Q|B,AB,R:Q,6RNN,H:L,1
6s3t_R:Q|B,AB,R:Q,6RNN,D:C,2
6s3t_R:Q|B,AG,B,6RUX,A,1
6s3t_R:Q|B,AG,B,6RUX,B,2
6s3t_R:Q|B,AG,B,6RUX,C,3
6s3t_R:Q|B,AG,B,6RQG,A,1
6s3t_R:Q|B,AG,B,6RQG,B,2
6s3t_R:Q|B,AG,B,6RQG,C,3
5v6l_I:M|Q,AG,Q,1CE4,A,1
1mhp_H:L|A,AG,A,1CK4,A,1
1mhp_H:L|A,AG,A,1CK4,B,2
6mhg_F:R|E,AG,E,3VDL,A,1
6mhg_F:R|E,AG,E,3VDL,B,2
6mhg_F:R|E,AG,E,3VDL,C,3
6mhg_F:R|E,AG,E,3VDJ,A,1
6mhg_F:R|E,AG,E,3VDK,A,1
4jo1_H:L|P,AG,P,1CE4,A,1
6pi7_C:B|A,AG,A,3FDR,A,1
6pi7_C:B|A,AG,A,5J39,A,1
6pi7_C:B|A,AG,A,5J39,B,2
5hdq_H:L|A,AG,A,4K3V,A,1
5hdq_H:L|A,AG,A,4K3V,B,2
5hdq_H:L|A,AG,A,4NNO,A,1
6mpg_562,AB,5:6,4JY5,H:L,1
4m8q_A:B|S,AB,A:B,4OB5,H:L,1
4m8q_A:B|S,AB,A:B,4LRN,H:L,1
6ayz_B:D|A,AG,A,1ROC,A,1
6ayz_B:D|A,AG,A,2IDC,A,1
6ayz_B:D|A,AG,A,1WG3,A,1
6niu_H:L|Z,AB,H:L,6MTY,H:L,1
6niu_H:L|Z,AG,Z,5OMZ,A,1
1ahw_E:D|F,AB,E:D,1FGN,H:L,1
1ahw_E:D|F,AG,F,1TFH,A,1
1ahw_E:D|F,AG,F,1TFH,B,2
5gzo_C:D|B,AG,B,5OMZ,A,1
3lqa_H:L|G:C,AB,H:L,3LMJ,H:L,1
6e63_B:C|A,AB,B:C,6E65,H:L,1
3lh2_K:O|V,AB,K:O,5CIP,H:L,1
3lh2_K:O|V,AB,K:O,5CIP,A:B,2
3lh2_K:O|V,AB,K:O,4LLV,A:B,1
3lh2_K:O|V,AB,K:O,4LLV,E:F,2
3lh2_K:O|V,AB,K:O,4LLV,H:L,3
3lh2_K:O|V,AB,K:O,4LLV,C:D,4
6fxn_O:P|L,AB,O:P,5Y9K,H:L,1
4ydk_H:L|G,AG,G,6ONH,A,1
4ydk_H:L|G,AG,G,6ONE,A,1
4kjq_E:F|B,AG,B,3NMO,A,1
5zxv_C:D|B,AG,B,4L3N,A,1
5zxv_C:D|B,AG,B,4L3N,B,2
6o3a_B:A|E,AG,E,5T44,A,1
6o3a_B:A|E,AG,E,5T44,B,3
5nhr_A:B|D,AB,A:B,5NHW,H:L,1
6cm3_M:L|F,AB,M:L,1RZ8,B:A,1
6cm3_M:L|F,AB,M:L,1RZ8,D:C,2
5w3p_H:L|P,AB,H:L,3MCL,H:L,1
6bpc_B:C|A,AB,B:C,6BPB,A:B,1
6bpc_B:C|A,AG,A,5W53,A,1
6bpc_B:C|A,AG,A,5W53,B,2
5u1f_H:L|D:A:C,AB,H:L,3U1S,H:L,1
4kkc_E:F|B,AG,B,3NMO,A,1
6cbv_H:L|B,AG,B,6GT3,A,1
6cbv_H:L|B,AG,B,5MZJ,A,1
6cbv_H:L|B,AG,B,6PS7,A,1
2i5y_R:Q|P,AB,R:Q,1RZ8,B:A,1
2i5y_R:Q|P,AB,R:Q,1RZ8,D:C,2
6osy_C:D|B,AB,C:D,4JY5,H:L,1
6oge_E:D|A,AB,E:D,6BI2,H:L,1
6oge_E:D|A,AB,E:D,6BI2,I:M,2
6oge_E:D|A,AB,E:D,5TDN,B:A,1
6oge_E:D|A,AB,E:D,5TDN,D:C,2
6oge_E:D|A,AB,E:D,5TDO,B:A,1
6oge_E:D|A,AB,E:D,5TDO,D:C,2
6oge_E:D|A,AG,A,2A91,A,1
6a79_H:L|A,AG,A,5O5I,A,1
3idj_B:A|C,AB,B:A,2PR4,H:L,1
2h2s_C:D|A,AG,A,3NMO,A,1
1xgr_B:A|C,AB,B:A,1DQQ,B:A,1
1xgr_B:A|C,AB,B:A,1DQQ,D:C,2
1xgr_B:A|C,AB,B:A,1DQM,H:L,1
1xgr_B:A|C,AG,C,6F9Z,A,1
1xgr_B:A|C,AG,C,6RT3,A,1
1xgr_B:A|C,AG,C,6ABN,A,1
1xgr_B:A|C,AG,C,6ADF,A,1
1xgr_B:A|C,AG,C,6FSJ,A,1
6snd_H:L|P,AG,P,2NCT,A,1
6snd_H:L|P,AG,P,2NCS,A,1
6o3b_B:A|C,AG,C,5T44,A,1
6o3b_B:A|C,AG,C,5T44,B,3
6iec_H:L|A,AG,A,5Y0Y,A,1
6iec_H:L|A,AG,A,5Y0W,A,1
6iec_H:L|A,AG,A,6F8P,A,1
1i9r_K:M|B,AB,K:M,6BJZ,H:L,1
2or9_I:M|P,AB,I:M,2ORB,H:L,1
2or9_I:M|P,AB,I:M,2ORB,I:M,2
4s1q_H:L|G,AG,G,6ONH,A,1
4s1q_H:L|G,AG,G,6ONE,A,1
6j11_F:G|B,AG,B,5VYH,A,1
6j11_F:G|B,AG,B,5X4R,A,1
5f9w_B:C|A,AG,A,6ONH,A,1
5f9w_B:C|A,AG,A,6ONE,A,1
6h0e_C:D|G,AB,C:D,5V7U,H:L,1
1ymh_D:C|F,AB,D:C,1NLB,H:L,1
5i6x_B:C|A,AB,B:C,5I66,A:B,1
4g6f_H:L|P,AB,H:L,5JNY,A:B,1
4g6f_H:L|P,AB,H:L,5JNY,C:D,2
4g6f_H:L|P,AG,P,5NWW,A,1
4g6f_H:L|P,AG,P,5NWV,A,1
3uaj_H:L|A,AG,A,4X42,E,3
3uaj_H:L|A,AG,A,4X42,F,4
6h3u_I:M|A,AG,A,6H3S,B,1
6h3u_I:M|A,AG,A,6H3S,A,2
4h88_H:L|A,AG,A,2L1H,A,1
4h88_H:L|A,AG,A,2L39,A,1
4h88_H:L|A,AG,A,2KU5,A,1
4rrp_I:C|O,AG,O,1ROC,A,1
4rrp_I:C|O,AG,O,2IDC,A,1
4rrp_I:C|O,AG,O,1WG3,A,1
5b8c_B:A|C,AG,C,6UMU,A,1
5b8c_B:A|C,AG,C,6UMV,A,1
5b8c_B:A|C,AG,C,2M2D,A,1
5b8c_B:A|C,AG,C,3RRQ,A,1
6mek_B:D|A,AB,B:D,6MED,A:B,1
6mek_B:D|A,AB,B:D,6MED,C:D,2
6mek_B:D|A,AB,B:D,6MED,G:I,3
6okp_Q:R|F,AB,Q:R,6OKQ,A:B,1
6okp_Q:R|F,AB,Q:R,6OKQ,D:C,2
6okp_Q:R|F,AB,Q:R,6OKQ,F:E,3
5dum_H:L|A,AG,A,5DUT,A,1
6orn_A:B|G,AB,A:B,4FQ2,H:L,1
6mco_D:E|B,AB,D:E,4TOY,H:L,1
6o3j_H:L|G,AB,H:L,6O3D,H:L,1
6iek_B:C|A,AG,A,5Y0Y,A,1
6iek_B:C|A,AG,A,5Y0W,A,1
6iek_B:C|A,AG,A,6F8P,A,1
2dqi_H:L|Y,AG,Y,6F9Z,A,1
2dqi_H:L|Y,AG,Y,6RT3,A,1
2dqi_H:L|Y,AG,Y,6ABN,A,1
2dqi_H:L|Y,AG,Y,6ADF,A,1
2dqi_H:L|Y,AG,Y,6FSJ,A,1
4rrp_J:D|P,AG,P,1ROC,A,1
4rrp_J:D|P,AG,P,2IDC,A,1
4rrp_J:D|P,AG,P,1WG3,A,1
6pzz_I:G|C,AB,I:G,6PZG,H:L,1
5vl7_H:L|B,AG,B,6U26,A,1
5vl7_H:L|B,AG,B,6U26,B,2
5vl7_H:L|B,AG,B,2P4E,P,1
5vl7_H:L|B,AG,B,2P4E,A,2
5csz_H:L|D,AG,D,2LP1,A,1
6fxn_F:G|B,AB,F:G,5Y9K,H:L,1
2y5t_A:B|E:G:F,AB,A:B,2VL5,A:B,1
2y5t_A:B|E:G:F,AB,A:B,2VL5,C:D,2
5w9n_E:F|D,AB,E:F,5VZR,H:L,1
5w9n_E:F|D,AB,E:F,5VZR,A:B,2
5w9n_E:F|D,AG,D,5X4R,A,1
3kr3_H:L|D,AG,D,5L3L,A,1
3kr3_H:L|D,AG,D,1IGL,A,1
5t5b_A:B|O,AB,A:B,5JNY,A:B,1
5t5b_A:B|O,AB,A:B,5JNY,C:D,2
4xaw_H:L|P,AB,H:L,5CIP,H:L,1
4xaw_H:L|P,AB,H:L,5CIP,A:B,2
4xaw_H:L|P,AB,H:L,4LLV,A:B,1
4xaw_H:L|P,AB,H:L,4LLV,E:F,2
4xaw_H:L|P,AB,H:L,4LLV,H:L,3
4xaw_H:L|P,AB,H:L,4LLV,C:D,4
3hmx_H:L|A,AB,H:L,3HMW,H:L,1
3hmx_H:L|A,AG,A,1F42,A,1
3bn9_D:C|B,AG,B,4JZ1,A,1
3bn9_D:C|B,AG,B,4IS5,A,1
3bn9_D:C|B,AG,B,1EAX,A,1
3bn9_D:C|B,AG,B,3NCL,A,1
3bn9_D:C|B,AG,B,3P8G,A,1
5gzo_H:L|A,AG,A,5OMZ,A,1
6qex_C:B|A,AB,C:B,5JUE,H:L,1
6qex_C:B|A,AG,A,6C0V,A,1
3csy_G:H|P:O,AB,G:H,3INU,H:L,1
3csy_G:H|P:O,AB,G:H,3INU,M:N,2
2nz9_D:C|A,AB,D:C,2GCY,B:A,1
2nz9_D:C|A,AG,A,6F0P,A,1
2nz9_D:C|A,AG,A,3BON,A,1
2nz9_D:C|A,AG,A,4EL4,A,1
2nz9_D:C|A,AG,A,3BOK,A,1
2nz9_D:C|A,AG,A,5MK6,A,1
6e4y_H:L|P,AG,P,6U26,A,1
6e4y_H:L|P,AG,P,6U26,B,2
6e4y_H:L|P,AG,P,2P4E,P,1
6e4y_H:L|P,AG,P,2P4E,A,2
2xzq_H:L|P,AB,H:L,1A6V,H:L,1
2xzq_H:L|P,AB,H:L,1A6V,I:M,2
2xzq_H:L|P,AB,H:L,1A6V,J:N,3
2xzq_H:L|P,AB,H:L,1OAQ,H:L,1
4qti_H:L|U,AB,H:L,4QTH,H:L,1
4qti_H:L|U,AB,H:L,4QTH,A:B,2
4qti_H:L|U,AG,U,3U74,U,1
3iyw_H:L|A,AB,H:L,3N9G,H:L,1
3iyw_H:L|A,AG,A,2I69,A,1
3iyw_H:L|A,AG,A,2HG0,A,1
3iyw_H:L|A,AG,A,2P5P,A,1
3iyw_H:L|A,AG,A,2P5P,B,2
3iyw_H:L|A,AG,A,2P5P,C,3
6iap_H:L|A,AG,A,1OLL,A,1
6iap_H:L|A,AG,A,1P6F,A,1
2fx9_H:L|P,AB,H:L,5CIP,H:L,1
2fx9_H:L|P,AB,H:L,5CIP,A:B,2
2fx9_H:L|P,AB,H:L,4LLV,A:B,1
2fx9_H:L|P,AB,H:L,4LLV,E:F,2
2fx9_H:L|P,AB,H:L,4LLV,H:L,3
2fx9_H:L|P,AB,H:L,4LLV,C:D,4
4nnp_H:L|A,AG,A,4K3V,A,1
4nnp_H:L|A,AG,A,4K3V,B,2
4nnp_H:L|A,AG,A,4NNO,A,1
3ggw_B:A|E,AB,B:A,3BZ4,B:A,1
3ggw_B:A|E,AB,B:A,3BZ4,D:C,2
3ggw_B:A|E,AB,B:A,3BZ4,F:E,3
3ggw_B:A|E,AB,B:A,3BZ4,H:G,4
3ggw_B:A|E,AB,B:A,3C6S,B:A,1
3ggw_B:A|E,AB,B:A,3C6S,D:C,2
3ggw_B:A|E,AB,B:A,3C6S,F:E,3
3ggw_B:A|E,AB,B:A,3C6S,H:G,4
4gms_J:N|E,AB,J:N,4GMT,H:L,1
4gms_J:N|E,AB,J:N,4GMT,I:M,2
6cue_M:N|C,AB,M:N,4JY5,H:L,1
6pzw_J:G|B,AB,J:G,6PZH,H:L,1
6pzw_J:G|B,AB,J:G,6PZH,B:A,2
6dzv_B:C|A,AB,B:C,6D9G,A:B,1
6dzv_B:C|A,AB,B:C,6D9G,C:D,2
6e5p_S:T|C,AB,S:T,3OAZ,H:K,1
6e5p_S:T|C,AB,S:T,3OAZ,M:L,2
3wsq_H:L|A,AG,A,2A91,A,1
5kn5_D:E|F,AG,F,2TGF,A,1
5kn5_D:E|F,AG,F,4TGF,A,1
5kn5_D:E|F,AG,F,3TGF,A,1
5xf1_H:L|B,AG,B,5V7E,A,1
5xf1_H:L|B,AG,B,5JWV,A,1
5xf1_H:L|B,AG,B,5LWO,A,1
5xf1_H:L|B,AG,B,5XPF,A,1
5xf1_H:L|B,AG,B,5JWT,A,1
5cba_A:B|E,AG,E,4ZAI,A,1
2ez0_E:F|B,AG,B,3NMO,A,1
4fqv_J:N|D:C,AB,J:N,4FQH,H:L,1
4fqv_J:N|D:C,AB,J:N,4FQH,A:B,2
3idn_B:A|C,AB,B:A,2PR4,H:L,1
6jfh_K:I|A,AG,A,5OMZ,A,1
6feq_D:C|B,AB,D:C,5NIV,B:A,1
4xmk_H:L|P,AB,H:L,4XML,H:L,1
4hkx_A:B|E,AG,E,6CHX,A,1
4hkx_A:B|E,AG,E,6CHX,B,2
5vco_B:A|F,AB,B:A,4POZ,D:C,1
5vco_B:A|F,AG,F,3F5V,A,1
5vco_B:A|F,AG,F,3F5V,B,2
5vco_B:A|F,AG,F,1XKG,A,1
6jep_K:I|F,AG,F,5OMZ,A,1
4rgn_B:C|A,AG,A,3GP7,A,1
4rgn_B:C|A,AG,A,3GP7,B,2
4rgn_B:C|A,AG,A,1GOZ,A,1
4rgn_B:C|A,AG,A,1GOZ,B,2
4rgn_B:C|A,AG,A,3SEB,A,1
4rgn_B:C|A,AG,A,1SE4,A,1
2a6i_B:A|P,AB,B:A,2A6J,H:L,2
2a6i_B:A|P,AB,B:A,2A6J,B:A,3
2a6i_B:A|P,AB,B:A,5VGA,B:A,1
4fqr_m:n|M,AB,m:n,4FNL,H:L,1
4fqr_m:n|M,AB,m:n,4FNL,I:M,2
4rrp_G:A|M,AG,M,1ROC,A,1
4rrp_G:A|M,AG,M,2IDC,A,1
4rrp_G:A|M,AG,M,1WG3,A,1
5b8c_E:D|F,AG,F,6UMU,A,1
5b8c_E:D|F,AG,F,6UMV,A,1
5b8c_E:D|F,AG,F,2M2D,A,1
5b8c_E:D|F,AG,F,3RRQ,A,1
4ala_H:L|C,AG,C,3VTT,A,1
4ala_H:L|C,AG,C,3VTT,B,2
6mco_H:L|G,AB,H:L,5CEY,B:A,1
6mco_H:L|G,AB,H:L,5CEY,D:C,2
6mco_H:L|G,AB,H:L,4R26,H:L,1
3ejy_C:D|A,AG,A,3NMO,A,1
5aco_G:J|C,AB,G:J,6B3D,H:L,1
4ene_C:D|A,AG,A,3NMO,A,1
2ny2_D:C|A,AB,D:C,1RZ8,B:A,1
2ny2_D:C|A,AB,D:C,1RZ8,D:C,2
4g3y_H:L|C,AB,H:L,5VH3,H:L,1
4g3y_H:L|C,AB,H:L,5VH3,A:B,2
4g3y_H:L|C,AB,H:L,6UGS,H:L,1
4g3y_H:L|C,AB,H:L,6UGS,A:B,2
4g3y_H:L|C,AB,H:L,5VH4,H:L,1
4g3y_H:L|C,AB,H:L,5VH4,A:B,2
1xcq_F:E|P:N,AB,F:E,1NLB,H:L,1
6mdt_D:E|B,AB,D:E,4TOY,H:L,1
5b3j_H:L|D,AG,D,3JPW,A,1
5b3j_H:L|D,AG,D,3JPY,A,1
5w23_I:M|B,AB,I:M,5W24,H:L,1
5aco_H:L|A,AB,H:L,6B3D,H:L,1
2q8a_H:L|A,AG,A,4R19,A,1
2q8a_H:L|A,AG,A,4R19,B,2
2q8a_H:L|A,AG,A,4R1B,A,1
2r6p_D:E|A,AG,A,2JSF,A,1
6niu_F:G|B,AB,F:G,6MTY,H:L,1
6niu_F:G|B,AG,B,5OMZ,A,1
6d2p_H:L|C,AG,C,5IDL,A,1
5iq7_H:L|P,AB,H:L,5JNY,A:B,1
5iq7_H:L|P,AB,H:L,5JNY,C:D,2
5iq7_H:L|P,AG,P,5NWW,A,1
5iq7_H:L|P,AG,P,5NWV,A,1
6svl_A:B|C,AG,C,6O6W,A,1
6svl_A:B|C,AG,C,6SVK,A,1
6svl_A:B|C,AG,C,6SVK,B,2
5mp1_H:L|A,AB,H:L,4OZ4,H:L,1
5mp1_H:L|A,AB,H:L,4OZ4,A:B,2
3eo1_K:J|L,AB,K:J,3EO0,B:A,1
3eo1_K:J|L,AB,K:J,3EO0,D:C,2
4r0l_H:L|D,AB,H:L,4LCI,H:L,1
2r9h_C:D|A,AG,A,3NMO,A,1
5wux_C:D|G,AB,C:D,5WUV,H:L,1
2wub_R:Q|C,AG,C,1YBW,A,1
2wub_R:Q|C,AG,C,1YBW,B,2
3qa3_K:J|L,AG,L,4XW2,A,1
3qa3_K:J|L,AG,L,1NA5,A,1
3qa3_K:J|L,AG,L,1IDO,A,1
3qa3_K:J|L,AG,L,1JLM,A,1
3qa3_K:J|L,AG,L,1MF7,A,1
1n64_H:L|P,AB,H:L,1NLB,H:L,1
2fx7_H:L|P,AB,H:L,5CIP,H:L,1
2fx7_H:L|P,AB,H:L,5CIP,A:B,2
2fx7_H:L|P,AB,H:L,4LLV,A:B,1
2fx7_H:L|P,AB,H:L,4LLV,E:F,2
2fx7_H:L|P,AB,H:L,4LLV,H:L,3
2fx7_H:L|P,AB,H:L,4LLV,C:D,4
6h3t_H:L|A,AG,A,6H3S,B,1
6h3t_H:L|A,AG,A,6H3S,A,2
6jjp_D:E|F,AG,F,6UMV,A,1
6jjp_D:E|F,AG,F,2M2D,A,1
6jjp_D:E|F,AG,F,3RRQ,A,1
6bfq_H:L|K,AG,K,2GMF,A,1
6bfq_H:L|K,AG,K,2GMF,B,2
2otw_D:C|F,AB,D:C,2GSG,B:A,1
2otw_D:C|F,AB,D:C,2GSG,D:C,2
6j15_H:L|D,AG,D,6UMV,A,1
6j15_H:L|D,AG,D,2M2D,A,1
6j15_H:L|D,AG,D,3RRQ,A,1
4jpw_H:L|G,AG,G,6ONH,A,1
4jpw_H:L|G,AG,G,6ONE,A,1
6q0o_Z:B|A,AG,A,6CHX,A,1
6q0o_Z:B|A,AG,A,6CHX,B,2
4nnp_X:Y|B,AG,B,4K3V,A,1
4nnp_X:Y|B,AG,B,4K3V,B,2
4nnp_X:Y|B,AG,B,4NNO,A,1
1kcs_H:L|P,AB,H:L,1KCV,H:L,1
1a2y_B:A|C,AB,B:A,1VFA,B:A,1
1a2y_B:A|C,AB,B:A,1A7R,H:L,1
1a2y_B:A|C,AB,B:A,1A7P,H:L,1
1a2y_B:A|C,AB,B:A,1A7N,H:L,1
1a2y_B:A|C,AG,C,6F9Z,A,1
1a2y_B:A|C,AG,C,6RT3,A,1
1a2y_B:A|C,AG,C,6ABN,A,1
1a2y_B:A|C,AG,C,6ADF,A,1
1a2y_B:A|C,AG,C,6FSJ,A,1
6mhg_I:T|E,AG,E,3VDL,A,1
6mhg_I:T|E,AG,E,3VDL,B,2
6mhg_I:T|E,AG,E,3VDL,C,3
6mhg_I:T|E,AG,E,3VDJ,A,1
6mhg_I:T|E,AG,E,3VDK,A,1
4xnz_E:F|D,AG,D,6ONH,A,1
4xnz_E:F|D,AG,D,6ONE,A,1
4dgi_H:L|A,AG,A,3HAK,A,1
4dgi_H:L|A,AG,A,3HEQ,A,2
4dgi_H:L|A,AG,A,3HEQ,B,3
4dgi_H:L|A,AG,A,3HER,A,2
4dgi_H:L|A,AG,A,3HER,B,3
1pkq_B:A|E,AG,E,3CSP,A,1
1pkq_B:A|E,AG,E,1PKO,A,1
1yym_H:L|G,AB,H:L,1RZ8,B:A,1
1yym_H:L|G,AB,H:L,1RZ8,D:C,2
5vcn_D:C|B,AG,B,3F5V,A,1
5vcn_D:C|B,AG,B,3F5V,B,2
5vcn_D:C|B,AG,B,1XKG,A,1
1nby_B:A|C,AB,B:A,1DQQ,B:A,1
1nby_B:A|C,AB,B:A,1DQQ,D:C,2
1nby_B:A|C,AB,B:A,1DQM,H:L,1
1nby_B:A|C,AG,C,6F9Z,A,1
1nby_B:A|C,AG,C,6RT3,A,1
1nby_B:A|C,AG,C,6ABN,A,1
1nby_B:A|C,AG,C,6ADF,A,1
1nby_B:A|C,AG,C,6FSJ,A,1
3o2d_H:L|A,AG,A,1CDJ,A,1
3o2d_H:L|A,AG,A,1CDY,A,1
3o2d_H:L|A,AG,A,1CDU,A,1
5grj_H:L|A,AB,H:L,4NKI,H:L,1
5grj_H:L|A,AG,A,5C3T,A,1
4z5r_K:J|D,AG,D,1RH2,A,1
4z5r_K:J|D,AG,D,1RH2,B,2
4z5r_K:J|D,AG,D,1RH2,C,3
4z5r_K:J|D,AG,D,1RH2,D,4
4z5r_K:J|D,AG,D,1RH2,E,5
4z5r_K:J|D,AG,D,1RH2,F,6
6apd_F:G|C,AB,F:G,6DC4,H:L,1
5igx_H:L|G,AG,G,5FA2,A,1
5igx_H:L|G,AG,G,5FA2,B,2
1hh6_B:A|C,AB,B:A,1CFQ,B:A,1
5t3z_H:L|G,AB,H:L,4FQ2,H:L,1
1g7m_B:A|C,AB,B:A,1VFA,B:A,1
1g7m_B:A|C,AB,B:A,1A7R,H:L,1
1g7m_B:A|C,AB,B:A,1A7P,H:L,1
1g7m_B:A|C,AB,B:A,1A7N,H:L,1
1g7m_B:A|C,AG,C,6F9Z,A,1
1g7m_B:A|C,AG,C,6RT3,A,1
1g7m_B:A|C,AG,C,6ABN,A,1
1g7m_B:A|C,AG,C,6ADF,A,1
1g7m_B:A|C,AG,C,6FSJ,A,1
5wk3_W:V|D,AB,W:V,5WK2,H:L,1
2oqj_H:G|I,AB,H:G,3OAZ,H:K,1
2oqj_H:G|I,AB,H:G,3OAZ,M:L,2
6fy1_H:L|G,AG,G,6CMX,A,1
1g9m_H:L|G,AB,H:L,1RZ8,B:A,1
1g9m_H:L|G,AB,H:L,1RZ8,D:C,2
3pnw_K:J|L,AG,L,5YJ8,A,1
3pnw_K:J|L,AG,L,3S6W,A,1
3pnw_K:J|L,AG,L,3PMT,A,1
6rcv_J:I|F,AB,J:I,6RCS,A:B,1
6rcv_J:I|F,AG,F,4WAT,A,1
4nhh_O:Q|C,AG,C,3DJ9,A,1
4nhh_O:Q|C,AG,C,4B53,A,1
4nhh_O:Q|C,AG,C,4B53,B,2
3h3p_I:M|T,AB,I:M,5CIP,H:L,1
3h3p_I:M|T,AB,I:M,5CIP,A:B,2
3h3p_I:M|T,AB,I:M,4LLV,A:B,1
3h3p_I:M|T,AB,I:M,4LLV,E:F,2
3h3p_I:M|T,AB,I:M,4LLV,H:L,3
3h3p_I:M|T,AB,I:M,4LLV,C:D,4
4ris_H:L|P,AB,H:L,4RIR,H:L,1
4ris_H:L|P,AB,H:L,4RIR,A:B,2
4ris_H:L|P,AB,H:L,4HQQ,H:L,1
4ut9_H:L|A,AG,A,4UTC,A,1
4ut9_H:L|A,AG,A,4UTC,B,2
1fe8_H:L|A,AG,A,1AO3,A,1
1fe8_H:L|A,AG,A,1AO3,B,2
1fe8_H:L|A,AG,A,1ATZ,A,1
1fe8_H:L|A,AG,A,1ATZ,B,2
3d0v_B:A|C,AB,B:A,2PR4,H:L,1
6mfp_C:D|A,AB,C:D,6MFJ,H:L,1
6mfp_C:D|A,AB,C:D,6MFJ,A:B,2
6mfp_C:D|A,AG,A,6ONH,A,1
6mfp_C:D|A,AG,A,6ONE,A,1
6ml8_H:L|A,AB,H:L,4FNL,H:L,1
6ml8_H:L|A,AB,H:L,4FNL,I:M,2
6n7j_H:L|C,AB,H:L,6N7U,A:B,1
3eo1_E:D|F,AB,E:D,3EO0,B:A,1
3eo1_E:D|F,AB,E:D,3EO0,D:C,2
2h2p_C:D|A,AG,A,3NMO,A,1
5vl3_C:D|S,AB,C:D,5VKK,H:L,1
5vl3_C:D|S,AB,C:D,5VKK,A:B,2
5vl3_C:D|S,AG,S,5VKJ,A,1
5vl3_C:D|S,AG,S,5VKM,A,1
6did_D:C|F:I,AB,D:C,6CJK,B:A,1
6did_D:C|F:I,AB,D:C,6CJK,D:C,2
4kk6_E:F|B,AG,B,3NMO,A,1
5fec_H:L|I,AB,H:L,5F7E,H:L,1
5fec_H:L|I,AG,I,5FA2,A,1
5fec_H:L|I,AG,I,5FA2,B,2
3jbq_h:l|B,AG,B,3JWQ,A,1
3jbq_h:l|B,AG,B,3JWQ,B,2
3jbq_h:l|B,AG,B,3JWQ,C,3
3jbq_h:l|B,AG,B,3JWQ,D,4
5thr_N:K|E,AB,N:K,1RZ8,B:A,1
5thr_N:K|E,AB,N:K,1RZ8,D:C,2
3w2d_H:L|A,AG,A,3GP7,A,1
3w2d_H:L|A,AG,A,3GP7,B,2
3w2d_H:L|A,AG,A,1GOZ,A,1
3w2d_H:L|A,AG,A,1GOZ,B,2
3w2d_H:L|A,AG,A,3SEB,A,1
3w2d_H:L|A,AG,A,1SE4,A,1
6u0n_H:L|A,AB,H:L,1RZF,H:L,1
4kjw_C:D|A,AG,A,3NMO,A,1
6svl_G:I|J,AG,J,6O6W,A,1
6svl_G:I|J,AG,J,6SVK,A,1
6svl_G:I|J,AG,J,6SVK,B,2
4fqi_H:L|B:A,AB,H:L,4FQH,H:L,1
4fqi_H:L|B:A,AB,H:L,4FQH,A:B,2
5vjo_A:B|E,AG,E,6D9I,A,1
5vjo_A:B|E,AG,E,6D9I,B,2
5vjo_A:B|E,AG,E,5V8G,A,1
4gxu_S:T|G,AB,S:T,4GXV,H:L,1
4gxu_S:T|G,AB,S:T,4GXV,I:M,2
4hkz_B:A|H:E,AB,B:A,6BI2,H:L,1
4hkz_B:A|H:E,AB,B:A,6BI2,I:M,2
4hkz_B:A|H:E,AB,B:A,5TDN,B:A,1
4hkz_B:A|H:E,AB,B:A,5TDN,D:C,2
4hkz_B:A|H:E,AB,B:A,5TDO,B:A,1
4hkz_B:A|H:E,AB,B:A,5TDO,D:C,2
1n8z_B:A|C,AB,B:A,6BI2,H:L,1
1n8z_B:A|C,AB,B:A,6BI2,I:M,2
1n8z_B:A|C,AB,B:A,5TDN,B:A,1
1n8z_B:A|C,AB,B:A,5TDN,D:C,2
1n8z_B:A|C,AB,B:A,5TDO,B:A,1
1n8z_B:A|C,AB,B:A,5TDO,D:C,2
1n8z_B:A|C,AG,C,2A91,A,1
6dzm_I:K|E:B,AB,I:K,6DZN,H:L,1
3opz_H:L|A,AG,A,2AH2,A,1
3opz_H:L|A,AG,A,1S0I,A,1
3opz_H:L|A,AG,A,1MS9,A,1
3opz_H:L|A,AG,A,1MS9,B,2
3opz_H:L|A,AG,A,1S0J,A,1
6qee_C:B|A,AB,C:B,5JUE,H:L,1
6iec_C:D|B,AG,B,5Y0Y,A,1
6iec_C:D|B,AG,B,5Y0W,A,1
6iec_C:D|B,AG,B,6F8P,A,1
5c0n_C:D|B,AG,B,1G7N,A,1
1g7h_B:A|C,AB,B:A,1VFA,B:A,1
1g7h_B:A|C,AB,B:A,1A7R,H:L,1
1g7h_B:A|C,AB,B:A,1A7P,H:L,1
1g7h_B:A|C,AB,B:A,1A7N,H:L,1
1g7h_B:A|C,AG,C,6F9Z,A,1
1g7h_B:A|C,AG,C,6RT3,A,1
1g7h_B:A|C,AG,C,6ABN,A,1
1g7h_B:A|C,AG,C,6ADF,A,1
1g7h_B:A|C,AG,C,6FSJ,A,1
5wt9_H:L|G,AB,H:L,5GGQ,H:L,1
5wt9_H:L|G,AG,G,6UMU,A,1
5wt9_H:L|G,AG,G,6UMV,A,1
5wt9_H:L|G,AG,G,2M2D,A,1
5wt9_H:L|G,AG,G,3RRQ,A,1
4nco_D:C|A,AB,D:C,4JY5,H:L,1
4ydl_B:C|A,AG,A,6ONH,A,1
4ydl_B:C|A,AG,A,6ONE,A,1
4dqo_H:L|C,AB,H:L,3MUG,B:A,1
4dqo_H:L|C,AB,H:L,3MUG,D:C,2
4dqo_H:L|C,AB,H:L,3MUG,H:G,3
4dqo_H:L|C,AB,H:L,3MUG,J:I,4
4dqo_H:L|C,AB,H:L,3MUG,L:K,5
4dqo_H:L|C,AB,H:L,3MUG,F:E,6
4dqo_H:L|C,AB,H:L,3LRS,H:L,1
4dqo_H:L|C,AB,H:L,3LRS,A:B,2
4dqo_H:L|C,AB,H:L,3LRS,C:D,3
4dqo_H:L|C,AB,H:L,3LRS,E:F,4
4dqo_H:L|C,AG,C,6CMX,A,1
6ce0_D:E|B,AB,D:E,4TOY,H:L,1
4k9e_H:L|C,AG,C,2EC8,A,1
3sge_H:L|K,AB,H:L,3SGD,H:L,1
3sge_H:L|K,AB,H:L,3SGD,J:I,2
6r8x_C:B|A,AG,A,5EXN,A,1
6r8x_C:B|A,AG,A,4CRC,A,1
6r8x_C:B|A,AG,A,5TKS,A,1
6r8x_C:B|A,AG,A,4D7F,A,1
5ush_D:E|A,AG,A,4E9O,X,1
5ukr_H:L|G,AB,H:L,5UKQ,H:L,1
3pnw_Q:P|R,AG,R,5YJ8,A,1
3pnw_Q:P|R,AG,R,3S6W,A,1
3pnw_Q:P|R,AG,R,3PMT,A,1
1mlc_D:C|F,AB,D:C,1MLB,B:A,1
6ayz_R:C|M,AG,M,1ROC,A,1
6ayz_R:C|M,AG,M,2IDC,A,1
6ayz_R:C|M,AG,M,1WG3,A,1
6mph_M:N|C,AB,M:N,4JY5,H:L,1
4zto_H:L|P,AB,H:L,4ZTP,H:L,1
4zto_H:L|P,AG,P,3TGQ,A,1
4zto_H:L|P,AG,P,3TGQ,B,2
4zto_H:L|P,AG,P,3TGQ,C,3
4zto_H:L|P,AG,P,3TGQ,D,4
4g6j_H:L|A,AB,H:L,4G5Z,H:L,1
4g6j_H:L|A,AB,H:L,5BVJ,B:A,1
4g6j_H:L|A,AB,H:L,5BVJ,D:C,2
4g6j_H:L|A,AB,H:L,5BVJ,F:E,3
4g6j_H:L|A,AB,H:L,5BVJ,H:G,4
4g6j_H:L|A,AG,A,31BI,A,1
4g6j_H:L|A,AG,A,4I1B,A,1
4g6j_H:L|A,AG,A,21BI,A,1
4g6j_H:L|A,AG,A,2NVH,A,1
4g6j_H:L|A,AG,A,1L2H,A,1
2qad_D:C|A,AB,D:C,1RZG,A:B,1
2qad_D:C|A,AB,D:C,1RZG,C:D,2
5th9_I:M|B,AG,B,6ESM,A,1
5th9_I:M|B,AG,B,5I12,A,1
5th9_I:M|B,AG,B,4H1Q,A,1
5th9_I:M|B,AG,B,4H1Q,B,2
5th9_I:M|B,AG,B,4XCT,A,1
5usl_H:L|X,AG,X,4E9O,X,1
6e5p_H:L|A,AB,H:L,3OAZ,H:K,1
6e5p_H:L|A,AB,H:L,3OAZ,M:L,2
3a6b_H:L|Y,AG,Y,6F9Z,A,1
3a6b_H:L|Y,AG,Y,6RT3,A,1
3a6b_H:L|Y,AG,Y,6ABN,A,1
3a6b_H:L|Y,AG,Y,6ADF,A,1
3a6b_H:L|Y,AG,Y,6FSJ,A,1
5eii_A:B|I,AG,I,1ROC,A,1
5eii_A:B|I,AG,I,2IDC,A,1
5eii_A:B|I,AG,I,1WG3,A,1
4zso_D:C|F,AG,F,3PV7,A,1
3jab_H:L|C,AB,H:L,12E8,H:L,1
3jab_H:L|C,AB,H:L,12E8,P:M,2
3jab_H:L|C,AG,C,3JWQ,A,1
3jab_H:L|C,AG,C,3JWQ,B,2
3jab_H:L|C,AG,C,3JWQ,C,3
3jab_H:L|C,AG,C,3JWQ,D,4
4kk9_C:D|A,AG,A,3NMO,A,1
2dqf_B:A|C,AG,C,6F9Z,A,1
2dqf_B:A|C,AG,C,6RT3,A,1
2dqf_B:A|C,AG,C,6ABN,A,1
2dqf_B:A|C,AG,C,6ADF,A,1
2dqf_B:A|C,AG,C,6FSJ,A,1
2hfg_H:L|R,AB,H:L,2HFF,B:A,1
2hfg_H:L|R,AB,H:L,2HFF,H:L,2
6cue_782,AB,7:8,5JXA,H:L,1
4ybl_B:C|A,AB,B:C,3TNM,H:L,1
4ybl_B:C|A,AB,B:C,3TNM,A:B,2
3ld8_C:B|A,AG,A,6MEV,A,1
3ld8_C:B|A,AG,A,6MEV,B,2
3ld8_C:B|A,AG,A,6MEV,C,3
3ld8_C:B|A,AG,A,6MEV,D,4
3ld8_C:B|A,AG,A,6MEV,E,5
3ld8_C:B|A,AG,A,6MEV,F,6
3ld8_C:B|A,AG,A,6MEV,G,7
3ld8_C:B|A,AG,A,6MEV,H,8
4jan_H:L|G,AB,H:L,4JAM,H:L,1
4jan_H:L|G,AB,H:L,4JAM,A:B,2
6dc5_E:F|D,AB,E:F,6DC4,H:L,1
5d71_H:L|A,AG,A,2GMF,A,1
5d71_H:L|A,AG,A,2GMF,B,2
3mxw_H:L|A,AB,H:L,3MXV,H:L,1
3mxw_H:L|A,AG,A,3M1N,A,1
3mxw_H:L|A,AG,A,3M1N,B,2
3mxw_H:L|A,AG,A,4C4M,A,1
3mxw_H:L|A,AG,A,6PJV,A,1
3mxw_H:L|A,AG,A,1VHH,A,1
2ck0_H:L|P,AB,H:L,1CK0,H:L,1
5w6d_D:E|B,AB,D:E,4TOY,H:L,1
1p4b_H:L|P,AB,H:L,1P4I,H:L,1
4f15_E:F|D,AG,D,3UYW,A,1
4f15_E:F|D,AG,D,3UYW,B,2
4f15_E:F|D,AG,D,3UYW,C,3
4f15_E:F|D,AG,D,3UYW,D,4
5bk2_C:D|B,AG,B,6K7E,A,1
5bk2_C:D|B,AG,B,6QGD,A,1
5bk2_C:D|B,AG,B,6N84,A,1
6jfi_K:I|A,AG,A,5OMZ,A,1
6fy1_Y:Z|X,AG,X,6CMX,A,1
3hi6_H:L|A,AB,H:L,3HI5,H:L,1
3hi6_H:L|A,AG,A,2ICA,A,1
3hi6_H:L|A,AG,A,1MJN,A,1
3hi6_H:L|A,AG,A,3F78,A,1
3hi6_H:L|A,AG,A,3F78,B,2
3hi6_H:L|A,AG,A,3F78,C,3
6ch8_D:E|B,AB,D:E,4TOY,H:L,1
2fee_J:O|A,AG,A,3NMO,A,1
3sge_J:I|M,AB,J:I,3SGD,H:L,1
3sge_J:I|M,AB,J:I,3SGD,J:I,2
1u93_B:A|C,AB,B:A,2PR4,H:L,1
4i18_H:L|C,AG,C,2LFG,A,1
1v7n_I:M|X,AB,I:M,2ZKH,H:L,1
3zkn_H:L|A,AG,A,3ZKG,A,1
3zkn_H:L|A,AG,A,3ZKG,B,2
3zkn_H:L|A,AG,A,3ZKI,A,1
3zkn_H:L|A,AG,A,3ZKI,B,2
3zkn_H:L|A,AG,A,2EWY,A,1
3zkn_H:L|A,AG,A,2EWY,B,2
3zkn_H:L|A,AG,A,2EWY,C,3
3zkn_H:L|A,AG,A,2EWY,D,4
4hg4_N:O|C,AG,C,3QQI,A,1
4hg4_N:O|C,AG,C,3QQI,B,2
6nf2_S:T|Q,AB,S:T,4JY5,H:L,1
6jfi_H:L|E,AG,E,5OMZ,A,1
6d0u_C:D|B,AB,C:D,4FNL,H:L,1
6d0u_C:D|B,AB,C:D,4FNL,I:M,2
3d9a_H:L|C,AG,C,6F9Z,A,1
3d9a_H:L|C,AG,C,6F2I,A,1
3d9a_H:L|C,AG,C,6F9X,A,1
3d9a_H:L|C,AG,C,6GNL,A,1
3d9a_H:L|C,AG,C,6HY8,A,1
5vig_H:L|Z,AG,Z,5OMZ,A,1
3ulv_H:L|A,AB,H:L,3NAA,H:L,1
3ulv_H:L|A,AB,H:L,3NAC,H:L,1
3ulv_H:L|A,AB,H:L,3NCJ,H:L,1
3ulv_H:L|A,AB,H:L,3NA9,H:L,1
3ulv_H:L|A,AB,H:L,3NAB,H:L,1
3ulv_H:L|A,AG,A,2A0Z,A,1
3ulv_H:L|A,AG,A,1ZIW,A,1
4nco_H:G|E,AB,H:G,4JY5,H:L,1
4d3c_H:L|A,AG,A,3HMS,A,1
4d3c_H:L|A,AG,A,3SP8,A,2
4d3c_H:L|A,AG,A,3SP8,B,3
4py8_I:J|B:A,AB,I:J,4PY7,I:J,1
4py8_I:J|B:A,AB,I:J,4PY7,A:B,2
4xx1_M:O|J,AG,J,5TXF,A,1
4xx1_M:O|J,AG,J,5TXF,B,2
4xx1_M:O|J,AG,J,5TXF,C,3
4xx1_M:O|J,AG,J,5TXF,D,4
4xx1_M:O|J,AG,J,6MVD,A,1
4xx1_M:O|J,AG,J,6MVD,B,2
6jfh_M:N|C,AG,C,5OMZ,A,1
2otu_B:A|P,AB,B:A,2GSG,B:A,1
2otu_B:A|P,AB,B:A,2GSG,D:C,2
5wdu_T:S|Q,AB,T:S,4JY5,H:L,1
3ixx_G:H|A,AG,A,2I69,A,1
3ixx_G:H|A,AG,A,2HG0,A,1
3ixx_G:H|A,AG,A,2P5P,A,1
3ixx_G:H|A,AG,A,2P5P,B,2
3ixx_G:H|A,AG,A,2P5P,C,3
5vkd_H:L|A,AG,A,5DSD,A,1
1hh9_B:A|C,AB,B:A,1CFQ,B:A,1
6k5i_C:D|A,AG,A,3NMO,A,1
5njg_C:D|B,AB,C:D,5NIV,B:A,1
5y0a_F:G|B,AG,B,5OMZ,A,1
6mdt_H:L|G,AB,H:L,5CEY,B:A,1
6mdt_H:L|G,AB,H:L,5CEY,D:C,2
6mdt_H:L|G,AB,H:L,4R26,H:L,1
6ccb_D:E|C,AB,D:E,4FQ2,H:L,1
6b0n_D:E|G,AB,D:E,6AVN,H:L,1
2exw_E:F|B,AG,B,3NMO,A,1
5i8h_G:H|D,AB,G:H,5I8E,A:B,1
5i8h_G:H|D,AB,G:H,5I8E,C:D,2
6ad8_C:D|A,AG,A,3NMO,A,1
6dzl_H:K|E:B:F,AB,H:K,6DZN,H:L,1
5ig7_A:B|C,AB,A:B,5IHZ,A:B,1
5ig7_A:B|C,AB,A:B,5IHZ,C:D,2
5ig7_A:B|C,AB,A:B,5IHZ,E:F,3
5ig7_A:B|C,AB,A:B,5IHZ,H:L,4
3a6c_H:L|Y,AG,Y,6F9Z,A,1
3a6c_H:L|Y,AG,Y,6F2I,A,1
3a6c_H:L|Y,AG,Y,6F9X,A,1
3a6c_H:L|Y,AG,Y,6GNL,A,1
3a6c_H:L|Y,AG,Y,6HY8,A,1
3idm_B:A|C,AB,B:A,2PR4,H:L,1
5xf1_C:D|A,AG,A,5JWV,A,1
5xf1_C:D|A,AG,A,5KHZ,A,1
5xf1_C:D|A,AG,A,5KIO,A,1
5xf1_C:D|A,AG,A,5V7F,A,1
5xf1_C:D|A,AG,A,5G27,A,1
2yss_B:A|C,AG,C,6F9Z,A,1
2yss_B:A|C,AG,C,6F2I,A,1
2yss_B:A|C,AG,C,6F9X,A,1
2yss_B:A|C,AG,C,6GNL,A,1
2yss_B:A|C,AG,C,6HY8,A,1
5uea_H:L|D,AG,D,1ROC,A,1
5uea_H:L|D,AG,D,2IDC,A,1
5uea_H:L|D,AG,D,1WG3,A,1
3p0y_H:L|A,AB,H:L,3P0V,H:L,1
3p0y_H:L|A,AB,H:L,3P0V,I:M,2
6u0l_I:J|B,AB,I:J,1RZF,H:L,1
3q3g_D:C|G,AG,G,4XW2,A,1
3q3g_D:C|G,AG,G,1NA5,A,1
3q3g_D:C|G,AG,G,1IDO,A,1
3q3g_D:C|G,AG,G,1JLM,A,1
3q3g_D:C|G,AG,G,1MF7,A,1
1z3g_I:M|B,AG,B,1Z27,A,1
5kvf_H:L|E,AG,E,5OMZ,A,1
6o3g_E:F|G,AB,E:F,6O3D,H:L,1
6fxn_H:I|C,AB,H:I,5Y9K,H:L,1
5w9o_H:I|G,AB,H:I,5VZR,H:L,1
5w9o_H:I|G,AB,H:I,5VZR,A:B,2
5w9o_H:I|G,AG,G,5X4R,A,1
3wlw_C:D|A,AG,A,2A91,A,1
5e8d_H:L|A,AB,H:L,5AZ2,H:L,1
5i8h_I:J|A,AB,I:J,4JY5,H:L,1
5ush_H:L|X,AG,X,4E9O,X,1
4fqy_H:L|B:A,AB,H:L,4FQH,H:L,1
4fqy_H:L|B:A,AB,H:L,4FQH,A:B,2
5h32_I:M|C,AG,C,5OMZ,A,1
4lsu_H:L|G,AG,G,6P9N,A,1
4lsu_H:L|G,AG,G,6ONE,A,1
4lsu_H:L|G,AG,G,6ONV,A,1
4lsu_H:L|G,AG,G,6ONH,A,1
4lsu_H:L|G,AG,G,6ONF,A,1
5mo9_H:L|X,AG,X,1WWB,X,1
3kj4_H:L|A,AG,A,5O0M,A,1
3kj4_H:L|A,AG,A,5O0M,B,2
3kj4_H:L|A,AG,A,5O0P,A,1
3kj4_H:L|A,AG,A,5O0P,B,2
5w9p_F:G|J,AB,F:G,5VZR,H:L,1
5w9p_F:G|J,AB,F:G,5VZR,A:B,2
5w9p_F:G|J,AG,J,5X4R,A,1
1xgq_B:A|C,AB,B:A,1DQQ,B:A,1
1xgq_B:A|C,AB,B:A,1DQQ,D:C,2
1xgq_B:A|C,AB,B:A,1DQM,H:L,1
1xgq_B:A|C,AG,C,6F9Z,A,1
1xgq_B:A|C,AG,C,6F2I,A,1
1xgq_B:A|C,AG,C,6F9X,A,1
1xgq_B:A|C,AG,C,6GNL,A,1
1xgq_B:A|C,AG,C,6HY8,A,1
5i5k_H:L|B,AG,B,3HQB,A,1
5i5k_H:L|B,AG,B,3HQB,B,2
5i5k_H:L|B,AG,B,3HQA,A,1
5i5k_H:L|B,AG,B,3HQA,B,2
5i5k_H:L|B,AG,B,3CU7,A,1
5i5k_H:L|B,AG,B,3CU7,B,2
5v7j_D:E|B,AB,D:E,4TOY,H:L,1
6oc3_C:D|E,AG,E,6CHX,A,1
6oc3_C:D|E,AG,E,6CHX,B,2
2osl_H:L|P,AB,H:L,4KAQ,H:L,1
3wlw_H:L|B,AG,B,2A91,A,1
6okp_K:L|E,AB,K:L,4FQ2,H:L,1
5jxe_G:F|A,AG,A,6UMU,A,1
5jxe_G:F|A,AG,A,6UMV,A,1
5jxe_G:F|A,AG,A,2M2D,A,1
5jxe_G:F|A,AG,A,3RRQ,A,1
3eo1_B:A|C,AB,B:A,3EO0,B:A,1
3eo1_B:A|C,AB,B:A,3EO0,D:C,2
2htl_E:F|B,AG,B,3NMO,A,1
6s3t_D:C|S,AB,D:C,6RNN,H:L,1
6s3t_D:C|S,AB,D:C,6RNN,D:C,2
6s3t_D:C|S,AG,S,6RUX,A,1
6s3t_D:C|S,AG,S,6RUX,B,2
6s3t_D:C|S,AG,S,6RUX,C,3
6s3t_D:C|S,AG,S,6RQG,A,1
6s3t_D:C|S,AG,S,6RQG,B,2
6s3t_D:C|S,AG,S,6RQG,C,3
4nhh_M:K|B,AG,B,3DJ9,A,1
4nhh_M:K|B,AG,B,4B53,A,1
4nhh_M:K|B,AG,B,4B53,B,2
2w9e_H:L|A,AB,H:L,2W9D,H:L,1
2w9e_H:L|A,AG,A,3HAK,A,1
2w9e_H:L|A,AG,A,3HEQ,A,2
2w9e_H:L|A,AG,A,3HEQ,B,3
2w9e_H:L|A,AG,A,3HER,A,2
2w9e_H:L|A,AG,A,3HER,B,3
4ttd_H:L|A,AG,A,6F9Z,A,1
4ttd_H:L|A,AG,A,6F2I,A,1
4ttd_H:L|A,AG,A,6F9X,A,1
4ttd_H:L|A,AG,A,6GNL,A,1
4ttd_H:L|A,AG,A,6HY8,A,1
6eyo_H:L|A,AB,H:L,6EYN,H:L,1
6eyo_H:L|A,AB,H:L,6EYN,B:A,2
6eyo_H:L|A,AB,H:L,6EYN,D:C,3
2f5b_H:L|P,AB,H:L,2PR4,H:L,1
5utz_F:G|E,AG,E,4NEJ,A,1
5utz_F:G|E,AG,E,1M48,A,1
5utz_F:G|E,AG,E,1M48,B,2
5utz_F:G|E,AG,E,1M47,A,1
5utz_F:G|E,AG,E,4NEM,A,1
3qa3_D:C|G,AG,G,4XW2,A,1
3qa3_D:C|G,AG,G,1NA5,A,1
3qa3_D:C|G,AG,G,1IDO,A,1
3qa3_D:C|G,AG,G,1JLM,A,1
3qa3_D:C|G,AG,G,1MF7,A,1
6bpe_H:I|G,AG,G,5W53,A,1
6bpe_H:I|G,AG,G,5W53,B,2
5vn3_M:O|J,AB,M:O,1RZ8,B:A,1
5vn3_M:O|J,AB,M:O,1RZ8,D:C,2
6feq_F:E|A,AB,F:E,5NIV,B:A,1
3mod_H:L|P,AB,H:L,2PR4,H:L,1
1hi6_B:A|C,AB,B:A,1CFQ,B:A,1
5d1z_D:C|I,AG,I,2MOQ,A,1
5cus_I:M|B,AG,B,1M6B,A,1
5cus_I:M|B,AG,B,1M6B,B,2
1u8m_B:A|C,AB,B:A,2PR4,H:L,1
4tuk_H:L|I,AB,H:L,4TUO,A:B,1
4tuk_H:L|I,AB,H:L,4TUO,C:D,2
4tuk_H:L|I,AB,H:L,4TRP,H:L,1
4hg4_J:K|A,AG,A,3QQI,A,1
4hg4_J:K|A,AG,A,3QQI,B,2
4g7v_H:L|S,AG,S,3V0G,A,1
4g7v_H:L|S,AG,S,3V0G,B,2
4g7v_H:L|S,AG,S,3V0G,C,3
4g7v_H:L|S,AG,S,3V0G,D,4
4g7v_H:L|S,AG,S,3V0D,A,1
4g7v_H:L|S,AG,S,3V0D,B,2
4g7v_H:L|S,AG,S,3V0F,A,1
4g7v_H:L|S,AG,S,3V0F,B,2
5occ_H:L|A,AG,A,2FCB,A,1
5fcu_H:L|G,AB,H:L,4RFE,H:L,1
5fcu_H:L|G,AB,H:L,4RFE,A:B,2
5fcu_H:L|G,AB,H:L,4RFE,C:D,3
5fcu_H:L|G,AB,H:L,4RFE,E:F,4
6k68_F:G|I,AB,F:G,3MO1,B:A,1
6k68_F:G|I,AB,F:G,3MNV,B:A,1
6k68_F:G|I,AB,F:G,3MNV,D:C,2
2b2x_H:L|A,AG,A,1CK4,A,1
2b2x_H:L|A,AG,A,1CK4,B,2
2b2x_H:L|A,AG,A,5HGJ,A,1
2b2x_H:L|A,AG,A,5HGJ,B,2
6ot1_Q:R|P,AB,Q:R,4JY5,H:L,1
4u1g_E:F|D,AG,D,4WAT,A,1
5t3x_H:L|G,AB,H:L,4FQ2,H:L,1
5wux_A:B|F,AB,A:B,5WUV,H:L,1
6mb3_B:M|E,AG,E,3VDL,A,1
6mb3_B:M|E,AG,E,3VDL,B,2
6mb3_B:M|E,AG,E,3VDL,C,3
6mb3_B:M|E,AG,E,3VDJ,A,1
6mb3_B:M|E,AG,E,3VDK,A,1
2vxq_H:L|A,AG,A,1WHP,A,1
6fy2_X:Y|Z,AG,Z,6CMX,A,1
2mpa_H:L|P,AB,H:L,1MNU,H:L,1
5bv7_H:L|A,AG,A,5TXF,A,1
5bv7_H:L|A,AG,A,5TXF,B,2
5bv7_H:L|A,AG,A,5TXF,C,3
5bv7_H:L|A,AG,A,5TXF,D,4
5bv7_H:L|A,AG,A,6MVD,A,1
5bv7_H:L|A,AG,A,6MVD,B,2
6ieb_H:L|A,AG,A,5Y0Y,A,1
6ieb_H:L|A,AG,A,5Y0W,A,1
6ieb_H:L|A,AG,A,6F8P,A,1
6n1w_Q:R|c,AB,Q:R,5JXA,H:L,1
4hcr_M:N|B,AG,B,1BQS,A,1
4hcr_M:N|B,AG,B,1GSM,A,1
4hcr_M:N|B,AG,B,4HD9,A,1
6adb_C:D|A,AG,A,3NMO,A,1
3l5x_H:L|A,AB,H:L,3L7F,H:L,1
3l5x_H:L|A,AB,H:L,3L7F,B:A,2
3l5x_H:L|A,AB,H:L,3L7F,E:D,3
3l5x_H:L|A,AG,A,1GA3,A,1
5xj4_H:L|A,AG,A,5C3T,A,1
5te6_H:L|G,AG,G,6P9N,A,1
5te6_H:L|G,AG,G,6ONE,A,1
5te6_H:L|G,AG,G,6ONV,A,1
5te6_H:L|G,AG,G,6ONH,A,1
5te6_H:L|G,AG,G,6ONF,A,1
6nf2_E:F|G,AB,E:F,4JY5,H:L,1
5wdu_C:B|G,AB,C:B,4JY5,H:L,1
6mb3_C:N|E,AG,E,3VDL,A,1
6mb3_C:N|E,AG,E,3VDL,B,2
6mb3_C:N|E,AG,E,3VDL,C,3
6mb3_C:N|E,AG,E,3VDJ,A,1
6mb3_C:N|E,AG,E,3VDK,A,1
4yc2_H:L|G,AB,H:L,3TNM,H:L,1
4yc2_H:L|G,AB,H:L,3TNM,A:B,2
6rcv_H:G|F,AB,H:G,6RCQ,A:B,1
6rcv_H:G|F,AG,F,4WAT,A,1
4pp1_D:C|B,AG,B,3F5V,A,1
4pp1_D:C|B,AG,B,3F5V,B,2
4pp1_D:C|B,AG,B,1XKG,A,1
4jo3_I:M|Q,AB,I:M,4JO4,H:L,1
4jo3_I:M|Q,AB,I:M,4JO4,I:M,2
4jo3_I:M|Q,AG,Q,1CE4,A,1
1xcq_D:C|Q:M,AB,D:C,1NLB,H:L,1
4nzt_H:L|M,AB,H:L,4FQH,H:L,1
4nzt_H:L|M,AB,H:L,4FQH,A:B,2
6pi7_F:E|D,AG,D,3FDR,A,1
6pi7_F:E|D,AG,D,5J39,A,1
6pi7_F:E|D,AG,D,5J39,B,2
2fec_I:L|B,AG,B,3NMO,A,1
5aum_H:L|C,AG,C,6JJU,A,1
5aum_H:L|C,AG,C,5ZTF,A,1
5tud_C:B|A,AG,A,5YO4,A,1
5tud_C:B|A,AG,A,6DYC,A,1
5tud_C:B|A,AG,A,6DYC,B,2
5tud_C:B|A,AG,A,6DYF,A,1
5tud_C:B|A,AG,A,6DYF,B,2
5w9k_B:C|A,AB,B:C,5VZR,H:L,1
5w9k_B:C|A,AB,B:C,5VZR,A:B,2
5w9k_B:C|A,AG,A,5X4R,A,1
4rgn_D:E|A,AG,A,3GP7,A,1
4rgn_D:E|A,AG,A,3GP7,B,2
4rgn_D:E|A,AG,A,1GOZ,A,1
4rgn_D:E|A,AG,A,1GOZ,B,2
4rgn_D:E|A,AG,A,3SEB,A,1
4rgn_D:E|A,AG,A,1SE4,A,1
5xcv_A:B|C,AG,C,6JJU,A,1
5xcv_A:B|C,AG,C,5ZTF,A,1
6bfs_H:L|C,AG,C,2GMF,A,1
6bfs_H:L|C,AG,C,2GMF,B,2
5bk2_H:L|A,AG,A,6K7E,A,1
5bk2_H:L|A,AG,A,6QGD,A,1
5bk2_H:L|A,AG,A,6N84,A,1
2eiz_B:A|C,AG,C,6F9Z,A,1
2eiz_B:A|C,AG,C,6F2I,A,1
2eiz_B:A|C,AG,C,6F9X,A,1
2eiz_B:A|C,AG,C,6GNL,A,1
2eiz_B:A|C,AG,C,6HY8,A,1
5w9i_C:D|A,AB,C:D,5VZR,H:L,1
5w9i_C:D|A,AB,C:D,5VZR,A:B,2
5w9i_C:D|A,AG,A,5X4R,A,1
4k8r_D:C|B,AB,D:C,4LKC,B:A,1
4k8r_D:C|B,AG,B,6U26,A,1
4k8r_D:C|B,AG,B,6U26,B,2
4k8r_D:C|B,AG,B,2P4E,P,1
4k8r_D:C|B,AG,B,2P4E,A,2
2j5l_C:B|A,AG,A,4R1A,A,1
2j5l_C:B|A,AG,A,1YXE,A,1
5w9m_H:I|G,AB,H:I,5VZR,H:L,1
5w9m_H:I|G,AB,H:I,5VZR,A:B,2
5w9m_H:I|G,AG,G,5X4R,A,1
5i8c_A:B|C,AB,A:B,5I8E,A:B,1
5i8c_A:B|C,AB,A:B,5I8E,C:D,2
3hi6_X:Y|B,AB,X:Y,3HI5,H:L,1
3hi6_X:Y|B,AG,B,2ICA,A,1
3hi6_X:Y|B,AG,B,1MJN,A,1
3hi6_X:Y|B,AG,B,3F78,A,1
3hi6_X:Y|B,AG,B,3F78,B,2
3hi6_X:Y|B,AG,B,3F78,C,3
5v6l_H:L|P,AG,P,1CE4,A,1
5gs0_D:C|A,AB,D:C,3ULS,H:L,1
5gs0_D:C|A,AB,D:C,3ULS,B:A,2
5gs0_D:C|A,AG,A,2A0Z,A,1
5gs0_D:C|A,AG,A,1ZIW,A,1
4r2g_N:M|A,AB,N:M,5CEY,B:A,1
4r2g_N:M|A,AB,N:M,5CEY,D:C,2
4r2g_N:M|A,AB,N:M,4R26,H:L,1
6tys_C:D|B,AB,C:D,6U1T,H:L,1
6nf2_N:M|A,AB,N:M,5JXA,H:L,1
6cm3_K:J|D,AB,K:J,1RZ8,B:A,1
6cm3_K:J|D,AB,K:J,1RZ8,D:C,2
6bpc_E:F|D,AB,E:F,6BPB,A:B,1
6bpc_E:F|D,AG,D,5W53,A,1
6bpc_E:F|D,AG,D,5W53,B,2
6fy2_H:L|P,AG,P,6CMX,A,1
4kk6_C:D|A,AG,A,3NMO,A,1
5utf_D:E|B,AB,D:E,4TOY,H:L,1
4nm8_J:N|F:E,AB,J:N,4NM4,H:L,1
4nm8_J:N|F:E,AB,J:N,4NM4,I:M,2
1z3g_H:L|A,AG,A,1Z27,A,1
3o6m_H:L|C,AB,H:L,3O6K,H:L,1
1dqj_B:A|C,AB,B:A,1DQQ,B:A,1
1dqj_B:A|C,AB,B:A,1DQQ,D:C,2
1dqj_B:A|C,AB,B:A,1DQM,H:L,1
1dqj_B:A|C,AG,C,6F9Z,A,1
1dqj_B:A|C,AG,C,6F2I,A,1
1dqj_B:A|C,AG,C,6F9X,A,1
1dqj_B:A|C,AG,C,6GNL,A,1
1dqj_B:A|C,AG,C,6HY8,A,1
4gxu_O:P|C,AB,O:P,4GXV,H:L,1
4gxu_O:P|C,AB,O:P,4GXV,I:M,2
4g6f_B:D|F,AB,B:D,5JNY,A:B,1
4g6f_B:D|F,AB,B:D,5JNY,C:D,2
4g6f_B:D|F,AG,F,5NWU,A,1
4g6f_B:D|F,AG,F,5NWV,A,1
4ut6_H:L|A,AG,A,4UTC,A,1
4ut6_H:L|A,AG,A,4UTC,B,2
6o3l_H:L|D,AB,H:L,6O3K,H:L,1
6o3l_H:L|D,AB,H:L,6O3U,H:L,1
6o3l_H:L|D,AB,H:L,6O3U,B:A,2
6o3l_H:L|D,AB,H:L,6O3U,D:C,3
6o3l_H:L|D,AB,H:L,6O3U,F:E,4
5o1r_I:M|B,AB,I:M,5NYX,H:L,1
5o1r_I:M|B,AB,I:M,5NYX,M:N,2
5o1r_I:M|B,AB,I:M,5NYX,O:P,3
5o1r_I:M|B,AG,B,2LFU,A,1
4pp1_F:E|A,AG,A,3F5V,A,1
4pp1_F:E|A,AG,A,3F5V,B,2
4pp1_F:E|A,AG,A,1XKG,A,1
5bjz_C:L|A,AG,A,6K7E,A,1
5bjz_C:L|A,AG,A,6QGD,A,1
5bjz_C:L|A,AG,A,6N84,A,1
1xcq_H:G|S,AB,H:G,1NLB,H:L,1
5i6z_B:C|A,AB,B:C,5I66,A:B,1
6nip_A:B|E,AB,A:B,6NIS,H:L,1
6nip_A:B|E,AB,A:B,6MTX,H:L,1
6nip_A:B|E,AG,E,5OMZ,A,1
6e5p_34E,AB,3:4,3OAZ,H:K,1
6e5p_34E,AB,3:4,3OAZ,M:L,2
6ot1_F:I|E,AB,F:I,4JY5,H:L,1
4z5r_B:A|N,AG,N,1RH2,A,1
4z5r_B:A|N,AG,N,1RH2,B,2
4z5r_B:A|N,AG,N,1RH2,C,3
4z5r_B:A|N,AG,N,1RH2,D,4
4z5r_B:A|N,AG,N,1RH2,E,5
4z5r_B:A|N,AG,N,1RH2,F,6
4olw_H:L|G,AG,G,6P9N,A,1
4olw_H:L|G,AG,G,6ONE,A,1
4olw_H:L|G,AG,G,6ONV,A,1
4olw_H:L|G,AG,G,6ONH,A,1
4olw_H:L|G,AG,G,6ONF,A,1
6j15_A:B|C,AG,C,6UMV,A,1
6j15_A:B|C,AG,C,2M2D,A,1
6j15_A:B|C,AG,C,3RRQ,A,1
6otc_H:L|A,AG,A,4GH9,A,1
6pzw_K:I|D,AB,K:I,6PZH,H:L,1
6pzw_K:I|D,AB,K:I,6PZH,B:A,2
6e62_H:L|P,AB,H:L,6E64,H:L,1
6e62_H:L|P,AB,H:L,6E64,A:B,2
4olz_H:L|G,AG,G,6P9N,A,1
4olz_H:L|G,AG,G,6ONE,A,1
4olz_H:L|G,AG,G,6ONV,A,1
4olz_H:L|G,AG,G,6ONH,A,1
4olz_H:L|G,AG,G,6ONF,A,1
5uwe_H:L|G:N,AB,H:L,3QEG,H:L,1
1u91_B:A|C,AB,B:A,2PR4,H:L,1
2jel_H:L|P,AG,P,1CM3,A,1
2jel_H:L|P,AG,P,3CCD,A,2
2jel_H:L|P,AG,P,3CCD,B,3
2jel_H:L|P,AG,P,1OPD,A,1
2jel_H:L|P,AG,P,1CM2,A,1
3det_C:D|A,AG,A,3NMO,A,1
5usl_B:C|A,AG,A,4E9O,X,1
1nsn_H:L|S,AG,S,4KD4,A,1
1nsn_H:L|S,AG,S,4WOR,A,1
1nsn_H:L|S,AG,S,4H7B,A,1
1nsn_H:L|S,AG,S,4K14,A,1
1nsn_H:L|S,AG,S,4QB4,A,1
3idi_B:A|C,AB,B:A,2PR4,H:L,1
2r0l_H:L|A,AG,A,1YBW,A,1
2r0l_H:L|A,AG,A,1YBW,B,2
4tsb_H:L|A,AG,A,6F9Z,A,1
4tsb_H:L|A,AG,A,6F2I,A,1
4tsb_H:L|A,AG,A,6F9X,A,1
4tsb_H:L|A,AG,A,6GNL,A,1
4tsb_H:L|A,AG,A,6HY8,A,1
2nxz_D:C|A,AB,D:C,1RZ8,B:A,1
2nxz_D:C|A,AB,D:C,1RZ8,D:C,2
6d0u_E:F|A,AB,E:F,4FNL,H:L,1
6d0u_E:F|A,AB,E:F,4FNL,I:M,2
5uty_D:E|B,AB,D:E,4TOY,H:L,1
6n1w_87C,AB,8:7,5JXA,H:L,1
2hlf_C:D|A,AG,A,3NMO,A,1
5nj3_C:D|B,AB,C:D,5NIV,B:A,1
1p2c_B:A|C,AB,B:A,2Q76,B:A,1
1p2c_B:A|C,AB,B:A,2Q76,D:C,2
1p2c_B:A|C,AG,C,6F9Z,A,1
1p2c_B:A|C,AG,C,6F2I,A,1
1p2c_B:A|C,AG,C,6F9X,A,1
1p2c_B:A|C,AG,C,6GNL,A,1
1p2c_B:A|C,AG,C,6HY8,A,1
6eti_F:E|A,AB,F:E,5NIV,B:A,1
5wdu_M:N|J,AB,M:N,4TOY,H:L,1
4zto_I:M|Q,AB,I:M,4ZTP,H:L,1
4zto_I:M|Q,AG,Q,3TGQ,A,1
4zto_I:M|Q,AG,Q,3TGQ,B,2
4zto_I:M|Q,AG,Q,3TGQ,C,3
4zto_I:M|Q,AG,Q,3TGQ,D,4
5wdu_L:K|F,AB,L:K,4JY5,H:L,1
6bpa_E:F|D,AG,D,5W53,A,1
6bpa_E:F|D,AG,D,5W53,B,2
6rcu_B:C|A,AB,B:C,6RCO,A:B,1
6rcu_B:C|A,AB,B:C,6RCO,C:D,2
6rcu_B:C|A,AG,A,4WAT,A,1
2i9l_B:A|I,AG,I,1YPY,A,1
2i9l_B:A|I,AG,I,1YPY,B,2
5xj3_A:B|C,AB,A:B,6JC2,H:L,1
5xj3_A:B|C,AG,C,1AH1,A,1
4odx_A:L|Y,AB,A:L,4OB5,H:L,1
4odx_A:L|Y,AB,A:L,4LRN,H:L,1
3vg9_C:B|A,AG,A,2YDV,A,1
3vg9_C:B|A,AG,A,4UG2,A,1
3vg9_C:B|A,AG,A,4UG2,B,2
3vg9_C:B|A,AG,A,2YDO,A,1
3vg9_C:B|A,AG,A,4UHR,A,1
4zs6_H:L|A,AG,A,4L3N,A,1
4zs6_H:L|A,AG,A,4L3N,B,2
1bvk_B:A|C,AB,B:A,1BVL,A:B,1
1bvk_B:A|C,AB,B:A,1BVL,C:D,2
1bvk_B:A|C,AG,C,6F9Z,A,1
1bvk_B:A|C,AG,C,6F2I,A,1
1bvk_B:A|C,AG,C,6F9X,A,1
1bvk_B:A|C,AG,C,6GNL,A,1
1bvk_B:A|C,AG,C,6HY8,A,1
6nb7_G:I|C,AB,G:I,6NB8,H:L,1
6nb7_G:I|C,AG,C,5X4S,A,1
1nbz_B:A|C,AB,B:A,1DQQ,B:A,1
1nbz_B:A|C,AB,B:A,1DQQ,D:C,2
1nbz_B:A|C,AB,B:A,1DQM,H:L,1
1nbz_B:A|C,AG,C,6F9Z,A,1
1nbz_B:A|C,AG,C,6F2I,A,1
1nbz_B:A|C,AG,C,6F9X,A,1
1nbz_B:A|C,AG,C,6GNL,A,1
1nbz_B:A|C,AG,C,6HY8,A,1
6fn4_C:B|A,AB,C:B,5JUE,H:L,1
6d9w_H:L|A,AG,A,6D91,A,1
6d9w_H:L|A,AG,A,6C3I,A,1
6d9w_H:L|A,AG,A,6C3I,B,2
6d9w_H:L|A,AG,A,6BU5,A,1
1oaz_H:L|A,AB,H:L,1OAQ,H:L,1
1oaz_H:L|A,AB,H:L,1OAU,H:L,1
1oaz_H:L|A,AB,H:L,1OAU,I:M,2
1oaz_H:L|A,AB,H:L,1OAU,J:N,3
1oaz_H:L|A,AB,H:L,1OAU,K:O,4
5t6l_A:B|G,AB,A:B,5JNY,A:B,1
5t6l_A:B|G,AB,A:B,5JNY,C:D,2
6orn_F:I|K,AB,F:I,4FQ2,H:L,1
3bt2_H:L|U,AB,H:L,2FAT,H:L,1
3bt2_H:L|U,AG,U,3U74,U,1
1rzj_H:L|G,AB,H:L,1RZ8,B:A,1
1rzj_H:L|G,AB,H:L,1RZ8,D:C,2
6j11_H:L|A,AG,A,5VYH,A,1
6j11_H:L|A,AG,A,5X4R,A,1
5hys_E:F|J,AB,E:F,4X7T,H:L,1
5hys_E:F|J,AB,E:F,4X7T,A:B,2
5hys_E:F|J,AB,E:F,2XA8,H:L,1
4kuc_H:D|A,AG,A,4HUO,X,1
4kuc_H:D|A,AG,A,3PX8,X,1
4kuc_H:D|A,AG,A,4MX5,X,1
6mb3_D:O|E,AG,E,3VDL,A,1
6mb3_D:O|E,AG,E,3VDL,B,2
6mb3_D:O|E,AG,E,3VDL,C,3
6mb3_D:O|E,AG,E,3VDJ,A,1
6mb3_D:O|E,AG,E,3VDK,A,1
6i8s_H:L|D,AG,D,4G8R,A,1
6i8s_H:L|D,AG,D,4G8R,B,2
6i8s_H:L|D,AG,D,1DVN,A,1
6i8s_H:L|D,AG,D,1LJ5,A,1
6i8s_H:L|D,AG,D,3CVM,A,1
6i8s_H:L|D,AG,D,3CVM,B,2
4qex_I:M|B,AG,B,1ZRL,A,2
5w9i_K:L|I,AB,K:L,5VZR,H:L,1
5w9i_K:L|I,AB,K:L,5VZR,A:B,2
5w9i_K:L|I,AG,I,5X4R,A,1
1g7j_B:A|C,AB,B:A,1VFA,B:A,1
1g7j_B:A|C,AB,B:A,1A7R,H:L,1
1g7j_B:A|C,AB,B:A,1A7P,H:L,1
1g7j_B:A|C,AB,B:A,1A7N,H:L,1
1g7j_B:A|C,AG,C,6F9Z,A,1
1g7j_B:A|C,AG,C,6F2I,A,1
1g7j_B:A|C,AG,C,6F9X,A,1
1g7j_B:A|C,AG,C,6GNL,A,1
1g7j_B:A|C,AG,C,6HY8,A,1
5ig7_D:E|F,AB,D:E,5IHZ,A:B,1
5ig7_D:E|F,AB,D:E,5IHZ,C:D,2
5ig7_D:E|F,AB,D:E,5IHZ,E:F,3
5ig7_D:E|F,AB,D:E,5IHZ,H:L,4
5y0a_H:L|C,AG,C,5OMZ,A,1
6mft_A:B|C,AG,C,5FA2,A,1
6mft_A:B|C,AG,C,5FA2,B,2
4olx_H:L|G,AG,G,6P9N,A,1
4olx_H:L|G,AG,G,6ONE,A,1
4olx_H:L|G,AG,G,6ONV,A,1
4olx_H:L|G,AG,G,6ONH,A,1
4olx_H:L|G,AG,G,6ONF,A,1
6i8s_E:I|A,AG,A,4G8R,A,1
6i8s_E:I|A,AG,A,4G8R,B,2
6i8s_E:I|A,AG,A,1DVN,A,1
6i8s_E:I|A,AG,A,1LJ5,A,1
6i8s_E:I|A,AG,A,3CVM,A,1
6i8s_E:I|A,AG,A,3CVM,B,2
6aod_B:A|C,AG,C,5EXN,A,1
6aod_B:A|C,AG,C,5TKS,A,1
6aod_B:A|C,AG,C,4D7F,A,1
5yhl_H:L|A,AB,H:L,5YFI,H:L,1
4xak_D:E|B,AG,B,4L3N,A,1
4xak_D:E|B,AG,B,4L3N,B,2
3p11_H:L|A,AB,H:L,3P0V,H:L,1
3p11_H:L|A,AB,H:L,3P0V,I:M,2
3p11_H:L|A,AG,A,1M6B,A,1
3p11_H:L|A,AG,A,1M6B,B,2
5d72_M:N|B,AG,B,2GMF,A,1
5d72_M:N|B,AG,B,2GMF,B,2
6p8m_H:L|C,AG,C,5FA2,A,1
6p8m_H:L|C,AG,C,5FA2,B,2
6k5a_E:F|B,AG,B,3NMO,A,1
6mv5_H:L|P,AG,P,6U26,A,1
6mv5_H:L|P,AG,P,6U26,B,2
6mv5_H:L|P,AG,P,2P4E,P,1
6mv5_H:L|P,AG,P,2P4E,A,2
1ndg_B:A|C,AG,C,6F9Z,A,1
1ndg_B:A|C,AG,C,6F2I,A,1
1ndg_B:A|C,AG,C,6F9X,A,1
1ndg_B:A|C,AG,C,6GNL,A,1
1ndg_B:A|C,AG,C,6HY8,A,1
5t80_H:L|G,AB,H:L,5JNY,A:B,1
5t80_H:L|G,AB,H:L,5JNY,C:D,2
2xtj_D:B|A,AG,A,6U26,A,1
2xtj_D:B|A,AG,A,6U26,B,2
2xtj_D:B|A,AG,A,2P4E,P,1
2xtj_D:B|A,AG,A,2P4E,A,2
1tjg_H:L|P,AB,H:L,2PR4,H:L,1
5t5b_H:L|E,AB,H:L,5JNY,A:B,1
5t5b_H:L|E,AB,H:L,5JNY,C:D,2
5g64_I:M|B,AB,I:M,4X7T,H:L,1
5g64_I:M|B,AB,I:M,4X7T,A:B,2
5g64_I:M|B,AB,I:M,2XA8,H:L,1
5vjq_E:F|K,AG,K,6D9I,A,1
5vjq_E:F|K,AG,K,6D9I,B,2
5vjq_E:F|K,AG,K,5V8G,A,1
3bn9_F:E|A,AG,A,4JZ1,A,1
3bn9_F:E|A,AG,A,4IS5,A,1
3bn9_F:E|A,AG,A,1EAX,A,1
3bn9_F:E|A,AG,A,3NCL,A,1
3bn9_F:E|A,AG,A,3P8G,A,1
4xh2_E:F|e,AG,e,2L6F,A,1
4xh2_E:F|e,AG,e,2L6H,A,1
2dqf_E:D|F,AG,F,6F9Z,A,1
2dqf_E:D|F,AG,F,6F2I,A,1
2dqf_E:D|F,AG,F,6F9X,A,1
2dqf_E:D|F,AG,F,6GNL,A,1
2dqf_E:D|F,AG,F,6HY8,A,1
5xj3_G:H|I,AB,G:H,6JC2,H:L,1
5xj3_G:H|I,AG,I,1AH1,A,1
5mo3_H:L|A,AB,H:L,4OZ4,H:L,1
5mo3_H:L|A,AB,H:L,4OZ4,A:B,2
5mo3_H:L|A,AB,H:L,5MTH,H:L,1
5mo3_H:L|A,AB,H:L,5MTH,A:B,2
1hin_H:L|P,AB,H:L,1HIL,B:A,1
1hin_H:L|P,AB,H:L,1HIL,D:C,2
6b0n_H:L|G,AB,H:L,4JY5,H:L,1
5ghw_H:L|P,AB,H:L,5JNY,A:B,1
5ghw_H:L|P,AB,H:L,5JNY,C:D,2
5ghw_H:L|P,AG,P,2NCS,A,1
5ghw_H:L|P,AG,P,2NCT,A,1
5w9h_H:I|G,AB,H:I,5VZR,H:L,1
5w9h_H:I|G,AB,H:I,5VZR,A:B,2
5w9h_H:I|G,AG,G,5X4R,A,1
2dqj_H:L|Y,AG,Y,6F9Z,A,1
2dqj_H:L|Y,AG,Y,6F2I,A,1
2dqj_H:L|Y,AG,Y,6F9X,A,1
2dqj_H:L|Y,AG,Y,6GNL,A,1
2dqj_H:L|Y,AG,Y,6HY8,A,1
3mnw_B:A|P,AB,B:A,3MO1,B:A,1
3mnw_B:A|P,AB,B:A,3MNV,B:A,1
3mnw_B:A|P,AB,B:A,3MNV,D:C,2
4nhh_I:F|D,AG,D,3DJ9,A,1
4nhh_I:F|D,AG,D,4B53,A,1
4nhh_I:F|D,AG,D,4B53,B,2
1fsk_I:H|G,AG,G,4A87,A,1
1fsk_I:H|G,AG,G,4MNS,A,1
1fsk_I:H|G,AG,G,4A85,A,1
1fsk_I:H|G,AG,G,4BK7,A,1
5t5f_H:L|A,AG,A,3KVD,D,1
2a0l_F:E|B,AG,B,2KYH,A,1
2nz9_F:E|B,AB,F:E,2GCY,B:A,1
2nz9_F:E|B,AG,B,6F0P,A,1
2nz9_F:E|B,AG,B,3BON,A,1
2nz9_F:E|B,AG,B,4EL4,A,1
2nz9_F:E|B,AG,B,3BOK,A,1
2nz9_F:E|B,AG,B,5MK6,A,1
1orq_B:A|C,AG,C,2KYH,A,1
2qql_H:L|A,AG,A,2QQJ,A,1
2qql_H:L|A,AG,A,2QQO,A,1
2qql_H:L|A,AG,A,2QQO,B,2
2qql_H:L|A,AG,A,5DQ0,A,1
4kk9_E:F|B,AG,B,3NMO,A,1
5w9l_H:I|G,AB,H:I,5VZR,H:L,1
5w9l_H:I|G,AB,H:I,5VZR,A:B,2
5w9l_H:I|G,AG,G,5X4R,A,1
1s78_D:C|A,AB,D:C,5VSH,A:B,1
1s78_D:C|A,AB,D:C,5VSH,C:D,2
1s78_D:C|A,AB,D:C,5VSH,E:F,3
1s78_D:C|A,AB,D:C,5VSH,H:L,4
1s78_D:C|A,AB,D:C,1L7I,H:L,1
1s78_D:C|A,AG,A,2A91,A,1
3rvx_D:C|A,AB,D:C,3RVU,D:C,1
3rvx_D:C|A,AB,D:C,3RVT,D:C,1
3rvx_D:C|A,AG,A,3F5V,A,1
3rvx_D:C|A,AG,A,3F5V,B,2
3rvx_D:C|A,AG,A,1XKG,A,1
3qg6_H:L|C,AB,H:L,3QG7,H:L,1
5nj3_E:F|A,AB,E:F,5NIV,B:A,1
5h37_I:M|C,AG,C,5OMZ,A,1
5erw_A:B|C,AB,A:B,5ESA,A:B,1
5vco_D:C|E,AB,D:C,4POZ,D:C,1
5vco_D:C|E,AG,E,3F5V,A,1
5vco_D:C|E,AG,E,3F5V,B,2
5vco_D:C|E,AG,E,1XKG,A,1
4rfn_B:C|A,AB,B:C,4RFE,H:L,1
4rfn_B:C|A,AB,B:C,4RFE,A:B,2
4rfn_B:C|A,AB,B:C,4RFE,C:D,3
4rfn_B:C|A,AB,B:C,4RFE,E:F,4
4rfn_B:C|A,AG,A,6P9N,A,1
4rfn_B:C|A,AG,A,6ONE,A,1
4rfn_B:C|A,AG,A,6ONV,A,1
4rfn_B:C|A,AG,A,6ONH,A,1
4rfn_B:C|A,AG,A,6ONF,A,1
1u8q_B:A|C,AB,B:A,2PR4,H:L,1
3iu3_H:L|I,AB,H:L,1MIM,H:L,1
2wuc_H:L|A,AG,A,1YBW,A,1
2wuc_H:L|A,AG,A,1YBW,B,2
2p8m_B:A|C,AB,B:A,2PR4,H:L,1
3gi9_H:L|C,AG,C,3GIA,A,1
6pz8_H:L|B,AB,H:L,6PXG,A:B,1
6pz8_H:L|B,AB,H:L,6PXG,C:D,2
6pz8_H:L|B,AB,H:L,6PXG,E:F,3
6pz8_H:L|B,AB,H:L,6PXG,H:L,4
6pz8_H:L|B,AG,B,5VYH,A,1
6pz8_H:L|B,AG,B,4L3N,A,1
6pz8_H:L|B,AG,B,4L3N,B,2
6pz8_H:L|B,AG,B,5X4R,A,1
3iu3_C:D|J,AB,C:D,1MIM,H:L,1
5th9_J:N|C,AG,C,6ESM,A,1
5th9_J:N|C,AG,C,5I12,A,1
5th9_J:N|C,AG,C,4H1Q,A,1
5th9_J:N|C,AG,C,4H1Q,B,2
5th9_J:N|C,AG,C,4XCT,A,1
6mb3_J:S|E,AG,E,3VDL,A,1
6mb3_J:S|E,AG,E,3VDL,B,2
6mb3_J:S|E,AG,E,3VDL,C,3
6mb3_J:S|E,AG,E,3VDJ,A,1
6mb3_J:S|E,AG,E,3VDK,A,1
3rvw_D:C|A,AB,D:C,3RVU,D:C,1
3rvw_D:C|A,AB,D:C,3RVT,D:C,1
3rvw_D:C|A,AG,A,3F5V,A,1
3rvw_D:C|A,AG,A,3F5V,B,2
3rvw_D:C|A,AG,A,1XKG,A,1
2qqk_H:L|A,AG,A,2QQJ,A,1
2qqk_H:L|A,AG,A,2QQO,A,1
2qqk_H:L|A,AG,A,2QQO,B,2
2qqk_H:L|A,AG,A,5DQ0,A,1
3be1_H:L|A,AG,A,2A91,A,1
4zpv_H:L|R,AG,R,4L3N,A,1
4zpv_H:L|R,AG,R,4L3N,B,2
5esz_H:L|G,AB,H:L,3TCL,H:L,1
5esz_H:L|G,AB,H:L,3TCL,A:B,2
6svl_O:P|R,AG,R,6O6W,A,1
6svl_O:P|R,AG,R,6SVK,A,1
6svl_O:P|R,AG,R,6SVK,B,2
5w9j_E:F|D,AB,E:F,5VZR,H:L,1
5w9j_E:F|D,AB,E:F,5VZR,A:B,2
5w9j_E:F|D,AG,D,5X4R,A,1
1ce1_H:L|P,AB,H:L,1BEY,H:L,1
5wux_H:L|E,AB,H:L,5WUV,H:L,1
2fed_E:F|B,AG,B,3NMO,A,1
5w23_J:N|A,AB,J:N,5W24,H:L,1
6svl_D:E|F,AG,F,6O6W,A,1
6svl_D:E|F,AG,F,6SVK,A,1
6svl_D:E|F,AG,F,6SVK,B,2
5d1x_B:A|E,AG,E,3RUR,A,1
5d1x_B:A|E,AG,E,3RUR,B,2
5d1x_B:A|E,AG,E,3RUR,C,3
5d1x_B:A|E,AG,E,3RUR,D,4
5d1x_B:A|E,AG,E,3RTL,A,1
5d1x_B:A|E,AG,E,3RTL,B,2
5d1x_B:A|E,AG,E,3RTL,C,3
5d1x_B:A|E,AG,E,3RTL,D,4
1fbi_Q:P|Y,AG,Y,1HHL,A,1
4jkp_H:L|G,AG,G,6P9N,A,1
4jkp_H:L|G,AG,G,6ONE,A,1
4jkp_H:L|G,AG,G,6ONV,A,1
4jkp_H:L|G,AG,G,6ONH,A,1
4jkp_H:L|G,AG,G,6ONF,A,1
6cxg_M:K|C,AB,M:K,3OAZ,H:K,1
6cxg_M:K|C,AB,M:K,3OAZ,M:L,2
2ny5_H:L|G,AB,H:L,1RZ8,B:A,1
2ny5_H:L|G,AB,H:L,1RZ8,D:C,2
4zpt_H:L|S,AG,S,4L3N,A,1
4zpt_H:L|S,AG,S,4L3N,B,2
5gs0_F:E|B,AB,F:E,3ULS,H:L,1
5gs0_F:E|B,AB,F:E,3ULS,B:A,2
5gs0_F:E|B,AG,B,2A0Z,A,1
5gs0_F:E|B,AG,B,1ZIW,A,1
5if0_A:B|I,AB,A:B,5IFA,H:L,1
5if0_A:B|I,AG,I,5IDL,A,1
6cuf_872,AB,8:7,5JXA,H:L,1
6avq_H:L|B:A,AB,H:L,5OPY,H:L,1
6mb3_A:K|E,AG,E,3VDL,A,1
6mb3_A:K|E,AG,E,3VDL,B,2
6mb3_A:K|E,AG,E,3VDL,C,3
6mb3_A:K|E,AG,E,3VDJ,A,1
6mb3_A:K|E,AG,E,3VDK,A,1
4etq_A:B|X,AB,A:B,4EBQ,H:L,1
4etq_A:B|X,AG,X,4E9O,X,1
6h3u_H:L|B,AG,B,6H3S,B,1
6h3u_H:L|B,AG,B,6H3S,A,2
1gc1_H:L|G,AB,H:L,1RZ8,B:A,1
1gc1_H:L|G,AB,H:L,1RZ8,D:C,2
3eoa_B:A|J,AB,B:A,3EO9,H:L,1
3eoa_B:A|J,AG,J,2ICA,A,1
3eoa_B:A|J,AG,J,1MJN,A,1
3eoa_B:A|J,AG,J,3F78,A,1
3eoa_B:A|J,AG,J,3F78,B,2
3eoa_B:A|J,AG,J,3F78,C,3
5cbe_A:B|E,AG,E,4ZAI,A,1
5csz_A:B|E,AG,E,2LP1,A,1
1i9r_X:Y|C,AB,X:Y,6BJZ,H:L,1
1tpx_B:C|A,AG,A,4HMM,A,1
1tpx_B:C|A,AG,A,4HMM,B,2
1tpx_B:C|A,AG,A,3O79,A,1
1tpx_B:C|A,AG,A,3O79,B,2
1ztx_H:L|E,AG,E,2I69,A,1
1ztx_H:L|E,AG,E,2HG0,A,1
1ztx_H:L|E,AG,E,2P5P,A,1
1ztx_H:L|E,AG,E,2P5P,B,2
1ztx_H:L|E,AG,E,2P5P,C,3
4o51_D:C|O,AG,O,6F2Z,B,1
4o51_D:C|O,AG,O,6F2Z,A,2
5bo1_H:L|B,AG,B,2VJ2,A,1
5bo1_H:L|B,AG,B,2VJ2,B,2
5bo1_H:L|B,AG,B,4CBZ,A,1
5bo1_H:L|B,AG,B,4CBZ,B,2
5bo1_H:L|B,AG,B,4CC0,A,1
5bo1_H:L|B,AG,B,4CC0,B,2
6orn_O:P|R,AB,O:P,4FQ2,H:L,1
4hcr_H:L|A,AG,A,1BQS,A,1
4hcr_H:L|A,AG,A,1GSM,A,1
4hcr_H:L|A,AG,A,4HD9,A,1
2a0l_D:C|A,AG,A,2KYH,A,1
6hhc_H:L|A,AG,A,5EXN,A,1
6hhc_H:L|A,AG,A,5TKS,A,1
6hhc_H:L|A,AG,A,4D7F,A,1
4ut9_K:O|C,AG,C,4UTC,A,1
4ut9_K:O|C,AG,C,4UTC,B,2
4kk5_C:D|A,AG,A,3NMO,A,1
6n1w_qr2,AB,q:r,5JXA,H:L,1
5d1x_C:D|E,AG,E,3RUR,A,1
5d1x_C:D|E,AG,E,3RUR,B,2
5d1x_C:D|E,AG,E,3RUR,C,3
5d1x_C:D|E,AG,E,3RUR,D,4
5d1x_C:D|E,AG,E,3RTL,A,1
5d1x_C:D|E,AG,E,3RTL,B,2
5d1x_C:D|E,AG,E,3RTL,C,3
5d1x_C:D|E,AG,E,3RTL,D,4
5vl3_E:F|T,AB,E:F,5VKK,H:L,1
5vl3_E:F|T,AB,E:F,5VKK,A:B,2
5vl3_E:F|T,AG,T,5VKJ,A,1
5vl3_E:F|T,AG,T,5VKM,A,1
4d9r_E:D|B,AG,B,5NB7,A,1
4d9r_E:D|B,AG,B,5NAW,A,1
4d9r_E:D|B,AG,B,2XW9,A,1
4d9r_E:D|B,AG,B,5NAT,A,1
4d9r_E:D|B,AG,B,5MT0,A,1
5h32_G:H|A,AG,A,5OMZ,A,1
1bql_H:L|Y,AG,Y,1HEN,A,1
1bql_H:L|Y,AG,Y,1HEQ,A,1
1bql_H:L|Y,AG,Y,1HEO,A,1
1bql_H:L|Y,AG,Y,1HEM,A,1
1bql_H:L|Y,AG,Y,1HEP,A,1
5cd5_C:D|A,AB,C:D,5CD3,G:H,1
5cd5_C:D|A,AB,C:D,5CD3,A:B,2
5cd5_C:D|A,AB,C:D,5CD3,C:D,3
5cd5_C:D|A,AB,C:D,5CD3,E:F,4
5cd5_C:D|A,AG,A,6P9N,A,1
5cd5_C:D|A,AG,A,6ONE,A,1
5cd5_C:D|A,AG,A,6ONV,A,1
5cd5_C:D|A,AG,A,6ONH,A,1
5cd5_C:D|A,AG,A,6ONF,A,1
4xh2_J:K|j,AG,j,2L6F,A,1
4xh2_J:K|j,AG,j,2L6H,A,1
5vyf_B:A|C,AG,C,1PUO,A,1
5vyf_B:A|C,AG,C,1PUO,B,2
4k2u_I:M|B,AG,B,1ZRL,A,2
2qad_H:G|E,AB,H:G,1RZG,A:B,1
2qad_H:G|E,AB,H:G,1RZG,C:D,2
1kir_B:A|C,AB,B:A,1VFA,B:A,1
1kir_B:A|C,AB,B:A,1A7R,H:L,1
1kir_B:A|C,AB,B:A,1A7P,H:L,1
1kir_B:A|C,AB,B:A,1A7N,H:L,1
1kir_B:A|C,AG,C,6F9Z,A,1
1kir_B:A|C,AG,C,6F2I,A,1
1kir_B:A|C,AG,C,6F9X,A,1
1kir_B:A|C,AG,C,6GNL,A,1
1kir_B:A|C,AG,C,6HY8,A,1
6az2_C:E|D,AG,D,1ROC,A,1
6az2_C:E|D,AG,D,2IDC,A,1
6az2_C:E|D,AG,D,1WG3,A,1
5uek_H:L|A,AG,A,1ROC,A,1
5uek_H:L|A,AG,A,2IDC,A,1
5uek_H:L|A,AG,A,1WG3,A,1
1ic4_H:L|Y,AG,Y,6F9Z,A,1
1ic4_H:L|Y,AG,Y,6F2I,A,1
1ic4_H:L|Y,AG,Y,6F9X,A,1
1ic4_H:L|Y,AG,Y,6GNL,A,1
1ic4_H:L|Y,AG,Y,6HY8,A,1
6qb6_H:L|A,AB,H:L,6QBC,H:L,1
6qb6_H:L|A,AG,A,6FS2,A,1
6qb6_H:L|A,AG,A,6FS2,B,2
6qb6_H:L|A,AG,A,6FS1,A,1
6qb6_H:L|A,AG,A,6FS1,B,2
6qb6_H:L|A,AG,A,5KU9,A,1
6qb6_H:L|A,AG,A,5KU9,B,2
3zkm_H:L|A,AG,A,3ZKG,A,1
3zkm_H:L|A,AG,A,3ZKG,B,2
3zkm_H:L|A,AG,A,3ZKI,A,1
3zkm_H:L|A,AG,A,3ZKI,B,2
3zkm_H:L|A,AG,A,2EWY,A,1
3zkm_H:L|A,AG,A,2EWY,B,2
3zkm_H:L|A,AG,A,2EWY,C,3
3zkm_H:L|A,AG,A,2EWY,D,4
3hfm_H:L|Y,AG,Y,6F9Z,A,1
3hfm_H:L|Y,AG,Y,6F2I,A,1
3hfm_H:L|Y,AG,Y,6F9X,A,1
3hfm_H:L|Y,AG,Y,6GNL,A,1
3hfm_H:L|Y,AG,Y,6HY8,A,1
2hlf_E:F|B,AG,B,3NMO,A,1
6a78_H:L|A,AG,A,5O5I,A,1
6dfi_H:L|E,AG,E,5OMZ,A,1
3ngb_B:C|A,AG,A,6P9N,A,1
3ngb_B:C|A,AG,A,6ONE,A,1
3ngb_B:C|A,AG,A,6ONV,A,1
3ngb_B:C|A,AG,A,6ONH,A,1
3ngb_B:C|A,AG,A,6ONF,A,1
1ndm_B:A|C,AG,C,6F9Z,A,1
1ndm_B:A|C,AG,C,6F2I,A,1
1ndm_B:A|C,AG,C,6F9X,A,1
1ndm_B:A|C,AG,C,6GNL,A,1
1ndm_B:A|C,AG,C,6HY8,A,1
4tsa_H:L|A,AG,A,6F9Z,A,1
4tsa_H:L|A,AG,A,6F2I,A,1
4tsa_H:L|A,AG,A,6F9X,A,1
4tsa_H:L|A,AG,A,6GNL,A,1
4tsa_H:L|A,AG,A,6HY8,A,1
4kuc_F:E|I,AG,I,4HUO,X,1
4kuc_F:E|I,AG,I,3PX8,X,1
4kuc_F:E|I,AG,I,4MX5,X,1
1p2c_E:D|F,AB,E:D,2Q76,B:A,1
1p2c_E:D|F,AB,E:D,2Q76,D:C,2
1p2c_E:D|F,AG,F,6F9Z,A,1
1p2c_E:D|F,AG,F,6F2I,A,1
1p2c_E:D|F,AG,F,6F9X,A,1
1p2c_E:D|F,AG,F,6GNL,A,1
1p2c_E:D|F,AG,F,6HY8,A,1
4h8w_H:L|G,AB,H:L,3TNN,H:L,1
4h8w_H:L|G,AB,H:L,3TNN,A:B,2
4h8w_H:L|G,AB,H:L,3TNN,C:D,3
4h8w_H:L|G,AB,H:L,3TNN,E:F,4
4h8w_H:L|G,AG,G,6P9N,A,1
4h8w_H:L|G,AG,G,6ONE,A,1
4h8w_H:L|G,AG,G,6ONV,A,1
4h8w_H:L|G,AG,G,6ONH,A,1
4h8w_H:L|G,AG,G,6ONF,A,1
3o6l_H:L|C,AB,H:L,3O6K,H:L,1
6j11_D:E|C,AG,C,5VYH,A,1
6j11_D:E|C,AG,C,5X4R,A,1
5wk3_Q:P|A,AB,Q:P,5WK2,H:L,1
2ny6_D:C|A,AB,D:C,1RZ8,B:A,1
2ny6_D:C|A,AB,D:C,1RZ8,D:C,2
5b71_D:C|F,AG,F,3CU7,A,1
5b71_D:C|F,AG,F,3CU7,B,2
6apd_H:I|B,AB,H:I,6DC4,H:L,1
5ifj_A:B|C,AB,A:B,5IHZ,A:B,1
5ifj_A:B|C,AB,A:B,5IHZ,C:D,2
5ifj_A:B|C,AB,A:B,5IHZ,E:F,3
5ifj_A:B|C,AB,A:B,5IHZ,H:L,4
6h06_A:B|K,AB,A:B,5V7U,H:L,1
3cvh_H:L|A:C,AB,H:L,3CVI,H:L,1
4olu_H:L|G,AG,G,6P9N,A,1
4olu_H:L|G,AG,G,6ONE,A,1
4olu_H:L|G,AG,G,6ONV,A,1
4olu_H:L|G,AG,G,6ONH,A,1
4olu_H:L|G,AG,G,6ONF,A,1
2vxt_H:L|I,AB,H:L,2VXU,H:L,1
2vxt_H:L|I,AB,H:L,2VXU,I:M,2
2vxt_H:L|I,AG,I,3WO2,A,1
2vxt_H:L|I,AG,I,3WO2,B,2
2vxt_H:L|I,AG,I,3WO2,C,3
2vxt_H:L|I,AG,I,3WO2,D,4
6mb3_G:Q|E,AG,E,3VDL,A,1
6mb3_G:Q|E,AG,E,3VDL,B,2
6mb3_G:Q|E,AG,E,3VDL,C,3
6mb3_G:Q|E,AG,E,3VDJ,A,1
6mb3_G:Q|E,AG,E,3VDK,A,1
6ch9_D:E|B,AB,D:E,4TOY,H:L,1
6ch9_D:E|B,AG,B,3P7K,A,1
4hg4_L:M|B,AG,B,3QQI,A,1
4hg4_L:M|B,AG,B,3QQI,B,2
5i74_B:C|A,AB,B:C,5I66,A:B,1
6svl_K:M|N,AG,N,6O6W,A,1
6svl_K:M|N,AG,N,6SVK,A,1
6svl_K:M|N,AG,N,6SVK,B,2
4yfl_H:L|G,AG,G,6P9N,A,1
4yfl_H:L|G,AG,G,6ONE,A,1
4yfl_H:L|G,AG,G,6ONV,A,1
4yfl_H:L|G,AG,G,6ONH,A,1
4yfl_H:L|G,AG,G,6ONF,A,1
3jcb_C:B|A,AB,C:B,4JY5,H:L,1
6phc_A:B|I,AB,A:B,6PHH,C:D,1
6phc_A:B|I,AB,A:B,6PHH,A:B,2
5i71_B:C|A,AB,B:C,5I66,A:B,1
4o51_F:E|P,AG,P,6F2Z,B,1
4o51_F:E|P,AG,P,6F2Z,A,2
6ieb_E:F|B,AG,B,5Y0Y,A,1
6ieb_E:F|B,AG,B,5Y0W,A,1
6ieb_E:F|B,AG,B,6F8P,A,1
5gmq_B:C|A,AG,A,4L3N,A,1
5gmq_B:C|A,AG,A,4L3N,B,2
6df1_H:L|A,AB,H:L,6DF0,H:L,1
4xh2_H:L|h,AG,h,2L6F,A,1
4xh2_H:L|h,AG,h,2L6H,A,1
5hj3_E:F|H:G,AB,E:F,3INU,H:L,1
5hj3_E:F|H:G,AB,E:F,3INU,M:N,2
5d1z_G:H|J,AG,J,2MOQ,A,1
2or9_H:L|P,AB,H:L,2ORB,H:L,1
2or9_H:L|P,AB,H:L,2ORB,I:M,2
4lvh_E:F|D,AG,D,3UYW,A,1
4lvh_E:F|D,AG,D,3UYW,B,2
4lvh_E:F|D,AG,D,3UYW,C,3
4lvh_E:F|D,AG,D,3UYW,D,4
3s37_H:L|X,AB,H:L,3S34,H:L,1
4fg6_E:F|B,AG,B,3NMO,A,1
1him_L:H|P,AB,L:H,1HIL,B:A,1
1him_L:H|P,AB,L:H,1HIL,D:C,2
6h06_C:D|G,AB,C:D,5V7U,H:L,1
4yfl_F:I|E,AG,E,6P9N,A,1
4yfl_F:I|E,AG,E,6ONE,A,1
4yfl_F:I|E,AG,E,6ONV,A,1
4yfl_F:I|E,AG,E,6ONH,A,1
4yfl_F:I|E,AG,E,6ONF,A,1
1tqc_B:C|A,AG,A,4HLS,A,1
1tqc_B:C|A,AG,A,4HLS,B,2
1tqc_B:C|A,AG,A,4HMR,A,1
1tqc_B:C|A,AG,A,4HMR,B,2
1tqc_B:C|A,AG,A,4HMM,A,1
1tqc_B:C|A,AG,A,4HMM,B,2
5wdu_H:I|A,AB,H:I,4TOY,H:L,1
6ch7_D:E|B,AB,D:E,4TOY,H:L,1
6p65_F:G|E,AB,F:G,6PEH,H:L,1
6p65_F:G|E,AB,F:G,6PEH,A:B,2
4jo3_H:L|P,AB,H:L,4JO4,H:L,1
4jo3_H:L|P,AB,H:L,4JO4,I:M,2
4jo3_H:L|P,AG,P,1CE4,A,1
5ggr_A:B|Y,AB,A:B,5GGQ,H:L,1
5ggr_A:B|Y,AG,Y,6UMU,A,1
5ggr_A:B|Y,AG,Y,6UMV,A,1
5ggr_A:B|Y,AG,Y,2M2D,A,1
5ggr_A:B|Y,AG,Y,3RRQ,A,1
5nj6_H:L|A,AG,A,5YO6,A,1
5nj6_H:L|A,AG,A,6DYC,A,1
5nj6_H:L|A,AG,A,6DYC,B,2
5nj6_H:L|A,AG,A,6DYF,A,1
5nj6_H:L|A,AG,A,6DYF,B,2
5bk1_H:L|A,AG,A,6K7E,A,1
5bk1_H:L|A,AG,A,6QGD,A,1
5bk1_H:L|A,AG,A,6N84,A,1
1j1x_H:L|Y,AG,Y,6F9Z,A,1
1j1x_H:L|Y,AG,Y,6F2I,A,1
1j1x_H:L|Y,AG,Y,6F9X,A,1
1j1x_H:L|Y,AG,Y,6GNL,A,1
1j1x_H:L|Y,AG,Y,6HY8,A,1
5xj3_D:E|F,AB,D:E,6JC2,H:L,1
5xj3_D:E|F,AG,F,1AH1,A,1
6um5_K:L|I,AB,K:L,5U15,A:B,1
6um5_K:L|I,AB,K:L,5U15,H:L,2
5whk_H:L|A:B,AB,H:L,5WHJ,H:L,1
4dw2_H:L|U,AG,U,4FUH,A,1
4dw2_H:L|U,AG,U,5ZA9,U,1
4dw2_H:L|U,AG,U,4FU9,A,1
4dw2_H:L|U,AG,U,5YC6,U,1
4dw2_H:L|U,AG,U,5Z1C,U,1
5k9k_H:L|F,AB,H:L,5K9J,H:L,1
6de7_H:L|G,AB,H:L,4JY5,H:L,1
2htk_E:F|B,AG,B,3NMO,A,1
6k0y_A:B|C,AG,C,6UMU,A,1
6k0y_A:B|C,AG,C,6UMV,A,1
6k0y_A:B|C,AG,C,2M2D,A,1
6k0y_A:B|C,AG,C,3RRQ,A,1
2j4w_H:L|D,AG,D,1W81,A,1
2j4w_H:L|D,AG,D,1W8K,A,1
4hc1_H:L|A,AG,A,4HBQ,A,1
4hc1_H:L|A,AG,A,4HBQ,B,2
5utz_H:L|D,AG,D,4NEJ,A,1
5utz_H:L|D,AG,D,1M48,A,1
5utz_H:L|D,AG,D,1M48,B,2
5utz_H:L|D,AG,D,1M47,A,1
5utz_H:L|D,AG,D,4NEM,A,1
2q8b_H:L|A,AG,A,4R19,A,1
2q8b_H:L|A,AG,A,4R19,B,2
2q8b_H:L|A,AG,A,4R1B,A,1
3ulv_D:C|A,AB,D:C,3ULS,H:L,1
3ulv_D:C|A,AB,D:C,3ULS,B:A,2
3ulv_D:C|A,AG,A,2A0Z,A,1
3ulv_D:C|A,AG,A,1ZIW,A,1
1ott_E:F|B,AG,B,3NMO,A,1
6hf1_C:B|A,AG,A,5D8I,A,1
6hf1_C:B|A,AG,A,5D8I,B,2
6hf1_C:B|A,AG,A,3T58,A,1
6hf1_C:B|A,AG,A,3T58,B,2
6hf1_C:B|A,AG,A,3T58,C,3
6hf1_C:B|A,AG,A,3T58,D,4
3hi1_H:L|G,AB,H:L,1U6A,H:L,1
6k5d_C:D|A,AG,A,3NMO,A,1
3ldb_C:B|A,AG,A,6MEV,A,1
3ldb_C:B|A,AG,A,6MEV,B,2
3ldb_C:B|A,AG,A,6MEV,C,3
3ldb_C:B|A,AG,A,6MEV,D,4
3ldb_C:B|A,AG,A,6MEV,E,5
3ldb_C:B|A,AG,A,6MEV,F,6
3ldb_C:B|A,AG,A,6MEV,G,7
3ldb_C:B|A,AG,A,6MEV,H,8
4o4y_H:L|A,AB,H:L,4MA3,H:L,1
4o4y_H:L|A,AB,H:L,4MA3,B:A,2
4o4y_H:L|A,AG,A,6F2Z,B,1
4o4y_H:L|A,AG,A,6F2Z,A,2
5mp3_A:B|C,AB,A:B,4OZ4,H:L,1
5mp3_A:B|C,AB,A:B,4OZ4,A:B,2
5mp3_A:B|C,AB,A:B,5MTH,H:L,1
5mp3_A:B|C,AB,A:B,5MTH,A:B,2
5t3s_H:L|G,AB,H:L,5CEY,B:A,1
5t3s_H:L|G,AB,H:L,5CEY,D:C,2
5t3s_H:L|G,AB,H:L,4R26,H:L,1
6n7j_A:B|D,AB,A:B,6N7U,A:B,1
4zxb_C:D|E,AG,E,2MFR,A,1
5fec_A:B|D,AB,A:B,5F7E,H:L,1
5fec_A:B|D,AG,D,5FA2,A,1
5fec_A:B|D,AG,D,5FA2,B,2
4wv1_E:D|F,AG,F,3DAR,A,1
4wv1_E:D|F,AG,F,3DAR,B,2
4wv1_E:D|F,AG,F,3CAF,A,2
4wv1_E:D|F,AG,F,3EUU,A,1
4wv1_E:D|F,AG,F,3EUU,B,2
3iyw_K:M|C,AB,K:M,3N9G,H:L,1
3iyw_K:M|C,AG,C,2I69,A,1
3iyw_K:M|C,AG,C,2HG0,A,1
3iyw_K:M|C,AG,C,2P5P,A,1
3iyw_K:M|C,AG,C,2P5P,B,2
3iyw_K:M|C,AG,C,2P5P,C,3
4rqs_D:C|G,AB,D:C,1RZ8,B:A,1
4rqs_D:C|G,AB,D:C,1RZ8,D:C,2
6cue_Q:R|C,AB,Q:R,5JXA,H:L,1
5w9h_B:C|A,AB,B:C,5VZR,H:L,1
5w9h_B:C|A,AB,B:C,5VZR,A:B,2
5w9h_B:C|A,AG,A,5X4R,A,1
3kj4_C:B|D,AG,D,5O0M,A,1
3kj4_C:B|D,AG,D,5O0M,B,2
3kj4_C:B|D,AG,D,5O0P,A,1
3kj4_C:B|D,AG,D,5O0P,B,2
1yy9_D:C|A,AB,D:C,5GZ0,B:A,1
1yy9_D:C|A,AB,D:C,5GZ0,D:C,2
1yy9_D:C|A,AB,D:C,5I76,B:A,1
1yy9_D:C|A,AB,D:C,5I76,D:C,2
1yy9_D:C|A,AB,D:C,1YY8,B:A,1
1yy9_D:C|A,AB,D:C,1YY8,D:C,2
1fsk_L:K|J,AG,J,4A87,A,1
1fsk_L:K|J,AG,J,4MNS,A,1
1fsk_L:K|J,AG,J,4A85,A,1
1fsk_L:K|J,AG,J,4BK7,A,1
5dur_B:D|A,AG,A,5DUT,A,1
5d8j_H:L|A,AG,A,1G7N,A,1
4jr9_H:L|A,AG,A,4U4W,A,1
4jr9_H:L|A,AG,A,4U4W,B,2
4jr9_H:L|A,AG,A,4U4T,A,1
4jr9_H:L|A,AG,A,4U4V,A,1
2exy_E:F|B,AG,B,3NMO,A,1
5uem_H:L|G,AG,G,6P9N,A,1
5uem_H:L|G,AG,G,6ONE,A,1
5uem_H:L|G,AG,G,6ONV,A,1
5uem_H:L|G,AG,G,6ONH,A,1
5uem_H:L|G,AG,G,6ONF,A,1
3ztn_H:L|B:A,AG,B:A,4EDA,B:A,1
3ztn_H:L|B:A,AG,B:A,4EDA,D:C,2
5wk3_U:T|C,AB,U:T,5WK2,H:L,1
2nr6_F:E|B,AG,B,4RLD,A,1
2nr6_F:E|B,AG,B,4RLD,B,2
2nr6_F:E|B,AG,B,4RLD,C,3
2nr6_F:E|B,AG,B,4RLD,D,4
2nr6_F:E|B,AG,B,1YG9,A,1
3g5v_B:A|C,AB,B:A,3G5X,B:A,1
3g5v_B:A|C,AB,B:A,3G5X,D:C,2
3g5v_B:A|C,AB,B:A,3G5Z,B:A,1
4dvr_H:L|G,AB,H:L,1RZ7,H:L,1
5ocy_H:L|C,AB,H:L,5OD0,H:L,1
5b3j_E:F|C,AG,C,3JPW,A,1
5b3j_E:F|C,AG,C,3JPY,A,1
5w9l_E:F|D,AB,E:F,5VZR,H:L,1
5w9l_E:F|D,AB,E:F,5VZR,A:B,2
5w9l_E:F|D,AG,D,5X4R,A,1
4rgn_H:L|S,AG,S,3GP7,A,1
4rgn_H:L|S,AG,S,3GP7,B,2
4rgn_H:L|S,AG,S,1GOZ,A,1
4rgn_H:L|S,AG,S,1GOZ,B,2
4rgn_H:L|S,AG,S,3SEB,A,1
4rgn_H:L|S,AG,S,1SE4,A,1
3zkm_C:D|B,AG,B,3ZKG,A,1
3zkm_C:D|B,AG,B,3ZKG,B,2
3zkm_C:D|B,AG,B,3ZKI,A,1
3zkm_C:D|B,AG,B,3ZKI,B,2
3zkm_C:D|B,AG,B,2EWY,A,1
3zkm_C:D|B,AG,B,2EWY,B,2
3zkm_C:D|B,AG,B,2EWY,C,3
3zkm_C:D|B,AG,B,2EWY,D,4
3lev_H:L|A,AB,H:L,2PR4,H:L,1
3lev_H:L|A,AG,A,3LES,A,1
3lev_H:L|A,AG,A,3LES,B,2
4ffy_H:L|A,AG,A,3IRC,A,1
1mhp_X:Y|B,AG,B,1CK4,A,1
1mhp_X:Y|B,AG,B,1CK4,B,2
1oaz_J:N|B,AB,J:N,1OAQ,H:L,1
1oaz_J:N|B,AB,J:N,1OAU,H:L,1
1oaz_J:N|B,AB,J:N,1OAU,I:M,2
1oaz_J:N|B,AB,J:N,1OAU,J:N,3
1oaz_J:N|B,AB,J:N,1OAU,K:O,4
6k68_J:K|L,AB,J:K,3MO1,B:A,1
6k68_J:K|L,AB,J:K,3MNV,B:A,1
6k68_J:K|L,AB,J:K,3MNV,D:C,2
6ieq_H:L|G,AB,H:L,5CEY,B:A,1
6ieq_H:L|G,AB,H:L,5CEY,D:C,2
6ieq_H:L|G,AB,H:L,4R26,H:L,1
3ulu_H:L|A,AB,H:L,3NAA,H:L,1
3ulu_H:L|A,AB,H:L,3NAC,H:L,1
3ulu_H:L|A,AB,H:L,3NCJ,H:L,1
3ulu_H:L|A,AB,H:L,3NA9,H:L,1
3ulu_H:L|A,AB,H:L,3NAB,H:L,1
3ulu_H:L|A,AG,A,2A0Z,A,1
3ulu_H:L|A,AG,A,1ZIW,A,1
1ors_B:A|C,AG,C,2KYH,A,1
5d1z_B:A|I,AG,I,2MOQ,A,1
5vpg_D:C|A,AB,D:C,3RVU,D:C,1
5vpg_D:C|A,AB,D:C,3RVT,D:C,1
5vpg_D:C|A,AG,A,3F5V,A,1
5vpg_D:C|A,AG,A,3F5V,B,2
5vpg_D:C|A,AG,A,1XKG,A,1
2pw2_B:A|C,AB,B:A,2PR4,H:L,1
5vjq_G:H|L,AG,L,6D9I,A,1
5vjq_G:H|L,AG,L,6D9I,B,2
5vjq_G:H|L,AG,L,5V8G,A,1
5cjq_H:L|B:A,AB,H:L,4FQH,H:L,1
5cjq_H:L|B:A,AB,H:L,4FQH,A:B,2
5a7x_H:G|E,AB,H:G,1RZ8,B:A,1
5a7x_H:G|E,AB,H:G,1RZ8,D:C,2
6hf1_F:E|D,AG,D,5D8I,A,1
6hf1_F:E|D,AG,D,5D8I,B,2
6hf1_F:E|D,AG,D,3T58,A,1
6hf1_F:E|D,AG,D,3T58,B,2
6hf1_F:E|D,AG,D,3T58,C,3
6hf1_F:E|D,AG,D,3T58,D,4
5ugy_H:L|A,AB,H:L,4WUK,H:L,1
5ugy_H:L|A,AG,A,6CHX,A,1
5ugy_H:L|A,AG,A,6CHX,B,2
4gaj_H:L|P,AB,H:L,4GAY,H:L,1
4gaj_H:L|P,AB,H:L,4GAY,A:B,2
5o7p_B:A|C,AG,C,1M6B,A,1
5o7p_B:A|C,AG,C,1M6B,B,2
6apd_D:E|A,AB,D:E,6DC4,H:L,1
3drt_B:A|C,AB,B:A,2PR4,H:L,1
4i2x_B:A|E,AB,B:A,3DIF,B:A,1
4i2x_B:A|E,AB,B:A,3DIF,D:C,2
4i2x_B:A|E,AG,E,2JJW,A,2
6bfq_C:D|G,AG,G,2GMF,A,1
6bfq_C:D|G,AG,G,2GMF,B,2
1u8k_B:A|C,AB,B:A,2PR4,H:L,1
4hg4_V:W|G,AG,G,3QQI,A,1
4hg4_V:W|G,AG,G,3QQI,B,2
5ucb_H:L|B,AG,B,1ROC,A,1
5ucb_H:L|B,AG,B,2IDC,A,1
5ucb_H:L|B,AG,B,1WG3,A,1
4ydl_H:L|G,AG,G,6P9N,A,1
4ydl_H:L|G,AG,G,6ONE,A,1
4ydl_H:L|G,AG,G,6ONV,A,1
4ydl_H:L|G,AG,G,6ONH,A,1
4ydl_H:L|G,AG,G,6ONF,A,1
4uta_H:L|B,AG,B,4UTC,A,1
4uta_H:L|B,AG,B,4UTC,B,2
5vpl_D:C|A,AB,D:C,3RVU,D:C,1
5vpl_D:C|A,AB,D:C,3RVT,D:C,1
5vpl_D:C|A,AG,A,5VPK,A,1
5vpl_D:C|A,AG,A,5VPK,B,2
5vpl_D:C|A,AG,A,5VPK,C,3
5vpl_D:C|A,AG,A,3D6S,A,1
5vpl_D:C|A,AG,A,3D6S,B,2
5vpl_D:C|A,AG,A,3D6S,C,3
4pp2_D:C|E,AB,D:C,4POZ,D:C,1
4pp2_D:C|E,AG,E,3F5V,A,1
4pp2_D:C|E,AG,E,3F5V,B,2
4pp2_D:C|E,AG,E,1XKG,A,1
5tru_h:l|c,AB,h:l,6JC2,H:L,1
5tru_h:l|c,AG,c,1AH1,A,1
6niu_M:N|E,AB,M:N,6MTY,H:L,1
6niu_M:N|E,AG,E,5OMZ,A,1
3wd5_H:L|A,AB,H:L,4NYL,H:L,1
3wd5_H:L|A,AB,H:L,4NYL,A:B,2
3wd5_H:L|A,AB,H:L,4NYL,C:D,3
3wd5_H:L|A,AB,H:L,4NYL,E:F,4
6k5f_E:F|B,AG,B,3NMO,A,1
2hrp_H:L|P,AB,H:L,1MF2,N:M,2
2hrp_H:L|P,AB,H:L,1MF2,H:L,3
4m62_I:M|T,AB,I:M,4OB5,H:L,1
4m62_I:M|T,AB,I:M,4LRN,H:L,1
4z5r_M:L|E,AG,E,1RH2,A,1
4z5r_M:L|E,AG,E,1RH2,B,2
4z5r_M:L|E,AG,E,1RH2,C,3
4z5r_M:L|E,AG,E,1RH2,D,4
4z5r_M:L|E,AG,E,1RH2,E,5
4z5r_M:L|E,AG,E,1RH2,F,6
5w9j_H:I|G,AB,H:I,5VZR,H:L,1
5w9j_H:I|G,AB,H:I,5VZR,A:B,2
5w9j_H:I|G,AG,G,5X4R,A,1
5kte_H:L|A,AG,A,6D91,A,1
5kte_H:L|A,AG,A,6C3I,A,1
5kte_H:L|A,AG,A,6C3I,B,2
5kte_H:L|A,AG,A,6BU5,A,1
6dzm_G:H|D:A,AB,G:H,6DZN,H:L,1
2b4c_H:L|G:C,AB,H:L,1RHH,B:A,1
2b4c_H:L|G:C,AB,H:L,1RHH,D:C,2
5fyl_H:L|G,AB,H:L,4JY5,H:L,1
3r08_H:L|E,AB,H:L,3R06,B:A,1
3r08_H:L|E,AB,H:L,3R06,D:C,2
3r08_H:L|E,AB,H:L,3R06,F:E,3
3r08_H:L|E,AB,H:L,3R06,H:L,4
4hwb_H:L|A,AB,H:L,4HWE,H:L,1
5w9o_B:C|A,AB,B:C,5VZR,H:L,1
5w9o_B:C|A,AB,B:C,5VZR,A:B,2
5w9o_B:C|A,AG,A,5X4R,A,1
5vic_H:L|E,AG,E,3IRC,A,1
1mpa_H:L|P,AB,H:L,1MNU,H:L,1
4ma7_H:L|A,AG,A,2KFO,A,1
4ma7_H:L|A,AG,A,2KU6,A,1
4ma7_H:L|A,AG,A,2L1K,A,1
4ma7_H:L|A,AG,A,2L39,A,1
3jcx_H:L|A,AB,H:L,3IY6,B:A,1
4kka_E:F|B,AG,B,3NMO,A,1
4xwg_H:L|A,AG,A,5TXF,A,1
4xwg_H:L|A,AG,A,5TXF,B,2
4xwg_H:L|A,AG,A,5TXF,C,3
4xwg_H:L|A,AG,A,5TXF,D,4
4xwg_H:L|A,AG,A,6MVD,A,1
4xwg_H:L|A,AG,A,6MVD,B,2
5i9q_B:C|A,AG,A,5FA2,A,1
5i9q_B:C|A,AG,A,5FA2,B,2
4xh2_C:D|c,AG,c,2L6F,A,1
4xh2_C:D|c,AG,c,2L6H,A,1
3wkm_H:L|A,AG,A,3WKL,A,1
3n85_H:L|A,AG,A,2A91,A,1
4u6g_A:B|C,AB,A:B,5JNY,A:B,1
4u6g_A:B|C,AB,A:B,5JNY,C:D,2
6mtn_D:E|B,AB,D:E,4TOY,H:L,1
1g9n_H:L|G,AB,H:L,1RZ8,B:A,1
1g9n_H:L|G,AB,H:L,1RZ8,D:C,2
5thr_O:L|F,AB,O:L,1RZ8,B:A,1
5thr_O:L|F,AB,O:L,1RZ8,D:C,2
6cuf_q:r|d,AB,q:r,5JXA,H:L,1
1cu4_H:L|P,AB,H:L,1CR9,H:L,1
1cft_B:A|C,AB,B:A,1CFQ,B:A,1
6az2_A:F|B,AG,B,1ROC,A,1
6az2_A:F|B,AG,B,2IDC,A,1
6az2_A:F|B,AG,B,1WG3,A,1
4nhh_R:P|N,AG,N,3DJ9,A,1
4nhh_R:P|N,AG,N,4B53,A,1
4nhh_R:P|N,AG,N,4B53,B,2
4xnz_B:C|A,AG,A,6P9N,A,1
4xnz_B:C|A,AG,A,6ONE,A,1
4xnz_B:C|A,AG,A,6ONV,A,1
4xnz_B:C|A,AG,A,6ONH,A,1
4xnz_B:C|A,AG,A,6ONF,A,1
4lu5_I:M|A,AG,A,3K7B,A,1
4lu5_I:M|A,AG,A,3K7B,B,2
3w9e_A:B|C,AB,A:B,3W9D,A:B,1
3w9e_A:B|C,AB,A:B,3W9D,C:D,2
3w9e_A:B|C,AG,C,4MYV,A,1
3w9e_A:B|C,AG,C,4MYV,B,2
5vph_D:C|A,AB,D:C,3RVU,D:C,1
5vph_D:C|A,AB,D:C,3RVT,D:C,1
5vph_D:C|A,AG,A,3F5V,A,1
5vph_D:C|A,AG,A,3F5V,B,2
5vph_D:C|A,AG,A,1XKG,A,1
2wub_H:L|A,AG,A,1YBW,A,1
2wub_H:L|A,AG,A,1YBW,B,2
4jm2_D:C|E,AB,D:C,1RZ8,B:A,1
4jm2_D:C|E,AB,D:C,1RZ8,D:C,2
2bdn_H:L|A,AG,A,1DOL,A,1
1fe8_J:N|C,AG,C,1AO3,A,1
1fe8_J:N|C,AG,C,1AO3,B,2
1fe8_J:N|C,AG,C,1ATZ,A,1
1fe8_J:N|C,AG,C,1ATZ,B,2
5ies_H:L|C,AB,H:L,5IFA,H:L,1
5ies_H:L|C,AG,C,5IDL,A,1
4lu5_H:L|B,AG,B,3K7B,A,1
4lu5_H:L|B,AG,B,3K7B,B,2
1fsk_F:E|D,AG,D,4A87,A,1
1fsk_F:E|D,AG,D,4MNS,A,1
1fsk_F:E|D,AG,D,4A85,A,1
1fsk_F:E|D,AG,D,4BK7,A,1
3q3g_H:F|I,AG,I,4XW2,A,1
3q3g_H:F|I,AG,I,1NA5,A,1
3q3g_H:F|I,AG,I,1IDO,A,1
3q3g_H:F|I,AG,I,1JLM,A,1
3q3g_H:F|I,AG,I,1MF7,A,1
5w9o_E:F|D,AB,E:F,5VZR,H:L,1
5w9o_E:F|D,AB,E:F,5VZR,A:B,2
5w9o_E:F|D,AG,D,5X4R,A,1
4lsp_H:L|G,AG,G,6P9N,A,1
4lsp_H:L|G,AG,G,6ONE,A,1
4lsp_H:L|G,AG,G,6ONV,A,1
4lsp_H:L|G,AG,G,6ONH,A,1
4lsp_H:L|G,AG,G,6ONF,A,1
6cue_562,AB,5:6,4JY5,H:L,1
5do2_H:L|A,AG,A,4L3N,A,1
5do2_H:L|A,AG,A,4L3N,B,2
4z5r_U:T|I,AG,I,1RH2,A,1
4z5r_U:T|I,AG,I,1RH2,B,2
4z5r_U:T|I,AG,I,1RH2,C,3
4z5r_U:T|I,AG,I,1RH2,D,4
4z5r_U:T|I,AG,I,1RH2,E,5
4z5r_U:T|I,AG,I,1RH2,F,6
2otu_F:E|R,AB,F:E,2GSG,B:A,1
2otu_F:E|R,AB,F:E,2GSG,D:C,2
4ywg_I:M|Q,AG,Q,6CMX,A,1
4rfn_H:L|G,AB,H:L,4RFE,H:L,1
4rfn_H:L|G,AB,H:L,4RFE,A:B,2
4rfn_H:L|G,AB,H:L,4RFE,C:D,3
4rfn_H:L|G,AB,H:L,4RFE,E:F,4
4rfn_H:L|G,AG,G,6P9N,A,1
4rfn_H:L|G,AG,G,6ONE,A,1
4rfn_H:L|G,AG,G,6ONV,A,1
4rfn_H:L|G,AG,G,6ONH,A,1
4rfn_H:L|G,AG,G,6ONF,A,1
5f9o_H:L|G,AG,G,6P9N,A,1
5f9o_H:L|G,AG,G,6ONE,A,1
5f9o_H:L|G,AG,G,6ONV,A,1
5f9o_H:L|G,AG,G,6ONH,A,1
5f9o_H:L|G,AG,G,6ONF,A,1
6hig_H:L|B,AG,B,6UMU,A,1
6hig_H:L|B,AG,B,6UMV,A,1
6hig_H:L|B,AG,B,2M2D,A,1
6hig_H:L|B,AG,B,3RRQ,A,1
1ott_C:D|A,AG,A,3NMO,A,1
6h0e_A:B|K,AB,A:B,5V7U,H:L,1
3v6z_A:B|F,AB,A:B,3V6F,A:B,1
3v6z_A:B|F,AB,A:B,3V6F,C:D,2
3v6z_A:B|F,AB,A:B,3V6F,E:F,3
3v6z_A:B|F,AB,A:B,3V6F,H:L,4
1kc5_H:L|P,AB,H:L,1KCU,H:L,1
6adb_E:F|B,AG,B,3NMO,A,1
2w65_C:D|F,AB,C:D,2W60,A:B,1
6ccb_H:L|G,AB,H:L,4FQ2,H:L,1
3r1g_H:L|B,AG,B,6EQM,A,1
3r1g_H:L|B,AG,B,6UWV,A,1
3r1g_H:L|B,AG,B,6UWV,B,2
3r1g_H:L|B,AG,B,6EJ2,A,1
3r1g_H:L|B,AG,B,6UWP,A,1
3r1g_H:L|B,AG,B,6UWP,B,2
5h32_K:L|B,AG,B,5OMZ,A,1
5d9q_N:M|J,AB,N:M,4JY5,H:L,1
2ht2_C:D|A,AG,A,3NMO,A,1
4nzr_H:L|M,AB,H:L,4JM4,H:L,1
1iqd_B:A|C,AG,C,3HNB,M,1
1iqd_B:A|C,AG,C,1D7P,M,1
1iqd_B:A|C,AG,C,3HOB,M,1
1iqd_B:A|C,AG,C,3HOB,A,2
1iqd_B:A|C,AG,C,3HNY,M,1
5o14_C:D|B,AG,B,3KVD,D,1
1fdl_H:L|Y,AB,H:L,1A7N,H:L,1
1fdl_H:L|Y,AB,H:L,1A7R,H:L,1
1fdl_H:L|Y,AB,H:L,1A7Q,H:L,1
1fdl_H:L|Y,AB,H:L,1A7P,H:L,1
1fdl_H:L|Y,AB,H:L,1VFA,B:A,1
1fdl_H:L|Y,AG,Y,6A10,A,1
1fdl_H:L|Y,AG,Y,6A10,B,2
1fdl_H:L|Y,AG,Y,6A10,C,3
1fdl_H:L|Y,AG,Y,6G8A,C,1
1fdl_H:L|Y,AG,Y,6F1O,A,1
6h0e_E:F|J,AB,E:F,5V7U,H:L,1
5d96_J:I|D,AG,D,3T58,A,1
5d96_J:I|D,AG,D,3T58,B,2
5d96_J:I|D,AG,D,3T58,C,3
5d96_J:I|D,AG,D,3T58,D,4
5d96_J:I|D,AG,D,5D8I,A,1
5d96_J:I|D,AG,D,5D8I,B,2
4om0_H:L|G,AG,G,6ONH,A,1
4om0_H:L|G,AG,G,6ONV,A,1
5v6m_H:L|P,AG,P,1CE4,A,1
5y9j_H:L|A,AB,H:L,5Y9K,H:L,1
4m62_H:L|S,AB,H:L,4OB5,H:L,1
4m62_H:L|S,AB,H:L,4LRN,H:L,1
5c6t_H:L|A,AG,A,4OSN,A,1
4g6m_H:L|A,AB,H:L,4G6K,H:L,1
4g6m_H:L|A,AG,A,2I1B,A,1
4g6m_H:L|A,AG,A,2NVH,A,1
4g6m_H:L|A,AG,A,1L2H,A,1
4g6m_H:L|A,AG,A,31BI,A,1
4g6m_H:L|A,AG,A,4I1B,A,1
4yhp_C:D|Q,AB,C:D,4YHY,B:C,1
4yhp_C:D|Q,AB,C:D,4YHY,H:L,2
4yhp_C:D|Q,AG,Q,3A1B,A,1
4yhp_C:D|Q,AG,Q,6U04,A,1
5c7x_M:N|B,AB,M:N,5D7S,H:L,1
5c7x_M:N|B,AG,B,2GMF,A,1
5c7x_M:N|B,AG,B,2GMF,B,2
2w65_A:B|E,AB,A:B,2W60,A:B,1
4rgo_H:L|S,AG,S,1GOZ,A,1
4rgo_H:L|S,AG,S,1GOZ,B,2
4rgo_H:L|S,AG,S,3GP7,A,1
4rgo_H:L|S,AG,S,3GP7,B,2
4rgo_H:L|S,AG,S,1SE4,A,1
4rgo_H:L|S,AG,S,3SEB,A,1
5do2_C:D|B,AG,B,4L3N,A,1
5do2_C:D|B,AG,B,4L3N,B,2
1bvk_E:D|F,AB,E:D,1BVL,A:B,1
1bvk_E:D|F,AB,E:D,1BVL,C:D,2
1bvk_E:D|F,AG,F,6A10,A,1
1bvk_E:D|F,AG,F,6A10,B,2
1bvk_E:D|F,AG,F,6A10,C,3
1bvk_E:D|F,AG,F,6G8A,C,1
1bvk_E:D|F,AG,F,6F1O,A,1
4jdt_H:L|G,AG,G,6ONH,A,1
4jdt_H:L|G,AG,G,6ONV,A,1
4hg4_X:Y|H,AG,H,3QQI,A,1
4hg4_X:Y|H,AG,H,3QQI,B,2
5w9h_E:F|D,AB,E:F,5VZR,H:L,1
5w9h_E:F|D,AB,E:F,5VZR,A:B,2
5w9h_E:F|D,AG,D,5X4R,A,1
5lbs_I:M|B,AG,B,5OMZ,A,1
6al5_H:L|A,AB,H:L,6AL4,B:A,1
6al5_H:L|A,AB,H:L,6AL4,D:C,2
6al5_H:L|A,AB,H:L,6AL4,F:E,3
5kjr_H:L|G,AG,G,6ONH,A,1
5kjr_H:L|G,AG,G,6ONV,A,1
6edu_J:K|F:G,AB,J:K,3LMJ,H:L,1
5ezo_H:L|A,AB,H:L,5EZI,H:L,1
5ezo_H:L|A,AB,H:L,5EZJ,A:B,1
5ezo_H:L|A,AB,H:L,5EZL,A:B,1
5ezo_H:L|A,AB,H:L,5EZL,H:L,2
5ezo_H:L|A,AG,A,5TIK,A,1
5ezo_H:L|A,AG,A,5TIK,B,2
5ezo_H:L|A,AG,A,5TIK,C,3
5ezo_H:L|A,AG,A,5TIK,D,4
5ug0_D:C|A,AG,A,6CHX,A,1
5ug0_D:C|A,AG,A,6CHX,B,2
6icc_H:L|A,AB,H:L,4YNY,A:B,1
6icc_H:L|A,AB,H:L,4YNY,C:D,2
5f96_H:L|G,AG,G,6ONH,A,1
5f96_H:L|G,AG,G,6ONV,A,1
5b8c_H:G|I,AG,I,2M2D,A,1
5b8c_H:G|I,AG,I,6UMV,A,1
5b8c_H:G|I,AG,I,6UMU,A,1
5b8c_H:G|I,AG,I,3RRQ,A,1
6hjq_K:L|F:E,AB,K:L,6HKG,A:B,1
5zxv_H:L|A,AG,A,4L3N,A,1
5zxv_H:L|A,AG,A,4L3N,B,2
4u6h_C:D|J,AG,J,1YPY,A,1
4u6h_C:D|J,AG,J,1YPY,B,2
3iet_D:C|Q,AB,D:C,3IF1,B:A,2
3iet_D:C|Q,AB,D:C,3IF1,D:C,3
1qfw_H:L|A,AG,A,1DZ7,A,1
1qfw_H:L|A,AG,A,1HD4,A,1
1qfw_H:L|A,AG,A,1E9J,A,1
1xcq_B:A|P:L,AB,B:A,1NLB,H:L,1
4r2g_D:C|O,AB,D:C,5CEY,B:A,1
4r2g_D:C|O,AB,D:C,5CEY,D:C,2
4r2g_D:C|O,AB,D:C,4R26,H:L,1
3uc0_H:L|A,AG,A,6NT3,A,1
1a3r_H:L|P,AB,H:L,1BBD,H:L,1
6mtj_D:E|B,AB,D:E,4TOY,H:L,1
4ot1_H:L|A,AB,H:L,4OSU,H:L,1
4ot1_H:L|A,AG,A,4OSN,A,1
5h37_K:L|B,AG,B,5OMZ,A,1
6pxh_H:L|B,AB,H:L,6PXG,A:B,1
6pxh_H:L|B,AB,H:L,6PXG,C:D,2
6pxh_H:L|B,AB,H:L,6PXG,E:F,3
6pxh_H:L|B,AB,H:L,6PXG,H:L,4
6pxh_H:L|B,AG,B,5X4R,A,1
5d72_H:L|A,AG,A,2GMF,A,1
5d72_H:L|A,AG,A,2GMF,B,2
3ck0_H:L|P,AB,H:L,1CK0,H:L,1
6c5v_H:L|A:C:B,AB,H:L,6BLA,H:L,1
1j1p_H:L|Y,AG,Y,6A10,A,1
1j1p_H:L|Y,AG,Y,6A10,B,2
1j1p_H:L|Y,AG,Y,6A10,C,3
1j1p_H:L|Y,AG,Y,6G8A,C,1
1j1p_H:L|Y,AG,Y,6F1O,A,1
5utf_H:L|G,AB,H:L,4JY5,H:L,1
6u0l_H:L|A,AB,H:L,1RZF,H:L,1
5w5z_H:L|A,AG,A,5W60,A,1
5w5z_H:L|A,AG,A,6EB6,A,1
5nhr_H:L|C,AB,H:L,5NHW,H:L,1
1v7n_H:L|V,AB,H:L,2ZKH,H:L,1
4nrx_H:L|P,AB,H:L,4NRY,H:L,1
4nrx_H:L|P,AB,H:L,4NRY,A:B,2
4rrp_K:E|Q,AG,Q,1WG3,A,1
4rrp_K:E|Q,AG,Q,2IDC,A,1
4rrp_K:E|Q,AG,Q,1ROC,A,1
4f3f_B:A|C,AB,B:A,4F33,B:A,1
4f3f_B:A|C,AB,B:A,4F33,D:C,2
4f3f_B:A|C,AB,B:A,4F33,F:E,3
4f3f_B:A|C,AB,B:A,4F33,H:G,4
6mhg_M:W|E,AG,E,3VDK,A,1
6mhg_M:W|E,AG,E,3VDJ,A,1
6mhg_M:W|E,AG,E,3VDL,A,1
6mhg_M:W|E,AG,E,3VDL,B,2
6mhg_M:W|E,AG,E,3VDL,C,3
6u0l_P:Q|C,AB,P:Q,1RZF,H:L,1
2dqh_H:L|Y,AG,Y,6A10,A,1
2dqh_H:L|Y,AG,Y,6A10,B,2
2dqh_H:L|Y,AG,Y,6A10,C,3
2dqh_H:L|Y,AG,Y,6G8A,C,1
2dqh_H:L|Y,AG,Y,6F1O,A,1
6mft_H:L|G,AG,G,5FA2,A,1
6mft_H:L|G,AG,G,5FA2,B,2
4kjp_C:D|A,AG,A,3NMO,A,1
6hjp_G:H|B:A,AB,G:H,6HKG,A:B,1
6fxn_M:N|J,AB,M:N,5Y9K,H:L,1
4lqf_H:L|A,AG,A,3K7B,A,1
4lqf_H:L|A,AG,A,3K7B,B,2
6pe8_A:B|U,AB,A:B,6PE7,H:L,1
5xbm_E:D|F,AG,F,4Q4B,A,1
5xbm_E:D|F,AG,F,4TW2,A,1
5xbm_E:D|F,AG,F,4TW2,B,2
5xbm_E:D|F,AG,F,4Q4F,A,1
6b0s_H:L|C,AB,H:L,6B0W,H:L,1
6b0s_H:L|C,AG,C,3VDK,A,1
6b0s_H:L|C,AG,C,3VDJ,A,1
6b0s_H:L|C,AG,C,3VDL,A,1
6b0s_H:L|C,AG,C,3VDL,B,2
6b0s_H:L|C,AG,C,3VDL,C,3
3bsz_N:M|E,AG,E,5NUA,A,1
3bsz_N:M|E,AG,E,5NU2,A,1
3bsz_N:M|E,AG,E,5NU7,A,1
3bsz_N:M|E,AG,E,5NU9,A,1
3bsz_N:M|E,AG,E,5NU8,A,1
6mu8_D:E|B,AB,D:E,4TOY,H:L,1
6iea_H:L|A,AG,A,6F8P,A,1
6iea_H:L|A,AG,A,5Y0Y,A,1
6iea_H:L|A,AG,A,5Y0W,A,1
1oak_H:L|A,AG,A,5BV8,A,1
1oak_H:L|A,AG,A,4C29,A,1
1oak_H:L|A,AG,A,4C29,B,2
1oak_H:L|A,AG,A,1AUQ,A,1
1oak_H:L|A,AG,A,1IJB,A,1
4lou_E:F|B,AG,B,3NMO,A,1
1v7m_I:M|X,AB,I:M,2ZKH,H:L,1
3csy_C:D|N:M,AB,C:D,3INU,H:L,1
3csy_C:D|N:M,AB,C:D,3INU,M:N,2
3ehb_C:D|B,AB,C:D,1MQK,H:L,1
6mlk_H:L|A,AG,A,5D3Z,A,1
6mlk_H:L|A,AG,A,5D3K,A,1
6ea5_H:L|F:A,AB,H:L,6DZN,H:L,1
5h37_G:H|A,AG,A,5OMZ,A,1
6tys_F:G|E,AB,F:G,6U1T,H:L,1
6mar_M:N|B:A:F,AB,M:N,4NUG,H:L,1
6mar_M:N|B:A:F,AB,M:N,4NUJ,B:A,1
5ken_N:O|M,AG,M,2LCZ,A,1
6dzz_B:C|A,AB,B:C,6D9G,A:B,1
6dzz_B:C|A,AB,B:C,6D9G,C:D,2
2vir_B:A|C,AB,B:A,1GIG,H:L,1
5w9k_E:F|D,AB,E:F,5VZR,H:L,1
5w9k_E:F|D,AB,E:F,5VZR,A:B,2
5w9k_E:F|D,AG,D,5X4R,A,1
6dzl_G:J|E:A,AB,G:J,6DZN,H:L,1
2oqj_K:J|L,AB,K:J,3OAZ,H:K,1
2oqj_K:J|L,AB,K:J,3OAZ,M:L,2
2ht4_E:F|B,AG,B,3NMO,A,1
2i60_R:Q|P,AB,R:Q,1RZ8,B:A,1
2i60_R:Q|P,AB,R:Q,1RZ8,D:C,2
4yzf_I:J|C,AB,I:J,5A16,G:H,1
4yzf_I:J|C,AB,I:J,5A16,C:D,2
4yzf_I:J|C,AB,I:J,5A16,E:F,3
4yzf_I:J|C,AB,I:J,5A16,A:B,4
4p59_H:L|A,AG,A,1M6B,A,1
4p59_H:L|A,AG,A,1M6B,B,2
6snd_B:A|C,AG,C,2NCS,A,1
6snd_B:A|C,AG,C,2NCT,A,1
4bh7_B:A|P,AB,B:A,2A6J,H:L,2
4bh7_B:A|P,AB,B:A,2A6J,B:A,3
4bh7_B:A|P,AB,B:A,5VGA,B:A,1
6okp_O:P|E,AB,O:P,6OKQ,A:B,1
6okp_O:P|E,AB,O:P,6OKQ,D:C,2
6okp_O:P|E,AB,O:P,6OKQ,F:E,3
5l6y_H:L|C,AG,C,1GA3,A,1
6me1_C:D|E,AB,C:D,5I8E,A:B,1
6me1_C:D|E,AB,C:D,5I8E,C:D,2
5if0_H:L|G,AB,H:L,5IFA,H:L,1
5if0_H:L|G,AG,G,5IDL,A,1
4ogy_M:N|B,AB,M:N,4PUB,H:L,1
4ogy_M:N|B,AG,B,2ANW,A,1
4ogy_M:N|B,AG,B,6O1S,E,1
4ogy_M:N|B,AG,B,2ANY,A,1
4ogy_M:N|B,AG,B,6I44,A,1
4ogy_M:N|B,AG,B,5TJX,A,1
6qig_H:L|A,AG,A,3GHN,A,1
6qig_H:L|A,AG,A,3GHM,A,1
6qig_H:L|A,AG,A,3VN4,A,1
1rvf_HL13,AB,H:L,1FOR,H:L,1
4rrp_H:B|N,AG,N,1WG3,A,1
4rrp_H:B|N,AG,N,2IDC,A,1
4rrp_H:B|N,AG,N,1ROC,A,1
6o3g_C:D|Q,AB,C:D,6O3D,H:L,1
5xbm_B:A|C,AG,C,4Q4B,A,1
5xbm_B:A|C,AG,C,4TW2,A,1
5xbm_B:A|C,AG,C,4TW2,B,2
5xbm_B:A|C,AG,C,4Q4F,A,1
1qle_H:L|B,AB,H:L,1MQK,H:L,1
4kro_D:C|A,AB,D:C,1YY8,B:A,1
4kro_D:C|A,AB,D:C,1YY8,D:C,2
4kro_D:C|A,AB,D:C,5I76,B:A,1
4kro_D:C|A,AB,D:C,5I76,D:C,2
4kro_D:C|A,AB,D:C,5GZ0,B:A,1
4kro_D:C|A,AB,D:C,5GZ0,D:C,2
4jre_B:C|A,AG,A,4U4T,A,1
4jre_B:C|A,AG,A,4U4V,A,1
4jre_B:C|A,AG,A,4U4W,A,1
4jre_B:C|A,AG,A,4U4W,B,2
5xjm_H:L|A,AG,A,5YO6,A,1
5xjm_H:L|A,AG,A,6DYF,A,1
5xjm_H:L|A,AG,A,6DYF,B,2
5xjm_H:L|A,AG,A,6DYC,A,1
5xjm_H:L|A,AG,A,6DYC,B,2
5ugy_J:N|E,AB,J:N,4WUK,H:L,1
5ugy_J:N|E,AG,E,6CHX,A,1
5ugy_J:N|E,AG,E,6CHX,B,2
3zkn_C:D|B,AG,B,3ZKI,A,1
3zkn_C:D|B,AG,B,3ZKI,B,2
3zkn_C:D|B,AG,B,2EWY,A,1
3zkn_C:D|B,AG,B,2EWY,B,2
3zkn_C:D|B,AG,B,2EWY,C,3
3zkn_C:D|B,AG,B,2EWY,D,4
3zkn_C:D|B,AG,B,3ZKG,A,1
3zkn_C:D|B,AG,B,3ZKG,B,2
4fp8_H:L|A,AB,H:L,4FNL,H:L,1
4fp8_H:L|A,AB,H:L,4FNL,I:M,2
6pzz_H:L|A,AB,H:L,6PZG,H:L,1
4jfz_H:L|P,AB,H:L,4JFY,B:A,1
4jfz_H:L|P,AB,H:L,4JFY,H:L,2
4gxu_Q:R|E,AB,Q:R,4GXV,H:L,1
4gxu_Q:R|E,AB,Q:R,4GXV,I:M,2
1otu_C:D|A,AG,A,3NMO,A,1
2zuq_F:E|D,AG,D,2L0N,A,1
2zuq_F:E|D,AG,D,2L0O,A,1
2zuq_F:E|D,AG,D,2K74,A,1
2zuq_F:E|D,AG,D,2K73,A,1
1xf5_D:C|Q,AB,D:C,1NLB,H:L,1
1ua6_H:L|Y,AG,Y,6A10,A,1
1ua6_H:L|Y,AG,Y,6A10,B,2
1ua6_H:L|Y,AG,Y,6A10,C,3
1ua6_H:L|Y,AG,Y,6G8A,C,1
1ua6_H:L|Y,AG,Y,6F1O,A,1
6osy_M:N|K,AB,M:N,4JY5,H:L,1
6h0e_H:L|I,AB,H:L,5V7U,H:L,1
3mnz_B:A|P,AB,B:A,3MO1,B:A,1
3mnz_B:A|P,AB,B:A,3MNV,B:A,1
3mnz_B:A|P,AB,B:A,3MNV,D:C,2
5ngv_H:L|A,AB,H:L,5NHW,H:L,1
6hx4_I:M|A,AB,I:M,6GXX,H:L,1
6hx4_I:M|A,AG,A,3NE4,A,1
6hx4_I:M|A,AG,A,5NBU,A,1
6hx4_I:M|A,AG,A,5NBV,A,1
6c6y_A:B|S,AB,A:B,6C6X,A:B,1
6c6y_A:B|S,AB,A:B,6C6X,C:D,2
6c6y_A:B|S,AB,A:B,6C6X,E:F,3
6c6y_A:B|S,AB,A:B,6C6X,H:L,4
6c6y_A:B|S,AG,S,4L3N,A,1
6c6y_A:B|S,AG,S,4L3N,B,2
5wb9_H:L|G,AG,G,6ONH,A,1
5wb9_H:L|G,AG,G,6ONV,A,1
6cue_m:n|c,AB,m:n,4JY5,H:L,1
3qa3_H:F|I,AG,I,1NA5,A,1
3qa3_H:F|I,AG,I,1IDO,A,1
3qa3_H:F|I,AG,I,1MF7,A,1
3qa3_H:F|I,AG,I,4XW2,A,1
3qa3_H:F|I,AG,I,1JLM,A,1
5hj3_I:J|D:C,AB,I:J,3INU,H:L,1
5hj3_I:J|D:C,AB,I:J,3INU,M:N,2
6rcu_E:D|A,AB,E:D,6RCS,A:B,1
6rcu_E:D|A,AG,A,4WAT,A,1
5cus_H:L|A,AG,A,1M6B,A,1
5cus_H:L|A,AG,A,1M6B,B,2
4ybl_H:L|G,AB,H:L,3TNM,H:L,1
4ybl_H:L|G,AB,H:L,3TNM,A:B,2
6b9j_A:B|Y,AG,Y,4E9O,X,1
6ion_H:L|A,AG,A,6IOM,A,1
6ion_H:L|A,AG,A,6IOM,B,2
6nb4_H:L|A,AB,H:L,6NB5,H:L,1
6nb4_H:L|A,AB,H:L,6NB5,I:M,2
6nb4_H:L|A,AG,A,5X4R,A,1
6iek_E:F|D,AG,D,6F8P,A,1
6iek_E:F|D,AG,D,5Y0Y,A,1
6iek_E:F|D,AG,D,5Y0W,A,1
4o51_H:L|M,AG,M,6F2Z,B,1
4o51_H:L|M,AG,M,6F2Z,A,2
5d1z_F:E|J,AG,J,2MOQ,A,1
3tt1_I:M|A,AG,A,2Q72,A,1
3tt1_I:M|A,AG,A,2Q6H,A,1
3tt1_I:M|A,AG,A,2QB4,A,1
3tt1_I:M|A,AG,A,3F3E,A,2
3tt1_I:M|A,AG,A,3F48,A,2
4ut9_I:M|B,AG,B,4UTC,A,1
4ut9_I:M|B,AG,B,4UTC,B,2
3lh2_J:N|U,AB,J:N,4LLV,A:B,1
3lh2_J:N|U,AB,J:N,4LLV,E:F,2
3lh2_J:N|U,AB,J:N,4LLV,H:L,3
3lh2_J:N|U,AB,J:N,4LLV,C:D,4
3lh2_J:N|U,AB,J:N,5CIP,H:L,1
3lh2_J:N|U,AB,J:N,5CIP,A:B,2
6fn1_C:B|A,AB,C:B,5JUE,H:L,1
4tsc_H:L|A,AG,A,6A10,A,1
4tsc_H:L|A,AG,A,6A10,B,2
4tsc_H:L|A,AG,A,6A10,C,3
4tsc_H:L|A,AG,A,6G8A,C,1
4tsc_H:L|A,AG,A,6F1O,A,1
3eob_B:A|J,AB,B:A,3EO9,H:L,1
3eob_B:A|J,AG,J,2ICA,A,1
3eob_B:A|J,AG,J,3F78,A,1
3eob_B:A|J,AG,J,3F78,B,2
3eob_B:A|J,AG,J,3F78,C,3
3eob_B:A|J,AG,J,1MJN,A,1
6mug_D:E|B,AB,D:E,4TOY,H:L,1
1yyl_H:L|G,AB,H:L,1RZ8,B:A,1
1yyl_H:L|G,AB,H:L,1RZ8,D:C,2
4i18_A:B|R,AG,R,2LFG,A,1
4xmk_I:M|Q,AB,I:M,4XML,H:L,1
6hco_F:E|A,AB,F:E,5NIV,B:A,1
4kjw_E:F|B,AG,B,3NMO,A,1
2ht2_E:F|B,AG,B,3NMO,A,1
6u38_H:L|B,AG,B,6U26,A,1
6u38_H:L|B,AG,B,6U26,B,2
4qxu_H:L|K,AB,H:L,4OUU,H:L,1
4qxu_H:L|K,AB,H:L,4OUU,B:A,2
3u4e_H:L|G,AB,H:L,3U36,H:L,1
3u4e_H:L|G,AB,H:L,3U36,A:B,2
3u4e_H:L|G,AB,H:L,3U36,C:D,3
3u4e_H:L|G,AB,H:L,3U36,E:F,4
3u4e_H:L|G,AG,G,6CMX,A,1
1wej_H:L|F,AB,H:L,1QBM,H:L,1
1wej_H:L|F,AB,H:L,1QBL,H:L,1
1wej_H:L|F,AG,F,6FF5,A,1
1wej_H:L|F,AG,F,2B4Z,A,1
1cfn_B:A|C,AB,B:A,1CFQ,B:A,1
6mej_H:L|C,AB,H:L,6MED,A:B,1
6mej_H:L|C,AB,H:L,6MED,C:D,2
6mej_H:L|C,AB,H:L,6MED,G:I,3
3u2s_H:L|G,AB,H:L,3U36,H:L,1
3u2s_H:L|G,AB,H:L,3U36,A:B,2
3u2s_H:L|G,AB,H:L,3U36,C:D,3
3u2s_H:L|G,AB,H:L,3U36,E:F,4
3u2s_H:L|G,AG,G,6CMX,A,1
6iec_F:G|E,AG,E,6F8P,A,1
6iec_F:G|E,AG,E,5Y0Y,A,1
6iec_F:G|E,AG,E,5Y0W,A,1
1bog_B:A|C,AB,B:A,1CFQ,B:A,1
4jb9_H:L|G,AG,G,6ONH,A,1
4jb9_H:L|G,AG,G,6ONV,A,1
5b71_B:A|E,AG,E,3CU7,A,1
5b71_B:A|E,AG,E,3CU7,B,2
1tqb_B:C|A,AG,A,4HLS,A,1
1tqb_B:C|A,AG,A,4HLS,B,2
1tqb_B:C|A,AG,A,4HMR,A,1
1tqb_B:C|A,AG,A,4HMR,B,2
1tqb_B:C|A,AG,A,4HMM,A,1
1tqb_B:C|A,AG,A,4HMM,B,2
1mvu_B:A|P,AB,B:A,1AP2,B:A,1
1mvu_B:A|P,AB,B:A,1AP2,D:C,2
1mvu_B:A|P,AG,P,6S7P,A,1
1mvu_B:A|P,AG,P,5KO2,A,1
1mvu_B:A|P,AG,P,5KO2,B,2
1mvu_B:A|P,AG,P,5KPD,A,1
1mvu_B:A|P,AG,P,5KPD,B,2
2uzi_H:L|R,AG,R,5B2Z,A,1
2uzi_H:L|R,AG,R,5WDQ,A,1
2uzi_H:L|R,AG,R,5WDP,A,1
6p65_H:L|A,AB,H:L,6PEH,H:L,1
6p65_H:L|A,AB,H:L,6PEH,A:B,2
5bk1_C:D|B,AG,B,6QGD,A,1
5bk1_C:D|B,AG,B,6N84,A,1
5bk1_C:D|B,AG,B,6K7F,A,1
5w9n_B:C|A,AB,B:C,5VZR,H:L,1
5w9n_B:C|A,AB,B:C,5VZR,A:B,2
5w9n_B:C|A,AG,A,5X4R,A,1
3i50_H:L|E,AG,E,2I69,A,1
3i50_H:L|E,AG,E,2P5P,A,1
3i50_H:L|E,AG,E,2P5P,B,2
3i50_H:L|E,AG,E,2P5P,C,3
3i50_H:L|E,AG,E,2HG0,A,1
2fec_J:O|A,AG,A,3NMO,A,1
6fxn_Q:R|K,AB,Q:R,5Y9K,H:L,1
4r8w_H:L|B:A,AG,B:A,4LN6,B:A,2
4r8w_H:L|B:A,AG,B:A,4LN6,D:C,3
4r8w_H:L|B:A,AG,B:A,4LN6,F:E,4
4r8w_H:L|B:A,AG,B:A,4LN6,H:G,6
4r8w_H:L|B:A,AG,B:A,4LN6,J:I,7
4r8w_H:L|B:A,AG,B:A,4LN6,L:K,8
3det_E:F|B,AG,B,3NMO,A,1
6cuf_562,AB,5:6,4JY5,H:L,1
1pkq_G:F|J,AG,J,3CSP,A,1
1pkq_G:F|J,AG,J,1PKO,A,1
5utz_B:C|A,AG,A,1M47,A,1
5utz_B:C|A,AG,A,1M48,A,1
5utz_B:C|A,AG,A,1M48,B,2
5utz_B:C|A,AG,A,4NEM,A,1
5utz_B:C|A,AG,A,4NEJ,A,1
2r0k_H:L|A,AG,A,1YBW,A,1
2r0k_H:L|A,AG,A,1YBW,B,2
5eu7_F:D|B,AG,B,5KRS,A,1
5w0d_B:C|A,AG,A,6CHX,A,1
5w0d_B:C|A,AG,A,6CHX,B,2
4hf5_H:L|A,AG,A,3QQI,A,1
4hf5_H:L|A,AG,A,3QQI,B,2
4jo1_I:M|Q,AG,Q,1CE4,A,1
4zpt_A:B|R,AG,R,4L3N,A,1
4zpt_A:B|R,AG,R,4L3N,B,2
4ma8_H:L|C,AG,C,2KU5,A,1
4ma8_H:L|C,AG,C,2L1E,A,1
4ma8_H:L|C,AG,C,2L1D,A,1
4ma8_H:L|C,AG,C,2L1K,A,1
4ma8_H:L|C,AG,C,2L40,A,1
4nm8_I:M|D:C,AB,I:M,4NM4,H:L,1
4nm8_I:M|D:C,AB,I:M,4NM4,I:M,2
4kkl_C:D|A,AG,A,3NMO,A,1
4u1g_B:C|A,AG,A,4WAT,A,1
6al0_H:L|A,AB,H:L,4YNY,A:B,1
6al0_H:L|A,AB,H:L,4YNY,C:D,2
6al0_H:L|A,AG,A,6AKQ,A,1
5th9_H:L|A,AG,A,4H1Q,A,1
5th9_H:L|A,AG,A,4H1Q,B,2
5th9_H:L|A,AG,A,5I12,A,1
5th9_H:L|A,AG,A,6ESM,A,1
5th9_H:L|A,AG,A,4XCT,A,1
5dd0_H:L|P,AB,H:L,5DD3,H:L,1
5dd0_H:L|P,AB,H:L,5DD1,H:L,1
5dd0_H:L|P,AB,H:L,5DD6,H:L,1
5dd0_H:L|P,AB,H:L,5DD6,A:B,2
6cnv_H:L|B,AB,H:L,4FQH,H:L,1
6cnv_H:L|B,AB,H:L,4FQH,A:B,2
6nb3_D:E|A,AB,D:E,6NB5,H:L,1
6nb3_D:E|A,AB,D:E,6NB5,I:M,2
6nb3_D:E|A,AG,A,5X4R,A,1
3k2u_H:L|A,AG,A,1YBW,A,1
3k2u_H:L|A,AG,A,1YBW,B,2
3a67_H:L|Y,AG,Y,6A10,A,1
3a67_H:L|Y,AG,Y,6A10,B,2
3a67_H:L|Y,AG,Y,6A10,C,3
3a67_H:L|Y,AG,Y,6G8A,C,1
3a67_H:L|Y,AG,Y,6F1O,A,1
6gv1_H:L|A,AG,A,6OOM,A,1
6gv1_H:L|A,AG,A,6EUQ,A,1
6gv1_H:L|A,AG,A,4ZOW,A,1
6gv1_H:L|A,AG,A,4ZP0,A,1
6gv1_H:L|A,AG,A,4ZP2,A,1
2b2x_I:M|B,AG,B,5HGJ,A,1
2b2x_I:M|B,AG,B,5HGJ,B,2
2b2x_I:M|B,AG,B,1CK4,A,1
2b2x_I:M|B,AG,B,1CK4,B,2
2vit_B:A|C,AB,B:A,1GIG,H:L,1
5mp5_H:L|J,AB,H:L,4OZ4,H:L,1
5mp5_H:L|J,AB,H:L,4OZ4,A:B,2
5mp5_H:L|J,AB,H:L,5MTH,H:L,1
5mp5_H:L|J,AB,H:L,5MTH,A:B,2
1ggi_J:M|Q,AB,J:M,1GGC,H:L,1
1ggi_J:M|Q,AB,J:M,1GGB,H:L,1
5gjt_H:L|B:A,AG,B:A,4EDA,B:A,1
5gjt_H:L|B:A,AG,B:A,4EDA,D:C,2
6bpe_B:C|A,AG,A,5W53,A,1
6bpe_B:C|A,AG,A,5W53,B,2
6nf2_V:U|Q,AB,V:U,5JXA,H:L,1
4z5r_Q:P|G,AG,G,1RH2,A,1
4z5r_Q:P|G,AG,G,1RH2,B,2
4z5r_Q:P|G,AG,G,1RH2,C,3
4z5r_Q:P|G,AG,G,1RH2,D,4
4z5r_Q:P|G,AG,G,1RH2,E,5
4z5r_Q:P|G,AG,G,1RH2,F,6
5kn5_A:B|C,AG,C,4TGF,A,1
5kn5_A:B|C,AG,C,3TGF,A,1
5kn5_A:B|C,AG,C,2TGF,A,1
5ikc_B:A|M,AG,M,5IO9,A,1
5ikc_B:A|M,AG,M,5IO9,B,2
5ikc_B:A|M,AG,M,5IOI,A,1
5ikc_B:A|M,AG,M,5IOI,B,2
5ikc_B:A|M,AG,M,5IOI,C,3
5ikc_B:A|M,AG,M,5IOI,D,4
5ikc_B:A|M,AG,M,5IOI,E,5
5ikc_B:A|M,AG,M,5IOI,F,6
6bfq_E:F|J,AG,J,2GMF,A,1
6bfq_E:F|J,AG,J,2GMF,B,2
1fsk_C:B|A,AG,A,4A85,A,1
1fsk_C:B|A,AG,A,4BK7,A,1
1fsk_C:B|A,AG,A,4A87,A,1
1fsk_C:B|A,AG,A,4MNS,A,1
2iff_H:L|Y,AG,Y,6A10,A,1
2iff_H:L|Y,AG,Y,6A10,B,2
2iff_H:L|Y,AG,Y,6A10,C,3
2iff_H:L|Y,AG,Y,6G8A,C,1
2iff_H:L|Y,AG,Y,6F1O,A,1
1yym_R:Q|P,AB,R:Q,1RZ8,B:A,1
1yym_R:Q|P,AB,R:Q,1RZ8,D:C,2
4fqv_I:M|F:E,AB,I:M,4FQH,H:L,1
4fqv_I:M|F:E,AB,I:M,4FQH,A:B,2
6bpa_B:C|A,AG,A,5W53,A,1
6bpa_B:C|A,AG,A,5W53,B,2
3jwd_H:L|A,AB,H:L,1RZ7,H:L,1
2a6d_B:A|P,AB,B:A,2A6J,H:L,2
2a6d_B:A|P,AB,B:A,2A6J,B:A,3
2a6d_B:A|P,AB,B:A,5VGA,B:A,1
5ijk_A:C|X,AB,A:C,5IK3,A:B,1
5ijk_A:C|X,AB,A:C,5IK3,C:D,2
5e94_B:A|G,AG,G,6KK1,A,1
5e94_B:A|G,AG,G,6KK1,B,2
5e94_B:A|G,AG,G,5VEW,A,1
5e94_B:A|G,AG,G,5VEW,B,2
5e94_B:A|G,AG,G,6KJV,A,1
5e94_B:A|G,AG,G,6KJV,B,2
4q6i_E:D|J,AG,J,1WIO,A,1
4q6i_E:D|J,AG,J,1WIO,B,2
4q6i_E:D|J,AG,J,1CDJ,A,1
5vjo_C:D|F,AG,F,5V8G,A,1
5vjo_C:D|F,AG,F,6D9I,A,1
5vjo_C:D|F,AG,F,6D9I,B,2
3u9p_K:M|C,AG,C,3S26,A,1
5w5x_H:L|A,AG,A,5W60,A,1
5w5x_H:L|A,AG,A,6EB6,A,1
4tvp_H:L|G,AB,H:L,4JY5,H:L,1
5b8c_K:J|L,AG,L,2M2D,A,1
5b8c_K:J|L,AG,L,6UMV,A,1
5b8c_K:J|L,AG,L,6UMU,A,1
5b8c_K:J|L,AG,L,3RRQ,A,1
4tuj_A:B|E,AB,A:B,4TUO,A:B,1
4tuj_A:B|E,AB,A:B,4TUO,C:D,2
4tuj_A:B|E,AB,A:B,4TRP,H:L,1
5lqb_H:L|A,AG,A,1M47,A,1
5lqb_H:L|A,AG,A,1M48,A,1
5lqb_H:L|A,AG,A,1M48,B,2
5lqb_H:L|A,AG,A,4NEM,A,1
5lqb_H:L|A,AG,A,4NEJ,A,1
3v6z_C:D|E,AB,C:D,3V6F,A:B,1
3v6z_C:D|E,AB,C:D,3V6F,C:D,2
3v6z_C:D|E,AB,C:D,3V6F,E:F,3
3v6z_C:D|E,AB,C:D,3V6F,H:L,4
4yhz_H:L|P,AG,P,3A1B,A,1
4yhz_H:L|P,AG,P,2L43,A,1
5jhl_H:L|A,AG,A,5OMZ,A,1
4krp_D:C|A,AB,D:C,1YY8,B:A,1
4krp_D:C|A,AB,D:C,1YY8,D:C,2
4krp_D:C|A,AB,D:C,5I76,B:A,1
4krp_D:C|A,AB,D:C,5I76,D:C,2
4krp_D:C|A,AB,D:C,5GZ0,B:A,1
4krp_D:C|A,AB,D:C,5GZ0,D:C,2
3tt1_H:L|B,AG,B,2Q72,A,1
3tt1_H:L|B,AG,B,3F4I,A,2
3tt1_H:L|B,AG,B,3F3E,A,2
3tt1_H:L|B,AG,B,2A65,A,1
3tt1_H:L|B,AG,B,3F48,A,2
6eti_D:C|B,AB,D:C,5NIV,B:A,1
3pgf_H:L|A,AG,A,6K7E,A,1
3pgf_H:L|A,AG,A,6K7F,A,1
3pgf_H:L|A,AG,A,6QXJ,A,1
3pgf_H:L|A,AG,A,6QGD,A,1
3pgf_H:L|A,AG,A,6N84,A,1
4gms_I:M|C,AB,I:M,4GMT,H:L,1
4gms_I:M|C,AB,I:M,4GMT,I:M,2
6b9j_H:L|X,AG,X,4E9O,X,1
6al1_H:L|A,AB,H:L,4YNY,A:B,1
6al1_H:L|A,AB,H:L,4YNY,C:D,2
6dc8_H:L|P,AB,H:L,6DC7,H:L,1
6dc8_H:L|P,AB,H:L,6DC7,I:M,2
4k94_H:L|C,AG,C,2EC8,A,1
2r6p_F:G|C,AG,C,2JSF,A,1
6n1v_g:i|B,AB,g:i,5JXA,H:L,1
5nh3_H:L|A,AB,H:L,5NHW,H:L,1
5nh3_H:L|A,AG,A,1BTE,A,1
5nh3_H:L|A,AG,A,1BTE,B,2
6d0u_K:L|J,AB,K:L,4FNL,H:L,1
6d0u_K:L|J,AB,K:L,4FNL,I:M,2
4xzu_A:B|M,AG,M,3HNB,M,1
4xzu_A:B|M,AG,M,1D7P,M,1
4xzu_A:B|M,AG,M,3HOB,M,1
4xzu_A:B|M,AG,M,3HOB,A,2
4xzu_A:B|M,AG,M,3HNY,M,1
5vlp_H:L|A,AG,A,2P4E,P,1
5vlp_H:L|A,AG,A,2P4E,A,2
5vlp_H:L|A,AG,A,6U26,A,1
5vlp_H:L|A,AG,A,6U26,B,2
3u7y_H:L|G,AG,G,6ONH,A,1
3u7y_H:L|G,AG,G,6P9N,A,1
3u7y_H:L|G,AG,G,6ONV,A,1
6nb3_H:L|C,AB,H:L,6NB5,H:L,1
6nb3_H:L|C,AB,H:L,6NB5,I:M,2
3c09_C:B|A,AB,C:B,5VSI,H:L,1
3c09_C:B|A,AB,C:B,3C08,H:L,1
3c09_C:B|A,AB,C:B,5VR9,A:B,1
3c09_C:B|A,AB,C:B,5VR9,H:L,2
5l0q_F:E|D,AG,D,2AO7,A,1
1xgt_B:A|C,AB,B:A,1DQQ,B:A,1
1xgt_B:A|C,AB,B:A,1DQQ,D:C,2
1xgt_B:A|C,AB,B:A,1DQM,H:L,1
1xgt_B:A|C,AG,C,6BO1,A,1
1xgt_B:A|C,AG,C,6F9X,A,1
1xgt_B:A|C,AG,C,6F1O,A,1
1xgt_B:A|C,AG,C,6F9Z,A,1
1xgt_B:A|C,AG,C,6F1R,A,1
6svl_H:L|Q,AG,Q,6O6W,A,1
6svl_H:L|Q,AG,Q,6SVK,A,1
6svl_H:L|Q,AG,Q,6SVK,B,2
5wk3_S:R|B,AB,S:R,5WK2,H:L,1
3q3g_B:A|E,AG,E,1NA5,A,1
3q3g_B:A|E,AG,E,1IDO,A,1
3q3g_B:A|E,AG,E,1MF7,A,1
3q3g_B:A|E,AG,E,4XW2,A,1
3q3g_B:A|E,AG,E,1JLM,A,1
3ngb_E:F|D,AG,D,6ONH,A,1
3ngb_E:F|D,AG,D,6P9N,A,1
3ngb_E:F|D,AG,D,6ONV,A,1
4rgm_H:L|S,AG,S,1GOZ,A,1
4rgm_H:L|S,AG,S,1GOZ,B,2
4rgm_H:L|S,AG,S,3GP7,A,1
4rgm_H:L|S,AG,S,3GP7,B,2
4rgm_H:L|S,AG,S,1SE4,A,1
4rgm_H:L|S,AG,S,3SEB,A,1
4ag4_H:L|A,AG,A,6BSD,A,1
4ag4_H:L|A,AG,A,6BRJ,A,1
3liz_H:L|A,AG,A,1YG9,A,1
3liz_H:L|A,AG,A,4RLD,A,1
3liz_H:L|A,AG,A,4RLD,B,2
3liz_H:L|A,AG,A,4RLD,C,3
3liz_H:L|A,AG,A,4RLD,D,4
6j5g_H:L|A,AG,A,1SVB,A,1
5c0n_H:L|A,AG,A,1G7N,A,1
6o3g_A:B|I,AB,A:B,6O3D,H:L,1
5tih_H:L|A,AG,A,5TIK,A,1
5tih_H:L|A,AG,A,5TIK,B,2
5tih_H:L|A,AG,A,5TIK,C,3
5tih_H:L|A,AG,A,5TIK,D,4
4gms_H:L|A,AB,H:L,4GMT,H:L,1
4gms_H:L|A,AB,H:L,4GMT,I:M,2
3jab_Q:R|O,AB,Q:R,12E8,H:L,1
3jab_Q:R|O,AB,Q:R,12E8,P:M,2
3jab_Q:R|O,AG,O,3JWQ,A,1
3jab_Q:R|O,AG,O,3JWQ,B,2
3jab_Q:R|O,AG,O,3JWQ,C,3
3jab_Q:R|O,AG,O,3JWQ,D,4
2dqg_H:L|Y,AG,Y,6BO1,A,1
2dqg_H:L|Y,AG,Y,6F9X,A,1
2dqg_H:L|Y,AG,Y,6F1O,A,1
2dqg_H:L|Y,AG,Y,6F9Z,A,1
2dqg_H:L|Y,AG,Y,6F1R,A,1
6mej_A:B|C,AB,A:B,6MEG,H:L,1
2oz4_H:L|A,AG,A,1P53,A,1
2oz4_H:L|A,AG,A,1P53,B,2
6cue_q:r|c,AB,q:r,5JXA,H:L,1
5wdu_U:V|R,AB,U:V,4TOY,H:L,1
6n1v_f:h|A,AB,f:h,5JXA,H:L,1
4jm2_A:B|E,AB,A:B,4JM4,H:L,1
3wih_H:L|A,AB,H:L,3WII,H:L,1
3wih_H:L|A,AB,H:L,3WII,I:M,2
3wih_H:L|A,AG,A,4HLJ,A,1
5t85_H:L|G,AB,H:L,5JNY,A:B,1
5t85_H:L|G,AB,H:L,5JNY,C:D,2
1uj3_B:A|C,AG,C,1TFH,A,1
1uj3_B:A|C,AG,C,1TFH,B,2
4hfu_H:L|A,AG,A,3QQI,A,1
4hfu_H:L|A,AG,A,3QQI,B,2
5i75_B:C|A,AB,B:C,5I66,A:B,1
1him_M:J|R,AB,M:J,1HIL,B:A,1
1him_M:J|R,AB,M:J,1HIL,D:C,2
5aco_I:K|D,AB,I:K,6B3D,H:L,1
5uea_A:B|X,AG,X,1WG3,A,1
5uea_A:B|X,AG,X,2IDC,A,1
5uea_A:B|X,AG,X,1ROC,A,1
6cuf_M:N|C,AB,M:N,4JY5,H:L,1
1xf5_B:A|P:L,AB,B:A,1NLB,H:L,1
6jjp_A:B|C,AG,C,2M2D,A,1
6jjp_A:B|C,AG,C,6UMV,A,1
6jjp_A:B|C,AG,C,3RRQ,A,1
4q6i_G:F|I,AG,I,1WIO,A,1
4q6i_G:F|I,AG,I,1WIO,B,2
4q6i_G:F|I,AG,I,1CDJ,A,1
1u8i_B:A|C,AB,B:A,2PR4,H:L,1
4xh2_A:B|a,AG,a,2L6F,A,1
4xh2_A:B|a,AG,a,2L6H,A,1
1xct_B:A|P:L,AB,B:A,1NLB,H:L,1
1ahw_B:A|C,AB,B:A,1FGN,H:L,1
1ahw_B:A|C,AG,C,1TFH,A,1
1ahw_B:A|C,AG,C,1TFH,B,2
5f9w_H:L|G,AG,G,6ONH,A,1
5f9w_H:L|G,AG,G,6P9N,A,1
5f9w_H:L|G,AG,G,6ONV,A,1
6c6y_H:L|R,AG,R,4L3N,A,1
6c6y_H:L|R,AG,R,4L3N,B,2
4yzf_G:H|B,AB,G:H,5A16,G:H,1
4yzf_G:H|B,AB,G:H,5A16,C:D,2
4yzf_G:H|B,AB,G:H,5A16,E:F,3
4yzf_G:H|B,AB,G:H,5A16,A:B,4
6jfh_H:L|E,AG,E,5OMZ,A,1
5cba_C:D|F,AG,F,4ZAI,A,1
4r0l_A:B|C,AB,A:B,4LCI,H:L,1
3qo0_B:A|C,AB,B:A,3QO1,B:A,1
3ulu_F:E|A,AB,F:E,3QPQ,H:L,1
3ulu_F:E|A,AB,F:E,3QPQ,F:E,2
3ulu_F:E|A,AB,F:E,3QPQ,D:C,3
3ulu_F:E|A,AB,F:E,3QPQ,J:I,4
3ulu_F:E|A,AG,A,1ZIW,A,1
3ulu_F:E|A,AG,A,2A0Z,A,1
5u7m_H:L|G,AB,H:L,4JY5,H:L,1
5cil_H:L|P,AB,H:L,4LLV,A:B,1
5cil_H:L|P,AB,H:L,4LLV,E:F,2
5cil_H:L|P,AB,H:L,4LLV,H:L,3
5cil_H:L|P,AB,H:L,4LLV,C:D,4
5cil_H:L|P,AB,H:L,5CIP,H:L,1
5cil_H:L|P,AB,H:L,5CIP,A:B,2
3ulv_F:E|A,AB,F:E,3QPQ,H:L,1
3ulv_F:E|A,AB,F:E,3QPQ,F:E,2
3ulv_F:E|A,AB,F:E,3QPQ,D:C,3
3ulv_F:E|A,AB,F:E,3QPQ,J:I,4
3ulv_F:E|A,AG,A,1ZIW,A,1
3ulv_F:E|A,AG,A,2A0Z,A,1
4r2g_J:I|K,AB,J:I,5CEY,B:A,1
4r2g_J:I|K,AB,J:I,5CEY,D:C,2
4r2g_J:I|K,AB,J:I,4R26,H:L,1
1kiq_B:A|C,AG,C,6BO1,A,1
1kiq_B:A|C,AG,C,6F9X,A,1
1kiq_B:A|C,AG,C,6F1O,A,1
1kiq_B:A|C,AG,C,6F9Z,A,1
1kiq_B:A|C,AG,C,6F1R,A,1
5vgj_H:L|G,AB,H:L,5EWI,H:L,1
5vgj_H:L|G,AG,G,6CMX,A,1
4uu9_H:L|D,AG,D,3HQA,A,1
4uu9_H:L|D,AG,D,3HQA,B,2
4uu9_H:L|D,AG,D,4P39,A,1
4uu9_H:L|D,AG,D,4P39,B,2
4uu9_H:L|D,AG,D,4P39,C,3
4uu9_H:L|D,AG,D,4P39,D,4
6k68_A:B|H,AB,A:B,3MO1,B:A,1
6k68_A:B|H,AB,A:B,3MNV,B:A,1
6k68_A:B|H,AB,A:B,3MNV,D:C,2
6icf_H:L|A,AB,H:L,4YNY,A:B,1
6icf_H:L|A,AB,H:L,4YNY,C:D,2
5xez_C:D|A,AG,A,5KIO,A,1
5xez_C:D|A,AG,A,5I14,A,1
5xez_C:D|A,AG,A,5I14,B,2
5xez_C:D|A,AG,A,5JGZ,A,1
5xez_C:D|A,AG,A,5KI8,A,1
6mb3_F:P|E,AG,E,3VDK,A,1
6mb3_F:P|E,AG,E,3VDJ,A,1
6mb3_F:P|E,AG,E,3VDL,A,1
6mb3_F:P|E,AG,E,3VDL,B,2
6mb3_F:P|E,AG,E,3VDL,C,3
6pzz_F:E|B,AB,F:E,6PZG,H:L,1
5d1q_C:D|E,AG,E,3RTL,A,1
5d1q_C:D|E,AG,E,3RTL,B,2
5d1q_C:D|E,AG,E,3RTL,C,3
5d1q_C:D|E,AG,E,3RTL,D,4
5d1q_C:D|E,AG,E,3RUR,A,1
5d1q_C:D|E,AG,E,3RUR,B,2
5d1q_C:D|E,AG,E,3RUR,C,3
5d1q_C:D|E,AG,E,3RUR,D,4
6iap_E:D|A,AG,A,1P6F,A,1
6iap_E:D|A,AG,A,1OLL,A,1
3u4e_A:B|J,AB,A:B,3U36,H:L,1
3u4e_A:B|J,AB,A:B,3U36,A:B,2
3u4e_A:B|J,AB,A:B,3U36,C:D,3
3u4e_A:B|J,AB,A:B,3U36,E:F,4
3u4e_A:B|J,AG,J,6CMX,A,1
3l5w_H:L|I,AB,H:L,3L7E,H:L,1
3l5w_H:L|I,AB,H:L,3L7E,B:A,2
3l5w_H:L|I,AG,I,1GA3,A,1
5vjq_A:B|I,AG,I,5V8G,A,1
5vjq_A:B|I,AG,I,6D9I,A,1
5vjq_A:B|I,AG,I,6D9I,B,2
6pzw_H:L|A,AB,H:L,6PZH,H:L,1
6pzw_H:L|A,AB,H:L,6PZH,B:A,2
5jxe_D:C|B,AG,B,2M2D,A,1
5jxe_D:C|B,AG,B,6UMV,A,1
5jxe_D:C|B,AG,B,6UMU,A,1
5jxe_D:C|B,AG,B,3RRQ,A,1
5u8r_H:L|A,AG,A,1IGR,A,1
6mu7_D:E|B,AB,D:E,4TOY,H:L,1
6cmi_D:C|B,AG,B,6PD4,A,1
6cmi_D:C|B,AG,B,6PD4,B,2
6nij_H:L|E:A:C,AB,H:L,3U1S,H:L,1
4aei_J:N|C,AG,C,1AHO,A,1
4aei_J:N|C,AG,C,1PTX,A,1
4zxb_A:B|E,AG,E,2MFR,A,1
6ce0_H:L|G,AB,H:L,5CEY,B:A,1
6ce0_H:L|G,AB,H:L,5CEY,D:C,2
6ce0_H:L|G,AB,H:L,4R26,H:L,1
6cuf_Q:R|C,AB,Q:R,5JXA,H:L,1
6ea7_H:L|B:A:F,AB,H:L,6DZN,H:L,1
4i77_H:L|Z,AG,Z,1GA3,A,1
1cfs_B:A|C,AB,B:A,1CFQ,B:A,1
6n1v_M:N|C,AB,M:N,4JY5,H:L,1
5vn3_H:L|G,AB,H:L,1RZ8,B:A,1
5vn3_H:L|G,AB,H:L,1RZ8,D:C,2
6bck_H:L|G,AG,G,6ONH,A,1
6bck_H:L|G,AG,G,6P9N,A,1
6bck_H:L|G,AG,G,6ONV,A,1
5i9q_H:L|G,AG,G,5FA2,A,1
5i9q_H:L|G,AG,G,5FA2,B,2
4xnq_B:A|D,AB,B:A,4GSD,H:L,1
6u0n_P:Q|C,AB,P:Q,1RZF,H:L,1
3lh2_H:L|S,AB,H:L,4LLV,A:B,1
3lh2_H:L|S,AB,H:L,4LLV,E:F,2
3lh2_H:L|S,AB,H:L,4LLV,H:L,3
3lh2_H:L|S,AB,H:L,4LLV,C:D,4
3lh2_H:L|S,AB,H:L,5CIP,H:L,1
3lh2_H:L|S,AB,H:L,5CIP,A:B,2
3cvh_Q:R|M:O,AB,Q:R,3CVI,H:L,1
4m8q_H:L|C,AB,H:L,4OB5,H:L,1
4m8q_H:L|C,AB,H:L,4LRN,H:L,1
5d93_C:B|A,AG,A,3T58,A,1
5d93_C:B|A,AG,A,3T58,B,2
5d93_C:B|A,AG,A,3T58,C,3
5d93_C:B|A,AG,A,3T58,D,4
5d93_C:B|A,AG,A,5D8I,A,1
5d93_C:B|A,AG,A,5D8I,B,2
6ot1_m:n|G,AB,m:n,4JY5,H:L,1
1fe8_I:M|B,AG,B,1AO3,A,1
1fe8_I:M|B,AG,B,1AO3,B,2
1fe8_I:M|B,AG,B,1ATZ,A,1
1fe8_I:M|B,AG,B,1ATZ,B,2
5i8h_E:F|B,AB,E:F,5I8E,A:B,1
5i8h_E:F|B,AB,E:F,5I8E,C:D,2
2dqd_H:L|Y,AG,Y,6BO1,A,1
2dqd_H:L|Y,AG,Y,6F9X,A,1
2dqd_H:L|Y,AG,Y,6F1O,A,1
2dqd_H:L|Y,AG,Y,6F9Z,A,1
2dqd_H:L|Y,AG,Y,6F1R,A,1
6avu_H:L|B:A,AB,H:L,5OPY,H:L,1
4o58_H:L|A,AB,H:L,4O5L,H:L,1
6j14_A:B|G,AG,G,2M2D,A,1
6j14_A:B|G,AG,G,6UMV,A,1
6j14_A:B|G,AG,G,3RRQ,A,1
5mp1_C:D|B,AB,C:D,4OZ4,H:L,1
5mp1_C:D|B,AB,C:D,4OZ4,A:B,2
5mp1_C:D|B,AB,C:D,5MTH,H:L,1
5mp1_C:D|B,AB,C:D,5MTH,A:B,2
6mb3_I:R|E,AG,E,3VDK,A,1
6mb3_I:R|E,AG,E,3VDJ,A,1
6mb3_I:R|E,AG,E,3VDL,A,1
6mb3_I:R|E,AG,E,3VDL,B,2
6mb3_I:R|E,AG,E,3VDL,C,3
3raj_H:L|A,AG,A,2O3S,A,1
3raj_H:L|A,AG,A,2O3S,B,2
3raj_H:L|A,AG,A,3DZH,A,1
3raj_H:L|A,AG,A,3DZH,B,2
3raj_H:L|A,AG,A,3F6Y,A,1
6o3j_A:B|I,AB,A:B,6O3D,H:L,1
5g64_H:L|A,AB,H:L,4X7T,H:L,1
5g64_H:L|A,AB,H:L,4X7T,A:B,2
5g64_H:L|A,AB,H:L,2XA8,H:L,1
4bh8_B:A|P,AB,B:A,2A6J,H:L,2
4bh8_B:A|P,AB,B:A,2A6J,B:A,3
4bh8_B:A|P,AB,B:A,5VGA,B:A,1
4k24_H:L|U,AB,H:L,4K23,H:L,1
4k24_H:L|U,AG,U,3U74,U,1
6s3t_E:I|T,AB,E:I,6RNN,H:L,1
6s3t_E:I|T,AB,E:I,6RNN,D:C,2
6s3t_E:I|T,AG,T,6RQG,A,1
6s3t_E:I|T,AG,T,6RQG,B,2
6s3t_E:I|T,AG,T,6RQG,C,3
6s3t_E:I|T,AG,T,6RUX,A,1
6s3t_E:I|T,AG,T,6RUX,B,2
6s3t_E:I|T,AG,T,6RUX,C,3
4mwf_H:L|C,AB,H:L,6MEF,H:L,1
3hi1_B:A|J,AB,B:A,1U6A,H:L,1
5ggs_A:B|Z,AG,Z,2M2D,A,1
5ggs_A:B|Z,AG,Z,6UMV,A,1
5ggs_A:B|Z,AG,Z,6UMU,A,1
5ggs_A:B|Z,AG,Z,3RRQ,A,1
6i9i_A:B|C,AG,C,6F8P,A,1
6i9i_A:B|C,AG,C,5Y0Y,A,1
6i9i_A:B|C,AG,C,5Y0W,A,1
5o6v_I:M|C,AG,C,1SVB,A,1
1h0d_B:A|C,AG,C,5M9R,A,1
1h0d_B:A|C,AG,C,5M9R,B,2
1h0d_B:A|C,AG,C,4AOH,A,1
1h0d_B:A|C,AG,C,5EOP,A,1
1h0d_B:A|C,AG,C,5M9Q,A,1
3se9_H:L|G,AG,G,6ONH,A,1
3se9_H:L|G,AG,G,6P9N,A,1
3se9_H:L|G,AG,G,6ONV,A,1
5w9i_G:H|E,AB,G:H,5VZR,H:L,1
5w9i_G:H|E,AB,G:H,5VZR,A:B,2
5w9i_G:H|E,AG,E,5X4R,A,1
2pw1_B:A|C,AB,B:A,2PR4,H:L,1
5c7x_H:L|A,AB,H:L,5D7S,H:L,1
5c7x_H:L|A,AG,A,2GMF,A,1
5c7x_H:L|A,AG,A,2GMF,B,2
1xgu_B:A|C,AB,B:A,1DQQ,B:A,1
1xgu_B:A|C,AB,B:A,1DQQ,D:C,2
1xgu_B:A|C,AB,B:A,1DQM,H:L,1
1xgu_B:A|C,AG,C,6BO1,A,1
1xgu_B:A|C,AG,C,6F9X,A,1
1xgu_B:A|C,AG,C,6F1O,A,1
1xgu_B:A|C,AG,C,6F9Z,A,1
1xgu_B:A|C,AG,C,6F1R,A,1
2fx9_I:M|Q,AB,I:M,4LLV,A:B,1
2fx9_I:M|Q,AB,I:M,4LLV,E:F,2
2fx9_I:M|Q,AB,I:M,4LLV,H:L,3
2fx9_I:M|Q,AB,I:M,4LLV,C:D,4
2fx9_I:M|Q,AB,I:M,5CIP,H:L,1
2fx9_I:M|Q,AB,I:M,5CIP,A:B,2
4rgn_F:G|S,AG,S,1GOZ,A,1
4rgn_F:G|S,AG,S,1GOZ,B,2
4rgn_F:G|S,AG,S,3GP7,A,1
4rgn_F:G|S,AG,S,3GP7,B,2
4rgn_F:G|S,AG,S,1SE4,A,1
4rgn_F:G|S,AG,S,3SEB,A,1
4xx1_E:G|B,AG,B,5TXF,A,1
4xx1_E:G|B,AG,B,5TXF,B,2
4xx1_E:G|B,AG,B,5TXF,C,3
4xx1_E:G|B,AG,B,5TXF,D,4
4xx1_E:G|B,AG,B,6MVD,A,1
4xx1_E:G|B,AG,B,6MVD,B,2
4xmk_J:N|R,AB,J:N,4XML,H:L,1
4fqv_H:L|B:A,AB,H:L,4FQH,H:L,1
4fqv_H:L|B:A,AB,H:L,4FQH,A:B,2
5mp3_H:L|D,AB,H:L,4OZ4,H:L,1
5mp3_H:L|D,AB,H:L,4OZ4,A:B,2
5mp3_H:L|D,AB,H:L,5MTH,H:L,1
5mp3_H:L|D,AB,H:L,5MTH,A:B,2
5e94_D:C|H,AG,H,6KK1,A,1
5e94_D:C|H,AG,H,6KK1,B,2
5e94_D:C|H,AG,H,5VEW,A,1
5e94_D:C|H,AG,H,5VEW,B,2
5e94_D:C|H,AG,H,6KJV,A,1
5e94_D:C|H,AG,H,6KJV,B,2
4z5r_S:R|H,AG,H,1RH2,A,1
4z5r_S:R|H,AG,H,1RH2,B,2
4z5r_S:R|H,AG,H,1RH2,C,3
4z5r_S:R|H,AG,H,1RH2,D,4
4z5r_S:R|H,AG,H,1RH2,E,5
4z5r_S:R|H,AG,H,1RH2,F,6
4gag_H:L|P,AB,H:L,4GAY,H:L,1
4gag_H:L|P,AB,H:L,4GAY,A:B,2
2ny4_D:C|A,AB,D:C,1RZ8,B:A,1
2ny4_D:C|A,AB,D:C,1RZ8,D:C,2
3gi8_H:L|C,AG,C,3GIA,A,1
6k65_H:L|A,AB,H:L,1P4I,H:L,1
6k65_H:L|A,AG,A,5H7C,A,1
6k65_H:L|A,AG,A,5H7C,C,2
3bsz_H:L|F,AG,F,5NUA,A,1
3bsz_H:L|F,AG,F,5NU2,A,1
3bsz_H:L|F,AG,F,5NU7,A,1
3bsz_H:L|F,AG,F,5NU9,A,1
3bsz_H:L|F,AG,F,5NU8,A,1
3wih_I:M|B,AB,I:M,3WII,H:L,1
3wih_I:M|B,AB,I:M,3WII,I:M,2
3wih_I:M|B,AG,B,4HLJ,A,1
3g6d_H:L|A,AB,H:L,3G6A,H:L,1
3g6d_H:L|A,AB,H:L,3G6A,B:A,2
3g6d_H:L|A,AG,A,1GA3,A,1
3ggw_D:C|F,AB,D:C,3BZ4,B:A,1
3ggw_D:C|F,AB,D:C,3BZ4,D:C,2
3ggw_D:C|F,AB,D:C,3BZ4,F:E,3
3ggw_D:C|F,AB,D:C,3BZ4,H:G,4
3ggw_D:C|F,AB,D:C,3C6S,B:A,1
3ggw_D:C|F,AB,D:C,3C6S,D:C,2
3ggw_D:C|F,AB,D:C,3C6S,F:E,3
3ggw_D:C|F,AB,D:C,3C6S,H:G,4
3qg6_B:A|D,AB,B:A,3QG7,H:L,1
5fyl_D:E|B,AB,D:E,4TOY,H:L,1
5u7m_D:E|B,AB,D:E,4TOY,H:L,1
6phc_C:D|E,AB,C:D,6PHH,C:D,1
6phc_C:D|E,AB,C:D,6PHH,A:B,2
2dd8_H:L|S,AB,H:L,2G75,A:B,2
2dd8_H:L|S,AB,H:L,2G75,C:D,3
6meh_H:L|C,AB,H:L,6MEE,A:B,1
6meh_H:L|C,AB,H:L,6MEE,C:D,2
6eyo_I:M|B,AB,I:M,6EYN,H:L,1
6eyo_I:M|B,AB,I:M,6EYN,B:A,2
6eyo_I:M|B,AB,I:M,6EYN,D:C,3
5uty_H:L|G,AB,H:L,4JY5,H:L,1
5w6g_H:L|A,AG,A,6CHX,A,1
5w6g_H:L|A,AG,A,6CHX,B,2
6u0n_I:J|B,AB,I:J,1RZF,H:L,1
5kvg_H:L|E,AG,E,5OMZ,A,1
3wkm_I:M|B,AG,B,3WKL,A,1
6tys_H:L|A,AB,H:L,6U1T,H:L,1
2qqn_H:L|A,AG,A,6FMC,A,1
2qqn_H:L|A,AG,A,5JGI,A,1
2qqn_H:L|A,AG,A,5JGI,B,2
2qqn_H:L|A,AG,A,5C7G,A,1
2qqn_H:L|A,AG,A,5IJR,A,1
2qqn_H:L|A,AG,A,5IJR,B,2
5w9p_K:L|H,AB,K:L,5VZR,H:L,1
5w9p_K:L|H,AB,K:L,5VZR,A:B,2
5w9p_K:L|H,AG,H,5X4R,A,1
6did_L:H|A:B,AB,L:H,6CJK,B:A,1
6did_L:H|A:B,AB,L:H,6CJK,D:C,2
2dqe_H:L|Y,AG,Y,6BO1,A,1
2dqe_H:L|Y,AG,Y,6F9X,A,1
2dqe_H:L|Y,AG,Y,6F1O,A,1
2dqe_H:L|Y,AG,Y,6F9Z,A,1
2dqe_H:L|Y,AG,Y,6F1R,A,1
4xrc_H:L|C,AB,H:L,4GSD,H:L,1
6ea7_M:N|B:C:D,AB,M:N,6DZN,H:L,1
4tvp_D:E|B,AB,D:E,4TOY,H:L,1
6bgt_B:A|C,AB,B:A,5TDO,B:A,1
6bgt_B:A|C,AB,B:A,5TDO,D:C,2
6bgt_B:A|C,AB,B:A,6BI2,H:L,1
6bgt_B:A|C,AB,B:A,6BI2,I:M,2
6bgt_B:A|C,AB,B:A,5TDN,B:A,1
6bgt_B:A|C,AB,B:A,5TDN,D:C,2
6bgt_B:A|C,AG,C,2A91,A,1
5um8_D:E|B,AB,D:E,4TOY,H:L,1
2ypv_H:L|A,AG,A,3KVD,D,1
6p65_C:D|B,AB,C:D,6PEH,H:L,1
6p65_C:D|B,AB,C:D,6PEH,A:B,2
5eu7_E:C|A,AG,A,5KRS,A,1
4xc3_H:L|P,AB,H:L,4LLV,A:B,1
4xc3_H:L|P,AB,H:L,4LLV,E:F,2
4xc3_H:L|P,AB,H:L,4LLV,H:L,3
4xc3_H:L|P,AB,H:L,4LLV,C:D,4
4xc3_H:L|P,AB,H:L,5CIP,H:L,1
4xc3_H:L|P,AB,H:L,5CIP,A:B,2
1ar1_C:D|B,AB,C:D,1MQK,H:L,1
2zuq_C:B|A,AG,A,2L0N,A,1
2zuq_C:B|A,AG,A,2L0O,A,1
2zuq_C:B|A,AG,A,2K74,A,1
2zuq_C:B|A,AG,A,2K73,A,1
5ijk_B:D|Y,AB,B:D,5IK3,A:B,1
5ijk_B:D|Y,AB,B:D,5IK3,C:D,2
5mvz_A:B|V,AG,V,2NVH,A,1
5mvz_A:B|V,AG,V,1L2H,A,1
5mvz_A:B|V,AG,V,21BI,A,1
5mvz_A:B|V,AG,V,31BI,A,1
5mvz_A:B|V,AG,V,4I1B,A,1
6rcv_C:B|A,AB,C:B,6RCQ,A:B,1
6rcv_C:B|A,AG,A,4WAT,A,1
6co3_H:L|Q,AB,H:L,6CNR,H:L,1
6co3_H:L|Q,AG,Q,2LP1,A,1
5w06_H:L|T,AB,H:L,5W05,H:L,1
5w06_H:L|T,AG,T,1TFH,A,1
5w06_H:L|T,AG,T,1TFH,B,2
2p8p_B:A|C,AB,B:A,2PR4,H:L,1
1j1o_H:L|Y,AG,Y,6F1P,A,1
1j1o_H:L|Y,AG,Y,6RT3,A,1
1j1o_H:L|Y,AG,Y,6AGN,A,1
1j1o_H:L|Y,AG,Y,6RO3,A,1
1j1o_H:L|Y,AG,Y,6A10,A,1
1j1o_H:L|Y,AG,Y,6A10,B,2
1j1o_H:L|Y,AG,Y,6A10,C,3
4pp2_B:A|F,AB,B:A,4POZ,D:C,1
4pp2_B:A|F,AG,F,1XKG,A,1
4pp2_B:A|F,AG,F,3F5V,A,1
4pp2_B:A|F,AG,F,3F5V,B,2
5eii_H:L|G,AG,G,1WG3,A,1
5eii_H:L|G,AG,G,2IDC,A,1
5eii_H:L|G,AG,G,1ROC,A,1
3ngb_J:K|I,AG,I,6P9N,A,1
3ngb_J:K|I,AG,I,6ONV,A,1
3ngb_J:K|I,AG,I,6ONF,A,1
6hjq_I:J|D:C,AB,I:J,6HKG,A:B,1
4ffz_Z:Y|X,AG,X,3IRC,A,1
5o14_H:L|A,AG,A,3KVD,D,1
6c6z_H:L|B,AG,B,4L3N,A,1
6c6z_H:L|B,AG,B,4L3N,B,2
4xnq_H:L|C,AB,H:L,4GSD,H:L,1
6c6z_C:D|A,AG,A,4L3N,A,1
6c6z_C:D|A,AG,A,4L3N,B,2
5ig7_J:K|L,AB,J:K,5IHZ,A:B,1
5ig7_J:K|L,AB,J:K,5IHZ,C:D,2
5ig7_J:K|L,AB,J:K,5IHZ,E:F,3
5ig7_J:K|L,AB,J:K,5IHZ,H:L,4
6nf2_J:K|A,AB,J:K,4JY5,H:L,1
3se8_H:L|G,AG,G,6P9N,A,1
3se8_H:L|G,AG,G,6ONV,A,1
3se8_H:L|G,AG,G,6ONF,A,1
5bvp_H:L|I,AB,H:L,4G5Z,H:L,1
5bvp_H:L|I,AB,H:L,5BVJ,B:A,1
5bvp_H:L|I,AB,H:L,5BVJ,D:C,2
5bvp_H:L|I,AB,H:L,5BVJ,F:E,3
5bvp_H:L|I,AB,H:L,5BVJ,H:G,4
5bvp_H:L|I,AG,I,2NVH,A,1
5bvp_H:L|I,AG,I,1L2H,A,1
5bvp_H:L|I,AG,I,21BI,A,1
5bvp_H:L|I,AG,I,31BI,A,1
5bvp_H:L|I,AG,I,4I1B,A,1
6edu_N:O|E:H,AB,N:O,3LMJ,H:L,1
4kjq_C:D|A,AG,A,3NMO,A,1
6e4z_H:L|P,AG,P,2P4E,P,1
6e4z_H:L|P,AG,P,2P4E,A,2
6e4z_H:L|P,AG,P,6U26,A,1
6e4z_H:L|P,AG,P,6U26,B,2
4al8_H:L|C,AG,C,3IRC,A,1
6um6_G:H|E,AB,G:H,5TQA,H:L,1
6um6_G:H|E,AB,G:H,5TQA,A:B,2
4kxz_J:I|B,AB,J:I,3EO0,B:A,1
4kxz_J:I|B,AB,J:I,3EO0,D:C,2
6um6_C:D|A,AB,C:D,5TQA,H:L,1
6um6_C:D|A,AB,C:D,5TQA,A:B,2
4o5i_Q:R|E,AB,Q:R,4O5L,H:L,1
4o5i_Q:R|E,AG,E,4WE6,A,1
4o5i_Q:R|E,AG,E,4WE6,B,2
1adq_H:L|A,AG,A,4B53,A,1
1adq_H:L|A,AG,A,4B53,B,2
5jq6_H:L|A,AG,A,1N67,A,1
6mpg_M:N|C,AB,M:N,4JY5,H:L,1
6oc3_A:B|F,AG,F,6CHX,A,1
6oc3_A:B|F,AG,F,6CHX,B,2
1rjl_B:A|C,AG,C,1P4P,A,1
4u6g_H:L|P,AB,H:L,5JNY,A:B,1
4u6g_H:L|P,AB,H:L,5JNY,C:D,2
5w42_H:L|A,AB,H:L,5XRQ,H:L,1
5w42_H:L|A,AB,H:L,5XRQ,A:B,2
4kxz_H:L|A,AB,H:L,3EO0,B:A,1
4kxz_H:L|A,AB,H:L,3EO0,D:C,2
4fp8_K:O|D,AB,K:O,4FNL,H:L,1
4fp8_K:O|D,AB,K:O,4FNL,I:M,2
2p8l_B:A|C,AB,B:A,2PR4,H:L,1
2r56_H:L|A,AG,A,4CK4,A,1
2r56_H:L|A,AG,A,4CK4,B,2
5u7o_D:E|B,AB,D:E,4TOY,H:L,1
5i8h_K:L|C,AB,K:L,4JY5,H:L,1
2i9l_H:G|L,AG,L,1YPY,A,1
2i9l_H:G|L,AG,L,1YPY,B,2
5o4o_B:A|C,AG,C,1M6B,A,1
5o4o_B:A|C,AG,C,1M6B,B,2
5jw3_H:L|B:A,AG,B:A,4LN6,B:A,2
5jw3_H:L|B:A,AG,B:A,4LN6,D:C,3
5jw3_H:L|B:A,AG,B:A,4LN6,F:E,4
5jw3_H:L|B:A,AG,B:A,4LN6,H:G,6
5jw3_H:L|B:A,AG,B:A,4LN6,J:I,7
5jw3_H:L|B:A,AG,B:A,4LN6,L:K,8
3pp4_H:L|P,AB,H:L,3PP3,H:L,1
3pp4_H:L|P,AB,H:L,3PP3,I:K,2
4fp8_I:M|B,AB,I:M,4FNL,H:L,1
4fp8_I:M|B,AB,I:M,4FNL,I:M,2
6jbt_H:L|F,AG,F,2M2D,A,1
6jbt_H:L|F,AG,F,6UMV,A,1
6jbt_H:L|F,AG,F,3RRQ,A,1
6mar_H:L|D:C,AB,H:L,4NUG,H:L,1
6mar_H:L|D:C,AB,H:L,4NUJ,B:A,1
2otu_H:G|S,AB,H:G,2GSG,B:A,1
2otu_H:G|S,AB,H:G,2GSG,D:C,2
4ydj_H:L|G,AG,G,6P9N,A,1
4ydj_H:L|G,AG,G,6ONV,A,1
4ydj_H:L|G,AG,G,6ONF,A,1
3ejz_E:F|B,AG,B,3NMO,A,1
4fp8_J:N|C,AB,J:N,4FNL,H:L,1
4fp8_J:N|C,AB,J:N,4FNL,I:M,2
4ywg_H:L|G,AG,G,6CMX,A,1
4g7y_H:L|S,AG,S,3V0G,A,1
4g7y_H:L|S,AG,S,3V0G,B,2
4g7y_H:L|S,AG,S,3V0G,C,3
4g7y_H:L|S,AG,S,3V0G,D,4
4g7y_H:L|S,AG,S,3V0D,A,1
4g7y_H:L|S,AG,S,3V0D,B,2
4g7y_H:L|S,AG,S,3V0F,A,1
4g7y_H:L|S,AG,S,3V0F,B,2
4r2g_Q:P|E,AB,Q:P,5CEY,B:A,1
4r2g_Q:P|E,AB,Q:P,5CEY,D:C,2
4r2g_Q:P|E,AB,Q:P,4R26,H:L,1
4zso_B:A|E,AG,E,3PV7,A,1
3iet_B:A|X,AB,B:A,3IF1,B:A,2
3iet_B:A|X,AB,B:A,3IF1,D:C,3
6okp_M:N|D,AB,M:N,6OKQ,A:B,1
6okp_M:N|D,AB,M:N,6OKQ,D:C,2
6okp_M:N|D,AB,M:N,6OKQ,F:E,3
6e62_B:C|A,AB,B:C,6E64,H:L,1
6e62_B:C|A,AB,B:C,6E64,A:B,2
4uta_I:M|A,AG,A,4UTC,A,1
4uta_I:M|A,AG,A,4UTC,B,2
6snc_H:L|P,AG,P,2NCS,A,1
6snc_H:L|P,AG,P,2NCT,A,1
4olv_H:L|G,AG,G,6P9N,A,1
4olv_H:L|G,AG,G,6ONV,A,1
4olv_H:L|G,AG,G,6ONF,A,1
4jpk_H:L|A,AB,H:L,4JPI,H:L,1
4jpk_H:L|A,AB,H:L,4JPI,A:B,2
4jpk_H:L|A,AG,A,4JPJ,A,1
4jpk_H:L|A,AG,A,4JPJ,B,2
4jpk_H:L|A,AG,A,4JPJ,C,3
4jpk_H:L|A,AG,A,4JPJ,D,4
2hrp_N:M|Q,AB,N:M,1MF2,N:M,2
2hrp_N:M|Q,AB,N:M,1MF2,H:L,3
6nb7_D:E|B,AB,D:E,6NB8,H:L,1
2dqc_H:L|Y,AG,Y,6F1P,A,1
2dqc_H:L|Y,AG,Y,6RT3,A,1
2dqc_H:L|Y,AG,Y,6AGN,A,1
2dqc_H:L|Y,AG,Y,6RO3,A,1
2dqc_H:L|Y,AG,Y,6A10,A,1
2dqc_H:L|Y,AG,Y,6A10,B,2
2dqc_H:L|Y,AG,Y,6A10,C,3
4utb_H:L|A,AG,A,4UTC,A,1
4utb_H:L|A,AG,A,4UTC,B,2
2i5y_H:L|G,AB,H:L,1RZ8,B:A,1
2i5y_H:L|G,AB,H:L,1RZ8,D:C,2
1xgp_B:A|C,AB,B:A,1DQQ,B:A,1
1xgp_B:A|C,AB,B:A,1DQQ,D:C,2
1xgp_B:A|C,AB,B:A,1DQM,H:L,1
1xgp_B:A|C,AG,C,6F1P,A,1
1xgp_B:A|C,AG,C,6RT3,A,1
1xgp_B:A|C,AG,C,6AGN,A,1
1xgp_B:A|C,AG,C,6RO3,A,1
1xgp_B:A|C,AG,C,6A10,A,1
1xgp_B:A|C,AG,C,6A10,B,2
1xgp_B:A|C,AG,C,6A10,C,3
4hha_B:A|P,AB,B:A,4HH9,B:A,1
4hha_B:A|P,AB,B:A,4HH9,D:C,2
3tt3_H:L|A,AG,A,2Q6H,A,1
3tt3_H:L|A,AG,A,2QB4,A,1
3tt3_H:L|A,AG,A,3F3E,A,2
3tt3_H:L|A,AG,A,2A65,A,1
3tt3_H:L|A,AG,A,3F48,A,2
2j88_H:L|A,AG,A,1FCV,A,1
2j88_H:L|A,AG,A,1FCU,A,1
2j88_H:L|A,AG,A,1FCQ,A,1
6ad7_E:F|B,AG,B,3NMO,A,1
2nr6_D:C|A,AG,A,1YG9,A,1
2nr6_D:C|A,AG,A,4RLD,A,1
2nr6_D:C|A,AG,A,4RLD,B,2
2nr6_D:C|A,AG,A,4RLD,C,3
2nr6_D:C|A,AG,A,4RLD,D,4
6mek_I:G|A,AB,I:G,6MEG,H:L,1
1uac_H:L|Y,AG,Y,1LZY,A,1
1uac_H:L|Y,AG,Y,135L,A,1
1uac_H:L|Y,AG,Y,1JSE,A,1
1uac_H:L|Y,AG,Y,1LJN,A,1
1uac_H:L|Y,AG,Y,1TEW,A,1
5utz_J:K|I,AG,I,1M47,A,1
5utz_J:K|I,AG,I,1M48,A,1
5utz_J:K|I,AG,I,1M48,B,2
5utz_J:K|I,AG,I,4NEM,A,1
5utz_J:K|I,AG,I,4NEJ,A,1
5um8_H:L|G,AB,H:L,5CEY,B:A,1
5um8_H:L|G,AB,H:L,5CEY,D:C,2
5um8_H:L|G,AB,H:L,4R26,H:L,1
5yy5_C:D|B,AG,B,4L3N,A,1
5yy5_C:D|B,AG,B,4L3N,B,2
2osl_A:B|Q,AB,A:B,4KAQ,H:L,1
6dzl_I:L|D:C,AB,I:L,6DZN,H:L,1
6a4k_K:O|D,AB,K:O,6JP7,H:L,1
6a4k_K:O|D,AG,D,3UYW,A,1
6a4k_K:O|D,AG,D,3UYW,B,2
6a4k_K:O|D,AG,D,3UYW,C,3
6a4k_K:O|D,AG,D,3UYW,D,4
6a4k_K:O|D,AG,D,3UYX,A,1
6a4k_K:O|D,AG,D,3UYX,B,2
3idg_B:A|C,AB,B:A,2PR4,H:L,1
3ngb_H:L|G,AG,G,6P9N,A,1
3ngb_H:L|G,AG,G,6ONV,A,1
3ngb_H:L|G,AG,G,6ONF,A,1
4ffz_H:L|A,AG,A,3IRC,A,1
4rgm_C:B|A,AG,A,1GOZ,A,1
4rgm_C:B|A,AG,A,1GOZ,B,2
4rgm_C:B|A,AG,A,3GP7,A,1
4rgm_C:B|A,AG,A,3GP7,B,2
4rgm_C:B|A,AG,A,1SE4,A,1
4rgm_C:B|A,AG,A,3SEB,A,1
5o4g_B:A|C,AG,C,2A91,A,1
3rvv_D:C|A,AB,D:C,3RVT,D:C,1
3rvv_D:C|A,AB,D:C,3RVU,D:C,1
3rvv_D:C|A,AG,A,5VPK,A,1
3rvv_D:C|A,AG,A,5VPK,B,2
3rvv_D:C|A,AG,A,5VPK,C,3
3rvv_D:C|A,AG,A,3D6S,A,1
3rvv_D:C|A,AG,A,3D6S,B,2
3rvv_D:C|A,AG,A,3D6S,C,3
5ifj_G:H|I,AB,G:H,5IHZ,A:B,1
5ifj_G:H|I,AB,G:H,5IHZ,C:D,2
5ifj_G:H|I,AB,G:H,5IHZ,E:F,3
5ifj_G:H|I,AB,G:H,5IHZ,H:L,4
6rcv_E:D|A,AB,E:D,6RCS,A:B,1
6rcv_E:D|A,AG,A,4WAT,A,1
3hb3_C:D|B,AB,C:D,1MQK,H:L,1
1kip_B:A|C,AB,B:A,1A7N,H:L,1
1kip_B:A|C,AB,B:A,1A7R,H:L,1
1kip_B:A|C,AB,B:A,1A7P,H:L,1
1kip_B:A|C,AB,B:A,1VFA,B:A,1
1kip_B:A|C,AG,C,6F1P,A,1
1kip_B:A|C,AG,C,6RT3,A,1
1kip_B:A|C,AG,C,6AGN,A,1
1kip_B:A|C,AG,C,6RO3,A,1
1kip_B:A|C,AG,C,6A10,A,1
1kip_B:A|C,AG,C,6A10,B,2
1kip_B:A|C,AG,C,6A10,C,3
4ngh_H:L|P,AB,H:L,4LLV,A:B,1
4ngh_H:L|P,AB,H:L,4LLV,E:F,2
4ngh_H:L|P,AB,H:L,4LLV,H:L,3
4ngh_H:L|P,AB,H:L,4LLV,C:D,4
4ngh_H:L|P,AB,H:L,5CIP,H:L,1
4ngh_H:L|P,AB,H:L,5CIP,A:B,2
5x0t_C:D|F,AB,C:D,5X4G,A:B,1
5x0t_C:D|F,AG,F,3B5H,A,1
5x0t_C:D|F,AG,F,3B5H,B,2
5x0t_C:D|F,AG,F,3B5H,C,3
5x0t_C:D|F,AG,F,3B5H,D,4
5x0t_C:D|F,AG,F,3I85,A,1
5x0t_C:D|F,AG,F,3I85,B,2
6mhg_C:P|E,AG,E,3VDK,A,1
6mhg_C:P|E,AG,E,3VDJ,A,1
6mhg_C:P|E,AG,E,3VDL,A,1
6mhg_C:P|E,AG,E,3VDL,B,2
6mhg_C:P|E,AG,E,3VDL,C,3
6mhg_K:V|E,AG,E,3VDK,A,1
6mhg_K:V|E,AG,E,3VDJ,A,1
6mhg_K:V|E,AG,E,3VDL,A,1
6mhg_K:V|E,AG,E,3VDL,B,2
6mhg_K:V|E,AG,E,3VDL,C,3
4qex_H:L|A,AG,A,1ZRL,A,2
1v7m_H:L|V,AB,H:L,2ZKH,H:L,1
4xh2_G:I|g,AG,g,2L6F,A,1
4xh2_G:I|g,AG,g,2L6H,A,1
1ymh_B:A|E,AB,B:A,1NLB,H:L,1
4xnm_H:L|C,AB,H:L,4GSD,H:L,1
4tuj_C:D|F,AB,C:D,4TUO,A:B,1
4tuj_C:D|F,AB,C:D,4TUO,C:D,2
4tuj_C:D|F,AB,C:D,4TRP,H:L,1
2fd6_H:L|U,AB,H:L,2FAT,H:L,1
2fd6_H:L|U,AG,U,3U74,U,1
3csy_A:B|J:I,AB,A:B,3INU,H:L,1
3csy_A:B|J:I,AB,A:B,3INU,M:N,2
5t6l_H:L|I,AB,H:L,5JNY,A:B,1
5t6l_H:L|I,AB,H:L,5JNY,C:D,2
6mu6_D:E|B,AB,D:E,4TOY,H:L,1
4rrp_L:F|R,AG,R,1WG3,A,1
4rrp_L:F|R,AG,R,2IDC,A,1
4rrp_L:F|R,AG,R,1ROC,A,1
4yk4_Z:Y|E,AG,E,6CHX,A,1
4yk4_Z:Y|E,AG,E,6CHX,B,2
5d96_C:B|A,AG,A,3T58,A,1
5d96_C:B|A,AG,A,3T58,B,2
5d96_C:B|A,AG,A,3T58,C,3
5d96_C:B|A,AG,A,3T58,D,4
5d96_C:B|A,AG,A,5D8I,A,1
5d96_C:B|A,AG,A,5D8I,B,2
6mek_H:L|C,AB,H:L,6MED,A:B,1
6mek_H:L|C,AB,H:L,6MED,C:D,2
6mek_H:L|C,AB,H:L,6MED,G:I,3
3mj9_H:L|A,AB,H:L,3MJ8,H:L,1
3mj9_H:L|A,AB,H:L,3MJ8,B:A,2
2igf_H:L|P,AG,P,2MHR,A,1
2igf_H:L|P,AG,P,1A7E,A,1
2igf_H:L|P,AG,P,1A7D,A,1
3pnw_T:S|U,AG,U,3PMT,A,1
3pnw_T:S|U,AG,U,3S6W,A,1
3pnw_T:S|U,AG,U,5YJ8,A,1
6a79_I:M|B,AG,B,5O5I,A,1
6o3g_H:L|S,AB,H:L,6O3D,H:L,1
6mhg_D:Q|E,AG,E,3VDK,A,1
6mhg_D:Q|E,AG,E,3VDJ,A,1
6mhg_D:Q|E,AG,E,3VDL,A,1
6mhg_D:Q|E,AG,E,3VDL,B,2
6mhg_D:Q|E,AG,E,3VDL,C,3
6mei_H:L|C,AB,H:L,6MED,A:B,1
6mei_H:L|C,AB,H:L,6MED,C:D,2
6mei_H:L|C,AB,H:L,6MED,G:I,3
6k5a_C:D|A,AG,A,3NMO,A,1
5ikc_H:L|N,AG,N,5IO9,A,1
5ikc_H:L|N,AG,N,5IO9,B,2
5ikc_H:L|N,AG,N,5IOI,A,1
5ikc_H:L|N,AG,N,5IOI,B,2
5ikc_H:L|N,AG,N,5IOI,C,3
5ikc_H:L|N,AG,N,5IOI,D,4
5ikc_H:L|N,AG,N,5IOI,E,5
5ikc_H:L|N,AG,N,5IOI,F,6
4hpo_H:L|P,AB,H:L,4RIR,H:L,1
4hpo_H:L|P,AB,H:L,4RIR,A:B,2
4hpo_H:L|P,AB,H:L,4HQQ,H:L,1
6nf2_C:D|G,AB,C:D,5JXA,H:L,1
6ck9_D:E|B,AB,D:E,4TOY,H:L,1
5xcv_D:E|F,AG,F,5ZTF,A,1
5xcv_D:E|F,AG,F,6JJU,A,1
5d93_F:E|D,AG,D,3T58,A,1
5d93_F:E|D,AG,D,3T58,B,2
5d93_F:E|D,AG,D,3T58,C,3
5d93_F:E|D,AG,D,3T58,D,4
5d93_F:E|D,AG,D,5D8I,A,1
5d93_F:E|D,AG,D,5D8I,B,2
3u2s_A:B|C,AB,A:B,3U36,H:L,1
3u2s_A:B|C,AB,A:B,3U36,A:B,2
3u2s_A:B|C,AB,A:B,3U36,C:D,3
3u2s_A:B|C,AB,A:B,3U36,E:F,4
3u2s_A:B|C,AG,C,6CMX,A,1
6oge_C:B|A,AB,C:B,1L7I,H:L,1
6oge_C:B|A,AB,C:B,5VSH,A:B,1
6oge_C:B|A,AB,C:B,5VSH,C:D,2
6oge_C:B|A,AB,C:B,5VSH,E:F,3
6oge_C:B|A,AB,C:B,5VSH,H:L,4
6oge_C:B|A,AG,A,2A91,A,1
6qno_H:L|A:B:G,AB,H:L,6QNK,B:A,1
6qno_H:L|A:B:G,AB,H:L,6QNK,D:C,2
1ots_C:D|A,AG,A,3NMO,A,1
5h30_K:L|B,AG,B,5OMZ,A,1
5hys_C:D|K,AB,C:D,4X7T,H:L,1
5hys_C:D|K,AB,C:D,4X7T,A:B,2
5hys_C:D|K,AB,C:D,2XA8,H:L,1
6adc_C:D|A,AG,A,3NMO,A,1
4xak_H:L|A,AG,A,4L3N,A,1
4xak_H:L|A,AG,A,4L3N,B,2
5d70_H:L|A,AG,A,2GMF,A,1
5d70_H:L|A,AG,A,2GMF,B,2
4zfg_H:L|A,AG,A,4JZC,A,1
4zfg_H:L|A,AG,A,1Z3U,A,1
4zfg_H:L|A,AG,A,1Z3U,B,2
4zfg_H:L|A,AG,A,1Z3U,C,3
4zfg_H:L|A,AG,A,1Z3U,D,4
5vyf_H:L|F,AG,F,1PUO,A,1
5vyf_H:L|F,AG,F,1PUO,B,2
5sy8_H:L|O,AB,H:L,5JNY,A:B,1
5sy8_H:L|O,AB,H:L,5JNY,C:D,2
4ps4_H:L|A,AG,A,1GA3,A,1
5kvd_H:L|E,AG,E,5OMZ,A,1
