comp_name,type,chain_ids,candidate_pdb_id,candidate_chain_ids,assembly_id,reason
5w08_K:L|C,AG,C,4WE8,A|A|A,1,potenial_homomer
5w08_K:L|C,AG,C,4WEA,A|A|A,1,potenial_homomer
5w08_K:L|C,AG,C,4WE9,A|A|A,1,potenial_homomer
4ffv_H:L|A,AG,A,2GBC,A|B,1,potenial_homomer
4ffv_H:L|A,AG,A,2GBC,A|B|A|B|A|B,2,potenial_homomer
4ffv_H:L|A,AG,A,2GBG,A|B,1,potenial_homomer
4ffv_H:L|A,AG,A,2GBG,A|B|A|B|A|B,2,potenial_homomer
4ffv_H:L|A,AG,A,2I3Z,A|B,1,potenial_homomer
4ffv_H:L|A,AG,A,2I3Z,A|B|A|B|A|B,2,potenial_homomer
1nca_H:L|N,AG,N,6D3B,A|A|A|A,1,potenial_homomer
1nca_H:L|N,AG,N,6HFC,A|A|A|A,1,potenial_homomer
1nca_H:L|N,AG,N,1F8E,A|A|A|A,1,potenial_homomer
1nca_H:L|N,AG,N,6HG0,A|A|A|A,1,potenial_homomer
1nca_H:L|N,AG,N,6HCX,A|A|A|A,1,potenial_homomer
2vxs_J:N|D,AG,D,4HR9,A|B,1,potenial_homomer
4fqr_a:b|A,AG,A,6BKQ,A|C|E,1,potenial_homomer
4fqr_a:b|A,AG,A,6BKQ,A|C|E,3,potential_complex_homomer
4fqr_a:b|A,AG,A,6BKM,A|C|E,1,potenial_homomer
4fqr_a:b|A,AG,A,6BKM,A|C|E,3,potential_complex_homomer
3w13_C:D|E,AG,E,2HR7,A|B,1,potenial_homomer
3w13_C:D|E,AG,E,4XST,E,1,additional_chains
3w13_C:D|E,AG,E,4XST,E|E|E|E|E|E,2,potential_complex_homomer
3w13_C:D|E,AG,E,6HN4,E|F,1,potenial_homomer
6bdz_H:L|A,AG,A,2AO7,A|A,2,potenial_homomer
5vta_I:G|B,AG,B,2GBC,A|B,1,potenial_homomer
5vta_I:G|B,AG,B,2GBC,A|B|A|B|A|B,2,potenial_homomer
5vta_I:G|B,AG,B,2GBG,A|B,1,potenial_homomer
5vta_I:G|B,AG,B,2GBG,A|B|A|B|A|B,2,potenial_homomer
5vta_I:G|B,AG,B,2I3Z,A|B,1,potenial_homomer
5vta_I:G|B,AG,B,2I3Z,A|B|A|B|A|B,2,potenial_homomer
6r2s_B:A|C,AG,C,3RRC,A|B,1,potenial_homomer
2r56_I:M|B,AG,B,4NLJ,A|B,1,potenial_homomer
2r56_I:M|B,AG,B,4TLJ,A|B,1,potenial_homomer
5dup_H:L|A,AG,A,4KWM,A|A|A,1,potential_complex_homomer
5dup_H:L|A,AG,A,4KWM,C|C|C,2,potential_complex_homomer
5dup_H:L|A,AG,A,4KWM,E|E|E,3,potential_complex_homomer
5dup_H:L|A,AG,A,6NTF,A|A|A,1,potenial_homomer
5fhc_A:B|J,AG,J,6G95,B|B|B,1,potential_complex_homomer
5fhc_A:B|J,AG,J,2EBO,A|B|C,1,potenial_homomer
5fhc_A:B|J,AG,J,6G9I,B|B|B,1,potential_complex_homomer
4hc1_M:N|B,AG,B,4HBQ,A|B,3,potenial_homomer
4lmq_E:I|F,AG,F,2J7Z,A|B,1,potenial_homomer
4lmq_E:I|F,AG,F,3GV3,A|A,1,potenial_homomer
4lmq_E:I|F,AG,F,4UAI,A|B,1,potenial_homomer
6nip_H:L|Z,AG,Z,5JHM,A|B,1,potenial_homomer
1vfb_B:A|C,AB,B:A,1CIC,D:C,1,additional_chains
6pzw_F:E|C,AG,C,5L18,A|A|A|A,1,potenial_homomer
6pzw_F:E|C,AG,C,4MWL,A|A|A|A,1,potenial_homomer
6pzw_F:E|C,AG,C,4MWJ,A|A|A|A,1,potenial_homomer
6pzw_F:E|C,AG,C,4MWU,A|A|A|A,1,potenial_homomer
6pzw_F:E|C,AG,C,6PZD,A|A|A|A,1,potenial_homomer
5kel_Q:U|I,AG,I,6G95,B|B|B,1,potential_complex_homomer
5kel_Q:U|I,AG,I,2EBO,A|B|C,1,potenial_homomer
5kel_Q:U|I,AG,I,6G9I,B|B|B,1,potential_complex_homomer
4qhu_B:A|D,AG,D,4HR9,A|B,1,potenial_homomer
4ckd_H:L|C,AG,C,4TTG,A|B|C|D,1,potenial_homomer
4ckd_H:L|C,AG,C,4TTG,B|C,2,potenial_homomer
4ckd_H:L|C,AG,C,1JYW,A|B|C|D,1,potenial_homomer
5lbs_H:L|A,AG,A,5LBV,A|B,1,potenial_homomer
6mhg_G:S|E,AG,E,3VDL,A|B|C,4,potenial_homomer
6mhg_G:S|E,AG,E,3VDJ,A|A|A,2,potenial_homomer
6mhg_G:S|E,AG,E,3VDK,A|A|A,2,potenial_homomer
6adc_E:F|B,AG,B,4FTP,A|A,1,potenial_homomer
6adc_E:F|B,AG,B,1KPK,A|B,1,potenial_homomer
6adc_E:F|B,AG,B,1KPK,C|D,2,potenial_homomer
6adc_E:F|B,AG,B,1KPK,E|F,3,potenial_homomer
5x0t_A:B|E,AG,E,3I84,A|B,1,potenial_homomer
5x0t_A:B|E,AG,E,3I84,A|B|A|B,2,potenial_homomer
6mhg_A:N|E,AG,E,3VDL,A|B|C,4,potenial_homomer
6mhg_A:N|E,AG,E,3VDJ,A|A|A,2,potenial_homomer
6mhg_A:N|E,AG,E,3VDK,A|A|A,2,potenial_homomer
3ks0_K:J|A,AG,A,1KBI,A|B|A|B,1,potenial_homomer
3ks0_K:J|A,AG,A,1LTD,A|B|A|B,1,potenial_homomer
3ks0_K:J|A,AG,A,1FCB,A|B|A|B,1,potenial_homomer
6d0u_H:I|G,AG,G,6BKQ,A|C|E,1,potenial_homomer
6d0u_H:I|G,AG,G,6BKQ,A|C|E,3,potential_complex_homomer
6d0u_H:I|G,AG,G,6BKM,A|C|E,1,potenial_homomer
6d0u_H:I|G,AG,G,6BKM,A|C|E,3,potential_complex_homomer
2vwe_E:C|A,AG,A,2C7W,A|B,1,potenial_homomer
6nb7_H:L|A,AG,A,6G95,B|B|B,1,potential_complex_homomer
6nb7_H:L|A,AG,A,6G9I,B|B|B,1,potential_complex_homomer
6nb7_H:L|A,AG,A,6ACC,A|B|C,1,potenial_homomer
6e4x_Z:Y|B,AG,B,4WE8,A|A|A,1,potenial_homomer
6e4x_Z:Y|B,AG,B,4WEA,A|A|A,1,potenial_homomer
6e4x_Z:Y|B,AG,B,4WE9,A|A|A,1,potenial_homomer
6pz8_C:G|J,AG,J,6Q04,A|B|C,1,potenial_homomer
3dvn_B:A|Y:X,AG,Y:X,6E2B,A:A|C:C|E:E|G:G|I:I|P:P,1,potential_complex_homomer
4i2x_D:C|F,AG,F,2JJW,A|A,1,potenial_homomer
4ffw_D:C|B,AG,B,2GBC,A|B,1,potenial_homomer
4ffw_D:C|B,AG,B,2GBC,A|B|A|B|A|B,2,potenial_homomer
4ffw_D:C|B,AG,B,2GBG,A|B,1,potenial_homomer
4ffw_D:C|B,AG,B,2GBG,A|B|A|B|A|B,2,potenial_homomer
4ffw_D:C|B,AG,B,2I3Z,A|B,1,potenial_homomer
4ffw_D:C|B,AG,B,2I3Z,A|B|A|B|A|B,2,potenial_homomer
4kxz_Q:P|D,AG,D,1TFG,A|A,1,potenial_homomer
4kxz_Q:P|D,AG,D,6I9J,A|A,1,potenial_homomer
4kxz_Q:P|D,AG,D,2TGI,A|A,1,potenial_homomer
5xmh_H:L|A,AG,A,5HSF,A|B,1,potenial_homomer
5xmh_H:L|A,AG,A,5JII,A|B,1,potenial_homomer
5xmh_H:L|A,AG,A,5GSQ,A|B,1,potenial_homomer
5xmh_H:L|A,AG,A,5GSQ,C|D,2,potenial_homomer
6mb3_H:L|E,AG,E,3VDL,A|B|C,4,potenial_homomer
6mb3_H:L|E,AG,E,3VDJ,A|A|A,2,potenial_homomer
6mb3_H:L|E,AG,E,3VDK,A|A|A,2,potenial_homomer
5mhr_P:O|E,AG,E,2OJ5,A|B|C,1,potenial_homomer
5mhr_P:O|E,AG,E,2OJ5,D|E|F,2,potenial_homomer
4rau_B:A|C,AG,C,1F9Q,A|B|C|D,1,potenial_homomer
4rau_B:A|C,AG,C,4HSV,A|B|C|D,1,potenial_homomer
2h2p_E:F|B,AG,B,4FTP,A|A,1,potenial_homomer
2h2p_E:F|B,AG,B,1KPK,A|B,1,potenial_homomer
2h2p_E:F|B,AG,B,1KPK,C|D,2,potenial_homomer
2h2p_E:F|B,AG,B,1KPK,E|F,3,potenial_homomer
4f15_K:L|J,AG,J,4EDB,B|D|F,1,potential_complex_homomer
4f15_K:L|J,AG,J,4EDA,A|B,1,potenial_homomer
4f15_K:L|J,AG,J,4EDA,C|D,2,potenial_homomer
4f15_K:L|J,AG,J,6GOL,A|A|A,1,potenial_homomer
4dn4_H:L|M,AG,M,3IFD,A|A,1,potenial_homomer
4dn4_H:L|M,AG,M,1DOK,A|B,1,potenial_homomer
4dn4_H:L|M,AG,M,1DOK,A|B|A|B,2,potenial_homomer
4dn4_H:L|M,AG,M,1DOL,A|A|A|A,2,potenial_homomer
4fqr_w:x|W,AG,W,6BKQ,A|C|E,1,potenial_homomer
4fqr_w:x|W,AG,W,6BKQ,A|C|E,3,potential_complex_homomer
4fqr_w:x|W,AG,W,6BKM,A|C|E,1,potenial_homomer
4fqr_w:x|W,AG,W,6BKM,A|C|E,3,potential_complex_homomer
5h30_I:M|C,AG,C,5LBV,A|B,1,potenial_homomer
5h30_I:M|C,AG,C,5JHM,A|B,1,potenial_homomer
5ebl_A:B|C,AG,C,2QTO,A|B|C|D,1,potenial_homomer
5ebl_A:B|C,AG,C,3IFX,A|B|C|D,1,potenial_homomer
5ebl_A:B|C,AG,C,3IFX,A|B|C|D|A|B|C|D,2,potenial_homomer
4mqx_E:F|B,AG,B,4FTP,A|A,1,potenial_homomer
4mqx_E:F|B,AG,B,1KPK,A|B,1,potenial_homomer
4mqx_E:F|B,AG,B,1KPK,C|D,2,potenial_homomer
4mqx_E:F|B,AG,B,1KPK,E|F,3,potenial_homomer
5ebw_A:B|C,AG,C,1JQ2,A|B|C|D,1,potenial_homomer
3uc0_I:M|B,AG,B,6JBJ,A|B,1,potenial_homomer
3uc0_I:M|B,AG,B,6H05,A|A|A|A|A|A|A|A|A|A|A|A|A|A|A|A|A|A|A|A|A|A|A|A,1,potenial_homomer
3uc0_I:M|B,AG,B,6VAI,A|B|C|D|E|F|G|H|I|J|K|L|M|N|O|P|Q|R|S|T|U|V,1,potenial_homomer
4khx_H:L|A,AG,A,5KA6,A|B|C,1,potenial_homomer
4khx_H:L|A,AG,A,5KA5,A|A|A,1,potenial_homomer
4khx_H:L|A,AG,A,5CN0,A|A|A,1,potenial_homomer
4m1c_E:F|B,AG,B,4PFC,A|B,1,potenial_homomer
4m1c_E:F|B,AG,B,4PF9,A|B,1,potenial_homomer
4m1c_E:F|B,AG,B,4PF7,A|B,1,potenial_homomer
5vjq_C:D|J,AG,J,1IAK,P,1,additional_chains
4rau_K:J|L,AG,L,1F9Q,A|B|C|D,1,potenial_homomer
4rau_K:J|L,AG,L,4HSV,A|B|C|D,1,potenial_homomer
1jps_H:L|T,AG,T,1BOY,A|A,1,potenial_homomer
3jwd_P:O|B,AG,B,3DNL,A|B|C|D|E|F|G|H|I,1,potenial_homomer
2fjg_H:L|W,AG,W,1MKK,A|B,1,potenial_homomer
2fjg_H:L|W,AG,W,4KZN,A|A,1,potenial_homomer
2fjg_H:L|W,AG,W,3QTK,A|D,1,potenial_homomer
2fjg_H:L|W,AG,W,3QTK,B|C,2,potenial_homomer
2fjg_H:L|W,AG,W,3QTK,E|F,3,potenial_homomer
3ejz_C:D|A,AG,A,4FTP,A|A,1,potenial_homomer
3ejz_C:D|A,AG,A,1KPK,A|B,1,potenial_homomer
3ejz_C:D|A,AG,A,1KPK,C|D,2,potenial_homomer
3ejz_C:D|A,AG,A,1KPK,E|F,3,potenial_homomer
2h2s_E:F|B,AG,B,4FTP,A|A,1,potenial_homomer
2h2s_E:F|B,AG,B,1KPK,A|B,1,potenial_homomer
2h2s_E:F|B,AG,B,1KPK,C|D,2,potenial_homomer
2h2s_E:F|B,AG,B,1KPK,E|F,3,potenial_homomer
4k2u_H:L|A,AG,A,1ZRL,A|A,1,potenial_homomer
4k2u_H:L|A,AG,A,1ZRO,A|B,1,potenial_homomer
4hg4_P:Q|D:a,AG,D:a,3QQE,A:B|A:B|A:B,1,potenial_homomer
4hg4_P:Q|D:a,AG,D:a,2WR7,A:A|B:B|C:C,1,potential_complex_homomer
4hg4_P:Q|D:a,AG,D:a,3QQB,A:B|A:B|A:B,1,potenial_homomer
4zs6_C:D|B,AG,B,6Q04,A|B|C,1,potenial_homomer
3stz_A:B|C,AG,C,2QTO,A|B|C|D,1,potenial_homomer
3stz_A:B|C,AG,C,3IFX,A|B|C|D,1,potenial_homomer
3stz_A:B|C,AG,C,3IFX,A|B|C|D|A|B|C|D,2,potenial_homomer
2qr0_R:Q|P,AG,P,1MKK,A|B,1,potenial_homomer
2qr0_R:Q|P,AG,P,4KZN,A|A,1,potenial_homomer
2qr0_R:Q|P,AG,P,3QTK,A|D,1,potenial_homomer
2qr0_R:Q|P,AG,P,3QTK,B|C,2,potenial_homomer
2qr0_R:Q|P,AG,P,3QTK,E|F,3,potenial_homomer
6pxh_C:D|A,AG,A,6Q04,A|B|C,1,potenial_homomer
6pxh_C:D|A,AG,A,6Q06,A|B|C,1,potenial_homomer
3stl_A:B|C,AG,C,2QTO,A|B|C|D,1,potenial_homomer
3stl_A:B|C,AG,C,3IFX,A|B|C|D,1,potenial_homomer
3stl_A:B|C,AG,C,3IFX,A|B|C|D|A|B|C|D,2,potenial_homomer
6dc5_H:I|G,AG,G,5KWW,F|F|F,1,potenial_homomer
6dc5_H:I|G,AG,G,6EAK,F|F|F,1,potenial_homomer
6dc5_H:I|G,AG,G,6EAM,F|F|F,1,potenial_homomer
6dc5_H:I|G,AG,G,6EAI,A|B|C,1,potenial_homomer
6dc5_H:I|G,AG,G,6EAL,F|F|F,1,potenial_homomer
3so3_C:B|A,AG,A,4IS5,A|A,2,potenial_homomer
2otw_B:A|E,AB,B:A,2GSG,B:A|D:C,3,potenial_homomer
6n8d_D:B|A,AG,A,4OOV,A|B,1,potenial_homomer
6n8d_D:B|A,AG,A,4OPV,A|B,1,potenial_homomer
6n8d_D:B|A,AG,A,4OPS,A|B,1,potenial_homomer
1g7i_B:A|C,AB,B:A,1CIC,D:C,1,additional_chains
6i9i_H:L|D,AG,D,6F9C,A|C|E|G|I|K,1,potential_complex_homomer
2fed_C:D|A,AG,A,4FTP,A|A,1,potenial_homomer
2fed_C:D|A,AG,A,1KPK,A|B,1,potenial_homomer
2fed_C:D|A,AG,A,1KPK,C|D,2,potenial_homomer
2fed_C:D|A,AG,A,1KPK,E|F,3,potenial_homomer
3ks0_H:L|B,AG,B,1KBI,A|B|A|B,1,potenial_homomer
3ks0_H:L|B,AG,B,1LTD,A|B|A|B,1,potenial_homomer
3ks0_H:L|B,AG,B,1FCB,A|B|A|B,1,potenial_homomer
5w23_H:L|C,AG,C,5KWW,F|F|F,1,potenial_homomer
5w23_H:L|C,AG,C,6EAK,F|F|F,1,potenial_homomer
5w23_H:L|C,AG,C,6EAM,F|F|F,1,potenial_homomer
5w23_H:L|C,AG,C,6EAI,A|B|C,1,potenial_homomer
5w23_H:L|C,AG,C,6EAL,F|F|F,1,potenial_homomer
3sqo_H:L|A,AG,A,6U2P,A|B,1,potenial_homomer
3sqo_H:L|A,AG,A,2P4E,P|A,3,potenial_homomer
2htl_C:D|A,AG,A,4FTP,A|A,1,potenial_homomer
2htl_C:D|A,AG,A,1KPK,A|B,1,potenial_homomer
2htl_C:D|A,AG,A,1KPK,C|D,2,potenial_homomer
2htl_C:D|A,AG,A,1KPK,E|F,3,potenial_homomer
4xmn_H:L|E,AG,E,3F7F,A|B,5,potenial_homomer
4xmn_H:L|E,AG,E,3F7F,C|D,6,potenial_homomer
6n81_C:D|B,AG,B,4OOV,A|B,1,potenial_homomer
6n81_C:D|B,AG,B,4OPV,A|B,1,potenial_homomer
6n81_C:D|B,AG,B,4OPS,A|B,1,potenial_homomer
2vh5_H:L|R,AG,R,821P,A|A,1,potenial_homomer
2vh5_H:L|R,AG,R,4DLR,A|A|A|A|A|A,2,potenial_homomer
2vh5_H:L|R,AG,R,5P21,A|A,1,potenial_homomer
4kxz_N:M|E,AG,E,1TFG,A|A,1,potenial_homomer
4kxz_N:M|E,AG,E,6I9J,A|A,1,potenial_homomer
4kxz_N:M|E,AG,E,2TGI,A|A,1,potenial_homomer
6h06_E:F|J,AG,J,6NWP,A|B|C|D|E|F,1,potenial_homomer
5e1a_A:B|C,AG,C,2QTO,A|B|C|D,1,potenial_homomer
5e1a_A:B|C,AG,C,3IFX,A|B|C|D,1,potenial_homomer
5e1a_A:B|C,AG,C,3IFX,A|B|C|D|A|B|C|D,2,potenial_homomer
1jhl_H:L|A,AG,A,3ZVQ,A,1,additional_chains
1jhl_H:L|A,AG,A,1IAK,P,1,additional_chains
4cmh_B:C|A,AG,A,3F6Y,A|A,2,potenial_homomer
6mhg_B:O|E,AG,E,3VDL,A|B|C,4,potenial_homomer
6mhg_B:O|E,AG,E,3VDJ,A|A|A,2,potenial_homomer
6mhg_B:O|E,AG,E,3VDK,A|A|A,2,potenial_homomer
5vcn_F:E|A,AG,A,2AS8,A|B,1,potenial_homomer
6e1k_D:C|B,AG,B,5DQQ,A|A,1,potenial_homomer
6e1k_D:C|B,AG,B,6CX0,A|A,1,potenial_homomer
6e1k_D:C|B,AG,B,5TUA,A|A,1,potenial_homomer
6e1k_D:C|B,AG,B,6E1M,A|B,1,potenial_homomer
5myx_D:C|F,AG,F,5BUO,A|B,1,potenial_homomer
5myx_D:C|F,AG,F,5OQV,A|B|C|D|E|F|G|H|I,1,potenial_homomer
4kka_C:D|A,AG,A,4FTP,A|A,1,potenial_homomer
4kka_C:D|A,AG,A,1KPK,A|B,1,potenial_homomer
4kka_C:D|A,AG,A,1KPK,C|D,2,potenial_homomer
4kka_C:D|A,AG,A,1KPK,E|F,3,potenial_homomer
4q6i_H:L|C,AG,C,3CD4,A|A,1,potenial_homomer
4q6i_H:L|C,AG,C,1CDH,A|A,1,potenial_homomer
3nps_B:C|A,AG,A,4IS5,A|A,2,potenial_homomer
6b7z_E:F|B,AG,B,4PFC,A|B,1,potenial_homomer
6b7z_E:F|B,AG,B,4PF9,A|B,1,potenial_homomer
6b7z_E:F|B,AG,B,4PF7,A|B,1,potenial_homomer
4m1g_H:L|B:A,AG,B:A,3K7B,A:A,1,additional_chains
4m1g_H:L|B:A,AG,B:A,3K7B,B:B,2,additional_chains
6by3_A:B|C,AG,C,1JVM,A|B|C|D,1,potenial_homomer
6by3_A:B|C,AG,C,1JVM,A|B|C|D|A|B|C|D,2,potenial_homomer
6by3_A:B|C,AG,C,1J95,A|B|C|D,1,potenial_homomer
5k9o_H:L|I,AG,I,4EDB,B|D|F,1,potential_complex_homomer
5k9o_H:L|I,AG,I,4EDA,A|B,1,potenial_homomer
5k9o_H:L|I,AG,I,4EDA,C|D,2,potenial_homomer
5k9o_H:L|I,AG,I,6GOL,A|A|A,1,potenial_homomer
5mp1_J:K|I,AG,I,6NWP,A|B|C|D|E|F,1,potenial_homomer
3uaj_C:D|B,AG,B,5B1C,B|B,1,potenial_homomer
3uaj_C:D|B,AG,B,5B1C,A|C,2,potenial_homomer
3uaj_C:D|B,AG,B,4X42,A|B,1,potenial_homomer
3uaj_C:D|B,AG,B,4X42,C|D,2,potenial_homomer
5i5k_X:Y|A,AG,A,3HQB,A|B,3,potenial_homomer
5i5k_X:Y|A,AG,A,3HQA,A|B,3,potenial_homomer
5i5k_X:Y|A,AG,A,3CU7,A|B,3,potenial_homomer
6dca_J:N|R,AG,R,6NWP,A|B|C|D|E|F,1,potenial_homomer
3eo1_H:G|I,AG,I,1TGJ,A|A,1,potenial_homomer
3eo1_H:G|I,AG,I,1TGK,A|A,1,potenial_homomer
6bb4_I:M|Q,AG,Q,6NWP,A|B|C|D|E|F,1,potenial_homomer
6ad8_E:F|B,AG,B,4FTP,A|A,1,potenial_homomer
6ad8_E:F|B,AG,B,1KPK,A|B,1,potenial_homomer
6ad8_E:F|B,AG,B,1KPK,C|D,2,potenial_homomer
6ad8_E:F|B,AG,B,1KPK,E|F,3,potenial_homomer
6u36_H:L|B,AG,B,6U2N,A|B,1,potenial_homomer
6u36_H:L|B,AG,B,6U2P,A|B,1,potenial_homomer
5cbe_C:D|F,AB,C:D,5C6W,H:H|J:J,1,potential_complex_homomer
5cbe_C:D|F,AG,F,4ZAI,A|A,2,potenial_homomer
4iof_E:F|B,AG,B,4PFC,A|B,1,potenial_homomer
4iof_E:F|B,AG,B,4PF9,A|B,1,potenial_homomer
4iof_E:F|B,AG,B,4PF7,A|B,1,potenial_homomer
6jep_H:L|E,AG,E,5LBV,A|B,1,potenial_homomer
6jep_H:L|E,AG,E,5JHM,A|B,1,potenial_homomer
5y0a_D:E|A,AG,A,5LBV,A|B,1,potenial_homomer
5y0a_D:E|A,AG,A,5JHM,A|B,1,potenial_homomer
5hi4_C:D|B,AG,B,4HR9,A|B,1,potenial_homomer
3fb8_A:B|C,AG,C,2QTO,A|B|C|D,1,potenial_homomer
3fb8_A:B|C,AG,C,3IFX,A|B|C|D,1,potenial_homomer
3fb8_A:B|C,AG,C,3IFX,A|B|C|D|A|B|C|D,2,potenial_homomer
6dc5_B:C|A,AG,A,5KWW,F|F|F,1,potenial_homomer
6dc5_B:C|A,AG,A,6EAK,F|F|F,1,potenial_homomer
6dc5_B:C|A,AG,A,6EAM,F|F|F,1,potenial_homomer
6dc5_B:C|A,AG,A,6EAI,A|B|C,1,potenial_homomer
6dc5_B:C|A,AG,A,6EAL,F|F|F,1,potenial_homomer
5xku_C:B|A,AG,A,4LN6,A|C|E,1,potential_complex_homomer
5xku_C:B|A,AG,A,4LN6,A,2,additional_chains
5xku_C:B|A,AG,A,4LN6,C,3,additional_chains
5xku_C:B|A,AG,A,4LN6,E,4,additional_chains
5xku_C:B|A,AG,A,4LN6,G|I|K,5,potential_complex_homomer
5xku_C:B|A,AG,A,4LN6,G,6,additional_chains
5xku_C:B|A,AG,A,4LN6,I,7,additional_chains
5xku_C:B|A,AG,A,4LN6,K,8,additional_chains
4ene_E:F|B,AG,B,4FTP,A|A,1,potenial_homomer
4ene_E:F|B,AG,B,1KPK,A|B,1,potenial_homomer
4ene_E:F|B,AG,B,1KPK,C|D,2,potenial_homomer
4ene_E:F|B,AG,B,1KPK,E|F,3,potenial_homomer
5w9p_D:E|B,AG,B,4NCU,A|A|A,1,potenial_homomer
5w9p_D:E|B,AG,B,4NCW,A|B|C,1,potenial_homomer
5hys_A:B|G,AG,G,2WQR,A|B,1,potenial_homomer
5hys_A:B|G,AG,G,5MOK,A|B|C|D,1,potenial_homomer
5hys_A:B|G,AG,G,5MOL,A|B,1,potenial_homomer
6plk_H:L|E,AG,E,5LBV,A|B,1,potenial_homomer
6plk_H:L|E,AG,E,5JHM,A|B,1,potenial_homomer
2htk_C:D|A,AG,A,4FTP,A|A,1,potenial_homomer
2htk_C:D|A,AG,A,1KPK,A|B,1,potenial_homomer
2htk_C:D|A,AG,A,1KPK,C|D,2,potenial_homomer
2htk_C:D|A,AG,A,1KPK,E|F,3,potenial_homomer
5n0a_H:L|A,AG,A,1OKE,A|B,1,potenial_homomer
5n0a_H:L|A,AG,A,1OAN,A|B,1,potenial_homomer
5n0a_H:L|A,AG,A,1TG8,A|A,1,potenial_homomer
5n0a_H:L|A,AG,A,1OK8,A|A|A,1,potenial_homomer
2vis_B:A|C,AG,C,6BKQ,A|C|E,1,potenial_homomer
2vis_B:A|C,AG,C,6BKQ,A|C|E,3,potential_complex_homomer
2vis_B:A|C,AG,C,6BKM,A|C|E,1,potenial_homomer
2vis_B:A|C,AG,C,6BKM,A|C|E,3,potential_complex_homomer
5f3h_E:F|L,AG,L,5NXS,A|B,1,potenial_homomer
5f3h_E:F|L,AG,L,5NTU,A|B,1,potenial_homomer
5f3h_E:F|L,AG,L,5JI1,A|B,1,potenial_homomer
4nm8_H:L|B:A,AG,B:A,6BKQ,B:A|D:C|F:E,3,potenial_homomer
4nm8_H:L|B:A,AG,B:A,6BKM,B:A|D:C|F:E,3,potenial_homomer
1ncb_H:L|N,AG,N,6D3B,A|A|A|A,1,potenial_homomer
1ncb_H:L|N,AG,N,6HFC,A|A|A|A,1,potenial_homomer
1ncb_H:L|N,AG,N,1F8E,A|A|A|A,1,potenial_homomer
1ncb_H:L|N,AG,N,6HG0,A|A|A|A,1,potenial_homomer
1ncb_H:L|N,AG,N,6HCX,A|A|A|A,1,potenial_homomer
5u3j_H:L|A,AG,A,6E8W,A|B|C,1,potenial_homomer
6iut_H:L|A,AG,A,4KWM,A|A|A,1,potential_complex_homomer
6iut_H:L|A,AG,A,4KWM,C|C|C,2,potential_complex_homomer
6iut_H:L|A,AG,A,4KWM,E|E|E,3,potential_complex_homomer
6iut_H:L|A,AG,A,6NTF,A|A|A,1,potenial_homomer
6k5d_E:F|B,AG,B,4FTP,A|A,1,potenial_homomer
6k5d_E:F|B,AG,B,1KPK,A|B,1,potenial_homomer
6k5d_E:F|B,AG,B,1KPK,C|D,2,potenial_homomer
6k5d_E:F|B,AG,B,1KPK,E|F,3,potenial_homomer
4l5f_H:L|E,AG,E,3IRC,A|A|A,2,potenial_homomer
4l5f_H:L|E,AG,E,4GSX,A|A|A,1,potenial_homomer
4l5f_H:L|E,AG,E,4GSX,B|B|B,2,potenial_homomer
4l5f_H:L|E,AG,E,4GT0,A|A|A,1,potenial_homomer
4l5f_H:L|E,AG,E,4GT0,B|B|B,2,potenial_homomer
5mp5_E:F|I,AG,I,6NWP,A|B|C|D|E|F,1,potenial_homomer
6pz8_D:K|F,AG,F,6Q04,A|B|C,1,potenial_homomer
5d1q_B:A|E,AG,E,3RUR,A|D,5,potenial_homomer
5d1q_B:A|E,AG,E,3RUR,B|C,6,potenial_homomer
5d1q_B:A|E,AG,E,3RTL,A|B,5,potenial_homomer
5d1q_B:A|E,AG,E,3RTL,C|D,6,potenial_homomer
1afv_H:L|A,AG,A,6BHS,A|A|A|A|A|A,1,potenial_homomer
1afv_H:L|A,AG,A,6ERM,A|A|A|A|A|A,1,potenial_homomer
1afv_H:L|A,AG,A,5HGP,A|A|A|A|A|A,1,potenial_homomer
1afv_H:L|A,AG,A,6H09,A|A|A|A|A|A,1,potenial_homomer
1afv_H:L|A,AG,A,6ES8,A|A|A|A|A|A,1,potenial_homomer
4jan_A:B|I,AG,I,3DNL,A|C|D|F|G|I,1,potential_complex_homomer
4rx4_H:L|G,AG,G,3DNL,A|C|D|F|G|I,1,potential_complex_homomer
2vxs_K:O|C,AG,C,4HR9,A|B,1,potenial_homomer
5hys_H:L|I,AG,I,2WQR,A|B,1,potenial_homomer
5hys_H:L|I,AG,I,5MOK,A|B|C|D,1,potenial_homomer
5hys_H:L|I,AG,I,5MOL,A|B,1,potenial_homomer
5kqv_P:Q|F,AG,F,2HR7,A|B,1,potenial_homomer
5kqv_P:Q|F,AG,F,4XST,E,1,additional_chains
5kqv_P:Q|F,AG,F,4XST,E|E|E|E|E|E,2,potential_complex_homomer
5kqv_P:Q|F,AG,F,6HN4,E|F,1,potenial_homomer
2hmi_D:C|B,AG,B,6ECL,A|B,1,potenial_homomer
5tru_H:L|C,AG,C,3OSK,A|B,1,potenial_homomer
5tru_H:L|C,AG,C,2X44,D|D,1,potenial_homomer
4yzf_E:F|A,AG,A,4KY9,A|P,1,potenial_homomer
4yzf_E:F|A,AG,A,1HYN,P|Q,1,potenial_homomer
4yzf_E:F|A,AG,A,1HYN,R|S,2,potenial_homomer
4yzf_E:F|A,AG,A,1HYN,P|Q|R|S|P|Q|R|S,3,potenial_homomer
6ii8_J:K|E,AG,E,4LN6,A|C|E,1,potential_complex_homomer
6ii8_J:K|E,AG,E,4LN6,A,2,additional_chains
6ii8_J:K|E,AG,E,4LN6,C,3,additional_chains
6ii8_J:K|E,AG,E,4LN6,E,4,additional_chains
6ii8_J:K|E,AG,E,4LN6,G|I|K,5,potential_complex_homomer
6ii8_J:K|E,AG,E,4LN6,G,6,additional_chains
6ii8_J:K|E,AG,E,4LN6,I,7,additional_chains
6ii8_J:K|E,AG,E,4LN6,K,8,additional_chains
6ii8_J:K|E,AG,E,4BSG,A|A|A,1,potential_complex_homomer
4mhh_H:L|E,AG,E,6PD3,A|A|A,1,potenial_homomer
4mhh_H:L|E,AG,E,6CF5,A|C|E,1,potential_complex_homomer
4mhh_H:L|E,AG,E,6PCX,A|A|A,1,potenial_homomer
3dvn_H:L|V:U,AG,V:U,6E2B,A:A|C:C|E:E|G:G|I:I|P:P,1,potential_complex_homomer
5l0q_C:B|A,AG,A,2AO7,A|A,2,potenial_homomer
5tud_F:E|D,AG,D,6OT4,A|B|C|D|A|B|C|D|A|B|C|D,1,potenial_homomer
5tfw_H:L|O,AG,O,3LF6,A|B,1,potenial_homomer
5tfw_H:L|O,AG,O,3T43,A|B,1,potenial_homomer
5njg_E:F|A,AG,A,6HBU,A|B,1,potenial_homomer
5njg_E:F|A,AG,A,6HZM,A|B,1,potenial_homomer
5njg_E:F|A,AG,A,6FFC,A|B,1,potenial_homomer
6dca_K:O|S,AG,S,6NWP,A|B|C|D|E|F,1,potenial_homomer
2jix_H:L|E,AG,E,1ERN,A|B,1,potenial_homomer
5ggs_C:D|Y,AB,C:D,5DK3,B:A|G:F,1,potenial_homomer
5j9p_A:B|C,AG,C,2QTO,A|B|C|D,1,potenial_homomer
5j9p_A:B|C,AG,C,3IFX,A|B|C|D,1,potenial_homomer
5j9p_A:B|C,AG,C,3IFX,A|B|C|D|A|B|C|D,2,potenial_homomer
5hd8_E:F|B,AG,B,4FTP,A|A,1,potenial_homomer
5hd8_E:F|B,AG,B,1KPK,A|B,1,potenial_homomer
5hd8_E:F|B,AG,B,1KPK,C|D,2,potenial_homomer
5hd8_E:F|B,AG,B,1KPK,E|F,3,potenial_homomer
5dur_H:L|C,AG,C,4KWM,A|A|A,1,potential_complex_homomer
5dur_H:L|C,AG,C,4KWM,C|C|C,2,potential_complex_homomer
5dur_H:L|C,AG,C,4KWM,E|E|E,3,potential_complex_homomer
5dur_H:L|C,AG,C,6NTF,A|A|A,1,potenial_homomer
3hae_H:L|A:C,AB,H:L,3GJE,H:L|B:A,1,potenial_homomer
4y5v_G:H|I,AG,I,1ERN,A|B,1,potenial_homomer
5t29_H:L|O,AG,O,3LF6,A|B,1,potenial_homomer
5t29_H:L|O,AG,O,3T43,A|B,1,potenial_homomer
4kk8_E:F|B,AG,B,4FTP,A|A,1,potenial_homomer
4kk8_E:F|B,AG,B,1KPK,A|B,1,potenial_homomer
4kk8_E:F|B,AG,B,1KPK,C|D,2,potenial_homomer
4kk8_E:F|B,AG,B,1KPK,E|F,3,potenial_homomer
5w9m_B:C|A,AG,A,4NCU,A|A|A,1,potenial_homomer
5w9m_B:C|A,AG,A,4NCW,A|B|C,1,potenial_homomer
6fxn_D:E|A,AG,A,1KXG,A|B|C,1,potenial_homomer
6fxn_D:E|A,AG,A,1KXG,D|E|F,2,potenial_homomer
4xwo_U:V|S,AG,S,2WOJ,C|D,1,potenial_homomer
4xwo_U:V|S,AG,S,2WOJ,A|B,2,potenial_homomer
4xwo_U:V|S,AG,S,3H84,A|B,1,potenial_homomer
4xwo_U:V|S,AG,S,3H84,A|B|A|B,2,potenial_homomer
2a6k_H:L|P,AB,H:L,2A6J,H:L|B:A,1,potenial_homomer
6hco_D:C|B,AG,B,6HBU,A|B,1,potenial_homomer
6hco_D:C|B,AG,B,6HZM,A|B,1,potenial_homomer
6hco_D:C|B,AG,B,6FFC,A|B,1,potenial_homomer
6hx4_H:L|B,AG,B,3NDD,A|B,1,potenial_homomer
5kel_J:N|E,AG,E,6G95,A|A|A,1,potential_complex_homomer
5kel_J:N|E,AG,E,6G9I,A|A|A,1,potential_complex_homomer
6hjp_I:J|D:C,AG,D:C,6HJN,B:A|D:C|F:E,1,potenial_homomer
6hjp_I:J|D:C,AG,D:C,6HJR,B:A|D:C|F:E,1,potenial_homomer
5tz2_H:L|C,AG,C,2VSC,A|B,1,potenial_homomer
5tz2_H:L|C,AG,C,2VSC,C|D,2,potenial_homomer
6ieq_D:E|B,AG,B,3AHA,A|B|C|D|E|F,1,potenial_homomer
6ieq_D:E|B,AG,B,4HLR,A|A|A,1,potenial_homomer
6hjp_K:L|F:E,AG,F:E,6HJN,B:A|D:C|F:E,1,potenial_homomer
6hjp_K:L|F:E,AG,F:E,6HJR,B:A|D:C|F:E,1,potenial_homomer
5yoy_P:M|K,AG,K,5UUI,A|A|A,1,potenial_homomer
5yoy_P:M|K,AG,K,2AZ5,A|B|C|D,1,potenial_homomer
5yoy_P:M|K,AG,K,4TSV,A|A|A,1,potenial_homomer
5w9k_H:I|G,AG,G,4NCU,A|A|A,1,potenial_homomer
5w9k_H:I|G,AG,G,4NCW,A|B|C,1,potenial_homomer
5wob_U:V|G,AG,G,4PFC,A|B,1,potenial_homomer
5wob_U:V|G,AG,G,4PF9,A|B,1,potenial_homomer
5wob_U:V|G,AG,G,4PF7,A|B,1,potenial_homomer
3h42_H:L|B:A,AG,B:A,6U2P,A:A|B:B,1,potential_complex_homomer
3h42_H:L|B:A,AG,B:A,6U26,A:A,1,additional_chains
3h42_H:L|B:A,AG,B:A,6U26,B:B,2,additional_chains
3h42_H:L|B:A,AG,B:A,2P4E,P:P,1,additional_chains
3h42_H:L|B:A,AG,B:A,2P4E,A:A,2,additional_chains
3h42_H:L|B:A,AG,B:A,2P4E,P:P|A:A,3,potential_complex_homomer
2exw_C:D|A,AG,A,4FTP,A|A,1,potenial_homomer
2exw_C:D|A,AG,A,1KPK,A|B,1,potenial_homomer
2exw_C:D|A,AG,A,1KPK,C|D,2,potenial_homomer
2exw_C:D|A,AG,A,1KPK,E|F,3,potenial_homomer
6k5f_C:D|A,AG,A,4FTP,A|A,1,potenial_homomer
6k5f_C:D|A,AG,A,1KPK,A|B,1,potenial_homomer
6k5f_C:D|A,AG,A,1KPK,C|D,2,potenial_homomer
6k5f_C:D|A,AG,A,1KPK,E|F,3,potenial_homomer
5e8e_B:A|H,AG,H,5JDU,A|B,1,potenial_homomer
5e8e_B:A|H,AG,H,5JDU,C|D,2,potenial_homomer
5e8e_B:A|H,AG,H,6PXJ,H,1,additional_chains
5e8e_B:A|H,AG,H,6PXJ,B,2,additional_chains
5ugy_I:M|C,AG,C,4EDB,A|C|E,1,potential_complex_homomer
4gxu_M:N|A,AG,A,4JUG,A|C|E,1,potential_complex_homomer
4gxu_M:N|A,AG,A,4JUG,G|I|K,2,potential_complex_homomer
5wob_S:T|F,AG,F,4PFC,A|B,1,potenial_homomer
5wob_S:T|F,AG,F,4PF9,A|B,1,potenial_homomer
5wob_S:T|F,AG,F,4PF7,A|B,1,potenial_homomer
6h06_H:L|I,AG,I,6NWP,A|B|C|D|E|F,1,potenial_homomer
5mhr_K:J|C,AG,C,2OJ5,A|B|C,1,potenial_homomer
5mhr_K:J|C,AG,C,2OJ5,D|E|F,2,potenial_homomer
5o6v_H:L|B,AG,B,1URZ,A|B|C,1,potenial_homomer
5o6v_H:L|B,AG,B,1URZ,D|E|F,2,potenial_homomer
3lzf_H:L|A,AG,A,4JUG,A|C|E,1,potential_complex_homomer
3lzf_H:L|A,AG,A,4JUG,G|I|K,2,potential_complex_homomer
4mqx_C:D|A,AG,A,4FTP,A|A,1,potenial_homomer
4mqx_C:D|A,AG,A,1KPK,A|B,1,potenial_homomer
4mqx_C:D|A,AG,A,1KPK,C|D,2,potenial_homomer
4mqx_C:D|A,AG,A,1KPK,E|F,3,potenial_homomer
5o1r_H:L|A,AG,A,6CUJ,A|B,1,potenial_homomer
3gjf_H:L|A:C,AB,H:L,3GJE,H:L|B:A,1,potenial_homomer
4am0_C:D|T,AG,T,3WE1,A|B,1,potenial_homomer
5dhv_H:L|M,AG,M,3LPH,A|B,1,potenial_homomer
5dhv_H:L|M,AG,M,3LPH,C|D,2,potenial_homomer
5dhv_H:L|M,AG,M,6BSY,A|B,1,potenial_homomer
2r9h_E:F|B,AG,B,4FTP,A|A,1,potenial_homomer
2r9h_E:F|B,AG,B,1KPK,A|B,1,potenial_homomer
2r9h_E:F|B,AG,B,1KPK,C|D,2,potenial_homomer
2r9h_E:F|B,AG,B,1KPK,E|F,3,potenial_homomer
5ggt_H:L|A,AG,A,5N2F,A|B,1,potenial_homomer
5ggt_H:L|A,AG,A,6NP9,A|A,1,potenial_homomer
5ggt_H:L|A,AG,A,4Z18,A|B,1,potenial_homomer
6mhg_J:U|E,AG,E,3VDL,A|B|C,4,potenial_homomer
6mhg_J:U|E,AG,E,3VDJ,A|A|A,2,potenial_homomer
6mhg_J:U|E,AG,E,3VDK,A|A|A,2,potenial_homomer
6dfj_H:L|E,AG,E,3IRC,A|A|A,2,potenial_homomer
6dfj_H:L|E,AG,E,4GSX,A|A|A,1,potenial_homomer
6dfj_H:L|E,AG,E,4GSX,B|B|B,2,potenial_homomer
6dfj_H:L|E,AG,E,4GT0,A|A|A,1,potenial_homomer
6dfj_H:L|E,AG,E,4GT0,B|B|B,2,potenial_homomer
3j3p_HL1,AG,1,1PO2,1|1|1|1|1|1|1|1|1|1|1|1|1|1|1|1|1|1|1|1|1|1|1|1|1|1|1|1|1|1|1|1|1|1|1|1|1|1|1|1|1|1|1|1|1|1|1|1|1|1|1|1|1|1|1|1|1|1|1|1,1,potential_complex_homomer
3j3p_HL1,AG,1,1VBD,1|1|1|1|1|1|1|1|1|1|1|1|1|1|1|1|1|1|1|1|1|1|1|1|1|1|1|1|1|1|1|1|1|1|1|1|1|1|1|1|1|1|1|1|1|1|1|1|1|1|1|1|1|1|1|1|1|1|1|1,1,potential_complex_homomer
3j3p_HL1,AG,1,1POV,1|1|1|1|1|1|1|1|1|1|1|1|1|1|1|1|1|1|1|1|1|1|1|1|1|1|1|1|1|1|1|1|1|1|1|1|1|1|1|1|1|1|1|1|1|1|1|1|1|1|1|1|1|1|1|1|1|1|1|1,1,potential_complex_homomer
3j3p_HL1,AG,1,1AL2,1|1|1|1|1|1|1|1|1|1|1|1|1|1|1|1|1|1|1|1|1|1|1|1|1|1|1|1|1|1|1|1|1|1|1|1|1|1|1|1|1|1|1|1|1|1|1|1|1|1|1|1|1|1|1|1|1|1|1|1,1,potential_complex_homomer
3j3p_HL1,AG,1,1AR6,1|1|1|1|1|1|1|1|1|1|1|1|1|1|1|1|1|1|1|1|1|1|1|1|1|1|1|1|1|1|1|1|1|1|1|1|1|1|1|1|1|1|1|1|1|1|1|1|1|1|1|1|1|1|1|1|1|1|1|1,1,potential_complex_homomer
6cmg_C:B|A,AG,A,2X9M,B|D,1,potenial_homomer
6cmg_C:B|A,AG,A,2X9M,A|C,2,potenial_homomer
1g7l_B:A|C,AB,B:A,1CIC,D:C,1,additional_chains
2atk_A:B|C,AG,C,2QTO,A|B|C|D,1,potenial_homomer
2atk_A:B|C,AG,C,3IFX,A|B|C|D,1,potenial_homomer
2atk_A:B|C,AG,C,3IFX,A|B|C|D|A|B|C|D,2,potenial_homomer
4odx_H:B|X,AG,X,3LF6,A|B,1,potenial_homomer
4odx_H:B|X,AG,X,3T43,A|B,1,potenial_homomer
6niu_I:J|A,AG,A,5JHM,A|B,1,potenial_homomer
4f15_H:I|G,AG,G,4EDB,B|D|F,1,potential_complex_homomer
4f15_H:I|G,AG,G,4EDA,A|B,1,potenial_homomer
4f15_H:I|G,AG,G,4EDA,C|D,2,potenial_homomer
4f15_H:I|G,AG,G,6GOL,A|A|A,1,potenial_homomer
5xcu_D:E|F,AB,D:E,4NR2,A:A|B:B,1,potential_complex_homomer
5xcu_D:E|F,AB,D:E,4NR2,C:C|D:D,2,potential_complex_homomer
5xcu_D:E|F,AB,D:E,4NR2,E:E|F:F,3,potential_complex_homomer
5xcu_D:E|F,AB,D:E,4NR2,G:G|H:H,4,potential_complex_homomer
4uif_K:L|C,AG,C,1OKE,A|B,1,potenial_homomer
4uif_K:L|C,AG,C,1OAN,A|B,1,potenial_homomer
4uif_K:L|C,AG,C,1TG8,A|A,1,potenial_homomer
4uif_K:L|C,AG,C,1OK8,A|A|A,1,potenial_homomer
4c2i_H:L|C,AG,C,3IRC,A|A|A,2,potenial_homomer
4c2i_H:L|C,AG,C,4GSX,A|A|A,1,potenial_homomer
4c2i_H:L|C,AG,C,4GSX,B|B|B,2,potenial_homomer
4c2i_H:L|C,AG,C,4GT0,A|A|A,1,potenial_homomer
4c2i_H:L|C,AG,C,4GT0,B|B|B,2,potenial_homomer
6iw2_H:I|G,AG,G,6IW4,A|B,1,potenial_homomer
6iw2_H:I|G,AG,G,6IW1,A|B|C,1,potenial_homomer
6ada_C:D|A,AG,A,4FTP,A|A,1,potenial_homomer
6ada_C:D|A,AG,A,1KPK,A|B,1,potenial_homomer
6ada_C:D|A,AG,A,1KPK,C|D,2,potenial_homomer
6ada_C:D|A,AG,A,1KPK,E|F,3,potenial_homomer
6mhg_H:L|E,AG,E,3VDL,A|B|C,4,potenial_homomer
6mhg_H:L|E,AG,E,3VDJ,A|A|A,2,potenial_homomer
6mhg_H:L|E,AG,E,3VDK,A|A|A,2,potenial_homomer
6o3b_G:E|H,AG,H,5WBS,A|B,1,potenial_homomer
6o3b_G:E|H,AG,H,5WBS,C|D,2,potenial_homomer
6o3b_G:E|H,AG,H,5WBS,E|F,3,potenial_homomer
6o3b_G:E|H,AG,H,5WBS,G|H,4,potenial_homomer
6o3b_G:E|H,AG,H,5T44,A|B,2,potenial_homomer
6o3b_G:E|H,AG,H,5URV,A|B,1,potenial_homomer
3u9u_A:B|F,AG,F,2AHX,B|B,3,potenial_homomer
6apd_J:L|C,AG,C,6EAD,F|F|F,1,potenial_homomer
6apd_J:L|C,AG,C,6EAE,F|F|F,1,potenial_homomer
5mp1_F:G|E,AG,E,6NWP,A|B|C|D|E|F,1,potenial_homomer
4yk4_C:B|A,AG,A,4EDB,A|C|E,1,potential_complex_homomer
5yy5_H:L|A,AG,A,6Q04,A|B|C,1,potenial_homomer
4kk5_E:F|B,AG,B,4FTP,A|A,1,potenial_homomer
4kk5_E:F|B,AG,B,1KPK,A|B,1,potenial_homomer
4kk5_E:F|B,AG,B,1KPK,C|D,2,potenial_homomer
4kk5_E:F|B,AG,B,1KPK,E|F,3,potenial_homomer
5w08_I:J|B,AG,B,4WE8,A|A|A,1,potenial_homomer
5w08_I:J|B,AG,B,4WEA,A|A|A,1,potenial_homomer
5w08_I:J|B,AG,B,4WE9,A|A|A,1,potenial_homomer
4lou_C:D|A,AG,A,4FTP,A|A,1,potenial_homomer
4lou_C:D|A,AG,A,1KPK,A|B,1,potenial_homomer
4lou_C:D|A,AG,A,1KPK,C|D,2,potenial_homomer
4lou_C:D|A,AG,A,1KPK,E|F,3,potenial_homomer
2ht3_C:D|A,AG,A,4FTP,A|A,1,potenial_homomer
2ht3_C:D|A,AG,A,1KPK,A|B,1,potenial_homomer
2ht3_C:D|A,AG,A,1KPK,C|D,2,potenial_homomer
2ht3_C:D|A,AG,A,1KPK,E|F,3,potenial_homomer
6cxg_H:L|A,AB,H:L,6N35,H:L|M:K,1,potenial_homomer
6cxg_H:L|A,AB,H:L,4RBP,H:L|M:K,1,potenial_homomer
3t2n_H:L|A,AG,A,1O5E,L|H,1,potenial_homomer
3t2n_H:L|A,AG,A,1P57,A|B,1,potenial_homomer
3t2n_H:L|A,AG,A,1O5F,L|H,1,potenial_homomer
5yoy_Q:N|L,AG,L,5UUI,A|A|A,1,potenial_homomer
5yoy_Q:N|L,AG,L,2AZ5,A|B|C|D,1,potenial_homomer
5yoy_Q:N|L,AG,L,4TSV,A|A|A,1,potenial_homomer
6k5i_E:F|B,AG,B,4FTP,A|A,1,potenial_homomer
6k5i_E:F|B,AG,B,1KPK,A|B,1,potenial_homomer
6k5i_E:F|B,AG,B,1KPK,C|D,2,potenial_homomer
6k5i_E:F|B,AG,B,1KPK,E|F,3,potenial_homomer
6pzz_K:J|D,AG,D,5L18,A|A|A|A,1,potenial_homomer
6pzz_K:J|D,AG,D,4MWL,A|A|A|A,1,potenial_homomer
6pzz_K:J|D,AG,D,4MWJ,A|A|A|A,1,potenial_homomer
6pzz_K:J|D,AG,D,4MWU,A|A|A|A,1,potenial_homomer
6pzz_K:J|D,AG,D,6PZD,A|A|A|A,1,potenial_homomer
5vzy_H:L|A,AB,H:L,5VZX,H:L|E:I,1,potenial_homomer
5vzy_H:L|A,AG,A,5BUO,A|B,1,potenial_homomer
5vzy_H:L|A,AG,A,5OQV,A|B|C|D|E|F|G|H|I,1,potenial_homomer
2fjg_B:A|V,AG,V,1MKK,A|B,1,potenial_homomer
2fjg_B:A|V,AG,V,4KZN,A|A,1,potenial_homomer
2fjg_B:A|V,AG,V,3QTK,A|D,1,potenial_homomer
2fjg_B:A|V,AG,V,3QTK,B|C,2,potenial_homomer
2fjg_B:A|V,AG,V,3QTK,E|F,3,potenial_homomer
2x7l_G:I|M,AG,M,3LPH,A|B,1,potenial_homomer
2x7l_G:I|M,AG,M,3LPH,C|D,2,potenial_homomer
2x7l_G:I|M,AG,M,6BSY,A|B,1,potenial_homomer
2ht3_E:F|B,AG,B,4FTP,A|A,1,potenial_homomer
2ht3_E:F|B,AG,B,1KPK,A|B,1,potenial_homomer
2ht3_E:F|B,AG,B,1KPK,C|D,2,potenial_homomer
2ht3_E:F|B,AG,B,1KPK,E|F,3,potenial_homomer
5vke_A:B|C,AG,C,1JVM,A|B|C|D,1,potenial_homomer
5vke_A:B|C,AG,C,1JVM,A|B|C|D|A|B|C|D,2,potenial_homomer
5vke_A:B|C,AG,C,1J95,A|B|C|D,1,potenial_homomer
6j5f_H:L|A,AG,A,1URZ,A|B|C,1,potenial_homomer
6j5f_H:L|A,AG,A,1URZ,D|E|F,2,potenial_homomer
5hj3_M:N|L:K,AG,L:K,6G95,B:A|B:A|B:A,1,potenial_homomer
5hj3_M:N|L:K,AG,L:K,6G9I,B:A|B:A|B:A,1,potenial_homomer
6iec_J:K|I,AG,I,6F9C,A|C|E|G|I|K,1,potential_complex_homomer
6n5e_G:F|B,AG,B,6BKQ,A|C|E,1,potenial_homomer
6n5e_G:F|B,AG,B,6BKQ,A|C|E,3,potential_complex_homomer
6n5e_G:F|B,AG,B,6BKM,A|C|E,1,potenial_homomer
6n5e_G:F|B,AG,B,6BKM,A|C|E,3,potential_complex_homomer
3jwo_H:L|A,AG,A,3DNL,A|B|C|D|E|F|G|H|I,1,potenial_homomer
2otu_D:C|Q,AB,D:C,2GSG,B:A|D:C,3,potenial_homomer
4c2i_M:N|A,AG,A,3IRC,A|A|A,2,potenial_homomer
4c2i_M:N|A,AG,A,4GSX,A|A|A,1,potenial_homomer
4c2i_M:N|A,AG,A,4GSX,B|B|B,2,potenial_homomer
4c2i_M:N|A,AG,A,4GT0,A|A|A,1,potenial_homomer
4c2i_M:N|A,AG,A,4GT0,B|B|B,2,potenial_homomer
6plk_I:M|F,AG,F,5LBV,A|B,1,potenial_homomer
6plk_I:M|F,AG,F,5JHM,A|B,1,potenial_homomer
4gxu_W:X|K,AG,K,4JUG,A|C|E,1,potential_complex_homomer
4gxu_W:X|K,AG,K,4JUG,G|I|K,2,potential_complex_homomer
1nfd_H:G|D,AG,D,3Q5Y,A|B,1,potenial_homomer
1nfd_H:G|D,AG,D,3Q5Y,C|D,2,potenial_homomer
1otu_E:F|B,AG,B,4FTP,A|A,1,potenial_homomer
1otu_E:F|B,AG,B,1KPK,A|B,1,potenial_homomer
1otu_E:F|B,AG,B,1KPK,C|D,2,potenial_homomer
1otu_E:F|B,AG,B,1KPK,E|F,3,potenial_homomer
4yzf_K:L|D,AG,D,4KY9,A|P,1,potenial_homomer
4yzf_K:L|D,AG,D,1HYN,P|Q,1,potenial_homomer
4yzf_K:L|D,AG,D,1HYN,R|S,2,potenial_homomer
4yzf_K:L|D,AG,D,1HYN,P|Q|R|S|P|Q|R|S,3,potenial_homomer
5ggv_H:L|Y,AG,Y,3OSK,A|B,1,potenial_homomer
5ggv_H:L|Y,AG,Y,2X44,D|D,1,potenial_homomer
6glx_C:D|B,AG,B,6GKS,A|A,1,potenial_homomer
6glx_C:D|B,AG,B,5XRH,A|A,1,potenial_homomer
6glx_C:D|B,AG,B,5XRN,A|A,1,potenial_homomer
6glx_C:D|B,AG,B,6QRN,A|A,1,potenial_homomer
6glx_C:D|B,AG,B,5XRG,A|A,1,potenial_homomer
2ez0_C:D|A,AG,A,4FTP,A|A,1,potenial_homomer
2ez0_C:D|A,AG,A,1KPK,A|B,1,potenial_homomer
2ez0_C:D|A,AG,A,1KPK,C|D,2,potenial_homomer
2ez0_C:D|A,AG,A,1KPK,E|F,3,potenial_homomer
4gxu_U:V|I,AG,I,4JUG,A|C|E,1,potential_complex_homomer
4gxu_U:V|I,AG,I,4JUG,G|I|K,2,potential_complex_homomer
5tzt_H:L|C,AG,C,2VSC,A|B,1,potenial_homomer
5tzt_H:L|C,AG,C,2VSC,C|D,2,potenial_homomer
4kkb_C:D|A,AG,A,4FTP,A|A,1,potenial_homomer
4kkb_C:D|A,AG,A,1KPK,A|B,1,potenial_homomer
4kkb_C:D|A,AG,A,1KPK,C|D,2,potenial_homomer
4kkb_C:D|A,AG,A,1KPK,E|F,3,potenial_homomer
1e6j_H:L|P,AG,P,6BHS,A|A|A|A|A|A,1,potenial_homomer
1e6j_H:L|P,AG,P,6ERM,A|A|A|A|A|A,1,potenial_homomer
1e6j_H:L|P,AG,P,5HGP,A|A|A|A|A|A,1,potenial_homomer
1e6j_H:L|P,AG,P,6H09,A|A|A|A|A|A,1,potenial_homomer
1e6j_H:L|P,AG,P,6ES8,A|A|A|A|A|A,1,potenial_homomer
6muf_D:E|B,AG,B,3VGX,C|C|C,1,potential_complex_homomer
6muf_D:E|B,AG,B,4HLR,A|A|A,1,potenial_homomer
5udc_B:C|A,AG,A,5KWW,F|F|F,1,potenial_homomer
5udc_B:C|A,AG,A,6EAK,F|F|F,1,potenial_homomer
5udc_B:C|A,AG,A,6EAM,F|F|F,1,potenial_homomer
5udc_B:C|A,AG,A,6EAI,A|B|C,1,potenial_homomer
5udc_B:C|A,AG,A,6EAL,F|F|F,1,potenial_homomer
2oqj_B:A|C,AB,B:A,6N35,H:L|M:K,1,potenial_homomer
2oqj_B:A|C,AB,B:A,4RBP,H:L|M:K,1,potenial_homomer
4q6i_B:A|K,AG,K,3CD4,A|A,1,potenial_homomer
4q6i_B:A|K,AG,K,1CDH,A|A,1,potenial_homomer
6a0z_H:L|A,AG,A,6PD5,A|A|A,1,potenial_homomer
6a0z_H:L|A,AG,A,6GOL,A|A|A,1,potenial_homomer
6a0z_H:L|A,AG,A,6PD3,A|A|A,1,potenial_homomer
6a0z_H:L|A,AG,A,6CFG,A|B|A|B|A|B,1,potenial_homomer
5xj3_J:K|L,AG,L,3OSK,A|B,1,potenial_homomer
5xj3_J:K|L,AG,L,2X44,D|D,1,potenial_homomer
4wv1_B:A|C,AG,C,3CAF,A|A,1,potenial_homomer
4wv1_B:A|C,AG,C,3EUU,A|B,3,potenial_homomer
6ii9_M:N|C,AG,C,4LN6,A|C|E,1,potential_complex_homomer
6ii9_M:N|C,AG,C,4LN6,A,2,additional_chains
6ii9_M:N|C,AG,C,4LN6,C,3,additional_chains
6ii9_M:N|C,AG,C,4LN6,E,4,additional_chains
6ii9_M:N|C,AG,C,4LN6,G|I|K,5,potential_complex_homomer
6ii9_M:N|C,AG,C,4LN6,G,6,additional_chains
6ii9_M:N|C,AG,C,4LN6,I,7,additional_chains
6ii9_M:N|C,AG,C,4LN6,K,8,additional_chains
6ii9_M:N|C,AG,C,4BSG,A|A|A,1,potential_complex_homomer
1fbi_H:L|X,AG,X,1IAK,P,1,additional_chains
1fbi_H:L|X,AG,X,3ZVQ,A,1,additional_chains
4zyp_N:O|B,AG,B,6OJ7,A|A|A,1,potential_complex_homomer
4zyp_N:O|B,AG,B,4NCU,A|A|A,1,potenial_homomer
4zyp_N:O|B,AG,B,6NTX,A|A|A,1,potential_complex_homomer
4zyp_N:O|B,AG,B,6NTX,B|B|B,2,potential_complex_homomer
4zyp_N:O|B,AG,B,5C69,A|A|A|A|A|A,1,potenial_homomer
6flb_H:L|G,AG,G,1OKE,A|B,1,potenial_homomer
6flb_H:L|G,AG,G,1OAN,A|B,1,potenial_homomer
6flb_H:L|G,AG,G,1TG8,A|A,1,potenial_homomer
6flb_H:L|G,AG,G,1OK8,A|A|A,1,potenial_homomer
5w9j_B:C|A,AG,A,4NCU,A|A|A,1,potenial_homomer
5w9j_B:C|A,AG,A,4NCW,A|B|C,1,potenial_homomer
4m7l_H:L|T,AG,T,1BOY,A|A,1,potenial_homomer
5h35_H:I|D,AG,D,5WTR,A|B|C,1,potenial_homomer
5h35_H:I|D,AG,D,5WTR,F|G|H,2,potenial_homomer
6ad7_C:D|A,AG,A,4FTP,A|A,1,potenial_homomer
6ad7_C:D|A,AG,A,1KPK,A|B,1,potenial_homomer
6ad7_C:D|A,AG,A,1KPK,C|D,2,potenial_homomer
6ad7_C:D|A,AG,A,1KPK,E|F,3,potenial_homomer
6oe4_E:F|D,AG,D,5EA4,F|F|F,1,potenial_homomer
6oe4_E:F|D,AG,D,1G2C,B|D|F,1,potential_complex_homomer
6oe4_E:F|D,AG,D,1G2C,H|J|L,2,potential_complex_homomer
6oe4_E:F|D,AG,D,1G2C,N|P|R,3,potential_complex_homomer
6oe4_E:F|D,AG,D,1G2C,T|V|X,4,potential_complex_homomer
6oe4_E:F|D,AG,D,3KPE,B|B|B,1,potential_complex_homomer
5hd8_C:D|A,AG,A,4FTP,A|A,1,potenial_homomer
5hd8_C:D|A,AG,A,1KPK,A|B,1,potenial_homomer
5hd8_C:D|A,AG,A,1KPK,C|D,2,potenial_homomer
5hd8_C:D|A,AG,A,1KPK,E|F,3,potenial_homomer
5y2l_I:J|B:A,AG,B:A,6BKQ,B:A|D:C|F:E,3,potenial_homomer
5y2l_I:J|B:A,AG,B:A,6BKM,B:A|D:C|F:E,3,potenial_homomer
6mhg_F:R|E,AG,E,3VDL,A|B|C,4,potenial_homomer
6mhg_F:R|E,AG,E,3VDJ,A|A|A,2,potenial_homomer
6mhg_F:R|E,AG,E,3VDK,A|A|A,2,potenial_homomer
4m8q_A:B|S,AG,S,3LF6,A|B,1,potenial_homomer
4m8q_A:B|S,AG,S,3T43,A|B,1,potenial_homomer
4uih_F:G|C,AG,C,1OKE,A|B,1,potenial_homomer
4uih_F:G|C,AG,C,1OAN,A|B,1,potenial_homomer
4uih_F:G|C,AG,C,1TG8,A|A,1,potenial_homomer
4uih_F:G|C,AG,C,1OK8,A|A|A,1,potenial_homomer
6niu_H:L|Z,AG,Z,5JHM,A|B,1,potenial_homomer
1ahw_E:D|F,AG,F,1BOY,A|A,1,potenial_homomer
5gzo_C:D|B,AG,B,5LBV,A|B,1,potenial_homomer
5gzo_C:D|B,AG,B,5JHM,A|B,1,potenial_homomer
6pzy_I:L|F,AG,F,5L18,A|A|A|A,1,potenial_homomer
6pzy_I:L|F,AG,F,4MWL,A|A|A|A,1,potenial_homomer
6pzy_I:L|F,AG,F,4MWJ,A|A|A|A,1,potenial_homomer
6pzy_I:L|F,AG,F,4MWU,A|A|A|A,1,potenial_homomer
6pzy_I:L|F,AG,F,6PZD,A|A|A|A,1,potenial_homomer
6iw2_K:L|J,AG,J,6IW4,A|B,1,potenial_homomer
6iw2_K:L|J,AG,J,6IW1,A|B|C,1,potenial_homomer
4xvu_C:D|B,AG,B,2WOJ,C|D,1,potenial_homomer
4xvu_C:D|B,AG,B,2WOJ,A|B,2,potenial_homomer
4xvu_C:D|B,AG,B,3H84,A|B,1,potenial_homomer
4xvu_C:D|B,AG,B,3H84,A|B|A|B,2,potenial_homomer
6fxn_O:P|L,AG,L,1KXG,A|B|C,1,potenial_homomer
6fxn_O:P|L,AG,L,1KXG,D|E|F,2,potenial_homomer
4kjq_E:F|B,AG,B,4FTP,A|A,1,potenial_homomer
4kjq_E:F|B,AG,B,1KPK,A|B,1,potenial_homomer
4kjq_E:F|B,AG,B,1KPK,C|D,2,potenial_homomer
4kjq_E:F|B,AG,B,1KPK,E|F,3,potenial_homomer
5zxv_C:D|B,AG,B,6Q04,A|B|C,1,potenial_homomer
5a1z_K:L|C,AG,C,1OKE,A|B,1,potenial_homomer
5a1z_K:L|C,AG,C,1OAN,A|B,1,potenial_homomer
5a1z_K:L|C,AG,C,1TG8,A|A,1,potenial_homomer
5a1z_K:L|C,AG,C,1OK8,A|A|A,1,potenial_homomer
6o3a_B:A|E,AG,E,5WBS,A|B,1,potenial_homomer
6o3a_B:A|E,AG,E,5WBS,C|D,2,potenial_homomer
6o3a_B:A|E,AG,E,5WBS,E|F,3,potenial_homomer
6o3a_B:A|E,AG,E,5WBS,G|H,4,potenial_homomer
6o3a_B:A|E,AG,E,5T44,A|B,2,potenial_homomer
6o3a_B:A|E,AG,E,5URV,A|B,1,potenial_homomer
5w3p_H:L|P,AG,P,5BUO,A|B,1,potenial_homomer
5w3p_H:L|P,AG,P,5OQV,A|B|C|D|E|F|G|H|I,1,potenial_homomer
4kkc_E:F|B,AG,B,4FTP,A|A,1,potenial_homomer
4kkc_E:F|B,AG,B,1KPK,A|B,1,potenial_homomer
4kkc_E:F|B,AG,B,1KPK,C|D,2,potenial_homomer
4kkc_E:F|B,AG,B,1KPK,E|F,3,potenial_homomer
6cbv_H:L|B,AG,B,5AWI,A|B,1,potenial_homomer
3rkd_D:C|B,AG,B,3IYO,A|B|D|A|B|D|A|B|D|A|B|D|A|B|D|A|B|D|A|B|D|A|B|D|A|B|D|A|B|D|A|B|D|A|B|D|A|B|D|A|B|D|A|B|D|A|B|D|A|B|D|A|B|D|A|B|D|A|B|D|A|B|D|A|B|D|A|B|D|A|B|D|A|B|D|A|B|D|A|B|D|A|B|D|A|B|D|A|B|D|A|B|D|A|B|D|A|B|D|A|B|D|A|B|D|A|B|D|A|B|D|A|B|D|A|B|D|A|B|D|A|B|D|A|B|D|A|B|D|A|B|D|A|B|D|A|B|D|A|B|D|A|B|D|A|B|D|A|B|D|A|B|D|A|B|D|A|B|D|A|B|D|A|B|D|A|B|D|A|B|D|A|B|D|A|B|D|A|B|D,1,potenial_homomer
3rkd_D:C|B,AG,B,6LAT,A|A|A|A|A|A|A|A|A|A|A|A|A|A|A|A|A|A|A|A|A|A|A|A|A|A|A|A|A|A|A|A|A|A|A|A|A|A|A|A|A|A|A|A|A|A|A|A|A|A|A|A|A|A|A|A|A|A|A|A,1,potenial_homomer
3rkd_D:C|B,AG,B,3GGQ,A|A,1,potenial_homomer
3rkd_D:C|B,AG,B,2ZZQ,A|A|A|A|A|A|A|A|A|A|A|A|A|A|A|A|A|A|A|A|A|A|A|A|A|A|A|A|A|A|A|A|A|A|A|A|A|A|A|A|A|A|A|A|A|A|A|A|A|A|A|A|A|A|A|A|A|A|A|A,1,potenial_homomer
3rkd_D:C|B,AG,B,6LB0,A|A|A|A|A|A|A|A|A|A|A|A|A|A|A|A|A|A|A|A|A|A|A|A|A|A|A|A|A|A|A|A|A|A|A|A|A|A|A|A|A|A|A|A|A|A|A|A|A|A|A|A|A|A|A|A|A|A|A|A,1,potenial_homomer
2h2s_C:D|A,AG,A,4FTP,A|A,1,potenial_homomer
2h2s_C:D|A,AG,A,1KPK,A|B,1,potenial_homomer
2h2s_C:D|A,AG,A,1KPK,C|D,2,potenial_homomer
2h2s_C:D|A,AG,A,1KPK,E|F,3,potenial_homomer
6o3b_B:A|C,AG,C,5WBS,A|B,1,potenial_homomer
6o3b_B:A|C,AG,C,5WBS,C|D,2,potenial_homomer
6o3b_B:A|C,AG,C,5WBS,E|F,3,potenial_homomer
6o3b_B:A|C,AG,C,5WBS,G|H,4,potenial_homomer
6o3b_B:A|C,AG,C,5T44,A|B,2,potenial_homomer
6o3b_B:A|C,AG,C,5URV,A|B,1,potenial_homomer
4bz2_H:L|A,AG,A,3WE1,A|B,1,potenial_homomer
6u02_H:L|A,AG,A,5L18,A|A|A|A,1,potenial_homomer
6u02_H:L|A,AG,A,4MWL,A|A|A|A,1,potenial_homomer
6u02_H:L|A,AG,A,4MWJ,A|A|A|A,1,potenial_homomer
6u02_H:L|A,AG,A,4MWU,A|A|A|A,1,potenial_homomer
6u02_H:L|A,AG,A,6PZD,A|A|A|A,1,potenial_homomer
6iec_H:L|A,AG,A,6F9C,A|C|E|G|I|K,1,potential_complex_homomer
5f3b_E:F|D,AG,D,5NXS,A|B,1,potenial_homomer
5f3b_E:F|D,AG,D,5NTU,A|B,1,potenial_homomer
5f3b_E:F|D,AG,D,5JI1,A|B,1,potenial_homomer
1i9r_K:M|B,AG,B,3LKJ,A|B|C,1,potenial_homomer
1i9r_K:M|B,AG,B,1ALY,A|A|A,1,potenial_homomer
6iw2_Q:R|P,AG,P,6IW4,A|B,1,potenial_homomer
6iw2_Q:R|P,AG,P,6IW1,A|B|C,1,potenial_homomer
6j11_F:G|B,AG,B,6Q04,A|B|C,1,potenial_homomer
4iof_C:D|A,AG,A,4PFC,A|B,1,potenial_homomer
4iof_C:D|A,AG,A,4PF9,A|B,1,potenial_homomer
4iof_C:D|A,AG,A,4PF7,A|B,1,potenial_homomer
6bb4_J:N|R,AG,R,6NWP,A|B|C|D|E|F,1,potenial_homomer
5n09_I:M|B,AG,B,1OKE,A|B,1,potenial_homomer
5n09_I:M|B,AG,B,1OAN,A|B,1,potenial_homomer
5n09_I:M|B,AG,B,1TG8,A|A,1,potenial_homomer
5n09_I:M|B,AG,B,1OK8,A|A|A,1,potenial_homomer
3eff_B:A|M:N,AG,M:N,2QTO,A:A|B:B|C:C|D:D,1,potential_complex_homomer
3eff_B:A|M:N,AG,M:N,3IFX,A:A|B:B|C:C|D:D,1,potential_complex_homomer
3eff_B:A|M:N,AG,M:N,3IFX,A:A|B:B|C:C|D:D|A:A|B:B|C:C|D:D,2,potential_complex_homomer
6h0e_C:D|G,AG,G,6NWP,A|B|C|D|E|F,1,potenial_homomer
6q23_H:L|A,AG,A,3TI4,A|B|A|B,1,potenial_homomer
6q23_H:L|A,AG,A,6G01,A|A|B|B,1,potenial_homomer
6q23_H:L|A,AG,A,6G01,B|B|A|A,2,potenial_homomer
6q23_H:L|A,AG,A,5NZ4,B|B|A|A,1,potenial_homomer
6q23_H:L|A,AG,A,5NZ4,A|A|B|B,2,potenial_homomer
4g6f_H:L|P,AG,P,6E8W,A|B|C,1,potenial_homomer
3uaj_H:L|A,AG,A,5B1C,B|B,1,potenial_homomer
3uaj_H:L|A,AG,A,5B1C,A|C,2,potenial_homomer
3uaj_H:L|A,AG,A,4X42,A|B,1,potenial_homomer
3uaj_H:L|A,AG,A,4X42,C|D,2,potenial_homomer
5uoe_P:Q|C,AG,C,4PFC,A|B,1,potenial_homomer
5uoe_P:Q|C,AG,C,4PF9,A|B,1,potenial_homomer
5uoe_P:Q|C,AG,C,4PF7,A|B,1,potenial_homomer
5b8c_B:A|C,AB,B:A,5DK3,B:A|G:F,1,potenial_homomer
5x8m_B:C|A,AG,A,6NP9,A|A,1,potenial_homomer
5x8m_B:C|A,AG,A,4Z18,A|B,1,potenial_homomer
5x8m_B:C|A,AG,A,5NIU,A|B,1,potenial_homomer
5x8m_B:C|A,AG,A,5NIU,C|D,2,potenial_homomer
1bj1_H:L|W,AG,W,1MKK,A|B,1,potenial_homomer
1bj1_H:L|W,AG,W,4KZN,A|A,1,potenial_homomer
1bj1_H:L|W,AG,W,3QTK,A|D,1,potenial_homomer
1bj1_H:L|W,AG,W,3QTK,B|C,2,potenial_homomer
1bj1_H:L|W,AG,W,3QTK,E|F,3,potenial_homomer
5dum_H:L|A,AG,A,4KWM,A|A|A,1,potential_complex_homomer
5dum_H:L|A,AG,A,4KWM,C|C|C,2,potential_complex_homomer
5dum_H:L|A,AG,A,4KWM,E|E|E,3,potential_complex_homomer
5dum_H:L|A,AG,A,6NTF,A|A|A,1,potenial_homomer
6mco_D:E|B,AG,B,3VTP,C|C|C,1,potential_complex_homomer
6mco_D:E|B,AG,B,3VGX,C|C|C,1,potential_complex_homomer
6mco_D:E|B,AG,B,3UIA,A|B|C,1,potenial_homomer
6mco_D:E|B,AG,B,4HLR,A|A|A,1,potenial_homomer
5w3e_E:G|B:A:C,AG,B:A:C,1RUD,3:1:2|3:1:2|3:1:2|3:1:2|3:1:2|3:1:2|3:1:2|3:1:2|3:1:2|3:1:2|3:1:2|3:1:2|3:1:2|3:1:2|3:1:2|3:1:2|3:1:2|3:1:2|3:1:2|3:1:2|3:1:2|3:1:2|3:1:2|3:1:2|3:1:2|3:1:2|3:1:2|3:1:2|3:1:2|3:1:2|3:1:2|3:1:2|3:1:2|3:1:2|3:1:2|3:1:2|3:1:2|3:1:2|3:1:2|3:1:2|3:1:2|3:1:2|3:1:2|3:1:2|3:1:2|3:1:2|3:1:2|3:1:2|3:1:2|3:1:2|3:1:2|3:1:2|3:1:2|3:1:2|3:1:2|3:1:2|3:1:2|3:1:2|3:1:2|3:1:2,1,potential_complex_homomer
5w3e_E:G|B:A:C,AG,B:A:C,1VRH,3:1:2|3:1:2|3:1:2|3:1:2|3:1:2|3:1:2|3:1:2|3:1:2|3:1:2|3:1:2|3:1:2|3:1:2|3:1:2|3:1:2|3:1:2|3:1:2|3:1:2|3:1:2|3:1:2|3:1:2|3:1:2|3:1:2|3:1:2|3:1:2|3:1:2|3:1:2|3:1:2|3:1:2|3:1:2|3:1:2|3:1:2|3:1:2|3:1:2|3:1:2|3:1:2|3:1:2|3:1:2|3:1:2|3:1:2|3:1:2|3:1:2|3:1:2|3:1:2|3:1:2|3:1:2|3:1:2|3:1:2|3:1:2|3:1:2|3:1:2|3:1:2|3:1:2|3:1:2|3:1:2|3:1:2|3:1:2|3:1:2|3:1:2|3:1:2|3:1:2,1,potential_complex_homomer
5w3e_E:G|B:A:C,AG,B:A:C,1RUE,3:1:2|3:1:2|3:1:2|3:1:2|3:1:2|3:1:2|3:1:2|3:1:2|3:1:2|3:1:2|3:1:2|3:1:2|3:1:2|3:1:2|3:1:2|3:1:2|3:1:2|3:1:2|3:1:2|3:1:2|3:1:2|3:1:2|3:1:2|3:1:2|3:1:2|3:1:2|3:1:2|3:1:2|3:1:2|3:1:2|3:1:2|3:1:2|3:1:2|3:1:2|3:1:2|3:1:2|3:1:2|3:1:2|3:1:2|3:1:2|3:1:2|3:1:2|3:1:2|3:1:2|3:1:2|3:1:2|3:1:2|3:1:2|3:1:2|3:1:2|3:1:2|3:1:2|3:1:2|3:1:2|3:1:2|3:1:2|3:1:2|3:1:2|3:1:2|3:1:2,1,potential_complex_homomer
5w3e_E:G|B:A:C,AG,B:A:C,1RUF,3:1:2|3:1:2|3:1:2|3:1:2|3:1:2|3:1:2|3:1:2|3:1:2|3:1:2|3:1:2|3:1:2|3:1:2|3:1:2|3:1:2|3:1:2|3:1:2|3:1:2|3:1:2|3:1:2|3:1:2|3:1:2|3:1:2|3:1:2|3:1:2|3:1:2|3:1:2|3:1:2|3:1:2|3:1:2|3:1:2|3:1:2|3:1:2|3:1:2|3:1:2|3:1:2|3:1:2|3:1:2|3:1:2|3:1:2|3:1:2|3:1:2|3:1:2|3:1:2|3:1:2|3:1:2|3:1:2|3:1:2|3:1:2|3:1:2|3:1:2|3:1:2|3:1:2|3:1:2|3:1:2|3:1:2|3:1:2|3:1:2|3:1:2|3:1:2|3:1:2,1,potential_complex_homomer
5w3e_E:G|B:A:C,AG,B:A:C,1RUI,3:1:2|3:1:2|3:1:2|3:1:2|3:1:2|3:1:2|3:1:2|3:1:2|3:1:2|3:1:2|3:1:2|3:1:2|3:1:2|3:1:2|3:1:2|3:1:2|3:1:2|3:1:2|3:1:2|3:1:2|3:1:2|3:1:2|3:1:2|3:1:2|3:1:2|3:1:2|3:1:2|3:1:2|3:1:2|3:1:2|3:1:2|3:1:2|3:1:2|3:1:2|3:1:2|3:1:2|3:1:2|3:1:2|3:1:2|3:1:2|3:1:2|3:1:2|3:1:2|3:1:2|3:1:2|3:1:2|3:1:2|3:1:2|3:1:2|3:1:2|3:1:2|3:1:2|3:1:2|3:1:2|3:1:2|3:1:2|3:1:2|3:1:2|3:1:2|3:1:2,1,potential_complex_homomer
6iek_B:C|A,AG,A,6F9C,A|C|E|G|I|K,1,potential_complex_homomer
4idj_H:L|A,AG,A,7AHL,A|B|C|D|E|F|G,1,potenial_homomer
6hxw_C:D|B,AG,B,4H2G,A|A,1,potenial_homomer
6hxw_C:D|B,AG,B,4H2B,A|A,1,potenial_homomer
6hxw_C:D|B,AG,B,4H2F,A|A,1,potenial_homomer
6hxw_C:D|B,AG,B,4H1Y,P|P,1,potenial_homomer
6hxw_C:D|B,AG,B,4H2I,A|A,1,potenial_homomer
6pzz_I:G|C,AG,C,5L18,A|A|A|A,1,potenial_homomer
6pzz_I:G|C,AG,C,4MWL,A|A|A|A,1,potenial_homomer
6pzz_I:G|C,AG,C,4MWJ,A|A|A|A,1,potenial_homomer
6pzz_I:G|C,AG,C,4MWU,A|A|A|A,1,potenial_homomer
6pzz_I:G|C,AG,C,6PZD,A|A|A|A,1,potenial_homomer
6q1z_H:L|A,AG,A,4MWR,A|A|A|A,1,potenial_homomer
6q1z_H:L|A,AG,A,4MWJ,A|A|A|A,1,potenial_homomer
6q1z_H:L|A,AG,A,4MWY,A|A|A|A,1,potenial_homomer
6q1z_H:L|A,AG,A,4MWU,A|A|A|A,1,potenial_homomer
6q1z_H:L|A,AG,A,6PZD,A|A|A|A,1,potenial_homomer
6iw2_E:F|D,AG,D,6IW4,A|B,1,potenial_homomer
6iw2_E:F|D,AG,D,6IW1,A|B|C,1,potenial_homomer
5vl7_H:L|B,AG,B,6U2P,A|B,1,potenial_homomer
5vl7_H:L|B,AG,B,2P4E,P|A,3,potenial_homomer
6fxn_F:G|B,AG,B,1KXG,A|B|C,1,potenial_homomer
6fxn_F:G|B,AG,B,1KXG,D|E|F,2,potenial_homomer
4zyp_K:M|A,AG,A,6OJ7,A|A|A,1,potential_complex_homomer
4zyp_K:M|A,AG,A,4NCU,A|A|A,1,potenial_homomer
4zyp_K:M|A,AG,A,6NTX,A|A|A,1,potential_complex_homomer
4zyp_K:M|A,AG,A,6NTX,B|B|B,2,potential_complex_homomer
4zyp_K:M|A,AG,A,5C69,A|A|A|A|A|A,1,potenial_homomer
5w9n_E:F|D,AG,D,4NCU,A|A|A,1,potenial_homomer
5w9n_E:F|D,AG,D,4NCW,A|B|C,1,potenial_homomer
5t5b_A:B|O,AG,O,3LF6,A|B,1,potenial_homomer
5t5b_A:B|O,AG,O,3T43,A|B,1,potenial_homomer
3bn9_D:C|B,AG,B,4IS5,A|A,2,potenial_homomer
5gzo_H:L|A,AG,A,5LBV,A|B,1,potenial_homomer
5gzo_H:L|A,AG,A,5JHM,A|B,1,potenial_homomer
4rau_Q:P|R,AG,R,1F9Q,A|B|C|D,1,potenial_homomer
4rau_Q:P|R,AG,R,4HSV,A|B|C|D,1,potenial_homomer
4y5x_G:H|I,AG,I,1ERN,A|B,1,potenial_homomer
2nz9_D:C|A,AB,D:C,2GCY,B:A|B:A,2,potenial_homomer
6e4y_H:L|P,AG,P,6U2P,A|B,1,potenial_homomer
6e4y_H:L|P,AG,P,2P4E,P|A,3,potenial_homomer
2xzq_H:L|P,AB,H:L,1OCW,H:L|H:L|H:L|H:L,1,potenial_homomer
4xwo_I:J|G,AG,G,2WOJ,C|D,1,potenial_homomer
4xwo_I:J|G,AG,G,2WOJ,A|B,2,potenial_homomer
4xwo_I:J|G,AG,G,3H84,A|B,1,potenial_homomer
4xwo_I:J|G,AG,G,3H84,A|B|A|B,2,potenial_homomer
4dkf_H:L|A,AG,A,4DKC,A|B,1,potenial_homomer
5t5n_M:L|C,AG,C,6N25,A|B|C|D|E,1,potenial_homomer
5f6j_H:F|E,AG,E,3DNL,A|D|G,1,potential_complex_homomer
5f6j_H:F|E,AG,E,3DNN,A|D|G,1,potential_complex_homomer
6pzw_J:G|B,AG,B,5L18,A|A|A|A,1,potenial_homomer
6pzw_J:G|B,AG,B,4MWL,A|A|A|A,1,potenial_homomer
6pzw_J:G|B,AG,B,4MWJ,A|A|A|A,1,potenial_homomer
6pzw_J:G|B,AG,B,4MWU,A|A|A|A,1,potenial_homomer
6pzw_J:G|B,AG,B,6PZD,A|A|A|A,1,potenial_homomer
6e5p_S:T|C,AB,S:T,6N35,H:L|M:K,1,potenial_homomer
6e5p_S:T|C,AB,S:T,4RBP,H:L|M:K,1,potenial_homomer
5cba_A:B|E,AB,A:B,5C2B,H:H,1,additional_chains
5cba_A:B|E,AG,E,4ZAI,A|A,2,potenial_homomer
2ez0_E:F|B,AG,B,4FTP,A|A,1,potenial_homomer
2ez0_E:F|B,AG,B,1KPK,A|B,1,potenial_homomer
2ez0_E:F|B,AG,B,1KPK,C|D,2,potenial_homomer
2ez0_E:F|B,AG,B,1KPK,E|F,3,potenial_homomer
4fqv_J:N|D:C,AG,D:C,4BSH,B:A|B:A|B:A,1,potenial_homomer
4fqv_J:N|D:C,AG,D:C,4DJ6,B:A|D:C|F:E,1,potenial_homomer
4fqv_J:N|D:C,AG,D:C,4BSG,B:A|B:A|B:A,1,potenial_homomer
5xcs_A:B|C,AB,A:B,4NR2,A:A|B:B,1,potential_complex_homomer
5xcs_A:B|C,AB,A:B,4NR2,C:C|D:D,2,potential_complex_homomer
5xcs_A:B|C,AB,A:B,4NR2,E:E|F:F,3,potential_complex_homomer
5xcs_A:B|C,AB,A:B,4NR2,G:G|H:H,4,potential_complex_homomer
6jfh_K:I|A,AG,A,5LBV,A|B,1,potenial_homomer
6jfh_K:I|A,AG,A,5JHM,A|B,1,potenial_homomer
6feq_D:C|B,AG,B,6HBU,A|B,1,potenial_homomer
6feq_D:C|B,AG,B,6HZM,A|B,1,potenial_homomer
6feq_D:C|B,AG,B,6FFC,A|B,1,potenial_homomer
6cwt_C:D|F,AG,F,5T2P,A|B|C|D|E|F,1,potenial_homomer
4hkx_A:B|E,AG,E,4EDB,A|C|E,1,potential_complex_homomer
5vco_B:A|F,AG,F,2AS8,A|B,1,potenial_homomer
6jep_K:I|F,AG,F,5LBV,A|B,1,potenial_homomer
6jep_K:I|F,AG,F,5JHM,A|B,1,potenial_homomer
3dvg_B:A|Y:X,AG,Y:X,6E2B,A:A|C:C|E:E|G:G|I:I|P:P,1,potential_complex_homomer
4xvu_K:L|G,AG,G,2WOJ,C|D,1,potenial_homomer
4xvu_K:L|G,AG,G,2WOJ,A|B,2,potenial_homomer
4xvu_K:L|G,AG,G,3H84,A|B,1,potenial_homomer
4xvu_K:L|G,AG,G,3H84,A|B|A|B,2,potenial_homomer
2a6i_B:A|P,AB,B:A,2A6J,H:L|B:A,1,potenial_homomer
6n5d_E:F|B,AG,B,6BKQ,A|C|E,1,potenial_homomer
6n5d_E:F|B,AG,B,6BKQ,A|C|E,3,potential_complex_homomer
6n5d_E:F|B,AG,B,6BKM,A|C|E,1,potenial_homomer
6n5d_E:F|B,AG,B,6BKM,A|C|E,3,potential_complex_homomer
4fqr_m:n|M,AG,M,6BKQ,A|C|E,1,potenial_homomer
4fqr_m:n|M,AG,M,6BKQ,A|C|E,3,potential_complex_homomer
4fqr_m:n|M,AG,M,6BKM,A|C|E,1,potenial_homomer
4fqr_m:n|M,AG,M,6BKM,A|C|E,3,potential_complex_homomer
5iq9_A:B|C,AG,C,6E8W,A|B|C,1,potenial_homomer
6n81_H:L|A,AG,A,4OOV,A|B,1,potenial_homomer
6n81_H:L|A,AG,A,4OPV,A|B,1,potenial_homomer
6n81_H:L|A,AG,A,4OPS,A|B,1,potenial_homomer
4rdq_G:F|E,AG,E,6N25,A|B|C|D|E,1,potenial_homomer
6dc9_H:L|P,AG,P,6NWP,A|B|C|D|E|F,1,potenial_homomer
5czx_H:L|A,AG,A,4ZLP,A|B,1,potenial_homomer
5b8c_E:D|F,AB,E:D,5DK3,B:A|G:F,1,potenial_homomer
4ala_H:L|C,AG,C,1UZG,A|B,1,potenial_homomer
3ejy_C:D|A,AG,A,4FTP,A|A,1,potenial_homomer
3ejy_C:D|A,AG,A,1KPK,A|B,1,potenial_homomer
3ejy_C:D|A,AG,A,1KPK,C|D,2,potenial_homomer
3ejy_C:D|A,AG,A,1KPK,E|F,3,potenial_homomer
4ene_C:D|A,AG,A,4FTP,A|A,1,potenial_homomer
4ene_C:D|A,AG,A,1KPK,A|B,1,potenial_homomer
4ene_C:D|A,AG,A,1KPK,C|D,2,potenial_homomer
4ene_C:D|A,AG,A,1KPK,E|F,3,potenial_homomer
4g3y_H:L|C,AG,C,5UUI,A|A|A,1,potenial_homomer
4g3y_H:L|C,AG,C,2AZ5,A|B|C|D,1,potenial_homomer
4g3y_H:L|C,AG,C,4TSV,A|A|A,1,potenial_homomer
3eff_D:C|K:L,AG,K:L,2QTO,A:A|B:B|C:C|D:D,1,potential_complex_homomer
3eff_D:C|K:L,AG,K:L,3IFX,A:A|B:B|C:C|D:D,1,potential_complex_homomer
3eff_D:C|K:L,AG,K:L,3IFX,A:A|B:B|C:C|D:D|A:A|B:B|C:C|D:D,2,potential_complex_homomer
3u30_C:B|A,AG,A,6E2B,A|C|E|G|I|P,1,potenial_homomer
6mdt_D:E|B,AG,B,3VTP,C|C|C,1,potential_complex_homomer
6mdt_D:E|B,AG,B,3VGX,C|C|C,1,potential_complex_homomer
6mdt_D:E|B,AG,B,3UIA,A|B|C,1,potenial_homomer
6mdt_D:E|B,AG,B,4HLR,A|A|A,1,potenial_homomer
5b3j_H:L|D,AG,D,3JPW,A|A,2,potenial_homomer
5b3j_H:L|D,AG,D,3JPY,A|A,2,potenial_homomer
4lvh_H:I|G,AG,G,4EDB,B|D|F,1,potential_complex_homomer
4lvh_H:I|G,AG,G,4EDA,A|B,1,potenial_homomer
4lvh_H:I|G,AG,G,4EDA,C|D,2,potenial_homomer
4lvh_H:I|G,AG,G,6GOL,A|A|A,1,potenial_homomer
5w23_I:M|B,AG,B,5KWW,F|F|F,1,potenial_homomer
5w23_I:M|B,AG,B,6EAK,F|F|F,1,potenial_homomer
5w23_I:M|B,AG,B,6EAM,F|F|F,1,potenial_homomer
5w23_I:M|B,AG,B,6EAI,A|B|C,1,potenial_homomer
5w23_I:M|B,AG,B,6EAL,F|F|F,1,potenial_homomer
2q8a_H:L|A,AG,A,1Z40,A|E,1,potenial_homomer
6niu_F:G|B,AG,B,5JHM,A|B,1,potenial_homomer
5iq7_H:L|P,AG,P,6E8W,A|B|C,1,potenial_homomer
5mp1_H:L|A,AG,A,6NWP,A|B|C|D|E|F,1,potenial_homomer
3eo1_K:J|L,AG,L,1TGJ,A|A,1,potenial_homomer
3eo1_K:J|L,AG,L,1TGK,A|A,1,potenial_homomer
2r9h_C:D|A,AG,A,4FTP,A|A,1,potenial_homomer
2r9h_C:D|A,AG,A,1KPK,A|B,1,potenial_homomer
2r9h_C:D|A,AG,A,1KPK,C|D,2,potenial_homomer
2r9h_C:D|A,AG,A,1KPK,E|F,3,potenial_homomer
5wux_C:D|G,AG,G,5UUI,A|A|A,1,potenial_homomer
5wux_C:D|G,AG,G,2AZ5,A|B|C|D,1,potenial_homomer
5wux_C:D|G,AG,G,4TSV,A|A|A,1,potenial_homomer
2wub_R:Q|C,AG,C,1EPT,A,1,additional_chains
3hae_O:N|J:M,AB,O:N,3GJE,H:L|B:A,1,potenial_homomer
4y5v_D:E|F,AG,F,1ERN,A|B,1,potenial_homomer
6bfq_H:L|K,AG,K,1CSG,A|B,1,potenial_homomer
2otw_D:C|F,AB,D:C,2GSG,B:A|D:C,3,potenial_homomer
6q0o_Z:B|A,AG,A,4EDB,A|C|E,1,potential_complex_homomer
1a2y_B:A|C,AB,B:A,1CIC,D:C,1,additional_chains
6mhg_I:T|E,AG,E,3VDL,A|B|C,4,potenial_homomer
6mhg_I:T|E,AG,E,3VDJ,A|A|A,2,potenial_homomer
6mhg_I:T|E,AG,E,3VDK,A|A|A,2,potenial_homomer
3bae_H:L|A,AG,A,5BUO,A|B,1,potenial_homomer
3bae_H:L|A,AG,A,5OQV,A|B|C|D|E|F|G|H|I,1,potenial_homomer
5xcq_A:B|C,AB,A:B,4NR2,A:A|B:B,1,potential_complex_homomer
5xcq_A:B|C,AB,A:B,4NR2,C:C|D:D,2,potential_complex_homomer
5xcq_A:B|C,AB,A:B,4NR2,E:E|F:F,3,potential_complex_homomer
5xcq_A:B|C,AB,A:B,4NR2,G:G|H:H,4,potential_complex_homomer
4dgi_H:L|A,AG,A,3HEQ,A|B,1,potenial_homomer
4dgi_H:L|A,AG,A,3HER,A|B,1,potenial_homomer
1pkq_B:A|E,AG,E,1PY9,A|A,1,potenial_homomer
4rau_E:D|F,AG,F,1F9Q,A|B|C|D,1,potenial_homomer
4rau_E:D|F,AG,F,4HSV,A|B|C|D,1,potenial_homomer
5vcn_D:C|B,AG,B,2AS8,A|B,1,potenial_homomer
6q23_E:F|C,AG,C,3TI4,A|B|A|B,1,potenial_homomer
6q23_E:F|C,AG,C,6G01,A|A|B|B,1,potenial_homomer
6q23_E:F|C,AG,C,6G01,B|B|A|A,2,potenial_homomer
6q23_E:F|C,AG,C,5NZ4,B|B|A|A,1,potenial_homomer
6q23_E:F|C,AG,C,5NZ4,A|A|B|B,2,potenial_homomer
3o2d_H:L|A,AG,A,3CD4,A|A,1,potenial_homomer
3o2d_H:L|A,AG,A,1CDH,A|A,1,potenial_homomer
5grj_H:L|A,AG,A,5N2F,A|B,1,potenial_homomer
5grj_H:L|A,AG,A,6NP9,A|A,1,potenial_homomer
5grj_H:L|A,AG,A,4Z18,A|B,1,potenial_homomer
6apd_F:G|C,AG,C,6EAD,F|F|F,1,potenial_homomer
6apd_F:G|C,AG,C,6EAE,F|F|F,1,potenial_homomer
4mhh_G:I|C,AG,C,6PD3,A|A|A,1,potenial_homomer
4mhh_G:I|C,AG,C,6CF5,A|C|E,1,potential_complex_homomer
4mhh_G:I|C,AG,C,6PCX,A|A|A,1,potenial_homomer
5igx_H:L|G,AG,G,3DNL,A|D|G,1,potential_complex_homomer
1g7m_B:A|C,AB,B:A,1CIC,D:C,1,additional_chains
5wk3_W:V|D,AG,D,1NR4,A|B,1,potenial_homomer
5wk3_W:V|D,AG,D,1NR4,C|D,2,potenial_homomer
5wk3_W:V|D,AG,D,1NR4,E|F,3,potenial_homomer
5wk3_W:V|D,AG,D,1NR4,G|H,4,potenial_homomer
5wk3_W:V|D,AG,D,1NR4,A|B|C|D|E|F|G|H,5,potenial_homomer
2oqj_H:G|I,AB,H:G,6N35,H:L|M:K,1,potenial_homomer
2oqj_H:G|I,AB,H:G,4RBP,H:L|M:K,1,potenial_homomer
3u30_F:E|D,AG,D,6E2B,A|C|E|G|I|P,1,potenial_homomer
1ncd_H:L|N,AG,N,6D3B,A|A|A|A,1,potenial_homomer
1ncd_H:L|N,AG,N,6HFC,A|A|A|A,1,potenial_homomer
1ncd_H:L|N,AG,N,1F8E,A|A|A|A,1,potenial_homomer
1ncd_H:L|N,AG,N,6HG0,A|A|A|A,1,potenial_homomer
1ncd_H:L|N,AG,N,6HCX,A|A|A|A,1,potenial_homomer
3j3o_HL1,AG,1,1PO2,1|1|1|1|1|1|1|1|1|1|1|1|1|1|1|1|1|1|1|1|1|1|1|1|1|1|1|1|1|1|1|1|1|1|1|1|1|1|1|1|1|1|1|1|1|1|1|1|1|1|1|1|1|1|1|1|1|1|1|1,1,potential_complex_homomer
3j3o_HL1,AG,1,1VBD,1|1|1|1|1|1|1|1|1|1|1|1|1|1|1|1|1|1|1|1|1|1|1|1|1|1|1|1|1|1|1|1|1|1|1|1|1|1|1|1|1|1|1|1|1|1|1|1|1|1|1|1|1|1|1|1|1|1|1|1,1,potential_complex_homomer
3j3o_HL1,AG,1,1POV,1|1|1|1|1|1|1|1|1|1|1|1|1|1|1|1|1|1|1|1|1|1|1|1|1|1|1|1|1|1|1|1|1|1|1|1|1|1|1|1|1|1|1|1|1|1|1|1|1|1|1|1|1|1|1|1|1|1|1|1,1,potential_complex_homomer
3j3o_HL1,AG,1,1AL2,1|1|1|1|1|1|1|1|1|1|1|1|1|1|1|1|1|1|1|1|1|1|1|1|1|1|1|1|1|1|1|1|1|1|1|1|1|1|1|1|1|1|1|1|1|1|1|1|1|1|1|1|1|1|1|1|1|1|1|1,1,potential_complex_homomer
3j3o_HL1,AG,1,1AR6,1|1|1|1|1|1|1|1|1|1|1|1|1|1|1|1|1|1|1|1|1|1|1|1|1|1|1|1|1|1|1|1|1|1|1|1|1|1|1|1|1|1|1|1|1|1|1|1|1|1|1|1|1|1|1|1|1|1|1|1,1,potential_complex_homomer
6fy1_H:L|G,AG,G,4Q0C,A|B,1,potenial_homomer
6fy1_H:L|G,AG,G,4Q0C,C|D,2,potenial_homomer
3jba_H:L|A,AG,A,1DZL,A|A|A|A|A|A|A|A|A|A|A|A|A|A|A|A|A|A|A|A|A|A|A|A|A|A|A|A|A|A|A|A|A|A|A|A|A|A|A|A|A|A|A|A|A|A|A|A|A|A|A|A|A|A|A|A|A|A|A|A,1,potenial_homomer
3jba_H:L|A,AG,A,5KEP,A|B|C|D|E|F|A|B|C|D|E|F|A|B|C|D|E|F|A|B|C|D|E|F|A|B|C|D|E|F|A|B|C|D|E|F|A|B|C|D|E|F|A|B|C|D|E|F|A|B|C|D|E|F|A|B|C|D|E|F|A|B|C|D|E|F|A|B|C|D|E|F|A|B|C|D|E|F|A|B|C|D|E|F|A|B|C|D|E|F|A|B|C|D|E|F|A|B|C|D|E|F|A|B|C|D|E|F|A|B|C|D|E|F|A|B|C|D|E|F|A|B|C|D|E|F|A|B|C|D|E|F|A|B|C|D|E|F|A|B|C|D|E|F|A|B|C|D|E|F|A|B|C|D|E|F|A|B|C|D|E|F|A|B|C|D|E|F|A|B|C|D|E|F|A|B|C|D|E|F|A|B|C|D|E|F|A|B|C|D|E|F|A|B|C|D|E|F|A|B|C|D|E|F|A|B|C|D|E|F|A|B|C|D|E|F|A|B|C|D|E|F|A|B|C|D|E|F|A|B|C|D|E|F|A|B|C|D|E|F|A|B|C|D|E|F|A|B|C|D|E|F|A|B|C|D|E|F|A|B|C|D|E|F|A|B|C|D|E|F|A|B|C|D|E|F|A|B|C|D|E|F|A|B|C|D|E|F|A|B|C|D|E|F|A|B|C|D|E|F|A|B|C|D|E|F|A|B|C|D|E|F|A|B|C|D|E|F|A|B|C|D|E|F|A|B|C|D|E|F|A|B|C|D|E|F|A|B|C|D|E|F|A|B|C|D|E|F|A|B|C|D|E|F|A|B|C|D|E|F,1,potenial_homomer
4nhh_O:Q|C,AG,C,5HSF,A|B,1,potenial_homomer
6mlm_E:I|A,AG,A,3M5G,A|C|E,1,potential_complex_homomer
6mlm_E:I|A,AG,A,3M5J,A|C|E,1,potential_complex_homomer
4o9h_H:L|A,AG,A,1ALU,A|A,1,potenial_homomer
4o9h_H:L|A,AG,A,1ALU,A|A,2,potenial_homomer
6bft_A:B|G,AG,G,1MKK,A|B,1,potenial_homomer
6bft_A:B|G,AG,G,4KZN,A|A,1,potenial_homomer
6bft_A:B|G,AG,G,3QTK,A|D,1,potenial_homomer
6bft_A:B|G,AG,G,3QTK,B|C,2,potenial_homomer
6bft_A:B|G,AG,G,3QTK,E|F,3,potenial_homomer
1fpt_H:L|P,AG,P,1ASJ,1|1|1|1|1|1|1|1|1|1|1|1|1|1|1|1|1|1|1|1|1|1|1|1|1|1|1|1|1|1|1|1|1|1|1|1|1|1|1|1|1|1|1|1|1|1|1|1|1|1|1|1|1|1|1|1|1|1|1|1,1,potential_complex_homomer
1fpt_H:L|P,AG,P,1PO2,1|1|1|1|1|1|1|1|1|1|1|1|1|1|1|1|1|1|1|1|1|1|1|1|1|1|1|1|1|1|1|1|1|1|1|1|1|1|1|1|1|1|1|1|1|1|1|1|1|1|1|1|1|1|1|1|1|1|1|1,1,potential_complex_homomer
1fpt_H:L|P,AG,P,1VBD,1|1|1|1|1|1|1|1|1|1|1|1|1|1|1|1|1|1|1|1|1|1|1|1|1|1|1|1|1|1|1|1|1|1|1|1|1|1|1|1|1|1|1|1|1|1|1|1|1|1|1|1|1|1|1|1|1|1|1|1,1,potential_complex_homomer
1fpt_H:L|P,AG,P,1POV,1|1|1|1|1|1|1|1|1|1|1|1|1|1|1|1|1|1|1|1|1|1|1|1|1|1|1|1|1|1|1|1|1|1|1|1|1|1|1|1|1|1|1|1|1|1|1|1|1|1|1|1|1|1|1|1|1|1|1|1,1,potential_complex_homomer
1fpt_H:L|P,AG,P,1AL2,1|1|1|1|1|1|1|1|1|1|1|1|1|1|1|1|1|1|1|1|1|1|1|1|1|1|1|1|1|1|1|1|1|1|1|1|1|1|1|1|1|1|1|1|1|1|1|1|1|1|1|1|1|1|1|1|1|1|1|1,1,potential_complex_homomer
4u6v_K:M|B,AG,B,7AHL,A|B|C|D|E|F|G,1,potenial_homomer
3eo1_E:D|F,AG,F,1TGJ,A|A,1,potenial_homomer
3eo1_E:D|F,AG,F,1TGK,A|A,1,potenial_homomer
2h2p_C:D|A,AG,A,4FTP,A|A,1,potenial_homomer
2h2p_C:D|A,AG,A,1KPK,A|B,1,potenial_homomer
2h2p_C:D|A,AG,A,1KPK,C|D,2,potenial_homomer
2h2p_C:D|A,AG,A,1KPK,E|F,3,potenial_homomer
2jix_F:A|C:B,AG,C:B,1ERN,A:A|B:B,1,potential_complex_homomer
4plj_H:L|A,AG,A,3HAG,A|A|A|A|A|A|A|A|A|A|A|A|A|A|A|A|A|A|A|A|A|A|A|A|A|A|A|A|A|A|A|A|A|A|A|A|A|A|A|A|A|A|A|A|A|A|A|A|A|A|A|A|A|A|A|A|A|A|A|A,1,potenial_homomer
4plj_H:L|A,AG,A,3RKC,A|B,1,potenial_homomer
4kk6_E:F|B,AG,B,4FTP,A|A,1,potenial_homomer
4kk6_E:F|B,AG,B,1KPK,A|B,1,potenial_homomer
4kk6_E:F|B,AG,B,1KPK,C|D,2,potenial_homomer
4kk6_E:F|B,AG,B,1KPK,E|F,3,potenial_homomer
6e1k_F:E|A,AG,A,5DQQ,A|A,1,potenial_homomer
6e1k_F:E|A,AG,A,6CX0,A|A,1,potenial_homomer
6e1k_F:E|A,AG,A,5TUA,A|A,1,potenial_homomer
6e1k_F:E|A,AG,A,6E1M,A|B,1,potenial_homomer
5fec_H:L|I,AG,I,3DNL,A|D|G,1,potential_complex_homomer
4kjw_C:D|A,AG,A,4FTP,A|A,1,potenial_homomer
4kjw_C:D|A,AG,A,1KPK,A|B,1,potenial_homomer
4kjw_C:D|A,AG,A,1KPK,C|D,2,potenial_homomer
4kjw_C:D|A,AG,A,1KPK,E|F,3,potenial_homomer
4fqi_H:L|B:A,AG,B:A,6PD3,A:A|A:A|A:A,1,potential_complex_homomer
4fqi_H:L|B:A,AG,B:A,6CF5,B:A|D:C|F:E,1,potenial_homomer
4fqi_H:L|B:A,AG,B:A,6PCX,A:A|A:A|A:A,1,potential_complex_homomer
5vjo_A:B|E,AG,E,1IAK,P,1,additional_chains
4gxu_S:T|G,AG,G,4JUG,A|C|E,1,potential_complex_homomer
4gxu_S:T|G,AG,G,4JUG,G|I|K,2,potential_complex_homomer
5w6d_H:L|G,AG,G,3DNL,C|F|I,1,potential_complex_homomer
5w6d_H:L|G,AG,G,3DNO,C|F|I,1,potential_complex_homomer
5hhx_H:L|A,AG,A,4HR9,A|B,1,potenial_homomer
5w3o_D:E|B:A:C,AG,B:A:C,1RUD,3:1:2|3:1:2|3:1:2|3:1:2|3:1:2|3:1:2|3:1:2|3:1:2|3:1:2|3:1:2|3:1:2|3:1:2|3:1:2|3:1:2|3:1:2|3:1:2|3:1:2|3:1:2|3:1:2|3:1:2|3:1:2|3:1:2|3:1:2|3:1:2|3:1:2|3:1:2|3:1:2|3:1:2|3:1:2|3:1:2|3:1:2|3:1:2|3:1:2|3:1:2|3:1:2|3:1:2|3:1:2|3:1:2|3:1:2|3:1:2|3:1:2|3:1:2|3:1:2|3:1:2|3:1:2|3:1:2|3:1:2|3:1:2|3:1:2|3:1:2|3:1:2|3:1:2|3:1:2|3:1:2|3:1:2|3:1:2|3:1:2|3:1:2|3:1:2|3:1:2,1,potential_complex_homomer
5w3o_D:E|B:A:C,AG,B:A:C,1VRH,3:1:2|3:1:2|3:1:2|3:1:2|3:1:2|3:1:2|3:1:2|3:1:2|3:1:2|3:1:2|3:1:2|3:1:2|3:1:2|3:1:2|3:1:2|3:1:2|3:1:2|3:1:2|3:1:2|3:1:2|3:1:2|3:1:2|3:1:2|3:1:2|3:1:2|3:1:2|3:1:2|3:1:2|3:1:2|3:1:2|3:1:2|3:1:2|3:1:2|3:1:2|3:1:2|3:1:2|3:1:2|3:1:2|3:1:2|3:1:2|3:1:2|3:1:2|3:1:2|3:1:2|3:1:2|3:1:2|3:1:2|3:1:2|3:1:2|3:1:2|3:1:2|3:1:2|3:1:2|3:1:2|3:1:2|3:1:2|3:1:2|3:1:2|3:1:2|3:1:2,1,potential_complex_homomer
5w3o_D:E|B:A:C,AG,B:A:C,1RUE,3:1:2|3:1:2|3:1:2|3:1:2|3:1:2|3:1:2|3:1:2|3:1:2|3:1:2|3:1:2|3:1:2|3:1:2|3:1:2|3:1:2|3:1:2|3:1:2|3:1:2|3:1:2|3:1:2|3:1:2|3:1:2|3:1:2|3:1:2|3:1:2|3:1:2|3:1:2|3:1:2|3:1:2|3:1:2|3:1:2|3:1:2|3:1:2|3:1:2|3:1:2|3:1:2|3:1:2|3:1:2|3:1:2|3:1:2|3:1:2|3:1:2|3:1:2|3:1:2|3:1:2|3:1:2|3:1:2|3:1:2|3:1:2|3:1:2|3:1:2|3:1:2|3:1:2|3:1:2|3:1:2|3:1:2|3:1:2|3:1:2|3:1:2|3:1:2|3:1:2,1,potential_complex_homomer
5w3o_D:E|B:A:C,AG,B:A:C,1RUF,3:1:2|3:1:2|3:1:2|3:1:2|3:1:2|3:1:2|3:1:2|3:1:2|3:1:2|3:1:2|3:1:2|3:1:2|3:1:2|3:1:2|3:1:2|3:1:2|3:1:2|3:1:2|3:1:2|3:1:2|3:1:2|3:1:2|3:1:2|3:1:2|3:1:2|3:1:2|3:1:2|3:1:2|3:1:2|3:1:2|3:1:2|3:1:2|3:1:2|3:1:2|3:1:2|3:1:2|3:1:2|3:1:2|3:1:2|3:1:2|3:1:2|3:1:2|3:1:2|3:1:2|3:1:2|3:1:2|3:1:2|3:1:2|3:1:2|3:1:2|3:1:2|3:1:2|3:1:2|3:1:2|3:1:2|3:1:2|3:1:2|3:1:2|3:1:2|3:1:2,1,potential_complex_homomer
5w3o_D:E|B:A:C,AG,B:A:C,1RUI,3:1:2|3:1:2|3:1:2|3:1:2|3:1:2|3:1:2|3:1:2|3:1:2|3:1:2|3:1:2|3:1:2|3:1:2|3:1:2|3:1:2|3:1:2|3:1:2|3:1:2|3:1:2|3:1:2|3:1:2|3:1:2|3:1:2|3:1:2|3:1:2|3:1:2|3:1:2|3:1:2|3:1:2|3:1:2|3:1:2|3:1:2|3:1:2|3:1:2|3:1:2|3:1:2|3:1:2|3:1:2|3:1:2|3:1:2|3:1:2|3:1:2|3:1:2|3:1:2|3:1:2|3:1:2|3:1:2|3:1:2|3:1:2|3:1:2|3:1:2|3:1:2|3:1:2|3:1:2|3:1:2|3:1:2|3:1:2|3:1:2|3:1:2|3:1:2|3:1:2,1,potential_complex_homomer
6iec_C:D|B,AG,B,6F9C,A|C|E|G|I|K,1,potential_complex_homomer
4uih_D:E|A,AG,A,1OKE,A|B,1,potenial_homomer
4uih_D:E|A,AG,A,1OAN,A|B,1,potenial_homomer
4uih_D:E|A,AG,A,1TG8,A|A,1,potenial_homomer
4uih_D:E|A,AG,A,1OK8,A|A|A,1,potenial_homomer
5c0n_C:D|B,AG,B,1ADL,A|A,1,potenial_homomer
5c0n_C:D|B,AG,B,1LIE,A|A,1,potenial_homomer
5c0n_C:D|B,AG,B,1LID,A|A,1,potenial_homomer
5c0n_C:D|B,AG,B,1LIF,A|A,1,potenial_homomer
1g7h_B:A|C,AB,B:A,1CIC,D:C,1,additional_chains
1r3l_B:A|C,AG,C,2QTO,A|B|C|D,1,potenial_homomer
1r3l_B:A|C,AG,C,3IFX,A|B|C|D,1,potenial_homomer
1r3l_B:A|C,AG,C,3IFX,A|B|C|D|A|B|C|D,2,potenial_homomer
3ab0_B:C|A,AG,A,3TYJ,A|A|A,1,potenial_homomer
3ab0_B:C|A,AG,A,2R6Q,A|A|A,1,potenial_homomer
3ab0_B:C|A,AG,A,2Z5W,A|A|A,1,potenial_homomer
3ab0_B:C|A,AG,A,1WCK,A|A|A,1,potenial_homomer
5kem_D:E|A,AG,A,6G95,A|A|A,1,potential_complex_homomer
5kem_D:E|A,AG,A,6G9I,A|A|A,1,potential_complex_homomer
6ii9_P:Q|E,AG,E,4LN6,A|C|E,1,potential_complex_homomer
6ii9_P:Q|E,AG,E,4LN6,A,2,additional_chains
6ii9_P:Q|E,AG,E,4LN6,C,3,additional_chains
6ii9_P:Q|E,AG,E,4LN6,E,4,additional_chains
6ii9_P:Q|E,AG,E,4LN6,G|I|K,5,potential_complex_homomer
6ii9_P:Q|E,AG,E,4LN6,G,6,additional_chains
6ii9_P:Q|E,AG,E,4LN6,I,7,additional_chains
6ii9_P:Q|E,AG,E,4LN6,K,8,additional_chains
6ii9_P:Q|E,AG,E,4BSG,A|A|A,1,potential_complex_homomer
6n5d_C:D|A,AG,A,6BKQ,A|C|E,1,potenial_homomer
6n5d_C:D|A,AG,A,6BKQ,A|C|E,3,potential_complex_homomer
6n5d_C:D|A,AG,A,6BKM,A|C|E,1,potenial_homomer
6n5d_C:D|A,AG,A,6BKM,A|C|E,3,potential_complex_homomer
4dqo_H:L|C,AG,C,4Q0C,A|B,1,potenial_homomer
4dqo_H:L|C,AG,C,4Q0C,C|D,2,potenial_homomer
6nfu_A:B|C,AG,C,2QTO,A|B|C|D,1,potenial_homomer
6nfu_A:B|C,AG,C,3IFX,A|B|C|D,1,potenial_homomer
6nfu_A:B|C,AG,C,3IFX,A|B|C|D|A|B|C|D,2,potenial_homomer
6ce0_D:E|B,AG,B,3U91,A|A|A,1,potenial_homomer
6ce0_D:E|B,AG,B,4HLR,A|A|A,1,potenial_homomer
6hxw_H:L|A,AG,A,4H2G,A|A,1,potenial_homomer
6hxw_H:L|A,AG,A,4H2B,A|A,1,potenial_homomer
6hxw_H:L|A,AG,A,4H2F,A|A,1,potenial_homomer
6hxw_H:L|A,AG,A,6TVE,P|P,1,potenial_homomer
6hxw_H:L|A,AG,A,4H1Y,P|P,1,potenial_homomer
2bob_A:B|C,AG,C,2QTO,A|B|C|D,1,potenial_homomer
2bob_A:B|C,AG,C,3IFX,A|B|C|D,1,potenial_homomer
2bob_A:B|C,AG,C,3IFX,A|B|C|D|A|B|C|D,2,potenial_homomer
6r8x_C:B|A,AG,A,4CRE,A|A|A,1,potenial_homomer
6dcw_H:L|T,AG,T,6NWP,A|B|C|D|E|F,1,potenial_homomer
5yoy_H:E|C,AG,C,5UUI,A|A|A,1,potenial_homomer
5yoy_H:E|C,AG,C,2AZ5,A|B|C|D,1,potenial_homomer
5yoy_H:E|C,AG,C,4TSV,A|A|A,1,potenial_homomer
2qr0_L:K|I,AG,I,1MKK,A|B,1,potenial_homomer
2qr0_L:K|I,AG,I,4KZN,A|A,1,potenial_homomer
2qr0_L:K|I,AG,I,3QTK,A|D,1,potenial_homomer
2qr0_L:K|I,AG,I,3QTK,B|C,2,potenial_homomer
2qr0_L:K|I,AG,I,3QTK,E|F,3,potenial_homomer
6pzf_H:L|A,AG,A,4MWR,A|A|A|A,1,potenial_homomer
6pzf_H:L|A,AG,A,4MWJ,A|A|A|A,1,potenial_homomer
6pzf_H:L|A,AG,A,4MWY,A|A|A|A,1,potenial_homomer
6pzf_H:L|A,AG,A,4MWU,A|A|A|A,1,potenial_homomer
6pzf_H:L|A,AG,A,6PZD,A|A|A|A,1,potenial_homomer
4zto_H:L|P,AG,P,3TGQ,A|C,5,potenial_homomer
4zto_H:L|P,AG,P,3TGQ,B|D,6,potenial_homomer
2qad_D:C|A,AG,A,3DNL,A|C|D|F|G|I,1,potential_complex_homomer
6e5p_H:L|A,AB,H:L,6N35,H:L|M:K,1,potenial_homomer
6e5p_H:L|A,AB,H:L,4RBP,H:L|M:K,1,potenial_homomer
5hi5_C:D|A,AG,A,4HR9,A|B,1,potenial_homomer
1t03_H:L|B,AG,B,6ECL,A|B,1,potenial_homomer
2fjh_B:A|W,AG,W,1MKK,A|B,1,potenial_homomer
2fjh_B:A|W,AG,W,4KZN,A|A,1,potenial_homomer
2fjh_B:A|W,AG,W,3QTK,A|D,1,potenial_homomer
2fjh_B:A|W,AG,W,3QTK,B|C,2,potenial_homomer
2fjh_B:A|W,AG,W,3QTK,E|F,3,potenial_homomer
4am0_H:L|R,AG,R,3WE1,A|B,1,potenial_homomer
4kk9_C:D|A,AG,A,4FTP,A|A,1,potenial_homomer
4kk9_C:D|A,AG,A,1KPK,A|B,1,potenial_homomer
4kk9_C:D|A,AG,A,1KPK,C|D,2,potenial_homomer
4kk9_C:D|A,AG,A,1KPK,E|F,3,potenial_homomer
5w08_O:P|E,AG,E,4WE8,A|A|A,1,potenial_homomer
5w08_O:P|E,AG,E,4WEA,A|A|A,1,potenial_homomer
5w08_O:P|E,AG,E,4WE9,A|A|A,1,potenial_homomer
6ewb_J:K|D,AG,D,5J35,A|B,1,potenial_homomer
6ewb_J:K|D,AG,D,5KON,A|B,1,potenial_homomer
6ewb_J:K|D,AG,D,5J3O,A|B,1,potenial_homomer
4dke_I:M|B,AG,B,4DKC,A|B,1,potenial_homomer
3ld8_C:B|A,AG,A,3K2O,A|B,1,potenial_homomer
3ld8_C:B|A,AG,A,6GDY,A|B,1,potenial_homomer
4jan_H:L|G,AG,G,3DNL,A|C|D|F|G|I,1,potential_complex_homomer
6dc5_E:F|D,AG,D,5KWW,F|F|F,1,potenial_homomer
6dc5_E:F|D,AG,D,6EAK,F|F|F,1,potenial_homomer
6dc5_E:F|D,AG,D,6EAM,F|F|F,1,potenial_homomer
6dc5_E:F|D,AG,D,6EAI,A|B|C,1,potenial_homomer
6dc5_E:F|D,AG,D,6EAL,F|F|F,1,potenial_homomer
5d71_H:L|A,AG,A,1CSG,A|B,1,potenial_homomer
4f15_E:F|D,AG,D,6GOL,A|A|A,1,potenial_homomer
5bk2_C:D|B,AG,B,6LES,A|B,1,potenial_homomer
5bk2_C:D|B,AG,B,6LES,X|Y,2,potenial_homomer
2itc_A:B|C,AG,C,2QTO,A|B|C|D,1,potenial_homomer
2itc_A:B|C,AG,C,3IFX,A|B|C|D,1,potenial_homomer
2itc_A:B|C,AG,C,3IFX,A|B|C|D|A|B|C|D,2,potenial_homomer
6jfi_K:I|A,AG,A,5LBV,A|B,1,potenial_homomer
6jfi_K:I|A,AG,A,5JHM,A|B,1,potenial_homomer
6fy1_Y:Z|X,AG,X,4Q0C,A|B,1,potenial_homomer
6fy1_Y:Z|X,AG,X,4Q0C,C|D,2,potenial_homomer
2vwe_L:J|B,AG,B,2C7W,A|B,1,potenial_homomer
5czx_C:D|B,AG,B,4ZLP,A|B,1,potenial_homomer
5t5n_O:N|D,AG,D,6N25,A|B|C|D|E,1,potenial_homomer
6pze_H:L|A,AG,A,4MWL,A|A|A|A,1,potenial_homomer
6pze_H:L|A,AG,A,4MWY,A|A|A|A,1,potenial_homomer
6pze_H:L|A,AG,A,4MWX,A|A|A|A,1,potenial_homomer
6pze_H:L|A,AG,A,4MWU,A|A|A|A,1,potenial_homomer
6pze_H:L|A,AG,A,6PZD,A|A|A|A,1,potenial_homomer
2fee_J:O|A,AG,A,4FTP,A|A,1,potenial_homomer
2fee_J:O|A,AG,A,1KPK,A|B,1,potenial_homomer
2fee_J:O|A,AG,A,1KPK,C|D,2,potenial_homomer
2fee_J:O|A,AG,A,1KPK,E|F,3,potenial_homomer
5anm_D:C|E,AG,E,2WQR,A|B,1,potenial_homomer
5anm_D:C|E,AG,E,1FP5,A|A,1,potenial_homomer
5anm_D:C|E,AG,E,5MOL,A|B,1,potenial_homomer
5k9o_A:B|F,AG,F,4EDB,B|D|F,1,potential_complex_homomer
5k9o_A:B|F,AG,F,4JUG,B|D|F,1,potential_complex_homomer
5k9o_A:B|F,AG,F,4JUG,H|J|L,2,potential_complex_homomer
5k9o_A:B|F,AG,F,6GOL,A|A|A,1,potenial_homomer
3zkn_H:L|A,AG,A,2EWY,A|B,5,potenial_homomer
3zkn_H:L|A,AG,A,2EWY,C|D,6,potenial_homomer
4hg4_N:O|C,AG,C,3QQE,A|A|A,1,potential_complex_homomer
4hg4_N:O|C,AG,C,2WR7,A|B|C,1,potenial_homomer
4hg4_N:O|C,AG,C,3QQB,A|A|A,1,potential_complex_homomer
6c9u_H:L|A,AG,A,2QO3,A|B,1,potenial_homomer
6jfi_H:L|E,AG,E,5LBV,A|B,1,potenial_homomer
6jfi_H:L|E,AG,E,5JHM,A|B,1,potenial_homomer
6d0u_C:D|B,AG,B,6BKQ,A|C|E,1,potenial_homomer
6d0u_C:D|B,AG,B,6BKQ,A|C|E,3,potential_complex_homomer
6d0u_C:D|B,AG,B,6BKM,A|C|E,1,potenial_homomer
6d0u_C:D|B,AG,B,6BKM,A|C|E,3,potential_complex_homomer
4qhu_H:L|C,AG,C,4HR9,A|B,1,potenial_homomer
5vig_H:L|Z,AG,Z,5LBV,A|B,1,potenial_homomer
5vig_H:L|Z,AG,Z,5JHM,A|B,1,potenial_homomer
6sne_B:A|O,AG,O,3GWO,A|B,1,potenial_homomer
6sne_B:A|O,AG,O,2X7R,C,1,additional_chains
6sne_B:A|O,AG,O,2X7R,E,2,additional_chains
6sne_B:A|O,AG,O,2X7R,B,3,additional_chains
6sne_B:A|O,AG,O,3H01,A|B,1,potenial_homomer
4ckd_J:N|A,AG,A,4TTG,A|B|C|D,1,potenial_homomer
4ckd_J:N|A,AG,A,4TTG,B|C,2,potenial_homomer
4ckd_J:N|A,AG,A,3T09,A|B|C|D,1,potenial_homomer
4d3c_H:L|A,AG,A,3SP8,A|B,1,potenial_homomer
4d3c_H:L|A,AG,A,2QJ2,A|B,1,potenial_homomer
4rau_H:G|I,AG,I,1F9Q,A|B|C|D,1,potenial_homomer
4rau_H:G|I,AG,I,4HSV,A|B|C|D,1,potenial_homomer
4py8_I:J|B:A,AG,B:A,4JUG,B:A|D:C|F:E,1,potenial_homomer
4py8_I:J|B:A,AG,B:A,4JUG,H:G|J:I|L:K,2,potenial_homomer
3ifn_H:L|P,AG,P,6OIZ,A|A|A|A|A,1,potenial_homomer
3ifn_H:L|P,AG,P,5BUO,A|B,1,potenial_homomer
3ifn_H:L|P,AG,P,6NB9,A|A|A|A|A|A|A|A|A|A,1,potenial_homomer
3ifn_H:L|P,AG,P,5OQV,A|B|C|D|E|F|G|H|I,1,potenial_homomer
5xxy_H:L|A,AG,A,5N2F,A|B,1,potenial_homomer
5xxy_H:L|A,AG,A,6NP9,A|A,1,potenial_homomer
5xxy_H:L|A,AG,A,4Z18,A|B,1,potenial_homomer
6jfh_M:N|C,AG,C,5LBV,A|B,1,potenial_homomer
6jfh_M:N|C,AG,C,5JHM,A|B,1,potenial_homomer
2otu_B:A|P,AB,B:A,2GSG,B:A|D:C,3,potenial_homomer
5dhy_H:L|M,AG,M,3LPH,A|B,1,potenial_homomer
5dhy_H:L|M,AG,M,3LPH,C|D,2,potenial_homomer
5dhy_H:L|M,AG,M,6BSY,A|B,1,potenial_homomer
1r0a_H:L|B,AG,B,6ECL,A|B,1,potenial_homomer
5ken_Q:P|K,AG,K,6G95,A|A|A,1,potential_complex_homomer
5ken_Q:P|K,AG,K,6G9I,A|A|A,1,potential_complex_homomer
5vkd_H:L|A,AG,A,5DSD,A|A,2,potenial_homomer
5vkd_H:L|A,AG,A,5DSD,A|A,3,potenial_homomer
6k5i_C:D|A,AG,A,4FTP,A|A,1,potenial_homomer
6k5i_C:D|A,AG,A,1KPK,A|B,1,potenial_homomer
6k5i_C:D|A,AG,A,1KPK,C|D,2,potenial_homomer
6k5i_C:D|A,AG,A,1KPK,E|F,3,potenial_homomer
5njg_C:D|B,AG,B,6HBU,A|B,1,potenial_homomer
5njg_C:D|B,AG,B,6HIJ,A|B,1,potenial_homomer
5njg_C:D|B,AG,B,6HZM,A|B,1,potenial_homomer
5y0a_F:G|B,AG,B,5LBV,A|B,1,potenial_homomer
5y0a_F:G|B,AG,B,5JHM,A|B,1,potenial_homomer
6b7z_C:D|A,AG,A,4PFC,A|B,1,potenial_homomer
6b7z_C:D|A,AG,A,4PF9,A|B,1,potenial_homomer
6b7z_C:D|A,AG,A,4PF7,A|B,1,potenial_homomer
2exw_E:F|B,AG,B,4FTP,A|A,1,potenial_homomer
2exw_E:F|B,AG,B,1KPK,A|B,1,potenial_homomer
2exw_E:F|B,AG,B,1KPK,C|D,2,potenial_homomer
2exw_E:F|B,AG,B,1KPK,E|F,3,potenial_homomer
6ad8_C:D|A,AG,A,4FTP,A|A,1,potenial_homomer
6ad8_C:D|A,AG,A,1KPK,A|B,1,potenial_homomer
6ad8_C:D|A,AG,A,1KPK,C|D,2,potenial_homomer
6ad8_C:D|A,AG,A,1KPK,E|F,3,potenial_homomer
2hvk_A:B|C,AG,C,2QTO,A|B|C|D,1,potenial_homomer
2hvk_A:B|C,AG,C,3IFX,A|B|C|D,1,potenial_homomer
2hvk_A:B|C,AG,C,3IFX,A|B|C|D|A|B|C|D,2,potenial_homomer
1r3k_B:A|C,AG,C,2QTO,A|B|C|D,1,potenial_homomer
1r3k_B:A|C,AG,C,3IFX,A|B|C|D,1,potenial_homomer
1r3k_B:A|C,AG,C,3IFX,A|B|C|D|A|B|C|D,2,potenial_homomer
3whe_12H,AG,H,6BKO,B|B|B,2,potenial_homomer
3whe_12H,AG,H,6BKO,B|B|B,3,potential_complex_homomer
3whe_12H,AG,H,6GOL,A|A|A,1,potenial_homomer
3whe_12H,AG,H,6BKS,B|B|B,2,potenial_homomer
3whe_12H,AG,H,6BKS,B|B|B,3,potential_complex_homomer
3whe_12H,AG,H,6BKN,B|B|B,2,potenial_homomer
3whe_12H,AG,H,6BKN,B|B|B,3,potential_complex_homomer
3whe_12H,AG,H,6BKT,B|B|B,2,potenial_homomer
3whe_12H,AG,H,6BKT,B|B|B,3,potential_complex_homomer
1z3g_I:M|B,AG,B,1Z1Y,A|B,1,potenial_homomer
5kvf_H:L|E,AG,E,5LBV,A|B,1,potenial_homomer
5kvf_H:L|E,AG,E,5JHM,A|B,1,potenial_homomer
6fxn_H:I|C,AG,C,1KXG,A|B|C,1,potenial_homomer
6fxn_H:I|C,AG,C,1KXG,D|E|F,2,potenial_homomer
5w9o_H:I|G,AG,G,4NCU,A|A|A,1,potenial_homomer
5w9o_H:I|G,AG,G,4NCW,A|B|C,1,potenial_homomer
3ztj_G:H|B:A,AG,B:A,6BKQ,B:A|D:C|F:E,3,potenial_homomer
3ztj_G:H|B:A,AG,B:A,6BKM,B:A|D:C|F:E,3,potenial_homomer
5anm_H:L|F,AG,F,2WQR,A|B,1,potenial_homomer
5anm_H:L|F,AG,F,1FP5,A|A,1,potenial_homomer
5anm_H:L|F,AG,F,5MOL,A|B,1,potenial_homomer
3whe_56J,AG,J,6BKO,B|B|B,2,potenial_homomer
3whe_56J,AG,J,6BKO,B|B|B,3,potential_complex_homomer
3whe_56J,AG,J,6GOL,A|A|A,1,potenial_homomer
3whe_56J,AG,J,6BKS,B|B|B,2,potenial_homomer
3whe_56J,AG,J,6BKS,B|B|B,3,potential_complex_homomer
3whe_56J,AG,J,6BKN,B|B|B,2,potenial_homomer
3whe_56J,AG,J,6BKN,B|B|B,3,potential_complex_homomer
3whe_56J,AG,J,6BKT,B|B|B,2,potenial_homomer
3whe_56J,AG,J,6BKT,B|B|B,3,potential_complex_homomer
2x7l_C:D|P,AG,P,3LPH,A|B,1,potenial_homomer
2x7l_C:D|P,AG,P,3LPH,C|D,2,potenial_homomer
2x7l_C:D|P,AG,P,6BSY,A|B,1,potenial_homomer
4fqy_H:L|B:A,AG,B:A,6BKQ,B:A|D:C|F:E,3,potenial_homomer
4fqy_H:L|B:A,AG,B:A,6BKM,B:A|D:C|F:E,3,potenial_homomer
3fb5_A:B|C,AG,C,2QTO,A|B|C|D,1,potenial_homomer
3fb5_A:B|C,AG,C,3IFX,A|B|C|D,1,potenial_homomer
3fb5_A:B|C,AG,C,3IFX,A|B|C|D|A|B|C|D,2,potenial_homomer
5h32_I:M|C,AG,C,5LBV,A|B,1,potenial_homomer
5h32_I:M|C,AG,C,5JHM,A|B,1,potenial_homomer
6pzf_F:E|B,AG,B,4MWL,A|A|A|A,1,potenial_homomer
6pzf_F:E|B,AG,B,4MWY,A|A|A|A,1,potenial_homomer
6pzf_F:E|B,AG,B,4MWX,A|A|A|A,1,potenial_homomer
6pzf_F:E|B,AG,B,4MWU,A|A|A|A,1,potenial_homomer
6pzf_F:E|B,AG,B,6PZD,A|A|A|A,1,potenial_homomer
5f3h_G:H|K,AG,K,5NXS,A|B,1,potenial_homomer
5f3h_G:H|K,AG,K,5NTU,A|B,1,potenial_homomer
5f3h_G:H|K,AG,K,5JI1,A|B,1,potenial_homomer
3kj4_H:L|A,AG,A,5O0O,A|B|C|D|E|F|G|H,1,potenial_homomer
6bf7_C:D|A,AG,A,4PFC,A|B,1,potenial_homomer
6bf7_C:D|A,AG,A,4PF9,A|B,1,potenial_homomer
6bf7_C:D|A,AG,A,4PF7,A|B,1,potenial_homomer
5w9p_F:G|J,AG,J,4NCU,A|A|A,1,potenial_homomer
5w9p_F:G|J,AG,J,4NCW,A|B|C,1,potenial_homomer
5i5k_H:L|B,AG,B,3HQB,A|B,3,potenial_homomer
5i5k_H:L|B,AG,B,3HQA,A|B,3,potenial_homomer
5i5k_H:L|B,AG,B,3CU7,A|B,3,potenial_homomer
6oc3_C:D|E,AG,E,4EDB,A|C|E,1,potential_complex_homomer
3ixt_H:L|P,AG,P,5EA4,F|F|F,1,potenial_homomer
3ixt_H:L|P,AG,P,5KWW,F|F|F,1,potenial_homomer
3ixt_H:L|P,AG,P,6Q0S,F|F|F,1,potenial_homomer
3ixt_H:L|P,AG,P,5C69,A|A|A|A|A|A,1,potenial_homomer
3ixt_H:L|P,AG,P,5C6B,F|F|F|F|F|F,1,potenial_homomer
5jxe_G:F|A,AB,G:F,5DK3,B:A|G:F,1,potenial_homomer
3eo1_B:A|C,AG,C,1TGJ,A|A,1,potenial_homomer
3eo1_B:A|C,AG,C,1TGK,A|A,1,potenial_homomer
2fjh_H:L|V,AG,V,1MKK,A|B,1,potenial_homomer
2fjh_H:L|V,AG,V,4KZN,A|A,1,potenial_homomer
2fjh_H:L|V,AG,V,3QTK,A|D,1,potenial_homomer
2fjh_H:L|V,AG,V,3QTK,B|C,2,potenial_homomer
2fjh_H:L|V,AG,V,3QTK,E|F,3,potenial_homomer
2htl_E:F|B,AG,B,4FTP,A|A,1,potenial_homomer
2htl_E:F|B,AG,B,1KPK,A|B,1,potenial_homomer
2htl_E:F|B,AG,B,1KPK,C|D,2,potenial_homomer
2htl_E:F|B,AG,B,1KPK,E|F,3,potenial_homomer
4nhh_M:K|B,AG,B,5HSF,A|B,1,potenial_homomer
2w9e_H:L|A,AG,A,3HEQ,A|B,1,potenial_homomer
2w9e_H:L|A,AG,A,3HER,A|B,1,potenial_homomer
4y5x_A:B|C,AG,C,1ERN,A|B,1,potenial_homomer
6eyo_H:L|A,AG,A,2WQR,A|B,1,potenial_homomer
6eyo_H:L|A,AG,A,5MOK,A|B|C|D,1,potenial_homomer
6eyo_H:L|A,AG,A,5MOL,A|B,1,potenial_homomer
5n0a_I:M|B,AG,B,1OKE,A|B,1,potenial_homomer
5n0a_I:M|B,AG,B,1OAN,A|B,1,potenial_homomer
5n0a_I:M|B,AG,B,1TG8,A|A,1,potenial_homomer
5n0a_I:M|B,AG,B,1OK8,A|A|A,1,potenial_homomer
6iw2_N:O|M,AG,M,6IW4,A|B,1,potenial_homomer
6iw2_N:O|M,AG,M,6IW1,A|B|C,1,potenial_homomer
6feq_F:E|A,AG,A,6HBU,A|B,1,potenial_homomer
6feq_F:E|A,AG,A,6HIJ,A|B,1,potenial_homomer
6feq_F:E|A,AG,A,6HZM,A|B,1,potenial_homomer
6u02_D:C|B,AG,B,4MWR,A|A|A|A,1,potenial_homomer
6u02_D:C|B,AG,B,5L18,A|A|A|A,1,potenial_homomer
6u02_D:C|B,AG,B,4MWX,A|A|A|A,1,potenial_homomer
6u02_D:C|B,AG,B,4MWU,A|A|A|A,1,potenial_homomer
6u02_D:C|B,AG,B,6PZD,A|A|A|A,1,potenial_homomer
1nmc_H:L|N,AG,N,6D3B,A|A|A|A,1,potenial_homomer
1nmc_H:L|N,AG,N,1F8D,A|A|A|A,1,potenial_homomer
1nmc_H:L|N,AG,N,6HFC,A|A|A|A,1,potenial_homomer
1nmc_H:L|N,AG,N,6HG0,A|A|A|A,1,potenial_homomer
1nmc_H:L|N,AG,N,6HCX,A|A|A|A,1,potenial_homomer
2vxs_H:L|B,AG,B,4HR9,A|B,1,potenial_homomer
4hg4_J:K|A,AG,A,3QQE,A|A|A,1,potential_complex_homomer
4hg4_J:K|A,AG,A,2WR7,A|B|C,1,potenial_homomer
4hg4_J:K|A,AG,A,3QQB,A|A|A,1,potential_complex_homomer
5kel_C:D|A,AG,A,6G95,A|A|A,1,potential_complex_homomer
5kel_C:D|A,AG,A,6G9I,A|A|A,1,potential_complex_homomer
5wux_A:B|F,AG,F,5UUI,A|A|A,1,potenial_homomer
5wux_A:B|F,AG,F,2AZ5,A|B|C|D,1,potenial_homomer
5wux_A:B|F,AG,F,4TSV,A|A|A,1,potenial_homomer
2j6e_I:M|B,AG,B,5HSF,A|B,1,potenial_homomer
2j6e_I:M|B,AG,B,5HYF,A|A,1,potenial_homomer
2j6e_I:M|B,AG,B,5JII,A|B,1,potenial_homomer
1k4c_A:B|C,AG,C,2QTO,A|B|C|D,1,potenial_homomer
1k4c_A:B|C,AG,C,3IFX,A|B|C|D,1,potenial_homomer
1k4c_A:B|C,AG,C,3IFX,A|B|C|D|A|B|C|D,2,potenial_homomer
6mb3_B:M|E,AG,E,3VDL,A|B|C,4,potenial_homomer
6mb3_B:M|E,AG,E,3VDJ,A|A|A,2,potenial_homomer
6mb3_B:M|E,AG,E,3VDK,A|A|A,2,potenial_homomer
4hlz_I:J|D:C,AG,D:C,3QQE,B:A|B:A|B:A,1,potenial_homomer
4hlz_I:J|D:C,AG,D:C,2WR7,A:A|B:B|C:C,1,potential_complex_homomer
4hlz_I:J|D:C,AG,D:C,3QQB,B:A|B:A|B:A,1,potenial_homomer
2vxq_H:L|A,AG,A,1WHO,A|A,1,potenial_homomer
6fy2_X:Y|Z,AG,Z,4Q0C,A|B,1,potenial_homomer
6fy2_X:Y|Z,AG,Z,4Q0C,C|D,2,potenial_homomer
4uuj_A:B|C,AG,C,2QTO,A|B|C|D,1,potenial_homomer
4uuj_A:B|C,AG,C,3IFX,A|B|C|D,1,potenial_homomer
4uuj_A:B|C,AG,C,3IFX,A|B|C|D|A|B|C|D,2,potenial_homomer
5ec1_A:B|C,AG,C,1JQ2,A|B|C|D,1,potenial_homomer
6ieb_H:L|A,AG,A,6F9C,A|C|E|G|I|K,1,potential_complex_homomer
6adb_C:D|A,AG,A,4FTP,A|A,1,potenial_homomer
6adb_C:D|A,AG,A,1KPK,A|B,1,potenial_homomer
6adb_C:D|A,AG,A,1KPK,C|D,2,potenial_homomer
6adb_C:D|A,AG,A,1KPK,E|F,3,potenial_homomer
5n09_H:L|A,AG,A,1OKE,A|B,1,potenial_homomer
5n09_H:L|A,AG,A,1OAN,A|B,1,potenial_homomer
5n09_H:L|A,AG,A,1TG8,A|A,1,potenial_homomer
5n09_H:L|A,AG,A,1OK8,A|A|A,1,potenial_homomer
5xj4_H:L|A,AG,A,5N2F,A|B,1,potenial_homomer
5xj4_H:L|A,AG,A,6NP9,A|A,1,potenial_homomer
5xj4_H:L|A,AG,A,4Z18,A|B,1,potenial_homomer
6mb3_C:N|E,AG,E,3VDL,A|B|C,4,potenial_homomer
6mb3_C:N|E,AG,E,3VDJ,A|A|A,2,potenial_homomer
6mb3_C:N|E,AG,E,3VDK,A|A|A,2,potenial_homomer
4pp1_D:C|B,AG,B,2AS8,A|B,1,potenial_homomer
3whe_U:V|E,AG,E,6BKO,B|B|B,2,potenial_homomer
3whe_U:V|E,AG,E,6BKO,B|B|B,3,potential_complex_homomer
3whe_U:V|E,AG,E,6GOL,A|A|A,1,potenial_homomer
3whe_U:V|E,AG,E,6BKS,B|B|B,2,potenial_homomer
3whe_U:V|E,AG,E,6BKS,B|B|B,3,potential_complex_homomer
3whe_U:V|E,AG,E,6BKN,B|B|B,2,potenial_homomer
3whe_U:V|E,AG,E,6BKN,B|B|B,3,potential_complex_homomer
3whe_U:V|E,AG,E,6BKT,B|B|B,2,potenial_homomer
3whe_U:V|E,AG,E,6BKT,B|B|B,3,potential_complex_homomer
5ob5_H:L|A,AG,A,1QNK,A|B,1,potenial_homomer
2fec_I:L|B,AG,B,4FTP,A|A,1,potenial_homomer
2fec_I:L|B,AG,B,1KPK,A|B,1,potenial_homomer
2fec_I:L|B,AG,B,1KPK,C|D,2,potenial_homomer
2fec_I:L|B,AG,B,1KPK,E|F,3,potenial_homomer
5xs7_H:L|A,AG,A,5XS5,A|A|A|A|A|A|A|A|A|A|A|A|A|A|A|A|A|A|A|A|A|A|A|A|A|A|A|A|A|A|A|A|A|A|A|A|A|A|A|A|A|A|A|A|A|A|A|A|A|A|A|A|A|A|A|A|A|A|A|A,1,potential_complex_homomer
5xs7_H:L|A,AG,A,5XS4,A|A|A|A|A|A|A|A|A|A|A|A|A|A|A|A|A|A|A|A|A|A|A|A|A|A|A|A|A|A|A|A|A|A|A|A|A|A|A|A|A|A|A|A|A|A|A|A|A|A|A|A|A|A|A|A|A|A|A|A,1,potential_complex_homomer
5w9k_B:C|A,AG,A,4NCU,A|A|A,1,potenial_homomer
5w9k_B:C|A,AG,A,4NCW,A|B|C,1,potenial_homomer
5xcv_A:B|C,AB,A:B,4NR2,A:A|B:B,1,potential_complex_homomer
5xcv_A:B|C,AB,A:B,4NR2,C:C|D:D,2,potential_complex_homomer
5xcv_A:B|C,AB,A:B,4NR2,E:E|F:F,3,potential_complex_homomer
5xcv_A:B|C,AB,A:B,4NR2,G:G|H:H,4,potential_complex_homomer
5kem_I:J|F,AG,F,6G95,A|A|A,1,potential_complex_homomer
5kem_I:J|F,AG,F,6G9I,A|A|A,1,potential_complex_homomer
6bfs_H:L|C,AG,C,1CSG,A|B,1,potenial_homomer
5bk2_H:L|A,AG,A,6LES,A|B,1,potenial_homomer
5bk2_H:L|A,AG,A,6LES,X|Y,2,potenial_homomer
5tzu_H:L|C,AG,C,2VSC,A|B,1,potenial_homomer
5tzu_H:L|C,AG,C,2VSC,C|D,2,potenial_homomer
5w9i_C:D|A,AG,A,4NCU,A|A|A,1,potenial_homomer
5w9i_C:D|A,AG,A,4NCW,A|B|C,1,potenial_homomer
4k8r_D:C|B,AG,B,6U2P,A|B,1,potenial_homomer
4k8r_D:C|B,AG,B,2P4E,P|A,3,potenial_homomer
1tzi_B:A|V,AG,V,1MKK,A|B,1,potenial_homomer
1tzi_B:A|V,AG,V,4KZN,A|A,1,potenial_homomer
1tzi_B:A|V,AG,V,3QTK,A|D,1,potenial_homomer
1tzi_B:A|V,AG,V,3QTK,B|C,2,potenial_homomer
1tzi_B:A|V,AG,V,3QTK,E|F,3,potenial_homomer
5w9m_H:I|G,AG,G,4NCU,A|A|A,1,potenial_homomer
5w9m_H:I|G,AG,G,4NCW,A|B|C,1,potenial_homomer
4lcu_A:B|C,AG,C,2QTO,A|B|C|D,1,potenial_homomer
4lcu_A:B|C,AG,C,3IFX,A|B|C|D,1,potenial_homomer
4lcu_A:B|C,AG,C,3IFX,A|B|C|D|A|B|C|D,2,potenial_homomer
2vxs_I:M|A,AG,A,4HR9,A|B,1,potenial_homomer
6dca_I:M|Q,AG,Q,6NWP,A|B|C|D|E|F,1,potenial_homomer
4r2g_N:M|A,AG,A,3DNN,A|C|D|F|G|I,1,potential_complex_homomer
6tys_C:D|B,AG,B,2YNZ,A|B|C,1,potenial_homomer
6tys_C:D|B,AG,B,2YNY,A|B|C,1,potenial_homomer
6fy2_H:L|P,AG,P,4Q0C,A|B,1,potenial_homomer
6fy2_H:L|P,AG,P,4Q0C,C|D,2,potenial_homomer
6by2_A:B|C,AG,C,2QTO,A|B|C|D,1,potenial_homomer
6by2_A:B|C,AG,C,3IFX,A|B|C|D,1,potenial_homomer
6by2_A:B|C,AG,C,3IFX,A|B|C|D|A|B|C|D,2,potenial_homomer
5czv_H:L|A,AG,A,4ZLP,A|B,1,potenial_homomer
4kk6_C:D|A,AG,A,4FTP,A|A,1,potenial_homomer
4kk6_C:D|A,AG,A,1KPK,A|B,1,potenial_homomer
4kk6_C:D|A,AG,A,1KPK,C|D,2,potenial_homomer
4kk6_C:D|A,AG,A,1KPK,E|F,3,potenial_homomer
2qr0_T:S|U,AG,U,1MKK,A|B,1,potenial_homomer
2qr0_T:S|U,AG,U,4KZN,A|A,1,potenial_homomer
2qr0_T:S|U,AG,U,3QTK,A|D,1,potenial_homomer
2qr0_T:S|U,AG,U,3QTK,B|C,2,potenial_homomer
2qr0_T:S|U,AG,U,3QTK,E|F,3,potenial_homomer
3w11_C:D|E,AG,E,2HR7,A|B,1,potenial_homomer
3w11_C:D|E,AG,E,4XST,E,1,additional_chains
3w11_C:D|E,AG,E,4XST,E|E|E|E|E|E,2,potential_complex_homomer
3w11_C:D|E,AG,E,6HN4,E|F,1,potenial_homomer
4nm8_J:N|F:E,AG,F:E,6BKQ,B:A|D:C|F:E,3,potenial_homomer
4nm8_J:N|F:E,AG,F:E,6BKM,B:A|D:C|F:E,3,potenial_homomer
1z3g_H:L|A,AG,A,1Z1Y,A|B,1,potenial_homomer
4gxu_O:P|C,AG,C,4JUG,A|C|E,1,potential_complex_homomer
4gxu_O:P|C,AG,C,4JUG,G|I|K,2,potential_complex_homomer
4g6f_B:D|F,AG,F,6E8W,A|B|C,1,potenial_homomer
5o1r_I:M|B,AG,B,6CUJ,A|B,1,potenial_homomer
4lbe_A:B|C,AG,C,2QTO,A|B|C|D,1,potenial_homomer
4lbe_A:B|C,AG,C,3IFX,A|B|C|D,1,potenial_homomer
4lbe_A:B|C,AG,C,3IFX,A|B|C|D|A|B|C|D,2,potenial_homomer
4pp1_F:E|A,AG,A,2AS8,A|B,1,potenial_homomer
5bjz_C:L|A,AG,A,6LES,A|B,1,potenial_homomer
5bjz_C:L|A,AG,A,6LES,X|Y,2,potenial_homomer
4xmp_H:L|G,AG,G,3DNN,A|C|D|F|G|I,1,potential_complex_homomer
5cjo_H:L|A,AG,A,4PFC,A|B,1,potenial_homomer
5cjo_H:L|A,AG,A,4PF9,A|B,1,potenial_homomer
5cjo_H:L|A,AG,A,4PF7,A|B,1,potenial_homomer
6nip_A:B|E,AG,E,5JHM,A|B,1,potenial_homomer
6e5p_34E,AB,3:4,6N35,H:L|M:K,1,potenial_homomer
6e5p_34E,AB,3:4,4RBP,H:L|M:K,1,potenial_homomer
5a1z_G:H|A,AG,A,1OKE,A|B,1,potenial_homomer
5a1z_G:H|A,AG,A,1OAN,A|B,1,potenial_homomer
5a1z_G:H|A,AG,A,1TG8,A|A,1,potenial_homomer
5a1z_G:H|A,AG,A,1OK8,A|A|A,1,potenial_homomer
4plk_I:G|F,AG,F,3IYO,A|B|D|A|B|D|A|B|D|A|B|D|A|B|D|A|B|D|A|B|D|A|B|D|A|B|D|A|B|D|A|B|D|A|B|D|A|B|D|A|B|D|A|B|D|A|B|D|A|B|D|A|B|D|A|B|D|A|B|D|A|B|D|A|B|D|A|B|D|A|B|D|A|B|D|A|B|D|A|B|D|A|B|D|A|B|D|A|B|D|A|B|D|A|B|D|A|B|D|A|B|D|A|B|D|A|B|D|A|B|D|A|B|D|A|B|D|A|B|D|A|B|D|A|B|D|A|B|D|A|B|D|A|B|D|A|B|D|A|B|D|A|B|D|A|B|D|A|B|D|A|B|D|A|B|D|A|B|D|A|B|D|A|B|D|A|B|D|A|B|D|A|B|D|A|B|D|A|B|D,1,potenial_homomer
4plk_I:G|F,AG,F,6LAT,A|A|A|A|A|A|A|A|A|A|A|A|A|A|A|A|A|A|A|A|A|A|A|A|A|A|A|A|A|A|A|A|A|A|A|A|A|A|A|A|A|A|A|A|A|A|A|A|A|A|A|A|A|A|A|A|A|A|A|A,1,potenial_homomer
4plk_I:G|F,AG,F,3GGQ,A|A,1,potenial_homomer
4plk_I:G|F,AG,F,2ZZQ,A|A|A|A|A|A|A|A|A|A|A|A|A|A|A|A|A|A|A|A|A|A|A|A|A|A|A|A|A|A|A|A|A|A|A|A|A|A|A|A|A|A|A|A|A|A|A|A|A|A|A|A|A|A|A|A|A|A|A|A,1,potenial_homomer
4plk_I:G|F,AG,F,6LB0,A|A|A|A|A|A|A|A|A|A|A|A|A|A|A|A|A|A|A|A|A|A|A|A|A|A|A|A|A|A|A|A|A|A|A|A|A|A|A|A|A|A|A|A|A|A|A|A|A|A|A|A|A|A|A|A|A|A|A|A,1,potenial_homomer
3ab0_E:F|D,AG,D,3TYJ,A|A|A,1,potenial_homomer
3ab0_E:F|D,AG,D,2R6Q,A|A|A,1,potenial_homomer
3ab0_E:F|D,AG,D,2Z5W,A|A|A,1,potenial_homomer
3ab0_E:F|D,AG,D,1WCK,A|A|A,1,potenial_homomer
6pzw_K:I|D,AG,D,4MWR,A|A|A|A,1,potenial_homomer
6pzw_K:I|D,AG,D,5L18,A|A|A|A,1,potenial_homomer
6pzw_K:I|D,AG,D,4MWX,A|A|A|A,1,potenial_homomer
6pzw_K:I|D,AG,D,4MWU,A|A|A|A,1,potenial_homomer
6pzw_K:I|D,AG,D,6PZD,A|A|A|A,1,potenial_homomer
2jel_H:L|P,AG,P,3CCD,A|B,1,potenial_homomer
2qr0_B:A|D,AG,D,1MKK,A|B,1,potenial_homomer
2qr0_B:A|D,AG,D,4KZN,A|A,1,potenial_homomer
2qr0_B:A|D,AG,D,3QTK,A|D,1,potenial_homomer
2qr0_B:A|D,AG,D,3QTK,B|C,2,potenial_homomer
2qr0_B:A|D,AG,D,3QTK,E|F,3,potenial_homomer
3det_C:D|A,AG,A,4FTP,A|A,1,potenial_homomer
3det_C:D|A,AG,A,1KPK,A|B,1,potenial_homomer
3det_C:D|A,AG,A,1KPK,C|D,2,potenial_homomer
3det_C:D|A,AG,A,1KPK,E|F,3,potenial_homomer
2r0l_H:L|A,AG,A,1EPT,A,1,additional_chains
2qr0_F:E|C,AG,C,1MKK,A|B,1,potenial_homomer
2qr0_F:E|C,AG,C,4KZN,A|A,1,potenial_homomer
2qr0_F:E|C,AG,C,3QTK,A|D,1,potenial_homomer
2qr0_F:E|C,AG,C,3QTK,B|C,2,potenial_homomer
2qr0_F:E|C,AG,C,3QTK,E|F,3,potenial_homomer
6d0u_E:F|A,AG,A,6BKQ,A|C|E,1,potenial_homomer
6d0u_E:F|A,AG,A,6BKQ,A|C|E,3,potential_complex_homomer
6d0u_E:F|A,AG,A,6BKM,A|C|E,1,potenial_homomer
6d0u_E:F|A,AG,A,6BKM,A|C|E,3,potential_complex_homomer
2hlf_C:D|A,AG,A,4FTP,A|A,1,potenial_homomer
2hlf_C:D|A,AG,A,1KPK,A|B,1,potenial_homomer
2hlf_C:D|A,AG,A,1KPK,C|D,2,potenial_homomer
2hlf_C:D|A,AG,A,1KPK,E|F,3,potenial_homomer
3o45_A:B|C,AG,C,5EA4,F|F|F,1,potenial_homomer
3o45_A:B|C,AG,C,5KWW,F|F|F,1,potenial_homomer
3o45_A:B|C,AG,C,6Q0S,F|F|F,1,potenial_homomer
3o45_A:B|C,AG,C,5C69,A|A|A|A|A|A,1,potenial_homomer
3o45_A:B|C,AG,C,5C6B,F|F|F|F|F|F,1,potenial_homomer
5nj3_C:D|B,AG,B,6HBU,A|B,1,potenial_homomer
5nj3_C:D|B,AG,B,6HIJ,A|B,1,potenial_homomer
5nj3_C:D|B,AG,B,6HZM,A|B,1,potenial_homomer
4zyp_J:L|C,AG,C,6OJ7,A|A|A,1,potential_complex_homomer
4zyp_J:L|C,AG,C,4NCW,A|B|C,1,potenial_homomer
4zyp_J:L|C,AG,C,6NTX,A|A|A,1,potential_complex_homomer
4zyp_J:L|C,AG,C,6NTX,B|B|B,2,potential_complex_homomer
4uif_I:J|E,AG,E,1OKE,A|B,1,potenial_homomer
4uif_I:J|E,AG,E,1OAN,A|B,1,potenial_homomer
4uif_I:J|E,AG,E,1TG8,A|A,1,potenial_homomer
4uif_I:J|E,AG,E,1OK8,A|A|A,1,potenial_homomer
6eti_F:E|A,AG,A,6HBU,A|B,1,potenial_homomer
6eti_F:E|A,AG,A,6HIJ,A|B,1,potenial_homomer
6eti_F:E|A,AG,A,6HZM,A|B,1,potenial_homomer
4dkf_I:M|B,AG,B,4DKC,A|B,1,potenial_homomer
4zto_I:M|Q,AG,Q,3TGQ,A|C,5,potenial_homomer
4zto_I:M|Q,AG,Q,3TGQ,B|D,6,potenial_homomer
1qfu_H:L|A,AG,A,6BKQ,A|C|E,1,potenial_homomer
1qfu_H:L|A,AG,A,6BKQ,A|C|E,3,potential_complex_homomer
1qfu_H:L|A,AG,A,6BKM,A|C|E,1,potenial_homomer
1qfu_H:L|A,AG,A,6BKM,A|C|E,3,potential_complex_homomer
6ewb_G:I|C,AG,C,5J35,A|B,1,potenial_homomer
6ewb_G:I|C,AG,C,5KON,A|B,1,potenial_homomer
6ewb_G:I|C,AG,C,5J3O,A|B,1,potenial_homomer
4oqt_H:L|A,AG,A,2ID5,A|B|C|D,1,potenial_homomer
5xj3_A:B|C,AG,C,3OSK,A|B,1,potenial_homomer
5xj3_A:B|C,AG,C,2X44,D|D,1,potenial_homomer
5kw9_H:L|A,AG,A,2ZL6,A|B,1,potenial_homomer
5kw9_H:L|A,AG,A,2ZL7,A|B,1,potenial_homomer
5kw9_H:L|A,AG,A,2ZL5,A|B,1,potenial_homomer
4odx_A:L|Y,AG,Y,3LF6,A|B,1,potenial_homomer
4odx_A:L|Y,AG,Y,3T43,A|B,1,potenial_homomer
3w12_C:D|E,AG,E,2HR7,A|B,1,potenial_homomer
3w12_C:D|E,AG,E,4XST,E,1,additional_chains
3w12_C:D|E,AG,E,4XST,E|E|E|E|E|E,2,potential_complex_homomer
3w12_C:D|E,AG,E,6HN4,E|F,1,potenial_homomer
4zs6_H:L|A,AG,A,6Q04,A|B|C,1,potenial_homomer
4hlz_K:L|F:E,AG,F:E,3QQE,B:A|B:A|B:A,1,potenial_homomer
4hlz_K:L|F:E,AG,F:E,2WR7,A:A|B:B|C:C,1,potential_complex_homomer
4hlz_K:L|F:E,AG,F:E,3QQB,B:A|B:A|B:A,1,potenial_homomer
6nb7_G:I|C,AG,C,6G95,B|B|B,1,potential_complex_homomer
6nb7_G:I|C,AG,C,6G9I,B|B|B,1,potential_complex_homomer
6nb7_G:I|C,AG,C,6ACC,A|B|C,1,potenial_homomer
5dhz_H:L|M,AG,M,3LPH,A|B,1,potenial_homomer
5dhz_H:L|M,AG,M,3LPH,C|D,2,potenial_homomer
5dhz_H:L|M,AG,M,6BSY,A|B,1,potenial_homomer
5t6l_A:B|G,AG,G,3LF6,A|B,1,potenial_homomer
5t6l_A:B|G,AG,G,3T43,A|B,1,potenial_homomer
1cz8_Y:X|V,AG,V,1MKK,A|B,1,potenial_homomer
1cz8_Y:X|V,AG,V,4KZN,A|A,1,potenial_homomer
1cz8_Y:X|V,AG,V,3QTK,A|D,1,potenial_homomer
1cz8_Y:X|V,AG,V,3QTK,B|C,2,potenial_homomer
1cz8_Y:X|V,AG,V,3QTK,E|F,3,potenial_homomer
6j11_H:L|A,AG,A,6Q04,A|B|C,1,potenial_homomer
5hys_E:F|J,AG,J,2WQR,A|B,1,potenial_homomer
5hys_E:F|J,AG,J,5MOK,A|B|C|D,1,potenial_homomer
5hys_E:F|J,AG,J,5MOL,A|B,1,potenial_homomer
6dca_H:L|P,AG,P,6NWP,A|B|C|D|E|F,1,potenial_homomer
4kuc_H:D|A,AG,A,4HUO,X|X,2,potenial_homomer
4kuc_H:D|A,AG,A,2VC4,A|A,1,potenial_homomer
4kuc_H:D|A,AG,A,1UQ5,A|A,1,potenial_homomer
6mb3_D:O|E,AG,E,3VDL,A|B|C,4,potenial_homomer
6mb3_D:O|E,AG,E,3VDJ,A|A|A,2,potenial_homomer
6mb3_D:O|E,AG,E,3VDK,A|A|A,2,potenial_homomer
4qex_I:M|B,AG,B,1ZRL,A|A,1,potenial_homomer
4qex_I:M|B,AG,B,1ZRO,A|B,1,potenial_homomer
5w9i_K:L|I,AG,I,4NCU,A|A|A,1,potenial_homomer
5w9i_K:L|I,AG,I,4NCW,A|B|C,1,potenial_homomer
1g7j_B:A|C,AB,B:A,1CIC,D:C,1,additional_chains
5dmg_E:F|X,AG,X,6NWP,A|B|C|D|E|F,1,potenial_homomer
5y0a_H:L|C,AG,C,5LBV,A|B,1,potenial_homomer
5y0a_H:L|C,AG,C,5JHM,A|B,1,potenial_homomer
4rav_A:B|E,AG,E,4FED,A|B|C,1,potenial_homomer
4rav_A:B|E,AG,E,4FEB,A|B|C,1,potenial_homomer
4k8r_H:L|B:A,AG,B:A,6U2P,A:A|B:B,1,potential_complex_homomer
4k8r_H:L|B:A,AG,B:A,6U26,A:A,1,additional_chains
4k8r_H:L|B:A,AG,B:A,6U26,B:B,2,additional_chains
4k8r_H:L|B:A,AG,B:A,2P4E,P:P,1,additional_chains
4k8r_H:L|B:A,AG,B:A,2P4E,A:A,2,additional_chains
4k8r_H:L|B:A,AG,B:A,2P4E,P:P|A:A,3,potential_complex_homomer
6mft_A:B|C,AG,C,3DNN,A|D|G,1,potential_complex_homomer
6aod_B:A|C,AG,C,4CRE,A|A|A,1,potenial_homomer
6aod_B:A|C,AG,C,4CRG,A|A|A,1,potenial_homomer
5tzt_A:B|D,AG,D,2VSC,A|B,1,potenial_homomer
5tzt_A:B|D,AG,D,2VSC,C|D,2,potenial_homomer
4am0_A:B|S,AG,S,3WE1,A|B,1,potenial_homomer
4xak_D:E|B,AG,B,6Q04,A|B|C,1,potenial_homomer
6fla_H:L|I,AG,I,1OKE,A|B,1,potenial_homomer
6fla_H:L|I,AG,I,1OAN,A|B,1,potenial_homomer
6fla_H:L|I,AG,I,1TG8,A|A,1,potenial_homomer
6fla_H:L|I,AG,I,1OK8,A|A|A,1,potenial_homomer
5d72_M:N|B,AG,B,1CSG,A|B,1,potenial_homomer
6p8m_H:L|C,AG,C,3DNN,A|D|G,1,potential_complex_homomer
6k5a_E:F|B,AG,B,4FTP,A|A,1,potenial_homomer
6k5a_E:F|B,AG,B,1KPK,A|B,1,potenial_homomer
6k5a_E:F|B,AG,B,1KPK,C|D,2,potenial_homomer
6k5a_E:F|B,AG,B,1KPK,E|F,3,potenial_homomer
6mv5_H:L|P,AG,P,6U2P,A|B,1,potenial_homomer
6mv5_H:L|P,AG,P,2P4E,P|A,3,potenial_homomer
5t80_H:L|G,AG,G,3LF6,A|B,1,potenial_homomer
5t80_H:L|G,AG,G,3T43,A|B,1,potenial_homomer
2xtj_D:B|A,AG,A,6U2P,A|B,1,potenial_homomer
2xtj_D:B|A,AG,A,2P4E,P|A,3,potenial_homomer
1r3j_B:A|C,AG,C,2QTO,A|B|C|D,1,potenial_homomer
1r3j_B:A|C,AG,C,3IFX,A|B|C|D,1,potenial_homomer
1r3j_B:A|C,AG,C,3IFX,A|B|C|D|A|B|C|D,2,potenial_homomer
1afv_K:M|B,AG,B,6B2K,A|A|A|A|A|A,1,potenial_homomer
1afv_K:M|B,AG,B,6BHS,A|A|A|A|A|A,1,potenial_homomer
1afv_K:M|B,AG,B,6ERM,A|A|A|A|A|A,1,potenial_homomer
1afv_K:M|B,AG,B,5JPA,A|A|A|A|A|A,1,potenial_homomer
1afv_K:M|B,AG,B,6ES8,A|A|A|A|A|A,1,potenial_homomer
1qfw_I:M|B,AG,B,1HRP,B,1,additional_chains
1qfw_I:M|B,AG,B,1HRP,B|B,2,potential_complex_homomer
1qfw_I:M|B,AG,B,1HCN,B,1,additional_chains
1qfw_I:M|B,AG,B,1HCN,B|B,2,potential_complex_homomer
2hjf_A:B|C,AG,C,2QTO,A|B|C|D,1,potenial_homomer
2hjf_A:B|C,AG,C,3IFX,A|B|C|D,1,potenial_homomer
2hjf_A:B|C,AG,C,3IFX,A|B|C|D|A|B|C|D,2,potenial_homomer
6b70_E:F|B,AG,B,4PFC,A|B,1,potenial_homomer
6b70_E:F|B,AG,B,4PF9,A|B,1,potenial_homomer
6b70_E:F|B,AG,B,4PF7,A|B,1,potenial_homomer
4rx4_A:D|E,AG,E,3DNN,A|C|D|F|G|I,1,potential_complex_homomer
5dfv_C:D|A,AG,A,3X0E,A|B,1,potenial_homomer
5dfv_C:D|A,AG,A,1G8Q,A|B,1,potenial_homomer
5dfv_C:D|A,AG,A,5M33,A|B,1,potenial_homomer
4zff_A:B|C,AG,C,1MKK,A|B,1,potenial_homomer
4zff_A:B|C,AG,C,4KZN,A|A,1,potenial_homomer
4zff_A:B|C,AG,C,3QTK,A|D,1,potenial_homomer
4zff_A:B|C,AG,C,3QTK,B|C,2,potenial_homomer
4zff_A:B|C,AG,C,3QTK,E|F,3,potenial_homomer
5t5b_H:L|E,AG,E,3LF6,A|B,1,potenial_homomer
5t5b_H:L|E,AG,E,3T43,A|B,1,potenial_homomer
5g64_I:M|B,AG,B,2WQR,A|B,1,potenial_homomer
5g64_I:M|B,AG,B,5MOK,A|B|C|D,1,potenial_homomer
5g64_I:M|B,AG,B,5MOL,A|B,1,potenial_homomer
5vjq_E:F|K,AG,K,1IAK,P,1,additional_chains
3bn9_F:E|A,AG,A,4IS5,A|A,2,potenial_homomer
5xj3_G:H|I,AG,I,3OSK,A|B,1,potenial_homomer
5xj3_G:H|I,AG,I,2X44,D|D,1,potenial_homomer
5mo3_H:L|A,AG,A,6NWP,A|B|C|D|E|F,1,potenial_homomer
3ztj_K:L|F:E,AG,F:E,6BKQ,B:A|D:C|F:E,3,potenial_homomer
3ztj_K:L|F:E,AG,F:E,6BKM,B:A|D:C|F:E,3,potenial_homomer
5w9h_H:I|G,AG,G,4NCU,A|A|A,1,potenial_homomer
5w9h_H:I|G,AG,G,4NCW,A|B|C,1,potenial_homomer
4nhh_I:F|D,AG,D,5HSF,A|B,1,potenial_homomer
1fsk_I:H|G,AG,G,4BKD,A|A,1,potenial_homomer
2a0l_F:E|B,AG,B,6UWM,A|C|B|D,1,potenial_homomer
2nz9_F:E|B,AB,F:E,2GCY,B:A|B:A,2,potenial_homomer
1orq_B:A|C,AG,C,6UWM,A|C|B|D,1,potenial_homomer
2qql_H:L|A,AG,A,2QQO,A|B,3,potenial_homomer
2qql_H:L|A,AG,A,4QDQ,A|A,1,potenial_homomer
2qql_H:L|A,AG,A,4QDQ,B|B,2,potenial_homomer
4kk9_E:F|B,AG,B,4FTP,A|A,1,potenial_homomer
4kk9_E:F|B,AG,B,1KPK,A|B,1,potenial_homomer
4kk9_E:F|B,AG,B,1KPK,C|D,2,potenial_homomer
4kk9_E:F|B,AG,B,1KPK,E|F,3,potenial_homomer
5w9l_H:I|G,AG,G,4NCU,A|A|A,1,potenial_homomer
5w9l_H:I|G,AG,G,4NCW,A|B|C,1,potenial_homomer
3rvx_D:C|A,AG,A,2AS8,A|B,1,potenial_homomer
5umn_E:F|A,AG,A,6BKQ,A|C|E,1,potenial_homomer
5umn_E:F|A,AG,A,6BKQ,A|C|E,3,potential_complex_homomer
5umn_E:F|A,AG,A,6BKM,A|C|E,1,potenial_homomer
5umn_E:F|A,AG,A,6BKM,A|C|E,3,potential_complex_homomer
5nj3_E:F|A,AG,A,6HBU,A|B,1,potenial_homomer
5nj3_E:F|A,AG,A,6HIJ,A|B,1,potenial_homomer
5nj3_E:F|A,AG,A,6HZM,A|B,1,potenial_homomer
5h37_I:M|C,AG,C,5LBV,A|B,1,potenial_homomer
5h37_I:M|C,AG,C,5JHM,A|B,1,potenial_homomer
5jz7_H:L|B,AG,B,6XUO,A|A,1,potenial_homomer
5jz7_H:L|B,AG,B,4EFV,A|B,1,potenial_homomer
5vco_D:C|E,AG,E,2AS8,A|B,1,potenial_homomer
4xwo_Q:R|N,AG,N,2WOJ,C|D,1,potenial_homomer
4xwo_Q:R|N,AG,N,2WOJ,A|B,2,potenial_homomer
4xwo_Q:R|N,AG,N,3H84,A|B,1,potenial_homomer
4xwo_Q:R|N,AG,N,3H84,A|B|A|B,2,potenial_homomer
4rau_W:V|X,AG,X,1F9Q,A|B|C|D,1,potenial_homomer
4rau_W:V|X,AG,X,4HSV,A|B|C|D,1,potenial_homomer
3pjs_B:A|M:N,AG,M:N,2QTO,A:A|B:B|C:C|D:D,1,potential_complex_homomer
3pjs_B:A|M:N,AG,M:N,3IFX,A:A|B:B|C:C|D:D,1,potential_complex_homomer
3pjs_B:A|M:N,AG,M:N,3IFX,A:A|B:B|C:C|D:D|A:A|B:B|C:C|D:D,2,potential_complex_homomer
4rau_T:S|U,AG,U,1F9Q,A|B|C|D,1,potenial_homomer
4rau_T:S|U,AG,U,4HSV,A|B|C|D,1,potenial_homomer
5uoe_M:N|B,AG,B,4PFC,A|B,1,potenial_homomer
5uoe_M:N|B,AG,B,4PF9,A|B,1,potenial_homomer
5uoe_M:N|B,AG,B,4PF7,A|B,1,potenial_homomer
5hi5_H:L|B,AG,B,4HR9,A|B,1,potenial_homomer
2wuc_H:L|A,AG,A,1EPT,A,1,additional_chains
6pz8_H:L|B,AG,B,6Q04,A|B|C,1,potenial_homomer
5dhv_A:B|N,AG,N,3LPH,A|B,1,potenial_homomer
5dhv_A:B|N,AG,N,3LPH,C|D,2,potenial_homomer
5dhv_A:B|N,AG,N,6BSY,A|B,1,potenial_homomer
6mb3_J:S|E,AG,E,3VDL,A|B|C,4,potenial_homomer
6mb3_J:S|E,AG,E,3VDJ,A|A|A,2,potenial_homomer
6mb3_J:S|E,AG,E,3VDK,A|A|A,2,potenial_homomer
5iq9_H:L|P,AG,P,6E8W,A|B|C,1,potenial_homomer
3rvw_D:C|A,AG,A,2AS8,A|B,1,potenial_homomer
5uoe_H:L|A,AG,A,4PFC,A|B,1,potenial_homomer
5uoe_H:L|A,AG,A,4PF9,A|B,1,potenial_homomer
5uoe_H:L|A,AG,A,4PF7,A|B,1,potenial_homomer
2qqk_H:L|A,AG,A,2QQO,A|B,3,potenial_homomer
2qqk_H:L|A,AG,A,4QDQ,A|A,1,potenial_homomer
2qqk_H:L|A,AG,A,4QDQ,B|B,2,potenial_homomer
3efd_H:L|K,AG,K,1F6G,A|B|C|D,1,potenial_homomer
3be1_H:L|A,AB,H:L,6MY5,H:L|A:B,1,potenial_homomer
3be1_H:L|A,AB,H:L,6MY4,H:L|A:B,1,potenial_homomer
3be1_H:L|A,AB,H:L,6MXS,H:L|A:B,1,potenial_homomer
4zpv_H:L|R,AG,R,6Q04,A|B|C,1,potenial_homomer
5dmg_C:D|Z,AG,Z,6NWP,A|B|C|D|E|F,1,potenial_homomer
1r3i_H:L|C,AG,C,2QTO,A|B|C|D,1,potenial_homomer
1r3i_H:L|C,AG,C,3IFX,A|B|C|D,1,potenial_homomer
1r3i_H:L|C,AG,C,3IFX,A|B|C|D|A|B|C|D,2,potenial_homomer
2qr0_N:M|O,AG,O,1MKK,A|B,1,potenial_homomer
2qr0_N:M|O,AG,O,4KZN,A|A,1,potenial_homomer
2qr0_N:M|O,AG,O,3QTK,A|D,1,potenial_homomer
2qr0_N:M|O,AG,O,3QTK,B|C,2,potenial_homomer
2qr0_N:M|O,AG,O,3QTK,E|F,3,potenial_homomer
6iw2_B:C|A,AG,A,6IW4,A|B,1,potenial_homomer
6iw2_B:C|A,AG,A,6IW1,A|B|C,1,potenial_homomer
5w9j_E:F|D,AG,D,4NCU,A|A|A,1,potenial_homomer
5w9j_E:F|D,AG,D,4NCW,A|B|C,1,potenial_homomer
5wux_H:L|E,AG,E,5UUI,A|A|A,1,potenial_homomer
5wux_H:L|E,AG,E,2AZ5,A|B|C|D,1,potenial_homomer
5wux_H:L|E,AG,E,4TSV,A|A|A,1,potenial_homomer
2fed_E:F|B,AG,B,4FTP,A|A,1,potenial_homomer
2fed_E:F|B,AG,B,1KPK,A|B,1,potenial_homomer
2fed_E:F|B,AG,B,1KPK,C|D,2,potenial_homomer
2fed_E:F|B,AG,B,1KPK,E|F,3,potenial_homomer
5w23_J:N|A,AG,A,5KWW,F|F|F,1,potenial_homomer
5w23_J:N|A,AG,A,6EAK,F|F|F,1,potenial_homomer
5w23_J:N|A,AG,A,6EAM,F|F|F,1,potenial_homomer
5w23_J:N|A,AG,A,6EAI,A|B|C,1,potenial_homomer
5w23_J:N|A,AG,A,6EAL,F|F|F,1,potenial_homomer
5d1x_B:A|E,AG,E,3RUR,A|D,5,potenial_homomer
5d1x_B:A|E,AG,E,3RUR,B|C,6,potenial_homomer
5d1x_B:A|E,AG,E,3RTL,A|B,5,potenial_homomer
5d1x_B:A|E,AG,E,3RTL,C|D,6,potenial_homomer
1fbi_Q:P|Y,AG,Y,1IAK,P,1,additional_chains
1fbi_Q:P|Y,AG,Y,3ZVQ,A,1,additional_chains
2jk5_A:B|C,AG,C,2QTO,A|B|C|D,1,potenial_homomer
2jk5_A:B|C,AG,C,3IFX,A|B|C|D,1,potenial_homomer
2jk5_A:B|C,AG,C,3IFX,A|B|C|D|A|B|C|D,2,potenial_homomer
6cxg_M:K|C,AB,M:K,6N35,H:L|M:K,1,potenial_homomer
6cxg_M:K|C,AB,M:K,4RBP,H:L|M:K,1,potenial_homomer
4zpt_H:L|S,AG,S,6Q04,A|B|C,1,potenial_homomer
6mb3_A:K|E,AG,E,3VDL,A|B|C,4,potenial_homomer
6mb3_A:K|E,AG,E,3VDJ,A|A|A,2,potenial_homomer
6mb3_A:K|E,AG,E,3VDK,A|A|A,2,potenial_homomer
6dc9_I:M|Q,AG,Q,6NWP,A|B|C|D|E|F,1,potenial_homomer
5cbe_A:B|E,AB,A:B,5C6W,H:H|J:J,1,potential_complex_homomer
5cbe_A:B|E,AG,E,4ZAI,A|A,2,potenial_homomer
1i9r_X:Y|C,AG,C,3LKJ,A|B|C,1,potenial_homomer
1i9r_X:Y|C,AG,C,1ALY,A|A|A,1,potenial_homomer
6ppg_H:L|F,AG,F,1JPY,A|B,1,potenial_homomer
6ppg_H:L|F,AG,F,1JPY,X|Y,2,potenial_homomer
6ppg_H:L|F,AG,F,6HGO,A|B,1,potenial_homomer
6ppg_H:L|F,AG,F,6HGO,C|D,2,potenial_homomer
1tpx_B:C|A,AG,A,1UW3,A|A,1,potenial_homomer
1tpx_B:C|A,AG,A,3O79,A|B,3,potenial_homomer
3sdy_H:L|B:A,AG,B:A,6BKQ,B:A|D:C|F:E,3,potenial_homomer
3sdy_H:L|B:A,AG,B:A,6BKM,B:A|D:C|F:E,3,potenial_homomer
5ken_G:H|F,AG,F,6G95,B|B|B,1,potential_complex_homomer
5ken_G:H|F,AG,F,2EBO,A|B|C,1,potenial_homomer
5ken_G:H|F,AG,F,6G9I,B|B|B,1,potential_complex_homomer
3hae_I:G|D:F,AB,I:G,3GJE,H:L|B:A,1,potenial_homomer
5kel_P:T|G,AG,G,6G95,B|B|B,1,potential_complex_homomer
5kel_P:T|G,AG,G,2EBO,A|B|C,1,potenial_homomer
5kel_P:T|G,AG,G,6G9I,B|B|B,1,potential_complex_homomer
2a0l_D:C|A,AG,A,6UWM,A|C|B|D,1,potenial_homomer
6hhc_H:L|A,AG,A,4CRE,A|A|A,1,potenial_homomer
6hhc_H:L|A,AG,A,4CRG,A|A|A,1,potenial_homomer
5udc_H:L|F,AG,F,5EA4,F|F|F,1,potenial_homomer
5udc_H:L|F,AG,F,5KWW,F|F|F,1,potenial_homomer
5udc_H:L|F,AG,F,6EAK,F|F|F,1,potenial_homomer
5udc_H:L|F,AG,F,6EAM,F|F|F,1,potenial_homomer
5udc_H:L|F,AG,F,6EAL,F|F|F,1,potenial_homomer
6oy4_D:C|A,AG,A,1KTJ,A|B,1,potenial_homomer
4kk5_C:D|A,AG,A,4FTP,A|A,1,potenial_homomer
4kk5_C:D|A,AG,A,1KPK,A|B,1,potenial_homomer
4kk5_C:D|A,AG,A,1KPK,C|D,2,potenial_homomer
4kk5_C:D|A,AG,A,1KPK,E|F,3,potenial_homomer
4ffv_D:C|B,AG,B,2GBC,A|B,1,potenial_homomer
4ffv_D:C|B,AG,B,2GBC,A|B|A|B|A|B,2,potenial_homomer
4ffv_D:C|B,AG,B,2GBG,A|B,1,potenial_homomer
4ffv_D:C|B,AG,B,2GBG,A|B|A|B|A|B,2,potenial_homomer
4ffv_D:C|B,AG,B,2I3Z,A|B,1,potenial_homomer
4ffv_D:C|B,AG,B,2I3Z,A|B|A|B|A|B,2,potenial_homomer
4u6v_H:L|A,AG,A,7AHL,A|B|C|D|E|F|G,1,potenial_homomer
4m1c_C:D|A,AG,A,4PFC,A|B,1,potenial_homomer
4m1c_C:D|A,AG,A,4PF9,A|B,1,potenial_homomer
4m1c_C:D|A,AG,A,4PF7,A|B,1,potenial_homomer
5myx_B:A|E,AG,E,5BUO,A|B,1,potenial_homomer
5myx_B:A|E,AG,E,5OQV,A|B|C|D|E|F|G|H|I,1,potenial_homomer
5d1x_C:D|E,AG,E,3RUR,A|D,5,potenial_homomer
5d1x_C:D|E,AG,E,3RUR,B|C,6,potenial_homomer
5d1x_C:D|E,AG,E,3RTL,A|B,5,potenial_homomer
5d1x_C:D|E,AG,E,3RTL,C|D,6,potenial_homomer
5wob_I:J|A,AG,A,4PFC,A|B,1,potenial_homomer
5wob_I:J|A,AG,A,4PF9,A|B,1,potenial_homomer
5wob_I:J|A,AG,A,4PF7,A|B,1,potenial_homomer
5h32_G:H|A,AG,A,5LBV,A|B,1,potenial_homomer
5h32_G:H|A,AG,A,5JHM,A|B,1,potenial_homomer
6mjz_H:L|C:A:B,AG,C:A:B,1SVF,A:A:A|A:A:A|A:A:A,1,potential_complex_homomer
6mjz_H:L|C:A:B,AG,C:A:B,1SVF,C:C:C,2,additional_chains
6mjz_H:L|C:A:B,AG,C:A:B,6OJ7,A:A:A|A:A:A|A:A:A,1,potential_complex_homomer
6mjz_H:L|C:A:B,AG,C:A:B,3KPE,A:A:A|A:A:A|A:A:A,1,potential_complex_homomer
6mjz_H:L|C:A:B,AG,C:A:B,6O40,A:A:A|A:A:A|A:A:A,1,potential_complex_homomer
3p30_H:L|A,AG,A,2ZZO,N|N|N,1,potential_complex_homomer
3p30_H:L|A,AG,A,3AHA,A|C|E,1,potential_complex_homomer
3p30_H:L|A,AG,A,1AIK,N|N|N,1,potential_complex_homomer
4xwo_O:P|M,AG,M,2WOJ,C|D,1,potenial_homomer
4xwo_O:P|M,AG,M,2WOJ,A|B,2,potenial_homomer
4xwo_O:P|M,AG,M,3H84,A|B,1,potenial_homomer
4xwo_O:P|M,AG,M,3H84,A|B|A|B,2,potenial_homomer
4dke_H:L|A,AG,A,4DKC,A|B,1,potenial_homomer
5vyf_B:A|C,AG,C,1ZKR,A|B,1,potenial_homomer
5vyf_B:A|C,AG,C,2EJN,A|B,1,potenial_homomer
4k2u_I:M|B,AG,B,1ZRL,A|A,1,potenial_homomer
4k2u_I:M|B,AG,B,1ZRO,A|B,1,potenial_homomer
2qad_H:G|E,AG,E,3DNN,A|C|D|F|G|I,1,potential_complex_homomer
1kir_B:A|C,AB,B:A,1CIC,D:C,1,additional_chains
3ixy_I:J|B,AG,B,1OKE,A|B,1,potenial_homomer
3ixy_I:J|B,AG,B,1OAN,A|B,1,potenial_homomer
3ixy_I:J|B,AG,B,1TG8,A|A,1,potenial_homomer
3ixy_I:J|B,AG,B,1OK8,A|A|A,1,potenial_homomer
3zkm_H:L|A,AG,A,2EWY,A|B,5,potenial_homomer
3zkm_H:L|A,AG,A,2EWY,C|D,6,potenial_homomer
5xcr_A:B|C,AB,A:B,4NR2,A:A|B:B,1,potential_complex_homomer
5xcr_A:B|C,AB,A:B,4NR2,C:C|D:D,2,potential_complex_homomer
5xcr_A:B|C,AB,A:B,4NR2,E:E|F:F,3,potential_complex_homomer
5xcr_A:B|C,AB,A:B,4NR2,G:G|H:H,4,potential_complex_homomer
2hlf_E:F|B,AG,B,4FTP,A|A,1,potenial_homomer
2hlf_E:F|B,AG,B,1KPK,A|B,1,potenial_homomer
2hlf_E:F|B,AG,B,1KPK,C|D,2,potenial_homomer
2hlf_E:F|B,AG,B,1KPK,E|F,3,potenial_homomer
6bf7_E:F|B,AG,B,4PFC,A|B,1,potenial_homomer
6bf7_E:F|B,AG,B,4PF9,A|B,1,potenial_homomer
6bf7_E:F|B,AG,B,4PF7,A|B,1,potenial_homomer
6n8d_F:E|C,AG,C,4OOV,A|B,1,potenial_homomer
6n8d_F:E|C,AG,C,4OPV,A|B,1,potenial_homomer
6n8d_F:E|C,AG,C,4OPS,A|B,1,potenial_homomer
6dfi_H:L|E,AG,E,5LBV,A|B,1,potenial_homomer
6dfi_H:L|E,AG,E,5JHM,A|B,1,potenial_homomer
4plk_H:L|A,AG,A,3IYO,A|B|D|A|B|D|A|B|D|A|B|D|A|B|D|A|B|D|A|B|D|A|B|D|A|B|D|A|B|D|A|B|D|A|B|D|A|B|D|A|B|D|A|B|D|A|B|D|A|B|D|A|B|D|A|B|D|A|B|D|A|B|D|A|B|D|A|B|D|A|B|D|A|B|D|A|B|D|A|B|D|A|B|D|A|B|D|A|B|D|A|B|D|A|B|D|A|B|D|A|B|D|A|B|D|A|B|D|A|B|D|A|B|D|A|B|D|A|B|D|A|B|D|A|B|D|A|B|D|A|B|D|A|B|D|A|B|D|A|B|D|A|B|D|A|B|D|A|B|D|A|B|D|A|B|D|A|B|D|A|B|D|A|B|D|A|B|D|A|B|D|A|B|D|A|B|D|A|B|D,1,potenial_homomer
4plk_H:L|A,AG,A,6LAT,A|A|A|A|A|A|A|A|A|A|A|A|A|A|A|A|A|A|A|A|A|A|A|A|A|A|A|A|A|A|A|A|A|A|A|A|A|A|A|A|A|A|A|A|A|A|A|A|A|A|A|A|A|A|A|A|A|A|A|A,1,potenial_homomer
4plk_H:L|A,AG,A,3GGQ,A|A,1,potenial_homomer
4plk_H:L|A,AG,A,2ZZQ,A|A|A|A|A|A|A|A|A|A|A|A|A|A|A|A|A|A|A|A|A|A|A|A|A|A|A|A|A|A|A|A|A|A|A|A|A|A|A|A|A|A|A|A|A|A|A|A|A|A|A|A|A|A|A|A|A|A|A|A,1,potenial_homomer
4plk_H:L|A,AG,A,6LB0,A|A|A|A|A|A|A|A|A|A|A|A|A|A|A|A|A|A|A|A|A|A|A|A|A|A|A|A|A|A|A|A|A|A|A|A|A|A|A|A|A|A|A|A|A|A|A|A|A|A|A|A|A|A|A|A|A|A|A|A,1,potenial_homomer
4kuc_F:E|I,AG,I,4HUO,X|X,2,potenial_homomer
4kuc_F:E|I,AG,I,2VC4,A|A,1,potenial_homomer
4kuc_F:E|I,AG,I,1UQ5,A|A,1,potenial_homomer
4zff_H:L|D,AG,D,1MKK,A|B,1,potenial_homomer
4zff_H:L|D,AG,D,4KZN,A|A,1,potenial_homomer
4zff_H:L|D,AG,D,3QTK,A|D,1,potenial_homomer
4zff_H:L|D,AG,D,3QTK,B|C,2,potenial_homomer
4zff_H:L|D,AG,D,3QTK,E|F,3,potenial_homomer
6j11_D:E|C,AG,C,6Q04,A|B|C,1,potenial_homomer
5wk3_Q:P|A,AG,A,1NR4,A|B,1,potenial_homomer
5wk3_Q:P|A,AG,A,1NR4,C|D,2,potenial_homomer
5wk3_Q:P|A,AG,A,1NR4,E|F,3,potenial_homomer
5wk3_Q:P|A,AG,A,1NR4,G|H,4,potenial_homomer
5wk3_Q:P|A,AG,A,1NR4,A|B|C|D|E|F|G|H,5,potenial_homomer
4i9w_E:D|A,AG,A,3UM7,A|B,1,potenial_homomer
4i9w_E:D|A,AG,A,4RUE,A|B,1,potenial_homomer
4i9w_E:D|A,AG,A,4RUF,A|B,1,potenial_homomer
5b71_D:C|F,AG,F,3CU7,A|B,3,potenial_homomer
6apd_H:I|B,AG,B,6EAD,F|F|F,1,potenial_homomer
6apd_H:I|B,AG,B,6EAE,F|F|F,1,potenial_homomer
4plj_D:C|B,AG,B,3HAG,A|A|A|A|A|A|A|A|A|A|A|A|A|A|A|A|A|A|A|A|A|A|A|A|A|A|A|A|A|A|A|A|A|A|A|A|A|A|A|A|A|A|A|A|A|A|A|A|A|A|A|A|A|A|A|A|A|A|A|A,1,potenial_homomer
4plj_D:C|B,AG,B,3RKC,A|B,1,potenial_homomer
5a1z_I:J|E,AG,E,1OKE,A|B,1,potenial_homomer
5a1z_I:J|E,AG,E,1OAN,A|B,1,potenial_homomer
5a1z_I:J|E,AG,E,1TG8,A|A,1,potenial_homomer
5a1z_I:J|E,AG,E,1OK8,A|A|A,1,potenial_homomer
3ogc_A:B|C,AG,C,2QTO,A|B|C|D,1,potenial_homomer
3ogc_A:B|C,AG,C,3IFX,A|B|C|D,1,potenial_homomer
3ogc_A:B|C,AG,C,3IFX,A|B|C|D|A|B|C|D,2,potenial_homomer
4oii_I:M|B,AG,B,4OIE,A|A,1,potenial_homomer
4oii_I:M|B,AG,B,4O6D,A|B,1,potenial_homomer
4oii_I:M|B,AG,B,4O6C,A|B,1,potenial_homomer
4oii_I:M|B,AG,B,4O6C,C|D,2,potenial_homomer
4oii_I:M|B,AG,B,4O6C,E|F,3,potenial_homomer
6h06_A:B|K,AG,K,6NWP,A|B|C|D|E|F,1,potenial_homomer
4xwo_W:X|T,AG,T,2WOJ,C|D,1,potenial_homomer
4xwo_W:X|T,AG,T,2WOJ,A|B,2,potenial_homomer
4xwo_W:X|T,AG,T,3H84,A|B,1,potenial_homomer
4xwo_W:X|T,AG,T,3H84,A|B|A|B,2,potenial_homomer
4j4p_H:L|A,AG,A,2WQR,A|B,1,potenial_homomer
4j4p_H:L|A,AG,A,5MOK,A|B|C|D,1,potenial_homomer
4j4p_H:L|A,AG,A,5MOL,A|B,1,potenial_homomer
5j3h_C:D|E,AG,E,2HR7,A|B,1,potenial_homomer
5j3h_C:D|E,AG,E,4XST,E,1,additional_chains
5j3h_C:D|E,AG,E,4XST,E|E|E|E|E|E,2,potential_complex_homomer
5j3h_C:D|E,AG,E,6HN4,E|F,1,potenial_homomer
6mb3_G:Q|E,AG,E,3VDL,A|B|C,4,potenial_homomer
6mb3_G:Q|E,AG,E,3VDJ,A|A|A,2,potenial_homomer
6mb3_G:Q|E,AG,E,3VDK,A|A|A,2,potenial_homomer
6sne_D:C|J,AG,J,3GWO,A|B,1,potenial_homomer
6sne_D:C|J,AG,J,2X7R,C,1,additional_chains
6sne_D:C|J,AG,J,2X7R,E,2,additional_chains
6sne_D:C|J,AG,J,2X7R,B,3,additional_chains
6sne_D:C|J,AG,J,3H01,A|B,1,potenial_homomer
6ch9_D:E|B,AG,B,3P7K,A|A|A,2,potenial_homomer
6ch9_D:E|B,AG,B,4HLR,A|A|A,1,potenial_homomer
4hg4_L:M|B,AG,B,3QQE,A|A|A,1,potential_complex_homomer
4hg4_L:M|B,AG,B,2WR7,A|B|C,1,potenial_homomer
4hg4_L:M|B,AG,B,3QQB,A|A|A,1,potential_complex_homomer
5oca_H:L|B:A,AG,B:A,6U2P,A:A|B:B,1,potential_complex_homomer
5oca_H:L|B:A,AG,B:A,6U26,A:A,1,additional_chains
5oca_H:L|B:A,AG,B:A,6U26,B:B,2,additional_chains
5oca_H:L|B:A,AG,B:A,2P4E,P:P,1,additional_chains
5oca_H:L|B:A,AG,B:A,2P4E,A:A,2,additional_chains
5oca_H:L|B:A,AG,B:A,2P4E,P:P|A:A,3,potential_complex_homomer
4bz1_H:L|A,AG,A,3WE1,A|B,1,potenial_homomer
6apd_K:M|B,AG,B,6EAD,F|F|F,1,potenial_homomer
6apd_K:M|B,AG,B,6EAE,F|F|F,1,potenial_homomer
5w3l_E:G|B:A:C,AG,B:A:C,1RUD,3:1:2|3:1:2|3:1:2|3:1:2|3:1:2|3:1:2|3:1:2|3:1:2|3:1:2|3:1:2|3:1:2|3:1:2|3:1:2|3:1:2|3:1:2|3:1:2|3:1:2|3:1:2|3:1:2|3:1:2|3:1:2|3:1:2|3:1:2|3:1:2|3:1:2|3:1:2|3:1:2|3:1:2|3:1:2|3:1:2|3:1:2|3:1:2|3:1:2|3:1:2|3:1:2|3:1:2|3:1:2|3:1:2|3:1:2|3:1:2|3:1:2|3:1:2|3:1:2|3:1:2|3:1:2|3:1:2|3:1:2|3:1:2|3:1:2|3:1:2|3:1:2|3:1:2|3:1:2|3:1:2|3:1:2|3:1:2|3:1:2|3:1:2|3:1:2|3:1:2,1,potential_complex_homomer
5w3l_E:G|B:A:C,AG,B:A:C,1RUE,3:1:2|3:1:2|3:1:2|3:1:2|3:1:2|3:1:2|3:1:2|3:1:2|3:1:2|3:1:2|3:1:2|3:1:2|3:1:2|3:1:2|3:1:2|3:1:2|3:1:2|3:1:2|3:1:2|3:1:2|3:1:2|3:1:2|3:1:2|3:1:2|3:1:2|3:1:2|3:1:2|3:1:2|3:1:2|3:1:2|3:1:2|3:1:2|3:1:2|3:1:2|3:1:2|3:1:2|3:1:2|3:1:2|3:1:2|3:1:2|3:1:2|3:1:2|3:1:2|3:1:2|3:1:2|3:1:2|3:1:2|3:1:2|3:1:2|3:1:2|3:1:2|3:1:2|3:1:2|3:1:2|3:1:2|3:1:2|3:1:2|3:1:2|3:1:2|3:1:2,1,potential_complex_homomer
5w3l_E:G|B:A:C,AG,B:A:C,1RUF,3:1:2|3:1:2|3:1:2|3:1:2|3:1:2|3:1:2|3:1:2|3:1:2|3:1:2|3:1:2|3:1:2|3:1:2|3:1:2|3:1:2|3:1:2|3:1:2|3:1:2|3:1:2|3:1:2|3:1:2|3:1:2|3:1:2|3:1:2|3:1:2|3:1:2|3:1:2|3:1:2|3:1:2|3:1:2|3:1:2|3:1:2|3:1:2|3:1:2|3:1:2|3:1:2|3:1:2|3:1:2|3:1:2|3:1:2|3:1:2|3:1:2|3:1:2|3:1:2|3:1:2|3:1:2|3:1:2|3:1:2|3:1:2|3:1:2|3:1:2|3:1:2|3:1:2|3:1:2|3:1:2|3:1:2|3:1:2|3:1:2|3:1:2|3:1:2|3:1:2,1,potential_complex_homomer
5w3l_E:G|B:A:C,AG,B:A:C,1RUI,3:1:2|3:1:2|3:1:2|3:1:2|3:1:2|3:1:2|3:1:2|3:1:2|3:1:2|3:1:2|3:1:2|3:1:2|3:1:2|3:1:2|3:1:2|3:1:2|3:1:2|3:1:2|3:1:2|3:1:2|3:1:2|3:1:2|3:1:2|3:1:2|3:1:2|3:1:2|3:1:2|3:1:2|3:1:2|3:1:2|3:1:2|3:1:2|3:1:2|3:1:2|3:1:2|3:1:2|3:1:2|3:1:2|3:1:2|3:1:2|3:1:2|3:1:2|3:1:2|3:1:2|3:1:2|3:1:2|3:1:2|3:1:2|3:1:2|3:1:2|3:1:2|3:1:2|3:1:2|3:1:2|3:1:2|3:1:2|3:1:2|3:1:2|3:1:2|3:1:2,1,potential_complex_homomer
5w3l_E:G|B:A:C,AG,B:A:C,1RUH,3:1:2|3:1:2|3:1:2|3:1:2|3:1:2|3:1:2|3:1:2|3:1:2|3:1:2|3:1:2|3:1:2|3:1:2|3:1:2|3:1:2|3:1:2|3:1:2|3:1:2|3:1:2|3:1:2|3:1:2|3:1:2|3:1:2|3:1:2|3:1:2|3:1:2|3:1:2|3:1:2|3:1:2|3:1:2|3:1:2|3:1:2|3:1:2|3:1:2|3:1:2|3:1:2|3:1:2|3:1:2|3:1:2|3:1:2|3:1:2|3:1:2|3:1:2|3:1:2|3:1:2|3:1:2|3:1:2|3:1:2|3:1:2|3:1:2|3:1:2|3:1:2|3:1:2|3:1:2|3:1:2|3:1:2|3:1:2|3:1:2|3:1:2|3:1:2|3:1:2,1,potential_complex_homomer
6ieb_E:F|B,AG,B,6F9C,A|C|E|G|I|K,1,potential_complex_homomer
5gmq_B:C|A,AG,A,6Q04,A|B|C,1,potenial_homomer
5mhr_R:Q|A,AG,A,2OJ5,A|B|C,1,potenial_homomer
5mhr_R:Q|A,AG,A,2OJ5,D|E|F,2,potenial_homomer
2x7l_E:F|R,AG,R,3LPH,A|B,1,potenial_homomer
2x7l_E:F|R,AG,R,3LPH,C|D,2,potenial_homomer
2x7l_E:F|R,AG,R,6BSY,A|B,1,potenial_homomer
5hj3_E:F|H:G,AG,H:G,6G95,B:A|B:A|B:A,1,potenial_homomer
5hj3_E:F|H:G,AG,H:G,6G9I,B:A|B:A|B:A,1,potenial_homomer
5kel_H:L|B,AG,B,6G95,B|B|B,1,potential_complex_homomer
5kel_H:L|B,AG,B,2EBO,A|B|C,1,potenial_homomer
5kel_H:L|B,AG,B,6G9I,B|B|B,1,potential_complex_homomer
4lvh_E:F|D,AG,D,6GOL,A|A|A,1,potenial_homomer
4liq_H:L|E,AG,E,5QU4,A|C,1,potenial_homomer
4liq_H:L|E,AG,E,5QU4,B|D,2,potenial_homomer
4liq_H:L|E,AG,E,5QU3,A|B,1,potenial_homomer
4liq_H:L|E,AG,E,5QU8,A|A,1,potenial_homomer
6mlm_F:G|B,AG,B,3M5G,A|C|E,1,potential_complex_homomer
6mlm_F:G|B,AG,B,3M5J,A|C|E,1,potential_complex_homomer
4fg6_E:F|B,AG,B,4FTP,A|A,1,potenial_homomer
4fg6_E:F|B,AG,B,1KPK,A|B,1,potenial_homomer
4fg6_E:F|B,AG,B,1KPK,C|D,2,potenial_homomer
4fg6_E:F|B,AG,B,1KPK,E|F,3,potenial_homomer
4zs7_H:L|A,AG,A,1ALU,A|A,1,potenial_homomer
4zs7_H:L|A,AG,A,1ALU,A|A,2,potenial_homomer
6h06_C:D|G,AG,G,6NWP,A|B|C|D|E|F,1,potenial_homomer
1tqc_B:C|A,AG,A,4HLS,A|B,3,potenial_homomer
1tqc_B:C|A,AG,A,4HMR,A|B,3,potenial_homomer
5t5n_G:F|E,AG,E,6N25,A|B|C|D|E,1,potenial_homomer
6bft_H:L|C,AG,C,1MKK,A|B,1,potenial_homomer
6bft_H:L|C,AG,C,4KZN,A|A,1,potenial_homomer
6bft_H:L|C,AG,C,3QTK,A|D,1,potenial_homomer
6bft_H:L|C,AG,C,3QTK,B|C,2,potenial_homomer
6bft_H:L|C,AG,C,3QTK,E|F,3,potenial_homomer
5bk1_H:L|A,AG,A,6LES,A|B,1,potenial_homomer
5bk1_H:L|A,AG,A,6LES,X|Y,2,potenial_homomer
4xwo_C:D|A,AG,A,2WOJ,C|D,1,potenial_homomer
4xwo_C:D|A,AG,A,2WOJ,A|B,2,potenial_homomer
4xwo_C:D|A,AG,A,3H84,A|B,1,potenial_homomer
4xwo_C:D|A,AG,A,3H84,A|B|A|B,2,potenial_homomer
6nfv_A:B|C,AG,C,2QTO,A|B|C|D,1,potenial_homomer
6nfv_A:B|C,AG,C,3IFX,A|B|C|D,1,potenial_homomer
6nfv_A:B|C,AG,C,3IFX,A|B|C|D|A|B|C|D,2,potenial_homomer
6sne_H:L|P,AG,P,3GWO,A|B,1,potenial_homomer
6sne_H:L|P,AG,P,2X7R,C,1,additional_chains
6sne_H:L|P,AG,P,2X7R,E,2,additional_chains
6sne_H:L|P,AG,P,2X7R,B,3,additional_chains
6sne_H:L|P,AG,P,3H01,A|B,1,potenial_homomer
5xj3_D:E|F,AG,F,3OSK,A|B,1,potenial_homomer
5xj3_D:E|F,AG,F,2X44,D|D,1,potenial_homomer
5mhr_M:L|D,AG,D,2OJ5,A|B|C,1,potenial_homomer
5mhr_M:L|D,AG,D,2OJ5,D|E|F,2,potenial_homomer
5hhv_H:L|A,AG,A,4HR9,A|B,1,potenial_homomer
5kel_M:O|F,AG,F,6G95,A|A|A,1,potential_complex_homomer
5kel_M:O|F,AG,F,6G9I,A|A|A,1,potential_complex_homomer
5x8l_F:K|A,AG,A,6NP9,A|A,1,potenial_homomer
5x8l_F:K|A,AG,A,4Z18,A|B,1,potenial_homomer
5x8l_F:K|A,AG,A,5NIU,A|B,1,potenial_homomer
5x8l_F:K|A,AG,A,5NIU,C|D,2,potenial_homomer
4plk_D:C|B,AG,B,3IYO,A|B|D|A|B|D|A|B|D|A|B|D|A|B|D|A|B|D|A|B|D|A|B|D|A|B|D|A|B|D|A|B|D|A|B|D|A|B|D|A|B|D|A|B|D|A|B|D|A|B|D|A|B|D|A|B|D|A|B|D|A|B|D|A|B|D|A|B|D|A|B|D|A|B|D|A|B|D|A|B|D|A|B|D|A|B|D|A|B|D|A|B|D|A|B|D|A|B|D|A|B|D|A|B|D|A|B|D|A|B|D|A|B|D|A|B|D|A|B|D|A|B|D|A|B|D|A|B|D|A|B|D|A|B|D|A|B|D|A|B|D|A|B|D|A|B|D|A|B|D|A|B|D|A|B|D|A|B|D|A|B|D|A|B|D|A|B|D|A|B|D|A|B|D|A|B|D|A|B|D,1,potenial_homomer
4plk_D:C|B,AG,B,6LAT,A|A|A|A|A|A|A|A|A|A|A|A|A|A|A|A|A|A|A|A|A|A|A|A|A|A|A|A|A|A|A|A|A|A|A|A|A|A|A|A|A|A|A|A|A|A|A|A|A|A|A|A|A|A|A|A|A|A|A|A,1,potenial_homomer
4plk_D:C|B,AG,B,3GGQ,A|A,1,potenial_homomer
4plk_D:C|B,AG,B,2ZZQ,A|A|A|A|A|A|A|A|A|A|A|A|A|A|A|A|A|A|A|A|A|A|A|A|A|A|A|A|A|A|A|A|A|A|A|A|A|A|A|A|A|A|A|A|A|A|A|A|A|A|A|A|A|A|A|A|A|A|A|A,1,potenial_homomer
4plk_D:C|B,AG,B,6LB0,A|A|A|A|A|A|A|A|A|A|A|A|A|A|A|A|A|A|A|A|A|A|A|A|A|A|A|A|A|A|A|A|A|A|A|A|A|A|A|A|A|A|A|A|A|A|A|A|A|A|A|A|A|A|A|A|A|A|A|A,1,potenial_homomer
5k9k_H:L|F,AG,F,6BKO,B|B|B,2,potenial_homomer
5k9k_H:L|F,AG,F,6BKO,B|B|B,3,potential_complex_homomer
5k9k_H:L|F,AG,F,6GOL,A|A|A,1,potenial_homomer
5k9k_H:L|F,AG,F,6BKS,B|B|B,2,potenial_homomer
5k9k_H:L|F,AG,F,6BKS,B|B|B,3,potential_complex_homomer
5k9k_H:L|F,AG,F,6BKN,B|B|B,2,potenial_homomer
5k9k_H:L|F,AG,F,6BKN,B|B|B,3,potential_complex_homomer
5k9k_H:L|F,AG,F,6BKT,B|B|B,2,potenial_homomer
5k9k_H:L|F,AG,F,6BKT,B|B|B,3,potential_complex_homomer
2htk_E:F|B,AG,B,4FTP,A|A,1,potenial_homomer
2htk_E:F|B,AG,B,1KPK,A|B,1,potenial_homomer
2htk_E:F|B,AG,B,1KPK,C|D,2,potenial_homomer
2htk_E:F|B,AG,B,1KPK,E|F,3,potenial_homomer
4tqe_H:L|A,AG,A,6NWP,A|B|C|D|E|F,1,potenial_homomer
4hc1_H:L|A,AG,A,4HBQ,A|B,3,potenial_homomer
2q8b_H:L|A,AG,A,1Z40,A|E,1,potenial_homomer
5k59_E:F|B,AG,B,4TW1,A|C|E|G,1,potential_complex_homomer
5k59_E:F|B,AG,B,4TW1,I|K|M|O,2,potential_complex_homomer
1ott_E:F|B,AG,B,4FTP,A|A,1,potenial_homomer
1ott_E:F|B,AG,B,1KPK,A|B,1,potenial_homomer
1ott_E:F|B,AG,B,1KPK,C|D,2,potenial_homomer
1ott_E:F|B,AG,B,1KPK,E|F,3,potenial_homomer
3hi1_H:L|G,AG,G,3DNN,A|C|D|F|G|I,1,potential_complex_homomer
6k5d_C:D|A,AG,A,4FTP,A|A,1,potenial_homomer
6k5d_C:D|A,AG,A,1KPK,A|B,1,potenial_homomer
6k5d_C:D|A,AG,A,1KPK,C|D,2,potenial_homomer
6k5d_C:D|A,AG,A,1KPK,E|F,3,potenial_homomer
3ldb_C:B|A,AG,A,3K2O,A|B,1,potenial_homomer
3ldb_C:B|A,AG,A,6GDY,A|B,1,potenial_homomer
5dfv_E:F|B,AG,B,3X0E,A|B,1,potenial_homomer
5dfv_E:F|B,AG,B,1G8Q,A|B,1,potenial_homomer
5dfv_E:F|B,AG,B,5M33,A|B,1,potenial_homomer
5ken_C:D|B,AG,B,6G95,B|B|B,1,potential_complex_homomer
5ken_C:D|B,AG,B,2EBO,A|B|C,1,potenial_homomer
5ken_C:D|B,AG,B,6G9I,B|B|B,1,potential_complex_homomer
3gb7_A:B|C,AG,C,2QTO,A|B|C|D,1,potenial_homomer
3gb7_A:B|C,AG,C,3IFX,A|B|C|D,1,potenial_homomer
3gb7_A:B|C,AG,C,3IFX,A|B|C|D|A|B|C|D,2,potenial_homomer
5mp3_A:B|C,AG,C,6NWP,A|B|C|D|E|F,1,potenial_homomer
4zxb_C:D|E,AG,E,2HR7,A|B,1,potenial_homomer
4zxb_C:D|E,AG,E,4XST,E,1,additional_chains
4zxb_C:D|E,AG,E,4XST,E|E|E|E|E|E,2,potential_complex_homomer
5fec_A:B|D,AG,D,3DNN,A|D|G,1,potential_complex_homomer
4wv1_E:D|F,AG,F,3CAF,A|A,1,potenial_homomer
4wv1_E:D|F,AG,F,3EUU,A|B,3,potenial_homomer
1s5h_B:A|C,AG,C,2QTO,A|B|C|D,1,potenial_homomer
1s5h_B:A|C,AG,C,3IFX,A|B|C|D,1,potenial_homomer
1s5h_B:A|C,AG,C,3IFX,A|B|C|D|A|B|C|D,2,potenial_homomer
6q23_J:K|B,AG,B,3TI4,A|B|A|B,1,potenial_homomer
6q23_J:K|B,AG,B,6G01,A|A|B|B,1,potenial_homomer
6q23_J:K|B,AG,B,6G01,B|B|A|A,2,potenial_homomer
6q23_J:K|B,AG,B,5NZ4,B|B|A|A,1,potenial_homomer
6q23_J:K|B,AG,B,5NZ4,A|A|B|B,2,potenial_homomer
6rps_N:M|B,AG,B,6G5L,A|B,1,potenial_homomer
6rps_N:M|B,AG,B,6G5L,C|D,2,potenial_homomer
6rps_N:M|B,AG,B,5MSA,A|B,1,potenial_homomer
6rps_N:M|B,AG,B,5MSA,C|D,2,potenial_homomer
3or6_A:B|C,AG,C,2QTO,A|B|C|D,1,potenial_homomer
3or6_A:B|C,AG,C,3IFX,A|B|C|D,1,potenial_homomer
3or6_A:B|C,AG,C,3IFX,A|B|C|D|A|B|C|D,2,potenial_homomer
5wob_O:P|D,AG,D,4PFC,A|B,1,potenial_homomer
5wob_O:P|D,AG,D,4PF9,A|B,1,potenial_homomer
5wob_O:P|D,AG,D,4PF7,A|B,1,potenial_homomer
5xcr_D:E|F,AB,D:E,4NR2,A:A|B:B,1,potential_complex_homomer
5xcr_D:E|F,AB,D:E,4NR2,C:C|D:D,2,potential_complex_homomer
5xcr_D:E|F,AB,D:E,4NR2,E:E|F:F,3,potential_complex_homomer
5xcr_D:E|F,AB,D:E,4NR2,G:G|H:H,4,potential_complex_homomer
3ixy_G:H|A,AG,A,1OKE,A|B,1,potenial_homomer
3ixy_G:H|A,AG,A,1OAN,A|B,1,potenial_homomer
3ixy_G:H|A,AG,A,1TG8,A|A,1,potenial_homomer
3ixy_G:H|A,AG,A,1OK8,A|A|A,1,potenial_homomer
4xwo_K:L|H,AG,H,2WOJ,C|D,1,potenial_homomer
4xwo_K:L|H,AG,H,2WOJ,A|B,2,potenial_homomer
4xwo_K:L|H,AG,H,3H84,A|B,1,potenial_homomer
4xwo_K:L|H,AG,H,3H84,A|B|A|B,2,potenial_homomer
4hlz_G:H|B:A,AG,B:A,3QQE,B:A|B:A|B:A,1,potenial_homomer
4hlz_G:H|B:A,AG,B:A,2WR7,A:A|B:B|C:C,1,potential_complex_homomer
4hlz_G:H|B:A,AG,B:A,3QQB,B:A|B:A|B:A,1,potenial_homomer
5w9h_B:C|A,AG,A,4NCU,A|A|A,1,potenial_homomer
5w9h_B:C|A,AG,A,4NCW,A|B|C,1,potenial_homomer
1nmc_B:C|A,AG,A,6D3B,A|A|A|A,1,potenial_homomer
1nmc_B:C|A,AG,A,1F8D,A|A|A|A,1,potenial_homomer
1nmc_B:C|A,AG,A,6HFC,A|A|A|A,1,potenial_homomer
1nmc_B:C|A,AG,A,6HG0,A|A|A|A,1,potenial_homomer
1nmc_B:C|A,AG,A,6HCX,A|A|A|A,1,potenial_homomer
3kj4_C:B|D,AG,D,5O0O,A|B|C|D|E|F|G|H,1,potenial_homomer
3hpl_A:B|C,AG,C,2QTO,A|B|C|D,1,potenial_homomer
3hpl_A:B|C,AG,C,1BL8,A|B|C|D,1,potenial_homomer
3whe_W:X|F,AG,F,6BKO,B|B|B,2,potenial_homomer
3whe_W:X|F,AG,F,6BKO,B|B|B,3,potential_complex_homomer
3whe_W:X|F,AG,F,6GOL,A|A|A,1,potenial_homomer
3whe_W:X|F,AG,F,6BKS,B|B|B,2,potenial_homomer
3whe_W:X|F,AG,F,6BKS,B|B|B,3,potential_complex_homomer
3whe_W:X|F,AG,F,6BKN,B|B|B,2,potenial_homomer
3whe_W:X|F,AG,F,6BKN,B|B|B,3,potential_complex_homomer
3whe_W:X|F,AG,F,6BKT,B|B|B,2,potenial_homomer
3whe_W:X|F,AG,F,6BKT,B|B|B,3,potential_complex_homomer
3bkj_H:L|A,AG,A,5BUO,A|B,1,potenial_homomer
3bkj_H:L|A,AG,A,5OQV,A|B|C|D|E|F|G|H|I,1,potenial_homomer
1fsk_L:K|J,AG,J,4BKD,A|A,1,potenial_homomer
5vk6_A:B|C,AG,C,1JVM,A|B|C|D,1,potenial_homomer
5vk6_A:B|C,AG,C,1JVM,A|B|C|D|A|B|C|D,2,potenial_homomer
5vk6_A:B|C,AG,C,1J95,A|B|C|D,1,potenial_homomer
5dur_B:D|A,AG,A,4KWM,A|A|A,1,potential_complex_homomer
5dur_B:D|A,AG,A,4KWM,C|C|C,2,potential_complex_homomer
5dur_B:D|A,AG,A,4KWM,E|E|E,3,potential_complex_homomer
5dur_B:D|A,AG,A,6NTF,A|A|A,1,potenial_homomer
5d8j_H:L|A,AG,A,1ADL,A|A,1,potenial_homomer
5d8j_H:L|A,AG,A,1LIC,A|A,1,potenial_homomer
5d8j_H:L|A,AG,A,1LIE,A|A,1,potenial_homomer
5d8j_H:L|A,AG,A,1LIF,A|A,1,potenial_homomer
2exy_E:F|B,AG,B,4FTP,A|A,1,potenial_homomer
2exy_E:F|B,AG,B,1KPK,A|B,1,potenial_homomer
2exy_E:F|B,AG,B,1KPK,C|D,2,potenial_homomer
2exy_E:F|B,AG,B,1KPK,E|F,3,potenial_homomer
3ztn_H:L|B:A,AG,B:A,3M6S,B:A|D:C|F:E,1,potenial_homomer
3ztn_H:L|B:A,AG,B:A,3M6S,H:G|J:I|L:K,2,potenial_homomer
2boc_A:B|C,AG,C,2QTO,A|B|C|D,1,potenial_homomer
2boc_A:B|C,AG,C,3IFX,A|B|C|D,1,potenial_homomer
2boc_A:B|C,AG,C,3IFX,A|B|C|D|A|B|C|D,2,potenial_homomer
5wk3_U:T|C,AG,C,1NR4,A|B,1,potenial_homomer
5wk3_U:T|C,AG,C,1NR4,C|D,2,potenial_homomer
5wk3_U:T|C,AG,C,1NR4,E|F,3,potenial_homomer
5wk3_U:T|C,AG,C,1NR4,G|H,4,potenial_homomer
5wk3_U:T|C,AG,C,1NR4,A|B|C|D|E|F|G|H,5,potenial_homomer
2nr6_F:E|B,AG,B,4RLD,A|B,5,potenial_homomer
2nr6_F:E|B,AG,B,4RLD,C|D,6,potenial_homomer
6flc_B:A|I,AG,I,1OKE,A|B,1,potenial_homomer
6flc_B:A|I,AG,I,1OAN,A|B,1,potenial_homomer
6flc_B:A|I,AG,I,1TG8,A|A,1,potenial_homomer
6flc_B:A|I,AG,I,1OK8,A|A|A,1,potenial_homomer
5b3j_E:F|C,AG,C,3JPW,A|A,2,potenial_homomer
5b3j_E:F|C,AG,C,3JPY,A|A,2,potenial_homomer
5w9l_E:F|D,AG,D,4NCU,A|A|A,1,potenial_homomer
5w9l_E:F|D,AG,D,4NCW,A|B|C,1,potenial_homomer
2j6e_H:L|A,AG,A,5HSF,A|B,1,potenial_homomer
2j6e_H:L|A,AG,A,5HYF,A|A,1,potenial_homomer
2j6e_H:L|A,AG,A,5JII,A|B,1,potenial_homomer
3zkm_C:D|B,AG,B,2EWY,A|B,5,potenial_homomer
3zkm_C:D|B,AG,B,2EWY,C|D,6,potenial_homomer
4rau_N:M|O,AG,O,1F9Q,A|B|C|D,1,potenial_homomer
4rau_N:M|O,AG,O,4HSV,A|B|C|D,1,potenial_homomer
4ffy_H:L|A,AG,A,3IRC,A|A|A,2,potenial_homomer
4ffy_H:L|A,AG,A,4GSX,A|A|A,1,potenial_homomer
4ffy_H:L|A,AG,A,4GSX,B|B|B,2,potenial_homomer
4ffy_H:L|A,AG,A,3G7T,A|A|A,1,potenial_homomer
4ffy_H:L|A,AG,A,3J05,A|B|C|A|B|C|A|B|C|A|B|C|A|B|C|A|B|C|A|B|C|A|B|C|A|B|C|A|B|C|A|B|C|A|B|C|A|B|C|A|B|C|A|B|C|A|B|C|A|B|C|A|B|C|A|B|C|A|B|C|A|B|C|A|B|C|A|B|C|A|B|C|A|B|C|A|B|C|A|B|C|A|B|C|A|B|C|A|B|C|A|B|C|A|B|C|A|B|C|A|B|C|A|B|C|A|B|C|A|B|C|A|B|C|A|B|C|A|B|C|A|B|C|A|B|C|A|B|C|A|B|C|A|B|C|A|B|C|A|B|C|A|B|C|A|B|C|A|B|C|A|B|C|A|B|C|A|B|C|A|B|C|A|B|C|A|B|C|A|B|C|A|B|C|A|B|C|A|B|C,1,potenial_homomer
2r29_H:L|A,AG,A,1OKE,A|B,1,potenial_homomer
2r29_H:L|A,AG,A,1OAN,A|B,1,potenial_homomer
2r29_H:L|A,AG,A,1TG8,A|A,1,potenial_homomer
2r29_H:L|A,AG,A,1OK8,A|A|A,1,potenial_homomer
4qci_H:L|C,AG,C,1PDG,A|B,1,potenial_homomer
4qci_H:L|C,AG,C,1PDG,C|C,2,potenial_homomer
4edx_H:L|V,AG,V,6XUO,A|A,1,potenial_homomer
4edx_H:L|V,AG,V,4EFV,A|B,1,potenial_homomer
5udc_E:G|D,AG,D,5EA4,F|F|F,1,potenial_homomer
5udc_E:G|D,AG,D,5KWW,F|F|F,1,potenial_homomer
5udc_E:G|D,AG,D,6EAK,F|F|F,1,potenial_homomer
5udc_E:G|D,AG,D,6EAM,F|F|F,1,potenial_homomer
5udc_E:G|D,AG,D,6EAL,F|F|F,1,potenial_homomer
4edx_B:A|W,AG,W,6XUO,A|A,1,potenial_homomer
4edx_B:A|W,AG,W,4EFV,A|B,1,potenial_homomer
1ors_B:A|C,AG,C,6UWM,A|C|B|D,1,potenial_homomer
5vpg_D:C|A,AG,A,2AS8,A|B,1,potenial_homomer
5vjq_G:H|L,AG,L,1IAK,P,1,additional_chains
5ugy_H:L|A,AG,A,4EDB,A|C|E,1,potential_complex_homomer
6n5d_L:N|K,AG,K,6BKQ,A|C|E,1,potenial_homomer
6n5d_L:N|K,AG,K,6BKQ,A|C|E,3,potential_complex_homomer
6n5d_L:N|K,AG,K,6BKM,A|C|E,1,potenial_homomer
6n5d_L:N|K,AG,K,6BKM,A|C|E,3,potential_complex_homomer
1ken_H:L|A,AG,A,6BKQ,A|C|E,1,potenial_homomer
1ken_H:L|A,AG,A,6BKQ,A|C|E,3,potential_complex_homomer
1ken_H:L|A,AG,A,6BKM,A|C|E,1,potenial_homomer
1ken_H:L|A,AG,A,6BKM,A|C|E,3,potential_complex_homomer
2nlj_B:A|C,AG,C,2QTO,A|B|C|D,1,potenial_homomer
2nlj_B:A|C,AG,C,3IFX,A|B|C|D,1,potenial_homomer
2nlj_B:A|C,AG,C,3IFX,A|B|C|D|A|B|C|D,2,potenial_homomer
6apd_D:E|A,AG,A,6EAD,F|F|F,1,potenial_homomer
6apd_D:E|A,AG,A,6EAE,F|F|F,1,potenial_homomer
4i2x_B:A|E,AG,E,2JJW,A|A,1,potenial_homomer
6bfq_C:D|G,AG,G,1CSG,A|B,1,potenial_homomer
6sne_F:E|N,AG,N,3GWO,A|B,1,potenial_homomer
6sne_F:E|N,AG,N,2X7R,C,1,additional_chains
6sne_F:E|N,AG,N,2X7R,E,2,additional_chains
6sne_F:E|N,AG,N,2X7R,B,3,additional_chains
6sne_F:E|N,AG,N,3H01,A|B,1,potenial_homomer
4hg4_V:W|G,AG,G,3QQE,A|A|A,1,potential_complex_homomer
4hg4_V:W|G,AG,G,2WR7,A|B|C,1,potenial_homomer
4hg4_V:W|G,AG,G,3QQB,A|A|A,1,potential_complex_homomer
3o45_H:L|P,AG,P,5EA4,F|F|F,1,potenial_homomer
3o45_H:L|P,AG,P,5KWW,F|F|F,1,potenial_homomer
3o45_H:L|P,AG,P,6Q0S,F|F|F,1,potenial_homomer
3o45_H:L|P,AG,P,5C69,A|A|A|A|A|A,1,potenial_homomer
3o45_H:L|P,AG,P,5C6B,F|F|F|F|F|F,1,potenial_homomer
5yoy_I:F|A,AG,A,5UUI,A|A|A,1,potenial_homomer
5yoy_I:F|A,AG,A,2AZ5,A|B|C|D,1,potenial_homomer
5yoy_I:F|A,AG,A,4TSV,A|A|A,1,potenial_homomer
4pp2_D:C|E,AG,E,2AS8,A|B,1,potenial_homomer
5tru_h:l|c,AG,c,3OSK,A|B,1,potenial_homomer
5tru_h:l|c,AG,c,2X44,D|D,1,potenial_homomer
6niu_M:N|E,AG,E,5JHM,A|B,1,potenial_homomer
6ocb_H:L|A,AG,A,6BKQ,A|C|E,1,potenial_homomer
6ocb_H:L|A,AG,A,6BKQ,A|C|E,3,potential_complex_homomer
6ocb_H:L|A,AG,A,6BKM,A|C|E,1,potenial_homomer
6ocb_H:L|A,AG,A,6BKM,A|C|E,3,potential_complex_homomer
3wd5_H:L|A,AG,A,5UUI,A|A|A,1,potenial_homomer
3wd5_H:L|A,AG,A,2AZ5,A|B|C|D,1,potenial_homomer
3wd5_H:L|A,AG,A,4TSV,A|A|A,1,potenial_homomer
6k5f_E:F|B,AG,B,4FTP,A|A,1,potenial_homomer
6k5f_E:F|B,AG,B,1KPK,A|B,1,potenial_homomer
6k5f_E:F|B,AG,B,1KPK,C|D,2,potenial_homomer
6k5f_E:F|B,AG,B,1KPK,E|F,3,potenial_homomer
2hrp_H:L|P,AB,H:L,1MF2,H:L|N:M,1,potenial_homomer
2hrp_H:L|P,AG,P,6CDJ,A|B,1,potenial_homomer
2hrp_H:L|P,AG,P,6IXD,A|B,1,potenial_homomer
2hrp_H:L|P,AG,P,6U7P,A|B,1,potenial_homomer
4m62_I:M|T,AG,T,3LF6,A|B,1,potenial_homomer
4m62_I:M|T,AG,T,3T43,A|B,1,potenial_homomer
5w9j_H:I|G,AG,G,4NCU,A|A|A,1,potenial_homomer
5w9j_H:I|G,AG,G,4NCW,A|B|C,1,potenial_homomer
6glw_H:L|A,AG,A,5XRO,A|A,1,potenial_homomer
6glw_H:L|A,AG,A,6GKS,A|A,1,potenial_homomer
6glw_H:L|A,AG,A,5XRH,A|A,1,potenial_homomer
6glw_H:L|A,AG,A,6QRN,A|A,1,potenial_homomer
6glw_H:L|A,AG,A,5XRG,A|A,1,potenial_homomer
3f7y_A:B|C,AG,C,2QTO,A|B|C|D,1,potenial_homomer
3f7y_A:B|C,AG,C,3IFX,A|B|C|D,1,potenial_homomer
3f7y_A:B|C,AG,C,3IFX,A|B|C|D|A|B|C|D,2,potenial_homomer
5xct_A:B|C,AB,A:B,4NR2,A:A|B:B,1,potential_complex_homomer
5xct_A:B|C,AB,A:B,4NR2,C:C|D:D,2,potential_complex_homomer
5xct_A:B|C,AB,A:B,4NR2,E:E|F:F,3,potential_complex_homomer
5xct_A:B|C,AB,A:B,4NR2,G:G|H:H,4,potential_complex_homomer
5w9o_B:C|A,AG,A,4NCU,A|A|A,1,potenial_homomer
5w9o_B:C|A,AG,A,4NCW,A|B|C,1,potenial_homomer
5vic_H:L|E,AG,E,3IRC,A|A|A,2,potenial_homomer
5vic_H:L|E,AG,E,4GSX,A|A|A,1,potenial_homomer
5vic_H:L|E,AG,E,4GSX,B|B|B,2,potenial_homomer
5vic_H:L|E,AG,E,3G7T,A|A|A,1,potenial_homomer
5vic_H:L|E,AG,E,3J05,A|B|C|A|B|C|A|B|C|A|B|C|A|B|C|A|B|C|A|B|C|A|B|C|A|B|C|A|B|C|A|B|C|A|B|C|A|B|C|A|B|C|A|B|C|A|B|C|A|B|C|A|B|C|A|B|C|A|B|C|A|B|C|A|B|C|A|B|C|A|B|C|A|B|C|A|B|C|A|B|C|A|B|C|A|B|C|A|B|C|A|B|C|A|B|C|A|B|C|A|B|C|A|B|C|A|B|C|A|B|C|A|B|C|A|B|C|A|B|C|A|B|C|A|B|C|A|B|C|A|B|C|A|B|C|A|B|C|A|B|C|A|B|C|A|B|C|A|B|C|A|B|C|A|B|C|A|B|C|A|B|C|A|B|C|A|B|C|A|B|C|A|B|C|A|B|C|A|B|C,1,potenial_homomer
1nma_H:L|N,AG,N,6D3B,A|A|A|A,1,potenial_homomer
1nma_H:L|N,AG,N,1F8D,A|A|A|A,1,potenial_homomer
1nma_H:L|N,AG,N,6HFC,A|A|A|A,1,potenial_homomer
1nma_H:L|N,AG,N,6HG0,A|A|A|A,1,potenial_homomer
1nma_H:L|N,AG,N,6HCX,A|A|A|A,1,potenial_homomer
3j6u_H:L|C:A,AG,C:A,3VTT,A:A,1,additional_chains
3j6u_H:L|C:A,AG,C:A,3VTT,B:B,2,additional_chains
3j6u_H:L|C:A,AG,C:A,1UZG,A:A|B:B,1,potential_complex_homomer
3jcx_H:L|A,AG,A,1C8E,A|A|A|A|A|A|A|A|A|A|A|A|A|A|A|A|A|A|A|A|A|A|A|A|A|A|A|A|A|A|A|A|A|A|A|A|A|A|A|A|A|A|A|A|A|A|A|A|A|A|A|A|A|A|A|A|A|A|A|A,1,potenial_homomer
3jcx_H:L|A,AG,A,2CAS,A|A|A|A|A|A|A|A|A|A|A|A|A|A|A|A|A|A|A|A|A|A|A|A|A|A|A|A|A|A|A|A|A|A|A|A|A|A|A|A|A|A|A|A|A|A|A|A|A|A|A|A|A|A|A|A|A|A|A|A,1,potenial_homomer
3jcx_H:L|A,AG,A,1C8F,A|A|A|A|A|A|A|A|A|A|A|A|A|A|A|A|A|A|A|A|A|A|A|A|A|A|A|A|A|A|A|A|A|A|A|A|A|A|A|A|A|A|A|A|A|A|A|A|A|A|A|A|A|A|A|A|A|A|A|A,1,potenial_homomer
3jcx_H:L|A,AG,A,6OAS,1|1|1|1|1|1|1|1|1|1|1|1|1|1|1|1|1|1|1|1|1|1|1|1|1|1|1|1|1|1|1|1|1|1|1|1|1|1|1|1|1|1|1|1|1|1|1|1|1|1|1|1|1|1|1|1|1|1|1|1,1,potenial_homomer
3jcx_H:L|A,AG,A,1C8G,A|A|A|A|A|A|A|A|A|A|A|A|A|A|A|A|A|A|A|A|A|A|A|A|A|A|A|A|A|A|A|A|A|A|A|A|A|A|A|A|A|A|A|A|A|A|A|A|A|A|A|A|A|A|A|A|A|A|A|A,1,potenial_homomer
4kka_E:F|B,AG,B,4FTP,A|A,1,potenial_homomer
4kka_E:F|B,AG,B,1KPK,A|B,1,potenial_homomer
4kka_E:F|B,AG,B,1KPK,C|D,2,potenial_homomer
4kka_E:F|B,AG,B,1KPK,E|F,3,potenial_homomer
5i9q_B:C|A,AG,A,3DNN,A|D|G,1,potential_complex_homomer
5ec2_A:B|C,AG,C,1JQ2,A|B|C|D,1,potenial_homomer
5uoe_S:T|D,AG,D,4PFC,A|B,1,potenial_homomer
5uoe_S:T|D,AG,D,4PF9,A|B,1,potenial_homomer
5uoe_S:T|D,AG,D,4PF7,A|B,1,potenial_homomer
5dmg_H:L|P,AG,P,6NWP,A|B|C|D|E|F,1,potenial_homomer
2qr0_H:G|J,AG,J,1MKK,A|B,1,potenial_homomer
2qr0_H:G|J,AG,J,4KZN,A|A,1,potenial_homomer
2qr0_H:G|J,AG,J,3QTK,A|D,1,potenial_homomer
2qr0_H:G|J,AG,J,3QTK,B|C,2,potenial_homomer
2qr0_H:G|J,AG,J,3QTK,E|F,3,potenial_homomer
4nhh_R:P|N,AG,N,5HSF,A|B,1,potenial_homomer
5vkh_A:B|C,AG,C,2QTO,A|B|C|D,1,potenial_homomer
5vkh_A:B|C,AG,C,1BL8,A|B|C|D,1,potenial_homomer
5vph_D:C|A,AG,A,2AS8,A|B,1,potenial_homomer
3hae_T:S|P:R,AB,T:S,3GJE,H:L|B:A,1,potenial_homomer
2wub_H:L|A,AG,A,1EPT,A,1,additional_chains
2bdn_H:L|A,AG,A,3IFD,A|A,1,potenial_homomer
2bdn_H:L|A,AG,A,1DOK,A|B,1,potenial_homomer
2bdn_H:L|A,AG,A,1DOK,A|B|A|B,2,potenial_homomer
2bdn_H:L|A,AG,A,1DOL,A|A|A|A,2,potenial_homomer
4kht_H:L|A,AG,A,5KA6,A|B|C,1,potenial_homomer
4kht_H:L|A,AG,A,5KA5,A|A|A,1,potenial_homomer
4kht_H:L|A,AG,A,5CN0,A|A|A,1,potenial_homomer
6b70_C:D|A,AG,A,4PFC,A|B,1,potenial_homomer
6b70_C:D|A,AG,A,4PF9,A|B,1,potenial_homomer
6b70_C:D|A,AG,A,4PF7,A|B,1,potenial_homomer
1k4d_A:B|C,AG,C,2QTO,A|B|C|D,1,potenial_homomer
1k4d_A:B|C,AG,C,3IFX,A|B|C|D,1,potenial_homomer
1k4d_A:B|C,AG,C,3IFX,A|B|C|D|A|B|C|D,2,potenial_homomer
4j4p_C:D|B,AG,B,2WQR,A|B,1,potenial_homomer
4j4p_C:D|B,AG,B,5MOK,A|B|C|D,1,potenial_homomer
4j4p_C:D|B,AG,B,5MOL,A|B,1,potenial_homomer
5t5n_I:H|A,AG,A,6N25,A|B|C|D|E,1,potenial_homomer
1fsk_F:E|D,AG,D,4BKD,A|A,1,potenial_homomer
5w9o_E:F|D,AG,D,4NCU,A|A|A,1,potenial_homomer
5w9o_E:F|D,AG,D,4NCW,A|B|C,1,potenial_homomer
5ebm_A:B|C,AG,C,2QTO,A|B|C|D,1,potenial_homomer
5ebm_A:B|C,AG,C,3IFX,A|B|C|D,1,potenial_homomer
5ebm_A:B|C,AG,C,3IFX,A|B|C|D|A|B|C|D,2,potenial_homomer
2jix_D:G|E,AG,E,1ERN,A|B,1,potenial_homomer
5do2_H:L|A,AG,A,6Q04,A|B|C,1,potenial_homomer
2otu_F:E|R,AB,F:E,2GSG,B:A|D:C,3,potenial_homomer
4ywg_I:M|Q,AG,Q,4Q0C,A|B,1,potenial_homomer
4ywg_I:M|Q,AG,Q,4Q0C,C|D,2,potenial_homomer
6njm_L:K|B,AG,B,5N6P,A|A,1,potenial_homomer
2x7l_H:L|N,AG,N,3LPH,A|B,1,potenial_homomer
2x7l_H:L|N,AG,N,3LPH,C|D,2,potenial_homomer
2x7l_H:L|N,AG,N,6BSY,A|B,1,potenial_homomer
1ott_C:D|A,AG,A,4FTP,A|A,1,potenial_homomer
1ott_C:D|A,AG,A,1KPK,A|B,1,potenial_homomer
1ott_C:D|A,AG,A,1KPK,C|D,2,potenial_homomer
1ott_C:D|A,AG,A,1KPK,E|F,3,potenial_homomer
6apb_H:L|C:A,AG,C:A,6OJ7,A:A|A:A|A:A,1,potenial_homomer
6apb_H:L|C:A,AG,C:A,6NTX,A:A|A:A|A:A,1,potenial_homomer
6apb_H:L|C:A,AG,C:A,6NTX,B:B|B:B|B:B,2,potenial_homomer
6apb_H:L|C:A,AG,C:A,3KPE,A:A|B:B|A:A|B:B|A:A|B:B,1,potential_complex_homomer
4xwo_E:F|B,AG,B,2WOJ,C|D,1,potenial_homomer
4xwo_E:F|B,AG,B,2WOJ,A|B,2,potenial_homomer
4xwo_E:F|B,AG,B,3H84,A|B,1,potenial_homomer
4xwo_E:F|B,AG,B,3H84,A|B|A|B,2,potenial_homomer
6h0e_A:B|K,AG,K,6NWP,A|B|C|D|E|F,1,potenial_homomer
3v6z_A:B|F,AG,F,5T2P,A|B|C|D|E|F,1,potenial_homomer
5f3h_C:D|I,AG,I,5NXS,A|B,1,potenial_homomer
5f3h_C:D|I,AG,I,5NTU,A|B,1,potenial_homomer
5f3h_C:D|I,AG,I,5JI1,A|B,1,potenial_homomer
6adb_E:F|B,AG,B,4FTP,A|A,1,potenial_homomer
6adb_E:F|B,AG,B,1KPK,A|B,1,potenial_homomer
6adb_E:F|B,AG,B,1KPK,C|D,2,potenial_homomer
6adb_E:F|B,AG,B,1KPK,E|F,3,potenial_homomer
4am0_E:F|Q,AG,Q,3WE1,A|B,1,potenial_homomer
3or7_A:B|C,AG,C,2QTO,A|B|C|D,1,potenial_homomer
3or7_A:B|C,AG,C,3IFX,A|B|C|D,1,potenial_homomer
3or7_A:B|C,AG,C,3IFX,A|B|C|D|A|B|C|D,2,potenial_homomer
6njm_P:O|D,AG,D,5N6P,A|A,1,potenial_homomer
5h32_K:L|B,AG,B,5JHM,A|B,1,potenial_homomer
5h32_K:L|B,AG,B,5LBV,A|B,1,potenial_homomer
1tet_H:L|P,AG,P,5ELB,A|B|C|D|E,1,potenial_homomer
1tet_H:L|P,AG,P,5ELB,F|G|H|I|J,2,potenial_homomer
6apd_N:O|A,AG,A,6EAD,F|F|F,1,potenial_homomer
6apd_N:O|A,AG,A,6EAE,F|F|F,1,potenial_homomer
5k59_H:L|A,AG,A,4TW1,A|C|E|G,1,potential_complex_homomer
5k59_H:L|A,AG,A,4TW1,I|K|M|O,2,potential_complex_homomer
2ht2_C:D|A,AG,A,1KPK,A|B,1,potenial_homomer
2ht2_C:D|A,AG,A,1KPK,C|D,2,potenial_homomer
2ht2_C:D|A,AG,A,1KPK,E|F,3,potenial_homomer
2ht2_C:D|A,AG,A,4FTP,A|A,1,potenial_homomer
5vta_K:J|A,AG,A,2OAE,A|B,1,potenial_homomer
5vta_K:J|A,AG,A,2OAE,A|B|A|B|A|B,2,potenial_homomer
5vta_K:J|A,AG,A,2GBC,A|B,1,potenial_homomer
5vta_K:J|A,AG,A,2GBC,A|B|A|B|A|B,2,potenial_homomer
5vta_K:J|A,AG,A,2I3Z,A|B,1,potenial_homomer
5vta_K:J|A,AG,A,2I3Z,A|B|A|B|A|B,2,potenial_homomer
6pdx_O:P|C,AG,C,6BKT,A|A|A,1,potenial_homomer
6pdx_O:P|C,AG,C,6BKT,B|B|B,2,potenial_homomer
6pdx_O:P|C,AG,C,6BKT,A|B|A|B|A|B,3,potenial_homomer
6pdx_O:P|C,AG,C,6GOL,A|A|A,1,potenial_homomer
6pdx_O:P|C,AG,C,6BKO,B|B|B,2,potenial_homomer
6pdx_O:P|C,AG,C,6BKO,B|B|B,3,potential_complex_homomer
6pdx_O:P|C,AG,C,6BKS,B|B|B,2,potenial_homomer
6pdx_O:P|C,AG,C,6BKS,B|B|B,3,potential_complex_homomer
6h0e_E:F|J,AG,J,6NWP,A|B|C|D|E|F,1,potenial_homomer
6q1z_D:C|B,AG,B,4MWU,A|A|A|A,1,potenial_homomer
6q1z_D:C|B,AG,B,6PZD,A|A|A|A,1,potenial_homomer
6q1z_D:C|B,AG,B,4MWX,A|A|A|A,1,potenial_homomer
6q1z_D:C|B,AG,B,4MWY,A|A|A|A,1,potenial_homomer
6q1z_D:C|B,AG,B,4MWJ,A|A|A|A,1,potenial_homomer
1j5o_H:L|B,AG,B,6ECL,A|B,1,potenial_homomer
5y9j_H:L|A,AG,A,1KXG,A|B|C,1,potenial_homomer
5y9j_H:L|A,AG,A,1KXG,D|E|F,2,potenial_homomer
5otj_H:L|C,AG,C,5CPS,A|B,1,potenial_homomer
5otj_H:L|C,AG,C,5CSY,A|B,1,potenial_homomer
5otj_H:L|C,AG,C,6CGO,A|B,1,potenial_homomer
4m62_H:L|S,AG,S,3T43,A|B,1,potenial_homomer
4m62_H:L|S,AG,S,3LF6,A|B,1,potenial_homomer
4ong_H:L|P,AG,P,6NB9,A|A|A|A|A|A|A|A|A|A,1,potenial_homomer
4ong_H:L|P,AG,P,5BUO,A|B,1,potenial_homomer
4ong_H:L|P,AG,P,5OQV,A|B|C|D|E|F|G|H|I,1,potenial_homomer
4ong_H:L|P,AG,P,6OIZ,A|A|A|A|A,1,potenial_homomer
6oe5_H:L|A,AG,A,6EAL,F|F|F,1,potenial_homomer
6oe5_H:L|A,AG,A,6EAK,F|F|F,1,potenial_homomer
6oe5_H:L|A,AG,A,6EAI,A|B|C,1,potenial_homomer
6oe5_H:L|A,AG,A,6EAM,F|F|F,1,potenial_homomer
1bj1_K:J|V,AG,V,4KZN,A|A,1,potenial_homomer
1bj1_K:J|V,AG,V,1MKK,A|B,1,potenial_homomer
1bj1_K:J|V,AG,V,3QTK,A|D,1,potenial_homomer
1bj1_K:J|V,AG,V,3QTK,B|C,2,potenial_homomer
1bj1_K:J|V,AG,V,3QTK,E|F,3,potenial_homomer
5c7x_M:N|B,AG,B,1CSG,A|B,1,potenial_homomer
5do2_C:D|B,AG,B,6Q04,A|B|C,1,potenial_homomer
4hg4_X:Y|H,AG,H,3QQE,A|A|A,1,potential_complex_homomer
4hg4_X:Y|H,AG,H,2WR7,A|B|C,1,potenial_homomer
4hg4_X:Y|H,AG,H,3QQB,A|A|A,1,potential_complex_homomer
5w9h_E:F|D,AG,D,4NCW,A|B|C,1,potenial_homomer
5w9h_E:F|D,AG,D,4NCU,A|A|A,1,potenial_homomer
5lbs_I:M|B,AG,B,5JHM,A|B,1,potenial_homomer
5ezo_H:L|A,AG,A,5EZN,A|E,1,potenial_homomer
5ezo_H:L|A,AG,A,5EZN,B|G,2,potenial_homomer
5ug0_D:C|A,AG,A,4EDB,A|C|E,1,potential_complex_homomer
5b8c_H:G|I,AB,H:G,5DK3,B:A|G:F,1,potenial_homomer
6hjq_K:L|F:E,AG,F:E,6HJN,B:A|D:C|F:E,1,potenial_homomer
6hjq_K:L|F:E,AG,F:E,6HJR,B:A|D:C|F:E,1,potenial_homomer
5zxv_H:L|A,AG,A,6Q04,A|B|C,1,potenial_homomer
3iet_D:C|Q,AB,D:C,3IF1,B:A|D:C,1,potenial_homomer
1qfw_H:L|A,AG,A,1HRP,A,1,additional_chains
1qfw_H:L|A,AG,A,1HRP,A|A,2,potential_complex_homomer
1qfw_H:L|A,AG,A,1HCN,A,1,additional_chains
1qfw_H:L|A,AG,A,1HCN,A|A,2,potential_complex_homomer
4r2g_D:C|O,AG,O,3DNL,A|C|D|F|G|I,1,potential_complex_homomer
3uc0_H:L|A,AG,A,6JBJ,A|B,1,potenial_homomer
3uc0_H:L|A,AG,A,6VAI,A|B|C|D|E|F|G|H|I|J|K|L|M|N|O|P|Q|R|S|T|U|V,1,potenial_homomer
3uc0_H:L|A,AG,A,6H05,A|A|A|A|A|A|A|A|A|A|A|A|A|A|A|A|A|A|A|A|A|A|A|A,1,potenial_homomer
4y5x_D:E|F,AG,F,1ERN,A|B,1,potenial_homomer
5h37_K:L|B,AG,B,5JHM,A|B,1,potenial_homomer
5h37_K:L|B,AG,B,5LBV,A|B,1,potenial_homomer
6pxh_H:L|B,AG,B,6Q06,A|B|C,1,potenial_homomer
6pxh_H:L|B,AG,B,6Q04,A|B|C,1,potenial_homomer
5d72_H:L|A,AG,A,1CSG,A|B,1,potenial_homomer
5mhr_I:H|B,AG,B,2OJ5,A|B|C,1,potenial_homomer
5mhr_I:H|B,AG,B,2OJ5,D|E|F,2,potenial_homomer
5w5z_H:L|A,AG,A,4BD8,A|B,1,potenial_homomer
5w5z_H:L|A,AG,A,4BD8,C|D,2,potenial_homomer
5w5z_H:L|A,AG,A,4S0O,A|B,1,potenial_homomer
1tzh_B:A|W,AG,W,4KZN,A|A,1,potenial_homomer
1tzh_B:A|W,AG,W,1MKK,A|B,1,potenial_homomer
1tzh_B:A|W,AG,W,3QTK,A|D,1,potenial_homomer
1tzh_B:A|W,AG,W,3QTK,B|C,2,potenial_homomer
1tzh_B:A|W,AG,W,3QTK,E|F,3,potenial_homomer
5n7w_H:L|X,AG,X,4HR9,A|B,1,potenial_homomer
6mhg_M:W|E,AG,E,3VDK,A|A|A,2,potenial_homomer
6mhg_M:W|E,AG,E,3VDJ,A|A|A,2,potenial_homomer
6mhg_M:W|E,AG,E,3VDL,A|B|C,4,potenial_homomer
6mft_H:L|G,AG,G,3DNL,A|D|G,1,potential_complex_homomer
4kjp_C:D|A,AG,A,1KPK,A|B,1,potenial_homomer
4kjp_C:D|A,AG,A,1KPK,C|D,2,potenial_homomer
4kjp_C:D|A,AG,A,1KPK,E|F,3,potenial_homomer
4kjp_C:D|A,AG,A,4FTP,A|A,1,potenial_homomer
4hix_H:L|A,AG,A,5BUO,A|B,1,potenial_homomer
4hix_H:L|A,AG,A,5OQV,A|B|C|D|E|F|G|H|I,1,potenial_homomer
3whe_Y:Z|G,AG,G,6BKO,B|B|B,2,potenial_homomer
3whe_Y:Z|G,AG,G,6BKO,B|B|B,3,potential_complex_homomer
3whe_Y:Z|G,AG,G,6BKT,B|B|B,2,potenial_homomer
3whe_Y:Z|G,AG,G,6BKT,B|B|B,3,potential_complex_homomer
3whe_Y:Z|G,AG,G,6BKS,B|B|B,2,potenial_homomer
3whe_Y:Z|G,AG,G,6BKS,B|B|B,3,potential_complex_homomer
3whe_Y:Z|G,AG,G,6GOL,A|A|A,1,potenial_homomer
3whe_Y:Z|G,AG,G,6BKN,B|B|B,2,potenial_homomer
3whe_Y:Z|G,AG,G,6BKN,B|B|B,3,potential_complex_homomer
6hjp_G:H|B:A,AG,B:A,6HJN,B:A|D:C|F:E,1,potenial_homomer
6hjp_G:H|B:A,AG,B:A,6HJR,B:A|D:C|F:E,1,potenial_homomer
6fxn_M:N|J,AG,J,1KXG,A|B|C,1,potenial_homomer
6fxn_M:N|J,AG,J,1KXG,D|E|F,2,potenial_homomer
5xbm_E:D|F,AG,F,5UPH,A|B,1,potenial_homomer
6njl_N:M|B,AG,B,5N6P,A|A,1,potenial_homomer
6b0s_H:L|C,AG,C,3VDK,A|A|A,2,potenial_homomer
6b0s_H:L|C,AG,C,3VDJ,A|A|A,2,potenial_homomer
6b0s_H:L|C,AG,C,3VDL,A|B|C,4,potenial_homomer
6iea_H:L|A,AG,A,6F9C,A|C|E|G|I|K,1,potential_complex_homomer
6ppg_B:A|G,AG,G,1JPY,A|B,1,potenial_homomer
6ppg_B:A|G,AG,G,1JPY,X|Y,2,potenial_homomer
6ppg_B:A|G,AG,G,6HGO,A|B,1,potenial_homomer
6ppg_B:A|G,AG,G,6HGO,C|D,2,potenial_homomer
4lou_E:F|B,AG,B,1KPK,A|B,1,potenial_homomer
4lou_E:F|B,AG,B,1KPK,C|D,2,potenial_homomer
4lou_E:F|B,AG,B,1KPK,E|F,3,potenial_homomer
4lou_E:F|B,AG,B,4FTP,A|A,1,potenial_homomer
1i9r_H:L|A,AG,A,1ALY,A|A|A,1,potenial_homomer
1i9r_H:L|A,AG,A,3LKJ,A|B|C,1,potenial_homomer
6mlk_H:L|A,AG,A,1KEZ,A|B,1,potenial_homomer
6mlk_H:L|A,AG,A,1KEZ,C|C,2,potenial_homomer
5h37_G:H|A,AG,A,5JHM,A|B,1,potenial_homomer
5h37_G:H|A,AG,A,5LBV,A|B,1,potenial_homomer
6tys_F:G|E,AG,E,2YNY,A|B|C,1,potenial_homomer
6tys_F:G|E,AG,E,2YNZ,A|B|C,1,potenial_homomer
5ken_N:O|M,AG,M,2EBO,A|B|C,1,potenial_homomer
5f3h_A:B|J,AG,J,5JI1,A|B,1,potenial_homomer
5f3h_A:B|J,AG,J,5NXS,A|B,1,potenial_homomer
5f3h_A:B|J,AG,J,5NTU,A|B,1,potenial_homomer
2vir_B:A|C,AG,C,6BKQ,A|C|E,1,potenial_homomer
2vir_B:A|C,AG,C,6BKQ,A|C|E,3,potential_complex_homomer
2vir_B:A|C,AG,C,6BKM,A|C|E,1,potenial_homomer
2vir_B:A|C,AG,C,6BKM,A|C|E,3,potential_complex_homomer
5w9k_E:F|D,AG,D,4NCW,A|B|C,1,potenial_homomer
5w9k_E:F|D,AG,D,4NCU,A|A|A,1,potenial_homomer
1tzh_H:L|V,AG,V,4KZN,A|A,1,potenial_homomer
1tzh_H:L|V,AG,V,1MKK,A|B,1,potenial_homomer
1tzh_H:L|V,AG,V,3QTK,A|D,1,potenial_homomer
1tzh_H:L|V,AG,V,3QTK,B|C,2,potenial_homomer
1tzh_H:L|V,AG,V,3QTK,E|F,3,potenial_homomer
1n6q_H:L|B,AG,B,6ECL,A|B,1,potenial_homomer
2oqj_K:J|L,AB,K:J,4RBP,H:L|M:K,1,potenial_homomer
2oqj_K:J|L,AB,K:J,6N35,H:L|M:K,1,potenial_homomer
2ht4_E:F|B,AG,B,1KPK,A|B,1,potenial_homomer
2ht4_E:F|B,AG,B,1KPK,C|D,2,potenial_homomer
2ht4_E:F|B,AG,B,1KPK,E|F,3,potenial_homomer
2ht4_E:F|B,AG,B,4FTP,A|A,1,potenial_homomer
3bgf_H:L|S,AG,S,2GHV,E|C,1,potenial_homomer
3bgf_H:L|S,AG,S,6CRV,A|B|C,1,potenial_homomer
4yzf_I:J|C,AG,C,1HYN,P|Q,1,potenial_homomer
4yzf_I:J|C,AG,C,1HYN,R|S,2,potenial_homomer
4yzf_I:J|C,AG,C,1HYN,P|Q|R|S|P|Q|R|S,3,potenial_homomer
4yzf_I:J|C,AG,C,4KY9,A|P,1,potenial_homomer
4bh7_B:A|P,AB,B:A,2A6J,H:L|B:A,1,potenial_homomer
6ii4_H:L|A,AG,A,4BSG,A|A|A,1,potential_complex_homomer
6ii4_H:L|A,AG,A,4LN6,A|C|E,1,potential_complex_homomer
6ii4_H:L|A,AG,A,4LN6,A,2,additional_chains
6ii4_H:L|A,AG,A,4LN6,C,3,additional_chains
6ii4_H:L|A,AG,A,4LN6,E,4,additional_chains
6ii4_H:L|A,AG,A,4LN6,G|I|K,5,potential_complex_homomer
6ii4_H:L|A,AG,A,4LN6,G,6,additional_chains
6ii4_H:L|A,AG,A,4LN6,I,7,additional_chains
6ii4_H:L|A,AG,A,4LN6,K,8,additional_chains
6qig_H:L|A,AG,A,3VN4,A|A,2,potenial_homomer
1rvf_HL13,AG,1:3,1RUJ,1:3|1:3|1:3|1:3|1:3|1:3|1:3|1:3|1:3|1:3|1:3|1:3|1:3|1:3|1:3|1:3|1:3|1:3|1:3|1:3|1:3|1:3|1:3|1:3|1:3|1:3|1:3|1:3|1:3|1:3|1:3|1:3|1:3|1:3|1:3|1:3|1:3|1:3|1:3|1:3|1:3|1:3|1:3|1:3|1:3|1:3|1:3|1:3|1:3|1:3|1:3|1:3|1:3|1:3|1:3|1:3|1:3|1:3|1:3|1:3,1,potential_complex_homomer
1rvf_HL13,AG,1:3,1RUD,1:3|1:3|1:3|1:3|1:3|1:3|1:3|1:3|1:3|1:3|1:3|1:3|1:3|1:3|1:3|1:3|1:3|1:3|1:3|1:3|1:3|1:3|1:3|1:3|1:3|1:3|1:3|1:3|1:3|1:3|1:3|1:3|1:3|1:3|1:3|1:3|1:3|1:3|1:3|1:3|1:3|1:3|1:3|1:3|1:3|1:3|1:3|1:3|1:3|1:3|1:3|1:3|1:3|1:3|1:3|1:3|1:3|1:3|1:3|1:3,1,potential_complex_homomer
1rvf_HL13,AG,1:3,1RUF,1:3|1:3|1:3|1:3|1:3|1:3|1:3|1:3|1:3|1:3|1:3|1:3|1:3|1:3|1:3|1:3|1:3|1:3|1:3|1:3|1:3|1:3|1:3|1:3|1:3|1:3|1:3|1:3|1:3|1:3|1:3|1:3|1:3|1:3|1:3|1:3|1:3|1:3|1:3|1:3|1:3|1:3|1:3|1:3|1:3|1:3|1:3|1:3|1:3|1:3|1:3|1:3|1:3|1:3|1:3|1:3|1:3|1:3|1:3|1:3,1,potential_complex_homomer
1rvf_HL13,AG,1:3,1RUE,1:3|1:3|1:3|1:3|1:3|1:3|1:3|1:3|1:3|1:3|1:3|1:3|1:3|1:3|1:3|1:3|1:3|1:3|1:3|1:3|1:3|1:3|1:3|1:3|1:3|1:3|1:3|1:3|1:3|1:3|1:3|1:3|1:3|1:3|1:3|1:3|1:3|1:3|1:3|1:3|1:3|1:3|1:3|1:3|1:3|1:3|1:3|1:3|1:3|1:3|1:3|1:3|1:3|1:3|1:3|1:3|1:3|1:3|1:3|1:3,1,potential_complex_homomer
1rvf_HL13,AG,1:3,1VRH,1:3|1:3|1:3|1:3|1:3|1:3|1:3|1:3|1:3|1:3|1:3|1:3|1:3|1:3|1:3|1:3|1:3|1:3|1:3|1:3|1:3|1:3|1:3|1:3|1:3|1:3|1:3|1:3|1:3|1:3|1:3|1:3|1:3|1:3|1:3|1:3|1:3|1:3|1:3|1:3|1:3|1:3|1:3|1:3|1:3|1:3|1:3|1:3|1:3|1:3|1:3|1:3|1:3|1:3|1:3|1:3|1:3|1:3|1:3|1:3,1,potential_complex_homomer
5xbm_B:A|C,AG,C,5UPH,A|B,1,potenial_homomer
6bf9_C:D|A,AG,A,4PF7,A|B,1,potenial_homomer
6bf9_C:D|A,AG,A,4PFC,A|B,1,potenial_homomer
6bf9_C:D|A,AG,A,4PF9,A|B,1,potenial_homomer
5ugy_J:N|E,AG,E,4EDB,A|C|E,1,potential_complex_homomer
3zkn_C:D|B,AG,B,2EWY,A|B,5,potenial_homomer
3zkn_C:D|B,AG,B,2EWY,C|D,6,potenial_homomer
5vta_H:L|D,AG,D,2OAE,A|B,1,potenial_homomer
5vta_H:L|D,AG,D,2OAE,A|B|A|B|A|B,2,potenial_homomer
5vta_H:L|D,AG,D,2GBC,A|B,1,potenial_homomer
5vta_H:L|D,AG,D,2GBC,A|B|A|B|A|B,2,potenial_homomer
5vta_H:L|D,AG,D,2I3Z,A|B,1,potenial_homomer
5vta_H:L|D,AG,D,2I3Z,A|B|A|B|A|B,2,potenial_homomer
5x8l_G:L|B,AG,B,6NP9,A|A,1,potenial_homomer
5x8l_G:L|B,AG,B,5NIU,A|B,1,potenial_homomer
5x8l_G:L|B,AG,B,5NIU,C|D,2,potenial_homomer
5x8l_G:L|B,AG,B,4Z18,A|B,1,potenial_homomer
6s5a_H:L|D:A,AG,D:A,5GSQ,A:A|B:B,1,potential_complex_homomer
6s5a_H:L|D:A,AG,D:A,5GSQ,C:C|D:D,2,potential_complex_homomer
6s5a_H:L|D:A,AG,D:A,5HYE,A:A|C:C,1,potential_complex_homomer
4fp8_H:L|A,AG,A,6BKQ,A|C|E,1,potenial_homomer
4fp8_H:L|A,AG,A,6BKQ,A|C|E,3,potential_complex_homomer
4fp8_H:L|A,AG,A,6BKM,A|C|E,1,potenial_homomer
4fp8_H:L|A,AG,A,6BKM,A|C|E,3,potential_complex_homomer
6pzz_H:L|A,AG,A,5L18,A|A|A|A,1,potenial_homomer
6pzz_H:L|A,AG,A,4MWU,A|A|A|A,1,potenial_homomer
6pzz_H:L|A,AG,A,4MWL,A|A|A|A,1,potenial_homomer
6pzz_H:L|A,AG,A,6PZD,A|A|A|A,1,potenial_homomer
6pzz_H:L|A,AG,A,4MWX,A|A|A|A,1,potenial_homomer
4gxu_Q:R|E,AG,E,4JUG,A|C|E,1,potential_complex_homomer
4gxu_Q:R|E,AG,E,4JUG,G|I|K,2,potential_complex_homomer
1otu_C:D|A,AG,A,1KPK,A|B,1,potenial_homomer
1otu_C:D|A,AG,A,1KPK,C|D,2,potenial_homomer
1otu_C:D|A,AG,A,1KPK,E|F,3,potenial_homomer
1otu_C:D|A,AG,A,4FTP,A|A,1,potenial_homomer
4oga_C:D|E,AG,E,2HR7,A|B,1,potenial_homomer
4oga_C:D|E,AG,E,6HN4,E|F,1,potenial_homomer
4oga_C:D|E,AG,E,4XST,E,1,additional_chains
4oga_C:D|E,AG,E,4XST,E|E|E|E|E|E,2,potential_complex_homomer
4cni_H:L|C,AG,C,1ALU,A|A,1,potenial_homomer
4cni_H:L|C,AG,C,1ALU,A|A,2,potenial_homomer
6h0e_H:L|I,AG,I,6NWP,A|B|C|D|E|F,1,potenial_homomer
4f37_H:L|A,AG,A,1AYI,A|A,1,potenial_homomer
4f37_H:L|A,AG,A,7CEI,A,1,additional_chains
3o41_H:L|P,AG,P,5EA4,F|F|F,1,potenial_homomer
3o41_H:L|P,AG,P,6Q0S,F|F|F,1,potenial_homomer
3o41_H:L|P,AG,P,5C6B,F|F|F|F|F|F,1,potenial_homomer
3o41_H:L|P,AG,P,5KWW,F|F|F,1,potenial_homomer
3o41_H:L|P,AG,P,5C69,A|A|A|A|A|A,1,potenial_homomer
6hx4_I:M|A,AG,A,3NDD,A|B,1,potenial_homomer
6c6y_A:B|S,AG,S,6Q04,A|B|C,1,potenial_homomer
6a67_H:L|A,AG,A,6CF5,A|C|E,1,potential_complex_homomer
6a67_H:L|A,AG,A,4BH3,A|A|A,1,potential_complex_homomer
6a67_H:L|A,AG,A,4BH4,A|A|A,1,potential_complex_homomer
6nb4_H:L|A,AG,A,6Q06,A|B|C,1,potenial_homomer
6nb4_H:L|A,AG,A,6Q04,A|B|C,1,potenial_homomer
6iek_E:F|D,AG,D,6F9C,A|C|E|G|I|K,1,potential_complex_homomer
6u02_G:F|E,AG,E,5L18,A|A|A|A,1,potenial_homomer
6u02_G:F|E,AG,E,4MWU,A|A|A|A,1,potenial_homomer
6u02_G:F|E,AG,E,4MWL,A|A|A|A,1,potenial_homomer
6u02_G:F|E,AG,E,6PZD,A|A|A|A,1,potenial_homomer
6u02_G:F|E,AG,E,4MWX,A|A|A|A,1,potenial_homomer
3vrl_H:L|C,AG,C,1AUM,A|A,1,potenial_homomer
3vrl_H:L|C,AG,C,4ARG,A|C,1,potential_complex_homomer
3vrl_H:L|C,AG,C,5MD6,A|B|F|W|C|D|E|G,1,potential_complex_homomer
3vrl_H:L|C,AG,C,1A8O,A|A,1,potenial_homomer
3l95_B:A|X,AG,X,3I08,B,1,additional_chains
3l95_B:A|X,AG,X,3I08,D,2,additional_chains
3l95_B:A|X,AG,X,3I08,B|D,3,potential_complex_homomer
3tt1_I:M|A,AG,A,2Q72,A|A,2,potenial_homomer
3tt1_I:M|A,AG,A,2QB4,A|A,2,potenial_homomer
3tt1_I:M|A,AG,A,3F3E,A|A,1,potenial_homomer
3tt1_I:M|A,AG,A,3F48,A|A,1,potenial_homomer
4edw_H:L|V,AG,V,6XUO,A|A,1,potenial_homomer
4edw_H:L|V,AG,V,4EFV,A|B,1,potenial_homomer
6mug_D:E|B,AG,B,3U91,A|A|A,1,potenial_homomer
6mug_D:E|B,AG,B,4HLR,A|A|A,1,potenial_homomer
6hco_F:E|A,AG,A,6HZM,A|B,1,potenial_homomer
6hco_F:E|A,AG,A,6FFC,A|B,1,potenial_homomer
6hco_F:E|A,AG,A,6HBU,A|B,1,potenial_homomer
6pzy_G:J|B,AG,B,5L18,A|A|A|A,1,potenial_homomer
6pzy_G:J|B,AG,B,4MWU,A|A|A|A,1,potenial_homomer
6pzy_G:J|B,AG,B,4MWL,A|A|A|A,1,potenial_homomer
6pzy_G:J|B,AG,B,6PZD,A|A|A|A,1,potenial_homomer
6pzy_G:J|B,AG,B,4MWX,A|A|A|A,1,potenial_homomer
4kjw_E:F|B,AG,B,1KPK,A|B,1,potenial_homomer
4kjw_E:F|B,AG,B,1KPK,C|D,2,potenial_homomer
4kjw_E:F|B,AG,B,1KPK,E|F,3,potenial_homomer
4kjw_E:F|B,AG,B,4FTP,A|A,1,potenial_homomer
4hg4_T:U|F:c,AG,F:c,3QQE,A:B|A:B|A:B,1,potenial_homomer
4hg4_T:U|F:c,AG,F:c,2WR7,A:A|B:B|C:C,1,potential_complex_homomer
4hg4_T:U|F:c,AG,F:c,3QQB,A:B|A:B|A:B,1,potenial_homomer
2ht2_E:F|B,AG,B,1KPK,A|B,1,potenial_homomer
2ht2_E:F|B,AG,B,1KPK,C|D,2,potenial_homomer
2ht2_E:F|B,AG,B,1KPK,E|F,3,potenial_homomer
2ht2_E:F|B,AG,B,4FTP,A|A,1,potenial_homomer
6u38_H:L|B,AG,B,6U2N,A|B,1,potenial_homomer
6u38_H:L|B,AG,B,6U2P,A|B,1,potenial_homomer
5wob_W:X|H,AG,H,4PF7,A|B,1,potenial_homomer
5wob_W:X|H,AG,H,4PFC,A|B,1,potenial_homomer
5wob_W:X|H,AG,H,4PF9,A|B,1,potenial_homomer
3u4e_H:L|G,AG,G,4Q0C,A|B,1,potenial_homomer
3u4e_H:L|G,AG,G,4Q0C,C|D,2,potenial_homomer
1wej_H:L|F,AG,F,3NBT,A|E|F,1,potenial_homomer
1wej_H:L|F,AG,F,3NBT,B|C|D,2,potenial_homomer
1wej_H:L|F,AG,F,3WC8,A|A,1,potenial_homomer
1wej_H:L|F,AG,F,3WUI,A|A,1,potenial_homomer
4zyp_D:E|C,AG,C,5C69,A|A|A|A|A|A,1,potenial_homomer
3u2s_H:L|G,AG,G,4Q0C,A|B,1,potenial_homomer
3u2s_H:L|G,AG,G,4Q0C,C|D,2,potenial_homomer
6iec_F:G|E,AG,E,6F9C,A|C|E|G|I|K,1,potential_complex_homomer
4rav_C:D|F,AG,F,4FED,A|B|C,1,potenial_homomer
4rav_C:D|F,AG,F,4FEB,A|B|C,1,potenial_homomer
5b71_B:A|E,AG,E,3CU7,A|B,3,potenial_homomer
4dag_H:L|A,AG,A,1G2C,A|B|C|D|E|F,1,potenial_homomer
4dag_H:L|A,AG,A,1G2C,G|H|I|J|K|L,2,potenial_homomer
4dag_H:L|A,AG,A,1G2C,M|N|O|P|Q|R,3,potenial_homomer
4dag_H:L|A,AG,A,1G2C,S|T|U|V|W|X,4,potenial_homomer
4dag_H:L|A,AG,A,3KPE,A|A|A,1,potential_complex_homomer
1tqb_B:C|A,AG,A,4HLS,A|B,3,potenial_homomer
1tqb_B:C|A,AG,A,4HMR,A|B,3,potenial_homomer
2uzi_H:L|R,AG,R,5P21,A|A,1,potenial_homomer
2uzi_H:L|R,AG,R,821P,A|A,1,potenial_homomer
2x7l_J:K|Q,AG,Q,6BSY,A|B,1,potenial_homomer
2x7l_J:K|Q,AG,Q,3LPH,A|B,1,potenial_homomer
2x7l_J:K|Q,AG,Q,3LPH,C|D,2,potenial_homomer
5bk1_C:D|B,AG,B,6LES,A|B,1,potenial_homomer
5bk1_C:D|B,AG,B,6LES,X|Y,2,potenial_homomer
5w9n_B:C|A,AG,A,4NCW,A|B|C,1,potenial_homomer
5w9n_B:C|A,AG,A,4NCU,A|A|A,1,potenial_homomer
5h35_A:B|C,AG,C,5WTR,A|B|C,1,potenial_homomer
5h35_A:B|C,AG,C,5WTR,F|G|H,2,potenial_homomer
2fec_J:O|A,AG,A,1KPK,A|B,1,potenial_homomer
2fec_J:O|A,AG,A,1KPK,C|D,2,potenial_homomer
2fec_J:O|A,AG,A,1KPK,E|F,3,potenial_homomer
2fec_J:O|A,AG,A,4FTP,A|A,1,potenial_homomer
6fxn_Q:R|K,AG,K,1KXG,A|B|C,1,potenial_homomer
6fxn_Q:R|K,AG,K,1KXG,D|E|F,2,potenial_homomer
4r8w_H:L|B:A,AG,B:A,4LN6,B:A|D:C|F:E,1,potenial_homomer
4r8w_H:L|B:A,AG,B:A,4LN6,H:G|J:I|L:K,5,potenial_homomer
3det_E:F|B,AG,B,1KPK,A|B,1,potenial_homomer
3det_E:F|B,AG,B,1KPK,C|D,2,potenial_homomer
3det_E:F|B,AG,B,1KPK,E|F,3,potenial_homomer
3det_E:F|B,AG,B,4FTP,A|A,1,potenial_homomer
1pkq_G:F|J,AG,J,1PY9,A|A,1,potenial_homomer
2r69_H:L|A,AG,A,1OAN,A|B,1,potenial_homomer
2r69_H:L|A,AG,A,1OK8,A|A|A,1,potenial_homomer
2r69_H:L|A,AG,A,1TG8,A|A,1,potenial_homomer
2r69_H:L|A,AG,A,1OKE,A|B,1,potenial_homomer
2r0k_H:L|A,AG,A,1EPT,A,1,additional_chains
5eu7_F:D|B,AG,B,5HRN,A|A,1,potenial_homomer
5eu7_F:D|B,AG,B,3VQ6,A|B,1,potenial_homomer
5eu7_F:D|B,AG,B,5KRT,A|A,1,potenial_homomer
5eu7_F:D|B,AG,B,4LH4,A|A,1,potenial_homomer
6njl_K:J|D,AG,D,5N6P,A|A,1,potenial_homomer
5w0d_B:C|A,AG,A,4EDB,A|C|E,1,potential_complex_homomer
4hf5_H:L|A,AG,A,3QQE,A|A|A,1,potential_complex_homomer
4hf5_H:L|A,AG,A,2WR7,A|B|C,1,potenial_homomer
4hf5_H:L|A,AG,A,3QQB,A|A|A,1,potential_complex_homomer
4zpt_A:B|R,AG,R,6Q04,A|B|C,1,potenial_homomer
4nm8_I:M|D:C,AG,D:C,6BKQ,B:A|D:C|F:E,3,potenial_homomer
4nm8_I:M|D:C,AG,D:C,6BKM,B:A|D:C|F:E,3,potenial_homomer
6e56_G:I|D,AG,D,6BKQ,A|C|E,1,potenial_homomer
6e56_G:I|D,AG,D,6BKQ,A|C|E,3,potential_complex_homomer
6e56_G:I|D,AG,D,6BKM,A|C|E,1,potenial_homomer
6e56_G:I|D,AG,D,6BKM,A|C|E,3,potential_complex_homomer
4xtr_E:F|A,AG,A,2WOJ,C|D,1,potenial_homomer
4xtr_E:F|A,AG,A,2WOJ,A|B,2,potenial_homomer
4xtr_E:F|A,AG,A,3H84,A|B,1,potenial_homomer
4xtr_E:F|A,AG,A,3H84,A|B|A|B,2,potenial_homomer
4kkl_C:D|A,AG,A,1KPK,A|B,1,potenial_homomer
4kkl_C:D|A,AG,A,1KPK,C|D,2,potenial_homomer
4kkl_C:D|A,AG,A,1KPK,E|F,3,potenial_homomer
4kkl_C:D|A,AG,A,4FTP,A|A,1,potenial_homomer
6dc3_H:L|F,AG,F,6EAL,F|F|F,1,potenial_homomer
6dc3_H:L|F,AG,F,6EAK,F|F|F,1,potenial_homomer
6dc3_H:L|F,AG,F,6EAI,A|B|C,1,potenial_homomer
6dc3_H:L|F,AG,F,6EAM,F|F|F,1,potenial_homomer
6nb3_D:E|A,AG,A,6Q06,A|B|C,1,potenial_homomer
6nb3_D:E|A,AG,A,6Q04,A|B|C,1,potenial_homomer
3k2u_H:L|A,AG,A,1EPT,A,1,additional_chains
6gv1_H:L|A,AG,A,6OOM,A|A,2,potenial_homomer
2vit_B:A|C,AG,C,6BKQ,A|C|E,1,potenial_homomer
2vit_B:A|C,AG,C,6BKQ,A|C|E,3,potential_complex_homomer
2vit_B:A|C,AG,C,6BKM,A|C|E,1,potenial_homomer
2vit_B:A|C,AG,C,6BKM,A|C|E,3,potential_complex_homomer
5mp5_H:L|J,AG,J,6NWP,A|B|C|D|E|F,1,potenial_homomer
2ih3_A:B|C,AG,C,1JQ2,A|B|C|D,1,potenial_homomer
5gjt_H:L|B:A,AG,B:A,4JU0,B:A|D:C|F:E,1,potenial_homomer
5gjt_H:L|B:A,AG,B:A,4JU0,H:G|J:I|L:K,2,potenial_homomer
1n5y_H:L|B,AG,B,6ECL,A|B,1,potenial_homomer
6njn_O:N|D,AG,D,5N6P,A|A,1,potenial_homomer
4xtr_C:D|B,AG,B,2WOJ,C|D,1,potenial_homomer
4xtr_C:D|B,AG,B,2WOJ,A|B,2,potenial_homomer
4xtr_C:D|B,AG,B,3H84,A|B,1,potenial_homomer
4xtr_C:D|B,AG,B,3H84,A|B|A|B,2,potenial_homomer
5ikc_B:A|M,AG,M,2BQQ,A|A,1,potenial_homomer
6bfq_E:F|J,AG,J,1CSG,A|B,1,potenial_homomer
1fsk_C:B|A,AG,A,4BKD,A|A,1,potenial_homomer
5jz7_G:I|F,AG,F,6XUO,A|A,1,potenial_homomer
5jz7_G:I|F,AG,F,4EFV,A|B,1,potenial_homomer
4fqv_I:M|F:E,AG,F:E,4BSH,B:A|B:A|B:A,1,potenial_homomer
4fqv_I:M|F:E,AG,F:E,4BSG,B:A|B:A|B:A,1,potenial_homomer
4fqv_I:M|F:E,AG,F:E,4DJ6,B:A|D:C|F:E,1,potenial_homomer
1hys_D:C|B,AG,B,6ECL,A|B,1,potenial_homomer
6glw_C:D|B,AG,B,6GKS,A|A,1,potenial_homomer
6glw_C:D|B,AG,B,5XRH,A|A,1,potenial_homomer
6glw_C:D|B,AG,B,5XRG,A|A,1,potenial_homomer
6glw_C:D|B,AG,B,5XRO,A|A,1,potenial_homomer
6glw_C:D|B,AG,B,6QRN,A|A,1,potenial_homomer
6oe5_B:C|A,AG,A,6EAL,F|F|F,1,potenial_homomer
6oe5_B:C|A,AG,A,6EAK,F|F|F,1,potenial_homomer
6oe5_B:C|A,AG,A,6EAI,A|B|C,1,potenial_homomer
6oe5_B:C|A,AG,A,6EAM,F|F|F,1,potenial_homomer
3jwd_H:L|A,AG,A,3DNL,A|B|C|D|E|F|G|H|I,1,potenial_homomer
4xxd_B:A|C,AG,C,5BUO,A|B,1,potenial_homomer
4xxd_B:A|C,AG,C,5OQV,A|B|C|D|E|F|G|H|I,1,potenial_homomer
5dhy_A:B|C,AG,C,6BSY,A|B,1,potenial_homomer
5dhy_A:B|C,AG,C,3LPH,A|B,1,potenial_homomer
5dhy_A:B|C,AG,C,3LPH,C|D,2,potenial_homomer
2a6d_B:A|P,AB,B:A,2A6J,H:L|B:A,1,potenial_homomer
4q6i_E:D|J,AG,J,1CDH,A|A,1,potenial_homomer
4q6i_E:D|J,AG,J,3CD4,A|A,1,potenial_homomer
4q6i_E:D|J,AG,J,1CDI,A|A,1,potenial_homomer
5vjo_C:D|F,AG,F,1IAK,P,1,additional_chains
5w5x_H:L|A,AG,A,4BD8,A|B,1,potenial_homomer
5w5x_H:L|A,AG,A,4BD8,C|D,2,potenial_homomer
5w5x_H:L|A,AG,A,4S0O,A|B,1,potenial_homomer
3l95_H:L|Y,AG,Y,3I08,B,1,additional_chains
3l95_H:L|Y,AG,Y,3I08,D,2,additional_chains
3l95_H:L|Y,AG,Y,3I08,B|D,3,potential_complex_homomer
4ckd_I:M|D,AG,D,4TTG,A|B|C|D,1,potenial_homomer
4ckd_I:M|D,AG,D,4TTG,B|C,2,potenial_homomer
4ckd_I:M|D,AG,D,1JZ7,A|B|C|D,1,potenial_homomer
5jz7_C:D|A,AG,A,6XUO,A|A,1,potenial_homomer
5jz7_C:D|A,AG,A,4EFV,A|B,1,potenial_homomer
4xny_H:L|G,AG,G,3DNN,A|C|D|F|G|I,1,potential_complex_homomer
5b8c_K:J|L,AB,K:J,5DK3,B:A|G:F,1,potenial_homomer
3v6z_C:D|E,AG,E,5T2P,A|B|C|D|E|F,1,potenial_homomer
5zs0_B:A|C,AG,C,5YS2,A|B|C,1,potenial_homomer
5zs0_B:A|C,AG,C,5YS2,D|E|F,2,potenial_homomer
3gjf_M:K|D:F,AB,M:K,3GJE,H:L|B:A,1,potenial_homomer
5jhl_H:L|A,AG,A,5JHM,A|B,1,potenial_homomer
5jhl_H:L|A,AG,A,5LBV,A|B,1,potenial_homomer
5w08_G:H|A,AG,A,4WEA,A|A|A,1,potenial_homomer
5w08_G:H|A,AG,A,4WE9,A|A|A,1,potenial_homomer
5w08_G:H|A,AG,A,4WE8,A|A|A,1,potenial_homomer
3whe_M:N|A,AG,A,6BKO,B|B|B,2,potenial_homomer
3whe_M:N|A,AG,A,6BKO,B|B|B,3,potential_complex_homomer
3whe_M:N|A,AG,A,6BKT,B|B|B,2,potenial_homomer
3whe_M:N|A,AG,A,6BKT,B|B|B,3,potential_complex_homomer
3whe_M:N|A,AG,A,6BKS,B|B|B,2,potenial_homomer
3whe_M:N|A,AG,A,6BKS,B|B|B,3,potential_complex_homomer
3whe_M:N|A,AG,A,6GOL,A|A|A,1,potenial_homomer
3whe_M:N|A,AG,A,6BKN,B|B|B,2,potenial_homomer
3whe_M:N|A,AG,A,6BKN,B|B|B,3,potential_complex_homomer
3tt1_H:L|B,AG,B,2Q72,A|A,2,potenial_homomer
3tt1_H:L|B,AG,B,3F4I,A|A,1,potenial_homomer
3tt1_H:L|B,AG,B,3F3E,A|A,1,potenial_homomer
3tt1_H:L|B,AG,B,2A65,A|A,2,potenial_homomer
3tt1_H:L|B,AG,B,3F48,A|A,1,potenial_homomer
4xxd_E:D|F,AG,F,5BUO,A|B,1,potenial_homomer
4xxd_E:D|F,AG,F,5OQV,A|B|C|D|E|F|G|H|I,1,potenial_homomer
6eti_D:C|B,AG,B,6HZM,A|B,1,potenial_homomer
6eti_D:C|B,AG,B,6HIJ,A|B,1,potenial_homomer
6eti_D:C|B,AG,B,6HBU,A|B,1,potenial_homomer
6dc8_H:L|P,AG,P,6NWP,A|B|C|D|E|F,1,potenial_homomer
3o41_A:B|C,AG,C,5EA4,F|F|F,1,potenial_homomer
3o41_A:B|C,AG,C,6Q0S,F|F|F,1,potenial_homomer
3o41_A:B|C,AG,C,5KWW,F|F|F,1,potenial_homomer
3o41_A:B|C,AG,C,5C6B,F|F|F|F|F|F,1,potenial_homomer
3o41_A:B|C,AG,C,5C69,A|A|A|A|A|A,1,potenial_homomer
4zyp_H:I|A,AG,A,4NCU,A|A|A,1,potenial_homomer
4zyp_H:I|A,AG,A,5C69,A|A|A|A|A|A,1,potenial_homomer
6d0u_K:L|J,AG,J,6BKQ,A|C|E,1,potenial_homomer
6d0u_K:L|J,AG,J,6BKQ,A|C|E,3,potential_complex_homomer
6d0u_K:L|J,AG,J,6BKM,A|C|E,1,potenial_homomer
6d0u_K:L|J,AG,J,6BKM,A|C|E,3,potential_complex_homomer
5vlp_H:L|A,AG,A,6U2P,A|B,1,potenial_homomer
5vlp_H:L|A,AG,A,2P4E,P|A,3,potenial_homomer
4zyp_F:G|B,AG,B,4NCU,A|A|A,1,potenial_homomer
4zyp_F:G|B,AG,B,5C69,A|A|A|A|A|A,1,potenial_homomer
3t2n_I:M|B,AG,B,1P57,A|B,1,potenial_homomer
3t2n_I:M|B,AG,B,1O5E,L|H,1,potenial_homomer
3t2n_I:M|B,AG,B,1O5F,L|H,1,potenial_homomer
3v7a_E:H|A,AG,A,5HZA,A|B,1,potenial_homomer
3v7a_E:H|A,AG,A,3Q38,A|B,1,potenial_homomer
3v7a_E:H|A,AG,A,3Q39,A|B,1,potenial_homomer
6nb3_H:L|C,AG,C,6Q06,A|B|C,1,potenial_homomer
6nb3_H:L|C,AG,C,6Q04,A|B|C,1,potenial_homomer
3vrl_E:F|D,AG,D,1AUM,A|A,1,potenial_homomer
3vrl_E:F|D,AG,D,4ARG,A|C,1,potential_complex_homomer
3vrl_E:F|D,AG,D,5MD6,A|B|F|W|C|D|E|G,1,potential_complex_homomer
3vrl_E:F|D,AG,D,1A8O,A|A,1,potenial_homomer
5l0q_F:E|D,AG,D,2AO7,A|A,2,potenial_homomer
5wk3_S:R|B,AG,B,1NR4,A|B,1,potenial_homomer
5wk3_S:R|B,AG,B,1NR4,C|D,2,potenial_homomer
5wk3_S:R|B,AG,B,1NR4,E|F,3,potenial_homomer
5wk3_S:R|B,AG,B,1NR4,G|H,4,potenial_homomer
5wk3_S:R|B,AG,B,1NR4,A|B|C|D|E|F|G|H,5,potenial_homomer
4lmq_H:L|D,AG,D,2J7Z,A|B,1,potenial_homomer
4lmq_H:L|D,AG,D,3GV3,A|A,1,potenial_homomer
4lmq_H:L|D,AG,D,4UAI,A|B,1,potenial_homomer
4y5y_D:E|F,AG,F,1ERN,A|B,1,potenial_homomer
5w08_M:N|F,AG,F,4WEA,A|A|A,1,potenial_homomer
5w08_M:N|F,AG,F,4WE9,A|A|A,1,potenial_homomer
5w08_M:N|F,AG,F,4WE8,A|A|A,1,potenial_homomer
3liz_H:L|A,AG,A,4RLD,A|B,5,potenial_homomer
3liz_H:L|A,AG,A,4RLD,C|D,6,potenial_homomer
6j5g_H:L|A,AG,A,1URZ,A|B|C,1,potenial_homomer
6j5g_H:L|A,AG,A,1URZ,D|E|F,2,potenial_homomer
6o39_B:A|C,AG,C,5URZ,A|B,1,potenial_homomer
6o39_B:A|C,AG,C,5URY,A|B,1,potenial_homomer
5c0n_H:L|A,AG,A,1LIF,A|A,1,potenial_homomer
5c0n_H:L|A,AG,A,1LIE,A|A,1,potenial_homomer
5c0n_H:L|A,AG,A,1LIC,A|A,1,potenial_homomer
5c0n_H:L|A,AG,A,1ADL,A|A,1,potenial_homomer
1ynt_D:C|G,AG,G,1KZQ,A|B,1,potenial_homomer
5tih_H:L|A,AG,A,5EZN,A|E,1,potenial_homomer
5tih_H:L|A,AG,A,5EZN,B|G,2,potenial_homomer
5w08_Q:R|D,AG,D,4WEA,A|A|A,1,potenial_homomer
5w08_Q:R|D,AG,D,4WE9,A|A|A,1,potenial_homomer
5w08_Q:R|D,AG,D,4WE8,A|A|A,1,potenial_homomer
3bgf_B:C|A,AG,A,2GHV,E|C,1,potenial_homomer
3bgf_B:C|A,AG,A,6CRV,A|B|C,1,potenial_homomer
6ii9_H:L|A,AG,A,6IDD,A|E|G,1,potenial_homomer
6ii9_H:L|A,AG,A,6IDD,C|I|K,2,potenial_homomer
6ii9_H:L|A,AG,A,4BSH,A|A|A,1,potential_complex_homomer
6ii9_H:L|A,AG,A,4BSG,A|A|A,1,potential_complex_homomer
6ii9_H:L|A,AG,A,4BSA,A|A|A,1,potential_complex_homomer
4kvn_H:L|A,AG,A,6BKT,A|A|A,1,potenial_homomer
4kvn_H:L|A,AG,A,6BKT,B|B|B,2,potenial_homomer
4kvn_H:L|A,AG,A,6BKT,A|B|A|B|A|B,3,potenial_homomer
4kvn_H:L|A,AG,A,6GOL,A|A|A,1,potenial_homomer
4kvn_H:L|A,AG,A,6BKN,A|A|A,1,potenial_homomer
4kvn_H:L|A,AG,A,6BKN,B|B|B,2,potenial_homomer
4kvn_H:L|A,AG,A,6BKN,A|B|A|B|A|B,3,potenial_homomer
4kvn_H:L|A,AG,A,6BKS,B|B|B,2,potenial_homomer
4kvn_H:L|A,AG,A,6BKS,B|B|B,3,potential_complex_homomer
5t85_H:L|G,AG,G,3T43,A|B,1,potenial_homomer
5t85_H:L|G,AG,G,3LF6,A|B,1,potenial_homomer
1uj3_B:A|C,AG,C,1BOY,A|A,1,potenial_homomer
4hfu_H:L|A,AG,A,3QQE,A|A|A,1,potential_complex_homomer
4hfu_H:L|A,AG,A,2WR7,A|B|C,1,potenial_homomer
4hfu_H:L|A,AG,A,3QQB,A|A|A,1,potential_complex_homomer
5v2a_H:L|A,AG,A,4LN6,A|C|E,1,potential_complex_homomer
5v2a_H:L|A,AG,A,4LN6,A,2,additional_chains
5v2a_H:L|A,AG,A,4LN6,C,3,additional_chains
5v2a_H:L|A,AG,A,4LN6,E,4,additional_chains
5v2a_H:L|A,AG,A,4LN6,G|I|K,5,potential_complex_homomer
5v2a_H:L|A,AG,A,4LN6,G,6,additional_chains
5v2a_H:L|A,AG,A,4LN6,I,7,additional_chains
5v2a_H:L|A,AG,A,4LN6,K,8,additional_chains
6bf9_E:F|B,AG,B,4PF7,A|B,1,potenial_homomer
6bf9_E:F|B,AG,B,4PFC,A|B,1,potenial_homomer
6bf9_E:F|B,AG,B,4PF9,A|B,1,potenial_homomer
4q6i_G:F|I,AG,I,1CDH,A|A,1,potenial_homomer
4q6i_G:F|I,AG,I,3CD4,A|A,1,potenial_homomer
4q6i_G:F|I,AG,I,1CDI,A|A,1,potenial_homomer
1ahw_B:A|C,AG,C,1BOY,A|A,1,potenial_homomer
6c6y_H:L|R,AG,R,6Q04,A|B|C,1,potenial_homomer
3rkd_H:L|A,AG,A,3GGQ,A|A,1,potenial_homomer
3rkd_H:L|A,AG,A,3IYO,A|B|D|A|B|D|A|B|D|A|B|D|A|B|D|A|B|D|A|B|D|A|B|D|A|B|D|A|B|D|A|B|D|A|B|D|A|B|D|A|B|D|A|B|D|A|B|D|A|B|D|A|B|D|A|B|D|A|B|D|A|B|D|A|B|D|A|B|D|A|B|D|A|B|D|A|B|D|A|B|D|A|B|D|A|B|D|A|B|D|A|B|D|A|B|D|A|B|D|A|B|D|A|B|D|A|B|D|A|B|D|A|B|D|A|B|D|A|B|D|A|B|D|A|B|D|A|B|D|A|B|D|A|B|D|A|B|D|A|B|D|A|B|D|A|B|D|A|B|D|A|B|D|A|B|D|A|B|D|A|B|D|A|B|D|A|B|D|A|B|D|A|B|D|A|B|D|A|B|D,1,potenial_homomer
3rkd_H:L|A,AG,A,6LB0,A|A|A|A|A|A|A|A|A|A|A|A|A|A|A|A|A|A|A|A|A|A|A|A|A|A|A|A|A|A|A|A|A|A|A|A|A|A|A|A|A|A|A|A|A|A|A|A|A|A|A|A|A|A|A|A|A|A|A|A,1,potenial_homomer
3rkd_H:L|A,AG,A,6LAT,A|A|A|A|A|A|A|A|A|A|A|A|A|A|A|A|A|A|A|A|A|A|A|A|A|A|A|A|A|A|A|A|A|A|A|A|A|A|A|A|A|A|A|A|A|A|A|A|A|A|A|A|A|A|A|A|A|A|A|A,1,potenial_homomer
3rkd_H:L|A,AG,A,2ZZQ,A|A|A|A|A|A|A|A|A|A|A|A|A|A|A|A|A|A|A|A|A|A|A|A|A|A|A|A|A|A|A|A|A|A|A|A|A|A|A|A|A|A|A|A|A|A|A|A|A|A|A|A|A|A|A|A|A|A|A|A,1,potenial_homomer
4yzf_G:H|B,AG,B,1HYN,P|Q,1,potenial_homomer
4yzf_G:H|B,AG,B,1HYN,R|S,2,potenial_homomer
4yzf_G:H|B,AG,B,1HYN,P|Q|R|S|P|Q|R|S,3,potenial_homomer
4yzf_G:H|B,AG,B,4KY9,A|P,1,potenial_homomer
5umn_C:D|B,AG,B,6BKQ,A|C|E,1,potenial_homomer
5umn_C:D|B,AG,B,6BKQ,A|C|E,3,potential_complex_homomer
5umn_C:D|B,AG,B,6BKM,A|C|E,1,potenial_homomer
5umn_C:D|B,AG,B,6BKM,A|C|E,3,potential_complex_homomer
1nmb_H:L|N,AG,N,6HFC,A|A|A|A,1,potenial_homomer
1nmb_H:L|N,AG,N,6HCX,A|A|A|A,1,potenial_homomer
1nmb_H:L|N,AG,N,6D3B,A|A|A|A,1,potenial_homomer
1nmb_H:L|N,AG,N,1F8E,A|A|A|A,1,potenial_homomer
1nmb_H:L|N,AG,N,6HG0,A|A|A|A,1,potenial_homomer
3f5w_A:B|C,AG,C,3IFX,A|B|C|D,1,potenial_homomer
3f5w_A:B|C,AG,C,3IFX,A|B|C|D|A|B|C|D,2,potenial_homomer
3f5w_A:B|C,AG,C,2QTO,A|B|C|D,1,potenial_homomer
6jfh_H:L|E,AG,E,5JHM,A|B,1,potenial_homomer
6jfh_H:L|E,AG,E,5LBV,A|B,1,potenial_homomer
5cba_C:D|F,AB,C:D,5C2B,H:H,1,additional_chains
5cba_C:D|F,AG,F,4ZAI,A|A,2,potenial_homomer
5te7_H:L|G,AG,G,3DNN,A|C|D|F|G|I,1,potential_complex_homomer
5vag_C:B|A,AG,A,4LN6,A|C|E,1,potential_complex_homomer
5vag_C:B|A,AG,A,4LN6,A,2,additional_chains
5vag_C:B|A,AG,A,4LN6,C,3,additional_chains
5vag_C:B|A,AG,A,4LN6,E,4,additional_chains
5vag_C:B|A,AG,A,4LN6,G|I|K,5,potential_complex_homomer
5vag_C:B|A,AG,A,4LN6,G,6,additional_chains
5vag_C:B|A,AG,A,4LN6,I,7,additional_chains
5vag_C:B|A,AG,A,4LN6,K,8,additional_chains
1ncc_H:L|N,AG,N,6HFC,A|A|A|A,1,potenial_homomer
1ncc_H:L|N,AG,N,6HCX,A|A|A|A,1,potenial_homomer
1ncc_H:L|N,AG,N,6D3B,A|A|A|A,1,potenial_homomer
1ncc_H:L|N,AG,N,1F8E,A|A|A|A,1,potenial_homomer
1ncc_H:L|N,AG,N,6HG0,A|A|A|A,1,potenial_homomer
5kqv_C:D|E,AG,E,2HR7,A|B,1,potenial_homomer
5kqv_C:D|E,AG,E,6HN4,E|F,1,potenial_homomer
5kqv_C:D|E,AG,E,4XST,E,1,additional_chains
5kqv_C:D|E,AG,E,4XST,E|E|E|E|E|E,2,potential_complex_homomer
3fb6_A:B|C,AG,C,3IFX,A|B|C|D,1,potenial_homomer
3fb6_A:B|C,AG,C,3IFX,A|B|C|D|A|B|C|D,2,potenial_homomer
3fb6_A:B|C,AG,C,2QTO,A|B|C|D,1,potenial_homomer
4r2g_J:I|K,AG,K,3DNN,A|C|D|F|G|I,1,potential_complex_homomer
5vgj_H:L|G,AG,G,4Q0C,A|B,1,potenial_homomer
5vgj_H:L|G,AG,G,4Q0C,C|D,2,potenial_homomer
2w0f_A:B|C,AG,C,3IFX,A|B|C|D,1,potenial_homomer
2w0f_A:B|C,AG,C,3IFX,A|B|C|D|A|B|C|D,2,potenial_homomer
2w0f_A:B|C,AG,C,2QTO,A|B|C|D,1,potenial_homomer
1a14_H:L|N,AG,N,6HFC,A|A|A|A,1,potenial_homomer
1a14_H:L|N,AG,N,6HCX,A|A|A|A,1,potenial_homomer
1a14_H:L|N,AG,N,6D3B,A|A|A|A,1,potenial_homomer
1a14_H:L|N,AG,N,1F8E,A|A|A|A,1,potenial_homomer
1a14_H:L|N,AG,N,6HG0,A|A|A|A,1,potenial_homomer
4uu9_H:L|D,AG,D,3HQA,A|B,3,potenial_homomer
4uu9_H:L|D,AG,D,4P39,A|B|D|C,5,potenial_homomer
4uu9_H:L|D,AG,D,4P39,A|D,6,potenial_homomer
4uu9_H:L|D,AG,D,4P39,B|C,7,potenial_homomer
6mb3_F:P|E,AG,E,3VDK,A|A|A,2,potenial_homomer
6mb3_F:P|E,AG,E,3VDJ,A|A|A,2,potenial_homomer
6mb3_F:P|E,AG,E,3VDL,A|B|C,4,potenial_homomer
6pzz_F:E|B,AG,B,5L18,A|A|A|A,1,potenial_homomer
6pzz_F:E|B,AG,B,6PZD,A|A|A|A,1,potenial_homomer
6pzz_F:E|B,AG,B,4MWX,A|A|A|A,1,potenial_homomer
6pzz_F:E|B,AG,B,4MWY,A|A|A|A,1,potenial_homomer
6pzz_F:E|B,AG,B,4MWJ,A|A|A|A,1,potenial_homomer
5d1q_C:D|E,AG,E,3RTL,A|B,5,potenial_homomer
5d1q_C:D|E,AG,E,3RTL,C|D,6,potenial_homomer
5d1q_C:D|E,AG,E,3RUR,A|D,5,potenial_homomer
5d1q_C:D|E,AG,E,3RUR,B|C,6,potenial_homomer
4rwy_H:L|A,AG,A,3DNN,C|F|I,1,potential_complex_homomer
6cwt_A:B|E,AG,E,5T2P,A|B|C|D|E|F,1,potenial_homomer
3u4e_A:B|J,AG,J,4Q0C,A|B,1,potenial_homomer
3u4e_A:B|J,AG,J,4Q0C,C|D,2,potenial_homomer
5vjq_A:B|I,AG,I,1IAK,P,1,additional_chains
4uv7_H:L|A,AG,A,5LV6,A|B,1,potenial_homomer
4uv7_H:L|A,AG,A,2M0B,A|B,1,potenial_homomer
6pzw_H:L|A,AG,A,5L18,A|A|A|A,1,potenial_homomer
6pzw_H:L|A,AG,A,6PZD,A|A|A|A,1,potenial_homomer
6pzw_H:L|A,AG,A,4MWX,A|A|A|A,1,potenial_homomer
6pzw_H:L|A,AG,A,4MWY,A|A|A|A,1,potenial_homomer
6pzw_H:L|A,AG,A,4MWJ,A|A|A|A,1,potenial_homomer
5jxe_D:C|B,AB,D:C,5DK3,B:A|G:F,1,potenial_homomer
4i9w_G:F|B,AG,B,4RUE,A|B,1,potenial_homomer
4i9w_G:F|B,AG,B,3UM7,A|B,1,potenial_homomer
4i9w_G:F|B,AG,B,4RUF,A|B,1,potenial_homomer
4qci_B:A|D,AG,D,1PDG,A|B,1,potenial_homomer
4qci_B:A|D,AG,D,1PDG,C|C,2,potenial_homomer
3v7a_F:G|B,AG,B,5HZA,A|B,1,potenial_homomer
3v7a_F:G|B,AG,B,3Q38,A|B,1,potenial_homomer
3v7a_F:G|B,AG,B,3Q39,A|B,1,potenial_homomer
6cmi_D:C|B,AG,B,2X9M,B|D,1,potenial_homomer
6cmi_D:C|B,AG,B,2X9M,A|C,2,potenial_homomer
5n7w_A:B|Y,AG,Y,4HR9,A|B,1,potenial_homomer
4zxb_A:B|E,AG,E,2HR7,A|B,1,potenial_homomer
4zxb_A:B|E,AG,E,4XST,E,1,additional_chains
4zxb_A:B|E,AG,E,4XST,E|E|E|E|E|E,2,potential_complex_homomer
4oii_H:L|A,AG,A,4O6C,A|B,1,potenial_homomer
4oii_H:L|A,AG,A,4O6C,C|D,2,potenial_homomer
4oii_H:L|A,AG,A,4O6C,E|F,3,potenial_homomer
4oii_H:L|A,AG,A,4OIE,A|A,1,potenial_homomer
5vta_F:E|C,AG,C,2OAE,A|B,1,potenial_homomer
5vta_F:E|C,AG,C,2OAE,A|B|A|B|A|B,2,potenial_homomer
5vta_F:E|C,AG,C,2GBC,A|B,1,potenial_homomer
5vta_F:E|C,AG,C,2GBC,A|B|A|B|A|B,2,potenial_homomer
5vta_F:E|C,AG,C,2I3Z,A|B,1,potenial_homomer
5vta_F:E|C,AG,C,2I3Z,A|B|A|B|A|B,2,potenial_homomer
6e56_H:J|A,AG,A,6BKQ,A|C|E,1,potenial_homomer
6e56_H:J|A,AG,A,6BKQ,A|C|E,3,potential_complex_homomer
6e56_H:J|A,AG,A,6BKM,A|C|E,1,potenial_homomer
6e56_H:J|A,AG,A,6BKM,A|C|E,3,potential_complex_homomer
5i9q_H:L|G,AG,G,3DNN,A|D|G,1,potential_complex_homomer
4xnq_B:A|D,AG,D,6CF5,A|C|E,1,potential_complex_homomer
4xnq_B:A|D,AG,D,4BH3,A|A|A,1,potential_complex_homomer
4xnq_B:A|D,AG,D,4BH4,A|A|A,1,potential_complex_homomer
3bdy_H:L|V,AB,H:L,6MY5,H:L|A:B,1,potenial_homomer
3bdy_H:L|V,AB,H:L,6MY4,H:L|A:B,1,potenial_homomer
3bdy_H:L|V,AB,H:L,6MXS,H:L|A:B,1,potenial_homomer
3bdy_H:L|V,AG,V,4KZN,A|A,1,potenial_homomer
3bdy_H:L|V,AG,V,1MKK,A|B,1,potenial_homomer
3bdy_H:L|V,AG,V,3QTK,A|D,1,potenial_homomer
3bdy_H:L|V,AG,V,3QTK,B|C,2,potenial_homomer
3bdy_H:L|V,AG,V,3QTK,E|F,3,potenial_homomer
6glx_H:L|A,AG,A,6GKS,A|A,1,potenial_homomer
6glx_H:L|A,AG,A,5XRH,A|A,1,potenial_homomer
6glx_H:L|A,AG,A,5XRG,A|A,1,potenial_homomer
6glx_H:L|A,AG,A,5XRO,A|A,1,potenial_homomer
6glx_H:L|A,AG,A,6QRN,A|A,1,potenial_homomer
4m8q_H:L|C,AG,C,3T43,A|B,1,potenial_homomer
4m8q_H:L|C,AG,C,3LF6,A|B,1,potenial_homomer
5x8l_H:M|C,AG,C,6NP9,A|A,1,potenial_homomer
5x8l_H:M|C,AG,C,5NIU,A|B,1,potenial_homomer
5x8l_H:M|C,AG,C,5NIU,C|D,2,potenial_homomer
5x8l_H:M|C,AG,C,4Z18,A|B,1,potenial_homomer
6u02_K:I|J,AG,J,5L18,A|A|A|A,1,potenial_homomer
6u02_K:I|J,AG,J,6PZD,A|A|A|A,1,potenial_homomer
6u02_K:I|J,AG,J,4MWX,A|A|A|A,1,potenial_homomer
6u02_K:I|J,AG,J,4MWY,A|A|A|A,1,potenial_homomer
6u02_K:I|J,AG,J,4MWJ,A|A|A|A,1,potenial_homomer
4ckd_K:O|B,AG,B,4TTG,A|B|C|D,1,potenial_homomer
4ckd_K:O|B,AG,B,4TTG,B|C,2,potenial_homomer
4ckd_K:O|B,AG,B,1JZ7,A|B|C|D,1,potenial_homomer
3f7v_A:B|C,AG,C,3IFX,A|B|C|D,1,potenial_homomer
3f7v_A:B|C,AG,C,3IFX,A|B|C|D|A|B|C|D,2,potenial_homomer
3f7v_A:B|C,AG,C,2QTO,A|B|C|D,1,potenial_homomer
6pzy_C:D|A,AG,A,5L18,A|A|A|A,1,potenial_homomer
6pzy_C:D|A,AG,A,6PZD,A|A|A|A,1,potenial_homomer
6pzy_C:D|A,AG,A,4MWX,A|A|A|A,1,potenial_homomer
6pzy_C:D|A,AG,A,4MWY,A|A|A|A,1,potenial_homomer
6pzy_C:D|A,AG,A,4MWJ,A|A|A|A,1,potenial_homomer
5w3m_E:G|B:A:C,AG,B:A:C,1RUJ,3:1:2|3:1:2|3:1:2|3:1:2|3:1:2|3:1:2|3:1:2|3:1:2|3:1:2|3:1:2|3:1:2|3:1:2|3:1:2|3:1:2|3:1:2|3:1:2|3:1:2|3:1:2|3:1:2|3:1:2|3:1:2|3:1:2|3:1:2|3:1:2|3:1:2|3:1:2|3:1:2|3:1:2|3:1:2|3:1:2|3:1:2|3:1:2|3:1:2|3:1:2|3:1:2|3:1:2|3:1:2|3:1:2|3:1:2|3:1:2|3:1:2|3:1:2|3:1:2|3:1:2|3:1:2|3:1:2|3:1:2|3:1:2|3:1:2|3:1:2|3:1:2|3:1:2|3:1:2|3:1:2|3:1:2|3:1:2|3:1:2|3:1:2|3:1:2|3:1:2,1,potential_complex_homomer
5w3m_E:G|B:A:C,AG,B:A:C,1RUD,3:1:2|3:1:2|3:1:2|3:1:2|3:1:2|3:1:2|3:1:2|3:1:2|3:1:2|3:1:2|3:1:2|3:1:2|3:1:2|3:1:2|3:1:2|3:1:2|3:1:2|3:1:2|3:1:2|3:1:2|3:1:2|3:1:2|3:1:2|3:1:2|3:1:2|3:1:2|3:1:2|3:1:2|3:1:2|3:1:2|3:1:2|3:1:2|3:1:2|3:1:2|3:1:2|3:1:2|3:1:2|3:1:2|3:1:2|3:1:2|3:1:2|3:1:2|3:1:2|3:1:2|3:1:2|3:1:2|3:1:2|3:1:2|3:1:2|3:1:2|3:1:2|3:1:2|3:1:2|3:1:2|3:1:2|3:1:2|3:1:2|3:1:2|3:1:2|3:1:2,1,potential_complex_homomer
5w3m_E:G|B:A:C,AG,B:A:C,1RUF,3:1:2|3:1:2|3:1:2|3:1:2|3:1:2|3:1:2|3:1:2|3:1:2|3:1:2|3:1:2|3:1:2|3:1:2|3:1:2|3:1:2|3:1:2|3:1:2|3:1:2|3:1:2|3:1:2|3:1:2|3:1:2|3:1:2|3:1:2|3:1:2|3:1:2|3:1:2|3:1:2|3:1:2|3:1:2|3:1:2|3:1:2|3:1:2|3:1:2|3:1:2|3:1:2|3:1:2|3:1:2|3:1:2|3:1:2|3:1:2|3:1:2|3:1:2|3:1:2|3:1:2|3:1:2|3:1:2|3:1:2|3:1:2|3:1:2|3:1:2|3:1:2|3:1:2|3:1:2|3:1:2|3:1:2|3:1:2|3:1:2|3:1:2|3:1:2|3:1:2,1,potential_complex_homomer
5w3m_E:G|B:A:C,AG,B:A:C,1RUE,3:1:2|3:1:2|3:1:2|3:1:2|3:1:2|3:1:2|3:1:2|3:1:2|3:1:2|3:1:2|3:1:2|3:1:2|3:1:2|3:1:2|3:1:2|3:1:2|3:1:2|3:1:2|3:1:2|3:1:2|3:1:2|3:1:2|3:1:2|3:1:2|3:1:2|3:1:2|3:1:2|3:1:2|3:1:2|3:1:2|3:1:2|3:1:2|3:1:2|3:1:2|3:1:2|3:1:2|3:1:2|3:1:2|3:1:2|3:1:2|3:1:2|3:1:2|3:1:2|3:1:2|3:1:2|3:1:2|3:1:2|3:1:2|3:1:2|3:1:2|3:1:2|3:1:2|3:1:2|3:1:2|3:1:2|3:1:2|3:1:2|3:1:2|3:1:2|3:1:2,1,potential_complex_homomer
5w3m_E:G|B:A:C,AG,B:A:C,1VRH,3:1:2|3:1:2|3:1:2|3:1:2|3:1:2|3:1:2|3:1:2|3:1:2|3:1:2|3:1:2|3:1:2|3:1:2|3:1:2|3:1:2|3:1:2|3:1:2|3:1:2|3:1:2|3:1:2|3:1:2|3:1:2|3:1:2|3:1:2|3:1:2|3:1:2|3:1:2|3:1:2|3:1:2|3:1:2|3:1:2|3:1:2|3:1:2|3:1:2|3:1:2|3:1:2|3:1:2|3:1:2|3:1:2|3:1:2|3:1:2|3:1:2|3:1:2|3:1:2|3:1:2|3:1:2|3:1:2|3:1:2|3:1:2|3:1:2|3:1:2|3:1:2|3:1:2|3:1:2|3:1:2|3:1:2|3:1:2|3:1:2|3:1:2|3:1:2|3:1:2,1,potential_complex_homomer
1nfd_F:E|B,AG,B,3Q5Y,A|B,1,potenial_homomer
1nfd_F:E|B,AG,B,3Q5Y,C|D,2,potenial_homomer
5mp1_C:D|B,AG,B,6NWP,A|B|C|D|E|F,1,potenial_homomer
3ztj_I:J|D:C,AG,D:C,6BKQ,B:A|D:C|F:E,3,potenial_homomer
3ztj_I:J|D:C,AG,D:C,6BKM,B:A|D:C|F:E,3,potenial_homomer
6mb3_I:R|E,AG,E,3VDK,A|A|A,2,potenial_homomer
6mb3_I:R|E,AG,E,3VDJ,A|A|A,2,potenial_homomer
6mb3_I:R|E,AG,E,3VDL,A|B|C,4,potenial_homomer
3raj_H:L|A,AG,A,3F6Y,A|A,2,potenial_homomer
5g64_H:L|A,AG,A,5MOK,A|B|C|D,1,potenial_homomer
5g64_H:L|A,AG,A,2WQR,A|B,1,potenial_homomer
5g64_H:L|A,AG,A,5MOL,A|B,1,potenial_homomer
4bh8_B:A|P,AB,B:A,2A6J,H:L|B:A,1,potenial_homomer
4lst_H:L|G,AG,G,3DNN,A|C|D|F|G|I,1,potential_complex_homomer
1egj_H:L|A,AG,A,2GYS,A|B,1,potenial_homomer
1egj_H:L|A,AG,A,1GH7,A|B,1,potenial_homomer
6gku_H:L|A,AG,A,6GKS,A|A,1,potenial_homomer
6gku_H:L|A,AG,A,5XRH,A|A,1,potenial_homomer
6gku_H:L|A,AG,A,5XRG,A|A,1,potenial_homomer
6gku_H:L|A,AG,A,5XRO,A|A,1,potenial_homomer
6gku_H:L|A,AG,A,6QRN,A|A,1,potenial_homomer
3hi1_B:A|J,AG,J,3DNN,A|C|D|F|G|I,1,potential_complex_homomer
5ggs_A:B|Z,AB,A:B,5DK3,B:A|G:F,1,potenial_homomer
6i9i_A:B|C,AG,C,6F9C,A|C|E|G|I|K,1,potential_complex_homomer
5o6v_I:M|C,AG,C,1URZ,A|B|C,1,potenial_homomer
5o6v_I:M|C,AG,C,1URZ,D|E|F,2,potenial_homomer
5wob_Q:R|E,AG,E,4PF7,A|B,1,potenial_homomer
5wob_Q:R|E,AG,E,4PFC,A|B,1,potenial_homomer
5wob_Q:R|E,AG,E,4PF9,A|B,1,potenial_homomer
5w9i_G:H|E,AG,E,4NCW,A|B|C,1,potenial_homomer
5w9i_G:H|E,AG,E,4NCU,A|A|A,1,potenial_homomer
5c7x_H:L|A,AG,A,1CSG,A|B,1,potenial_homomer
6n5e_E:D|A,AG,A,6BKQ,A|C|E,1,potenial_homomer
6n5e_E:D|A,AG,A,6BKQ,A|C|E,3,potential_complex_homomer
6n5e_E:D|A,AG,A,6BKM,A|C|E,1,potenial_homomer
6n5e_E:D|A,AG,A,6BKM,A|C|E,3,potential_complex_homomer
6iw0_H:L|A,AG,A,6IW4,A|B,1,potenial_homomer
6iw0_H:L|A,AG,A,6IW1,A|B|C,1,potenial_homomer
4fqv_H:L|B:A,AG,B:A,4BSH,B:A|B:A|B:A,1,potenial_homomer
4fqv_H:L|B:A,AG,B:A,4BSG,B:A|B:A|B:A,1,potenial_homomer
4fqv_H:L|B:A,AG,B:A,4DJ6,B:A|D:C|F:E,1,potenial_homomer
4msw_A:B|C,AG,C,3IFX,A|B|C|D,1,potenial_homomer
4msw_A:B|C,AG,C,3IFX,A|B|C|D|A|B|C|D,2,potenial_homomer
4msw_A:B|C,AG,C,2QTO,A|B|C|D,1,potenial_homomer
6bb4_H:L|P,AG,P,6NWP,A|B|C|D|E|F,1,potenial_homomer
5anm_B:A|G,AG,G,2WQR,A|B,1,potenial_homomer
5anm_B:A|G,AG,G,5MOL,A|B,1,potenial_homomer
5anm_B:A|G,AG,G,1FP5,A|A,1,potenial_homomer
5mp3_H:L|D,AG,D,6NWP,A|B|C|D|E|F,1,potenial_homomer
2itd_A:B|C,AG,C,3IFX,A|B|C|D,1,potenial_homomer
2itd_A:B|C,AG,C,3IFX,A|B|C|D|A|B|C|D,2,potenial_homomer
2itd_A:B|C,AG,C,2QTO,A|B|C|D,1,potenial_homomer
5ock_H:L|A,AG,A,3B97,A|B,1,potenial_homomer
5ock_H:L|A,AG,A,3B97,C|D,2,potenial_homomer
5ock_H:L|A,AG,A,2PSN,A|B,1,potenial_homomer
5ock_H:L|A,AG,A,2PSN,C|D,2,potenial_homomer
6ewb_E:F|A,AG,A,5J35,A|B,1,potenial_homomer
6ewb_E:F|A,AG,A,5KON,A|B,1,potenial_homomer
6ewb_E:F|A,AG,A,5J3O,A|B,1,potenial_homomer
4ffw_H:L|A,AG,A,2OAE,A|B,1,potenial_homomer
4ffw_H:L|A,AG,A,2OAE,A|B|A|B|A|B,2,potenial_homomer
4ffw_H:L|A,AG,A,2GBC,A|B,1,potenial_homomer
4ffw_H:L|A,AG,A,2GBC,A|B|A|B|A|B,2,potenial_homomer
4ffw_H:L|A,AG,A,2I3Z,A|B,1,potenial_homomer
4ffw_H:L|A,AG,A,2I3Z,A|B|A|B|A|B,2,potenial_homomer
2dd8_H:L|S,AB,H:L,2G75,A:B|C:D,1,potenial_homomer
2dd8_H:L|S,AB,H:L,2G75,A:B|C:D,4,potenial_homomer
2dd8_H:L|S,AG,S,2GHV,E|C,1,potenial_homomer
2dd8_H:L|S,AG,S,6CRV,A|B|C,1,potenial_homomer
6eyo_I:M|B,AG,B,5MOK,A|B|C|D,1,potenial_homomer
6eyo_I:M|B,AG,B,2WQR,A|B,1,potenial_homomer
6eyo_I:M|B,AG,B,5MOL,A|B,1,potenial_homomer
4plk_J:K|E,AG,E,3GGQ,A|A,1,potenial_homomer
4plk_J:K|E,AG,E,3IYO,A|B|D|A|B|D|A|B|D|A|B|D|A|B|D|A|B|D|A|B|D|A|B|D|A|B|D|A|B|D|A|B|D|A|B|D|A|B|D|A|B|D|A|B|D|A|B|D|A|B|D|A|B|D|A|B|D|A|B|D|A|B|D|A|B|D|A|B|D|A|B|D|A|B|D|A|B|D|A|B|D|A|B|D|A|B|D|A|B|D|A|B|D|A|B|D|A|B|D|A|B|D|A|B|D|A|B|D|A|B|D|A|B|D|A|B|D|A|B|D|A|B|D|A|B|D|A|B|D|A|B|D|A|B|D|A|B|D|A|B|D|A|B|D|A|B|D|A|B|D|A|B|D|A|B|D|A|B|D|A|B|D|A|B|D|A|B|D|A|B|D|A|B|D|A|B|D|A|B|D,1,potenial_homomer
4plk_J:K|E,AG,E,6LB0,A|A|A|A|A|A|A|A|A|A|A|A|A|A|A|A|A|A|A|A|A|A|A|A|A|A|A|A|A|A|A|A|A|A|A|A|A|A|A|A|A|A|A|A|A|A|A|A|A|A|A|A|A|A|A|A|A|A|A|A,1,potenial_homomer
4plk_J:K|E,AG,E,6LAT,A|A|A|A|A|A|A|A|A|A|A|A|A|A|A|A|A|A|A|A|A|A|A|A|A|A|A|A|A|A|A|A|A|A|A|A|A|A|A|A|A|A|A|A|A|A|A|A|A|A|A|A|A|A|A|A|A|A|A|A,1,potenial_homomer
4plk_J:K|E,AG,E,2ZZQ,A|A|A|A|A|A|A|A|A|A|A|A|A|A|A|A|A|A|A|A|A|A|A|A|A|A|A|A|A|A|A|A|A|A|A|A|A|A|A|A|A|A|A|A|A|A|A|A|A|A|A|A|A|A|A|A|A|A|A|A,1,potenial_homomer
6n5e_H:I|C,AG,C,6BKQ,A|C|E,1,potenial_homomer
6n5e_H:I|C,AG,C,6BKQ,A|C|E,3,potential_complex_homomer
6n5e_H:I|C,AG,C,6BKM,A|C|E,1,potenial_homomer
6n5e_H:I|C,AG,C,6BKM,A|C|E,3,potential_complex_homomer
6ii8_G:I|A,AG,A,6IDD,A|E|G,1,potenial_homomer
6ii8_G:I|A,AG,A,6IDD,C|I|K,2,potenial_homomer
6ii8_G:I|A,AG,A,4BSH,A|A|A,1,potential_complex_homomer
6ii8_G:I|A,AG,A,4BSG,A|A|A,1,potential_complex_homomer
6ii8_G:I|A,AG,A,4BSA,A|A|A,1,potential_complex_homomer
5w6g_H:L|A,AG,A,6CF7,A|A|A,1,potential_complex_homomer
5kvg_H:L|E,AG,E,5JHM,A|B,1,potenial_homomer
5kvg_H:L|E,AG,E,5LBV,A|B,1,potenial_homomer
6ewb_H:L|B,AG,B,5J35,A|B,1,potenial_homomer
6ewb_H:L|B,AG,B,5KON,A|B,1,potenial_homomer
6ewb_H:L|B,AG,B,5J3O,A|B,1,potenial_homomer
6tys_H:L|A,AG,A,2YNY,A|B|C,1,potenial_homomer
6tys_H:L|A,AG,A,2YNZ,A|B|C,1,potenial_homomer
6bsp_A:B|D,AG,D,5KEQ,A|B|C|D|E|F|A|B|C|D|E|F|A|B|C|D|E|F|A|B|C|D|E|F|A|B|C|D|E|F|A|B|C|D|E|F|A|B|C|D|E|F|A|B|C|D|E|F|A|B|C|D|E|F|A|B|C|D|E|F|A|B|C|D|E|F|A|B|C|D|E|F|A|B|C|D|E|F|A|B|C|D|E|F|A|B|C|D|E|F|A|B|C|D|E|F|A|B|C|D|E|F|A|B|C|D|E|F|A|B|C|D|E|F|A|B|C|D|E|F|A|B|C|D|E|F|A|B|C|D|E|F|A|B|C|D|E|F|A|B|C|D|E|F|A|B|C|D|E|F|A|B|C|D|E|F|A|B|C|D|E|F|A|B|C|D|E|F|A|B|C|D|E|F|A|B|C|D|E|F|A|B|C|D|E|F|A|B|C|D|E|F|A|B|C|D|E|F|A|B|C|D|E|F|A|B|C|D|E|F|A|B|C|D|E|F|A|B|C|D|E|F|A|B|C|D|E|F|A|B|C|D|E|F|A|B|C|D|E|F|A|B|C|D|E|F|A|B|C|D|E|F|A|B|C|D|E|F|A|B|C|D|E|F|A|B|C|D|E|F|A|B|C|D|E|F|A|B|C|D|E|F|A|B|C|D|E|F|A|B|C|D|E|F|A|B|C|D|E|F|A|B|C|D|E|F|A|B|C|D|E|F|A|B|C|D|E|F|A|B|C|D|E|F|A|B|C|D|E|F|A|B|C|D|E|F|A|B|C|D|E|F|A|B|C|D|E|F|A|B|C|D|E|F|A|B|C|D|E|F,1,potenial_homomer
6bsp_A:B|D,AG,D,1DZL,A|A|A|A|A|A|A|A|A|A|A|A|A|A|A|A|A|A|A|A|A|A|A|A|A|A|A|A|A|A|A|A|A|A|A|A|A|A|A|A|A|A|A|A|A|A|A|A|A|A|A|A|A|A|A|A|A|A|A|A,1,potenial_homomer
5w9p_K:L|H,AG,H,4NCW,A|B|C,1,potenial_homomer
5w9p_K:L|H,AG,H,4NCU,A|A|A,1,potenial_homomer
6flc_H:L|G,AG,G,1OAN,A|B,1,potenial_homomer
6flc_H:L|G,AG,G,1OK8,A|A|A,1,potenial_homomer
6flc_H:L|G,AG,G,1TG8,A|A,1,potenial_homomer
6flc_H:L|G,AG,G,1OKE,A|B,1,potenial_homomer
2qr0_X:W|V,AG,V,4KZN,A|A,1,potenial_homomer
2qr0_X:W|V,AG,V,1MKK,A|B,1,potenial_homomer
2qr0_X:W|V,AG,V,3QTK,A|D,1,potenial_homomer
2qr0_X:W|V,AG,V,3QTK,B|C,2,potenial_homomer
2qr0_X:W|V,AG,V,3QTK,E|F,3,potenial_homomer
5x8l_S:N|D,AG,D,6NP9,A|A,1,potenial_homomer
5x8l_S:N|D,AG,D,5NIU,A|B,1,potenial_homomer
5x8l_S:N|D,AG,D,5NIU,C|D,2,potenial_homomer
5x8l_S:N|D,AG,D,4Z18,A|B,1,potenial_homomer
6mlm_K:L|H,AG,H,3M5J,A|C|E,1,potential_complex_homomer
6mlm_K:L|H,AG,H,3M5G,A|C|E,1,potential_complex_homomer
4xrc_H:L|C,AG,C,6CF5,A|C|E,1,potential_complex_homomer
4xrc_H:L|C,AG,C,4BH3,A|A|A,1,potential_complex_homomer
4xrc_H:L|C,AG,C,4BH4,A|A|A,1,potential_complex_homomer
1cz8_H:L|W,AG,W,4KZN,A|A,1,potenial_homomer
1cz8_H:L|W,AG,W,1MKK,A|B,1,potenial_homomer
1cz8_H:L|W,AG,W,3QTK,A|D,1,potenial_homomer
1cz8_H:L|W,AG,W,3QTK,B|C,2,potenial_homomer
1cz8_H:L|W,AG,W,3QTK,E|F,3,potenial_homomer
5um8_D:E|B,AG,B,3U91,A|A|A,1,potenial_homomer
5um8_D:E|B,AG,B,4HLR,A|A|A,1,potenial_homomer
5um8_D:E|B,AG,B,3H00,A|C,1,potenial_homomer
5um8_D:E|B,AG,B,3H00,B|D,2,potenial_homomer
5eu7_E:C|A,AG,A,5HRN,A|A,1,potenial_homomer
5eu7_E:C|A,AG,A,3VQ6,A|B,1,potenial_homomer
5eu7_E:C|A,AG,A,5KRT,A|A,1,potenial_homomer
5eu7_E:C|A,AG,A,4LH4,A|A,1,potenial_homomer
5yoy_G:D|B,AG,B,2AZ5,A|B|C|D,1,potenial_homomer
5yoy_G:D|B,AG,B,4TSV,A|A|A,1,potenial_homomer
5yoy_G:D|B,AG,B,5UUI,A|A|A,1,potenial_homomer
6nn3_H:L|A,AG,A,1S58,A|A|A|A|A|A|A|A|A|A|A|A|A|A|A|A|A|A|A|A|A|A|A|A|A|A|A|A|A|A|A|A|A|A|A|A|A|A|A|A|A|A|A|A|A|A|A|A|A|A|A|A|A|A|A|A|A|A|A|A,1,potenial_homomer
4y5x_J:K|L,AG,L,1ERN,A|B,1,potenial_homomer
3klh_D:C|B,AG,B,6ECL,A|B,1,potenial_homomer
5w06_H:L|T,AG,T,1BOY,A|A,1,potenial_homomer
1ken_T:U|C:E,AG,C:E,6BKQ,A:A|C:C|E:E,1,potential_complex_homomer
1ken_T:U|C:E,AG,C:E,6BKQ,A:A|C:C|E:E,3,potenial_homomer
1ken_T:U|C:E,AG,C:E,6BKM,A:A|C:C|E:E,1,potential_complex_homomer
1ken_T:U|C:E,AG,C:E,6BKM,A:A|C:C|E:E,3,potenial_homomer
5hi3_C:D|A,AG,A,4HR9,A|B,1,potenial_homomer
1zwi_A:B|C,AG,C,3IFX,A|B|C|D,1,potenial_homomer
1zwi_A:B|C,AG,C,3IFX,A|B|C|D|A|B|C|D,2,potenial_homomer
1zwi_A:B|C,AG,C,2QTO,A|B|C|D,1,potenial_homomer
5wob_K:L|B,AG,B,4PF7,A|B,1,potenial_homomer
5wob_K:L|B,AG,B,4PFC,A|B,1,potenial_homomer
5wob_K:L|B,AG,B,4PF9,A|B,1,potenial_homomer
4pp2_B:A|F,AG,F,2AS8,A|B,1,potenial_homomer
5x8l_J:O|E,AG,E,6NP9,A|A,1,potenial_homomer
5x8l_J:O|E,AG,E,5NIU,A|B,1,potenial_homomer
5x8l_J:O|E,AG,E,5NIU,C|D,2,potenial_homomer
5x8l_J:O|E,AG,E,4Z18,A|B,1,potenial_homomer
6hjq_I:J|D:C,AG,D:C,6HJN,B:A|D:C|F:E,1,potenial_homomer
6hjq_I:J|D:C,AG,D:C,6HJR,B:A|D:C|F:E,1,potenial_homomer
4ffz_Z:Y|X,AG,X,4GSX,A|A|A,1,potenial_homomer
4ffz_Z:Y|X,AG,X,4GSX,B|B|B,2,potenial_homomer
4ffz_Z:Y|X,AG,X,3IRC,A|A|A,2,potenial_homomer
4ffz_Z:Y|X,AG,X,4GT0,A|A|A,1,potenial_homomer
4ffz_Z:Y|X,AG,X,4GT0,B|B|B,2,potenial_homomer
6c6z_H:L|B,AG,B,6Q04,A|B|C,1,potenial_homomer
4xnq_H:L|C,AG,C,6CF5,A|C|E,1,potential_complex_homomer
4xnq_H:L|C,AG,C,4BH3,A|A|A,1,potential_complex_homomer
4xnq_H:L|C,AG,C,4BH4,A|A|A,1,potential_complex_homomer
6c6z_C:D|A,AG,A,6Q04,A|B|C,1,potenial_homomer
5f6j_B:A|G,AG,G,3DNL,A|D|G,1,potential_complex_homomer
5f6j_B:A|G,AG,G,3DNO,A|D|G,1,potential_complex_homomer
4kjq_C:D|A,AG,A,1KPK,A|B,1,potenial_homomer
4kjq_C:D|A,AG,A,1KPK,C|D,2,potenial_homomer
4kjq_C:D|A,AG,A,1KPK,E|F,3,potenial_homomer
4kjq_C:D|A,AG,A,4FTP,A|A,1,potenial_homomer
6e4z_H:L|P,AG,P,6U2P,A|B,1,potenial_homomer
6e4z_H:L|P,AG,P,2P4E,P|A,3,potenial_homomer
4al8_H:L|C,AG,C,4GSX,A|A|A,1,potenial_homomer
4al8_H:L|C,AG,C,4GSX,B|B|B,2,potenial_homomer
4al8_H:L|C,AG,C,3IRC,A|A|A,2,potenial_homomer
4al8_H:L|C,AG,C,4GT0,A|A|A,1,potenial_homomer
4al8_H:L|C,AG,C,4GT0,B|B|B,2,potenial_homomer
4hg4_R:S|E:b,AG,E:b,3QQE,A:B|A:B|A:B,1,potenial_homomer
4hg4_R:S|E:b,AG,E:b,2WR7,A:A|B:B|C:C,1,potential_complex_homomer
4hg4_R:S|E:b,AG,E:b,3QQB,A:B|A:B|A:B,1,potenial_homomer
4kxz_J:I|B,AG,B,6I9J,A|A,1,potenial_homomer
4kxz_J:I|B,AG,B,2TGI,A|A,1,potenial_homomer
4kxz_J:I|B,AG,B,1TFG,A|A,1,potenial_homomer
4o5i_Q:R|E,AG,E,6BKP,A|A|A,1,potenial_homomer
4o5i_Q:R|E,AG,E,6BKP,A|A|A,3,potential_complex_homomer
4o5i_Q:R|E,AG,E,6BKT,A|A|A,1,potenial_homomer
4o5i_Q:R|E,AG,E,6BKT,A|A|A,3,potential_complex_homomer
4o5i_Q:R|E,AG,E,4WE8,A|A|A,1,potenial_homomer
1adq_H:L|A,AG,A,6GFE,H|K,1,potential_complex_homomer
1adq_H:L|A,AG,A,5HSF,A|B,1,potenial_homomer
6oc3_A:B|F,AG,F,4EDB,A|C|E,1,potential_complex_homomer
5w42_H:L|A,AG,A,5XRS,A|C|E,1,potential_complex_homomer
5w42_H:L|A,AG,A,5XRS,G|G|G,2,potential_complex_homomer
5w42_H:L|A,AG,A,5XRT,A|C|E,1,potential_complex_homomer
5w42_H:L|A,AG,A,5XRT,G|G|G,2,potential_complex_homomer
4kxz_H:L|A,AG,A,6I9J,A|A,1,potenial_homomer
4kxz_H:L|A,AG,A,2TGI,A|A,1,potenial_homomer
4kxz_H:L|A,AG,A,1TFG,A|A,1,potenial_homomer
4fp8_K:O|D,AG,D,6BKQ,A|C|E,1,potenial_homomer
4fp8_K:O|D,AG,D,6BKQ,A|C|E,3,potential_complex_homomer
4fp8_K:O|D,AG,D,6BKM,A|C|E,1,potenial_homomer
4fp8_K:O|D,AG,D,6BKM,A|C|E,3,potential_complex_homomer
2r56_H:L|A,AG,A,4TLJ,A|B,1,potenial_homomer
2r56_H:L|A,AG,A,4NLJ,A|B,1,potenial_homomer
4f15_B:C|A,AG,A,4JUG,B|D|F,1,potential_complex_homomer
4f15_B:C|A,AG,A,4JUG,H|J|L,2,potential_complex_homomer
4f15_B:C|A,AG,A,6GOL,A|A|A,1,potenial_homomer
4f15_B:C|A,AG,A,4EDB,B|D|F,1,potential_complex_homomer
5jw3_H:L|B:A,AG,B:A,4BSG,B:A|B:A|B:A,1,potenial_homomer
5jw3_H:L|B:A,AG,B:A,4LN6,B:A|D:C|F:E,1,potenial_homomer
5jw3_H:L|B:A,AG,B:A,4LN6,H:G|J:I|L:K,5,potenial_homomer
6ii4_E:F|C,AG,C,4BSG,A|A|A,1,potential_complex_homomer
6ii4_E:F|C,AG,C,4LN6,A|C|E,1,potential_complex_homomer
6ii4_E:F|C,AG,C,4LN6,A,2,additional_chains
6ii4_E:F|C,AG,C,4LN6,C,3,additional_chains
6ii4_E:F|C,AG,C,4LN6,E,4,additional_chains
6ii4_E:F|C,AG,C,4LN6,G|I|K,5,potential_complex_homomer
6ii4_E:F|C,AG,C,4LN6,G,6,additional_chains
6ii4_E:F|C,AG,C,4LN6,I,7,additional_chains
6ii4_E:F|C,AG,C,4LN6,K,8,additional_chains
4fp8_I:M|B,AG,B,6BKQ,A|C|E,1,potenial_homomer
4fp8_I:M|B,AG,B,6BKQ,A|C|E,3,potential_complex_homomer
4fp8_I:M|B,AG,B,6BKM,A|C|E,1,potenial_homomer
4fp8_I:M|B,AG,B,6BKM,A|C|E,3,potential_complex_homomer
2otu_H:G|S,AB,H:G,2GSG,B:A|D:C,3,potenial_homomer
3ejz_E:F|B,AG,B,1KPK,A|B,1,potenial_homomer
3ejz_E:F|B,AG,B,1KPK,C|D,2,potenial_homomer
3ejz_E:F|B,AG,B,1KPK,E|F,3,potenial_homomer
3ejz_E:F|B,AG,B,4FTP,A|A,1,potenial_homomer
4fp8_J:N|C,AG,C,6BKQ,A|C|E,1,potenial_homomer
4fp8_J:N|C,AG,C,6BKQ,A|C|E,3,potential_complex_homomer
4fp8_J:N|C,AG,C,6BKM,A|C|E,1,potenial_homomer
4fp8_J:N|C,AG,C,6BKM,A|C|E,3,potential_complex_homomer
4ywg_H:L|G,AG,G,4Q0C,A|B,1,potenial_homomer
4ywg_H:L|G,AG,G,4Q0C,C|D,2,potenial_homomer
4f37_F:K|B,AG,B,7CEI,A,1,additional_chains
4f37_F:K|B,AG,B,1CEI,A|A,1,potenial_homomer
4r2g_Q:P|E,AG,E,3DNL,A|C|D|F|G|I,1,potential_complex_homomer
6e3h_H:L|B:A,AG,B:A,6CF5,B:A|D:C|F:E,1,potenial_homomer
6e3h_H:L|B:A,AG,B:A,4BH3,B:A|B:A|B:A,1,potenial_homomer
6e3h_H:L|B:A,AG,B:A,4BH4,B:A|B:A|B:A,1,potenial_homomer
6ivz_H:L|A,AG,A,6IW5,A|B,1,potenial_homomer
6ivz_H:L|A,AG,A,6IW5,C|D,2,potenial_homomer
6j5d_H:L|A,AG,A,6J5C,A|A,1,potenial_homomer
6gg0_HL43,AG,4:3,4MJ0,A:A|B:B|C:C|D:D|E:E,1,potential_complex_homomer
5h35_F:G|E,AG,E,5WTR,A|B|C,1,potenial_homomer
5h35_F:G|E,AG,E,5WTR,F|G|H,2,potenial_homomer
3iet_B:A|X,AB,B:A,3IF1,B:A|D:C,1,potenial_homomer
4y5v_A:B|C,AG,C,1ERN,A|B,1,potenial_homomer
5lcv_H:L|A:B,AG,A:B,5JHM,A:A|B:B,1,potential_complex_homomer
5lcv_H:L|A:B,AG,A:B,5LBV,A:A|B:B,1,potential_complex_homomer
3gbn_H:L|B:A,AG,B:A,4JUG,B:A|D:C|F:E,1,potenial_homomer
3gbn_H:L|B:A,AG,B:A,4JUG,H:G|J:I|L:K,2,potenial_homomer
6ii8_H:L|C,AG,C,4BSG,A|A|A,1,potential_complex_homomer
6ii8_H:L|C,AG,C,4LN6,A|C|E,1,potential_complex_homomer
6ii8_H:L|C,AG,C,4LN6,A,2,additional_chains
6ii8_H:L|C,AG,C,4LN6,C,3,additional_chains
6ii8_H:L|C,AG,C,4LN6,E,4,additional_chains
6ii8_H:L|C,AG,C,4LN6,G|I|K,5,potential_complex_homomer
6ii8_H:L|C,AG,C,4LN6,G,6,additional_chains
6ii8_H:L|C,AG,C,4LN6,I,7,additional_chains
6ii8_H:L|C,AG,C,4LN6,K,8,additional_chains
5xmh_D:C|B,AG,B,6UGX,A|B,1,potenial_homomer
5xmh_D:C|B,AG,B,5HYF,A|A,1,potenial_homomer
5xmh_D:C|B,AG,B,6UGW,A|A,1,potenial_homomer
5xmh_D:C|B,AG,B,5HSF,A|B,1,potenial_homomer
3gbm_I:M|D:C,AG,D:C,6CF5,B:A|D:C|F:E,1,potenial_homomer
3gbm_I:M|D:C,AG,D:C,6PD3,A:A|A:A|A:A,1,potential_complex_homomer
3gbm_I:M|D:C,AG,D:C,6PCX,A:A|A:A|A:A,1,potential_complex_homomer
5otj_B:A|D,AG,D,5CPS,A|B,1,potenial_homomer
5otj_B:A|D,AG,D,5CSY,A|B,1,potenial_homomer
5otj_B:A|D,AG,D,6CGO,A|B,1,potenial_homomer
2hrp_N:M|Q,AB,N:M,1MF2,H:L|N:M,1,potenial_homomer
2hrp_N:M|Q,AG,Q,6U7P,A|B,1,potenial_homomer
2hrp_N:M|Q,AG,Q,6IXD,A|B,1,potenial_homomer
2hrp_N:M|Q,AG,Q,6CDJ,A|B,1,potenial_homomer
6nb7_D:E|B,AG,B,6ACC,A|B|C,1,potenial_homomer
6nb7_D:E|B,AG,B,5X58,A|B|C,1,potenial_homomer
5f3b_A:B|C,AG,C,5JI1,A|B,1,potenial_homomer
5f3b_A:B|C,AG,C,5NXS,A|B,1,potenial_homomer
5f3b_A:B|C,AG,C,5NTU,A|B,1,potenial_homomer
3tt3_H:L|A,AG,A,2QB4,A|A,2,potenial_homomer
3tt3_H:L|A,AG,A,3F3E,A|A,1,potenial_homomer
3tt3_H:L|A,AG,A,2A65,A|A,2,potenial_homomer
3tt3_H:L|A,AG,A,3F48,A|A,1,potenial_homomer
6ad7_E:F|B,AG,B,1KPK,A|B,1,potenial_homomer
6ad7_E:F|B,AG,B,1KPK,C|D,2,potenial_homomer
6ad7_E:F|B,AG,B,1KPK,E|F,3,potenial_homomer
6ad7_E:F|B,AG,B,4FTP,A|A,1,potenial_homomer
2nr6_D:C|A,AG,A,4RLD,A|B,5,potenial_homomer
2nr6_D:C|A,AG,A,4RLD,C|D,6,potenial_homomer
5hi4_H:L|A,AG,A,4HR9,A|B,1,potenial_homomer
5yy5_C:D|B,AG,B,6Q04,A|B|C,1,potenial_homomer
5wob_M:N|C,AG,C,4PF7,A|B,1,potenial_homomer
5wob_M:N|C,AG,C,4PFC,A|B,1,potenial_homomer
5wob_M:N|C,AG,C,4PF9,A|B,1,potenial_homomer
4ffz_H:L|A,AG,A,4GSX,A|A|A,1,potenial_homomer
4ffz_H:L|A,AG,A,4GSX,B|B|B,2,potenial_homomer
4ffz_H:L|A,AG,A,3IRC,A|A|A,2,potenial_homomer
4ffz_H:L|A,AG,A,4GT0,A|A|A,1,potenial_homomer
4ffz_H:L|A,AG,A,4GT0,B|B|B,2,potenial_homomer
6pzy_H:K|E,AG,E,5L18,A|A|A|A,1,potenial_homomer
6pzy_H:K|E,AG,E,4MWU,A|A|A|A,1,potenial_homomer
6pzy_H:K|E,AG,E,4MWR,A|A|A|A,1,potenial_homomer
6pzy_H:K|E,AG,E,6PZD,A|A|A|A,1,potenial_homomer
6pzy_H:K|E,AG,E,4MWY,A|A|A|A,1,potenial_homomer
4jhw_H:L|F,AG,F,4NCU,A|A|A,1,potenial_homomer
4jhw_H:L|F,AG,F,5C69,A|A|A|A|A|A,1,potenial_homomer
4uif_G:H|A,AG,A,1OAN,A|B,1,potenial_homomer
4uif_G:H|A,AG,A,1OK8,A|A|A,1,potenial_homomer
4uif_G:H|A,AG,A,1TG8,A|A,1,potenial_homomer
4uif_G:H|A,AG,A,1OKE,A|B,1,potenial_homomer
2ih1_A:B|C,AG,C,1JQ2,A|B|C|D,1,potenial_homomer
1kip_B:A|C,AB,B:A,1CIC,D:C,1,additional_chains
5yoy_R:O|J,AG,J,2AZ5,A|B|C|D,1,potenial_homomer
5yoy_R:O|J,AG,J,4TSV,A|A|A,1,potenial_homomer
5yoy_R:O|J,AG,J,5UUI,A|A|A,1,potenial_homomer
5hi3_H:L|B,AG,B,4HR9,A|B,1,potenial_homomer
5x0t_C:D|F,AG,F,3I84,A|B,1,potenial_homomer
5x0t_C:D|F,AG,F,3I84,A|B|A|B,2,potenial_homomer
6mhg_C:P|E,AG,E,3VDK,A|A|A,2,potenial_homomer
6mhg_C:P|E,AG,E,3VDJ,A|A|A,2,potenial_homomer
6mhg_C:P|E,AG,E,3VDL,A|B|C,4,potenial_homomer
6mhg_K:V|E,AG,E,3VDK,A|A|A,2,potenial_homomer
6mhg_K:V|E,AG,E,3VDJ,A|A|A,2,potenial_homomer
6mhg_K:V|E,AG,E,3VDL,A|B|C,4,potenial_homomer
4qex_H:L|A,AG,A,1ZRL,A|A,1,potenial_homomer
4qex_H:L|A,AG,A,1ZRO,A|B,1,potenial_homomer
6rps_H:L|A,AG,A,5MSA,A|B,1,potenial_homomer
6rps_H:L|A,AG,A,5MSA,C|D,2,potenial_homomer
6rps_H:L|A,AG,A,6G5L,A|B,1,potenial_homomer
6rps_H:L|A,AG,A,6G5L,C|D,2,potenial_homomer
4xnm_H:L|C,AG,C,6CF5,A|C|E,1,potential_complex_homomer
4xnm_H:L|C,AG,C,4BH3,A|A|A,1,potential_complex_homomer
4xnm_H:L|C,AG,C,4BH4,A|A|A,1,potential_complex_homomer
5t6l_H:L|I,AG,I,3T43,A|B,1,potenial_homomer
5t6l_H:L|I,AG,I,3LF6,A|B,1,potenial_homomer
5t5n_K:J|B,AG,B,6N25,A|B|C|D|E,1,potenial_homomer
4yk4_Z:Y|E,AG,E,4EDB,A|C|E,1,potential_complex_homomer
1eo8_H:L|A,AG,A,6BKQ,A|C|E,1,potenial_homomer
1eo8_H:L|A,AG,A,6BKQ,A|C|E,3,potential_complex_homomer
1eo8_H:L|A,AG,A,6BKM,A|C|E,1,potenial_homomer
1eo8_H:L|A,AG,A,6BKM,A|C|E,3,potential_complex_homomer
2igf_H:L|P,AB,H:L,1IGF,H:L|J:M,1,potenial_homomer
6q23_G:I|D,AG,D,3TI4,A|B|A|B,1,potenial_homomer
6q23_G:I|D,AG,D,6G01,A|A|B|B,1,potenial_homomer
6q23_G:I|D,AG,D,6G01,B|B|A|A,2,potenial_homomer
6q23_G:I|D,AG,D,5NZ4,B|B|A|A,1,potenial_homomer
6q23_G:I|D,AG,D,5NZ4,A|A|B|B,2,potenial_homomer
6oe4_B:C|A,AG,A,1G2C,B|D|F,1,potential_complex_homomer
6oe4_B:C|A,AG,A,1G2C,H|J|L,2,potential_complex_homomer
6oe4_B:C|A,AG,A,1G2C,N|P|R,3,potential_complex_homomer
6oe4_B:C|A,AG,A,1G2C,T|V|X,4,potential_complex_homomer
6oe4_B:C|A,AG,A,5EA4,F|F|F,1,potenial_homomer
6oe4_B:C|A,AG,A,3KPE,B|B|B,1,potential_complex_homomer
6mhg_D:Q|E,AG,E,3VDK,A|A|A,2,potenial_homomer
6mhg_D:Q|E,AG,E,3VDJ,A|A|A,2,potenial_homomer
6mhg_D:Q|E,AG,E,3VDL,A|B|C,4,potenial_homomer
5jz7_J:K|E,AG,E,6XUO,A|A,1,potenial_homomer
5jz7_J:K|E,AG,E,4EFV,A|B,1,potenial_homomer
6k5a_C:D|A,AG,A,1KPK,A|B,1,potenial_homomer
6k5a_C:D|A,AG,A,1KPK,C|D,2,potenial_homomer
6k5a_C:D|A,AG,A,1KPK,E|F,3,potenial_homomer
6k5a_C:D|A,AG,A,4FTP,A|A,1,potenial_homomer
5ikc_H:L|N,AG,N,2BQQ,A|A,1,potenial_homomer
6ck9_D:E|B,AG,B,3U91,A|A|A,1,potenial_homomer
6ck9_D:E|B,AG,B,4HLR,A|A|A,1,potenial_homomer
5xcv_D:E|F,AB,D:E,4NR2,A:A|B:B,1,potential_complex_homomer
5xcv_D:E|F,AB,D:E,4NR2,C:C|D:D,2,potential_complex_homomer
5xcv_D:E|F,AB,D:E,4NR2,E:E|F:F,3,potential_complex_homomer
5xcv_D:E|F,AB,D:E,4NR2,G:G|H:H,4,potential_complex_homomer
5xcu_A:B|C,AB,A:B,4NR2,A:A|B:B,1,potential_complex_homomer
5xcu_A:B|C,AB,A:B,4NR2,C:C|D:D,2,potential_complex_homomer
5xcu_A:B|C,AB,A:B,4NR2,E:E|F:F,3,potential_complex_homomer
5xcu_A:B|C,AB,A:B,4NR2,G:G|H:H,4,potential_complex_homomer
6mid_H:L|E:C,AG,E:C,5JHM,A:A|B:B,1,potential_complex_homomer
6mid_H:L|E:C,AG,E:C,5OMZ,A:A,1,additional_chains
6mid_H:L|E:C,AG,E:C,5LBV,A:A|B:B,1,potential_complex_homomer
3u2s_A:B|C,AG,C,4Q0C,A|B,1,potenial_homomer
3u2s_A:B|C,AG,C,4Q0C,C|D,2,potenial_homomer
1ots_C:D|A,AG,A,1KPK,A|B,1,potenial_homomer
1ots_C:D|A,AG,A,1KPK,C|D,2,potenial_homomer
1ots_C:D|A,AG,A,1KPK,E|F,3,potenial_homomer
1ots_C:D|A,AG,A,4FTP,A|A,1,potenial_homomer
5h30_K:L|B,AG,B,5JHM,A|B,1,potenial_homomer
5h30_K:L|B,AG,B,5LBV,A|B,1,potenial_homomer
5hys_C:D|K,AG,K,5MOK,A|B|C|D,1,potenial_homomer
5hys_C:D|K,AG,K,2WQR,A|B,1,potenial_homomer
5hys_C:D|K,AG,K,5MOL,A|B,1,potenial_homomer
6adc_C:D|A,AG,A,1KPK,A|B,1,potenial_homomer
6adc_C:D|A,AG,A,1KPK,C|D,2,potenial_homomer
6adc_C:D|A,AG,A,1KPK,E|F,3,potenial_homomer
6adc_C:D|A,AG,A,4FTP,A|A,1,potenial_homomer
4xak_H:L|A,AG,A,6Q04,A|B|C,1,potenial_homomer
5d70_H:L|A,AG,A,1CSG,A|B,1,potenial_homomer
4zfg_H:L|A,AG,A,4JZC,A|A,2,potenial_homomer
5vyf_H:L|F,AG,F,2EJN,A|B,1,potenial_homomer
5vyf_H:L|F,AG,F,1ZKR,A|B,1,potenial_homomer
5sy8_H:L|O,AG,O,3T43,A|B,1,potenial_homomer
5sy8_H:L|O,AG,O,3LF6,A|B,1,potenial_homomer
5kvd_H:L|E,AG,E,5JHM,A|B,1,potenial_homomer
5kvd_H:L|E,AG,E,5LBV,A|B,1,potenial_homomer
6t3f_H:L|F,AG,F,2YNY,A|B|C,1,potenial_homomer
6t3f_H:L|F,AG,F,2YNZ,A|B|C,1,potenial_homomer
6n51_D|B,AG,B,6N52,A|B,1,potenial_homomer
6n51_D|B,AG,B,6N4X,A|B,1,potenial_homomer
6n51_D|B,AG,B,3LMK,A|B,1,potenial_homomer
4s10_B|D,AG,D,1KCQ,A|A,2,potenial_homomer
4s10_B|D,AG,D,5O2Z,B|A,1,potenial_homomer
6hjy_I|D,AG,D,3RQW,A|B|C|D|E,1,potenial_homomer
6hjy_I|D,AG,D,3RQW,F|G|H|I|J,2,potenial_homomer
5m2m_J|I,AG,I,2AZ5,A|B|C|D,1,potenial_homomer
5m2m_J|I,AG,I,4TSV,A|A|A,1,potenial_homomer
5m2m_J|I,AG,I,5UUI,A|A|A,1,potenial_homomer
5toj_F|C,AG,C,6EAI,A|B|C,1,potenial_homomer
5toj_F|C,AG,C,6EAL,F|F|F,1,potenial_homomer
5toj_F|C,AG,C,6EAD,F|F|F,1,potenial_homomer
5toj_F|C,AG,C,6EAK,F|F|F,1,potenial_homomer
5toj_F|C,AG,C,6EAM,F|F|F,1,potenial_homomer
2bse_F|C,AG,C,1ZRU,A|B|C,1,potenial_homomer
2bse_F|C,AG,C,3DA0,A|B|C,1,potenial_homomer
6oq5_F|A,AG,A,3PA8,A|B,1,potenial_homomer
5ihl_E|D,AB,E,1H3P,L,1,additional_chains
5e5m_D|C,AB,D,5E03,A|A,1,potenial_homomer
5e5m_D|C,AG,C,1DQT,A|B,1,potenial_homomer
5e5m_D|C,AG,C,1DQT,C|D,2,potenial_homomer
5e5m_D|C,AG,C,1DQT,A|B|C|D,3,potenial_homomer
4x7f_D|B,AG,B,3Q39,A|B,1,potenial_homomer
4x7f_D|B,AG,B,5HZA,A|B,1,potenial_homomer
4x7f_D|B,AG,B,3Q38,A|B,1,potenial_homomer
6oz6_H|D,AG,D,5CKR,A|A,1,potenial_homomer
6oz6_H|D,AG,D,4J72,A|B,1,potenial_homomer
3ogo_G|B,AB,G,4PFE,A|B,1,potenial_homomer
6fv0_F|A,AB,F,1H3P,L,1,additional_chains
6h71_D|B,AG,B,2ZL7,A|B,1,potenial_homomer
6h71_D|B,AG,B,2ZL6,A|B,1,potenial_homomer
6h71_D|B,AG,B,2ZL5,A|B,1,potenial_homomer
6ibb_B|A,AB,B,1H3P,L,1,additional_chains
5van_B|A,AB,B,1H3P,L,1,additional_chains
5o2u_D|C,AG,C,6ES8,A|A|A|A|A|A,1,potenial_homomer
5o2u_D|C,AG,C,5JPA,A|A|A|A|A|A,1,potenial_homomer
5o2u_D|C,AG,C,6B2K,A|A|A|A|A|A,1,potenial_homomer
5o2u_D|C,AG,C,6BHS,A|A|A|A|A|A,1,potenial_homomer
5o2u_D|C,AG,C,6ERM,A|A|A|A|A|A,1,potenial_homomer
5uk4_j|J,AG,J,2QVJ,A|B|C|D|E|A|B|C|D|E,1,potenial_homomer
6rnk_B|A,AB,B,1H3P,L,1,additional_chains
5uk4_m|M,AG,M,2QVJ,A|B|C|D|E|A|B|C|D|E,1,potenial_homomer
5ukb_e|E,AG,E,2QVJ,A|B|C|D|E|A|B|C|D|E,1,potenial_homomer
5boz_I|C,AG,C,4HUO,X|X,2,potenial_homomer
5boz_I|C,AG,C,2VC4,A|A,1,potenial_homomer
4m3k_B|A,AB,B,4M3J,A|B,3,potenial_homomer
5o04_D|B,AG,B,3Q39,A|B,1,potenial_homomer
5o04_D|B,AG,B,5HZA,A|B,1,potenial_homomer
5o04_D|B,AG,B,3Q38,A|B,1,potenial_homomer
5n88_A|D,AB,A,1H3P,L,1,additional_chains
5n88_A|D,AG,D,5OYM,H|G|A|B|C|D|E|F,1,potenial_homomer
5gxb_B|A,AG,A,2Y5Y,A|B,1,potenial_homomer
5uk4_i|I,AG,I,2QVJ,A|B|C|D|E|A|B|C|D|E,1,potenial_homomer
5ukb_d|D,AG,D,2QVJ,A|B|C|D|E|A|B|C|D|E,1,potenial_homomer
4pir_H|B,AG,B,6HIS,A|E|B|C|D,1,potenial_homomer
5e7f_B|H,AB,B,1H3P,L,1,additional_chains
5m2m_H|G,AG,G,2AZ5,A|B|C|D,1,potenial_homomer
5m2m_H|G,AG,G,4TSV,A|A|A,1,potenial_homomer
5m2m_H|G,AG,G,5UUI,A|A|A,1,potenial_homomer
6ral_C|B,AG,B,5MKK,B,1,additional_chains
5fv2_A|X,AB,A,1H3P,L,1,additional_chains
5fv2_A|X,AG,X,4KZN,A|A,1,potenial_homomer
5fv2_A|X,AG,X,3QTK,A|D,1,potenial_homomer
5fv2_A|X,AG,X,3QTK,B|C,2,potenial_homomer
5fv2_A|X,AG,X,3QTK,E|F,3,potenial_homomer
5fv2_A|X,AG,X,1MKK,A|B,1,potenial_homomer
5e5m_B|A,AB,B,5E03,A|A,1,potenial_homomer
5e5m_B|A,AG,A,1DQT,A|B,1,potenial_homomer
5e5m_B|A,AG,A,1DQT,C|D,2,potenial_homomer
5e5m_B|A,AG,A,1DQT,A|B|C|D,3,potenial_homomer
5f21_B|A,AG,A,3F6Y,A|A,2,potenial_homomer
6sc9_B|A,AB,B,6T2J,A|B,1,potenial_homomer
6sc9_B|A,AB,B,1H3P,L,1,additional_chains
6sc9_B|A,AG,A,4LJQ,B|C,5,potenial_homomer
6sc9_B|A,AG,A,4LJQ,A|D,6,potenial_homomer
6hjx_I|D,AG,D,3RQW,A|B|C|D|E,1,potenial_homomer
6hjx_I|D,AG,D,3RQW,F|G|H|I|J,2,potenial_homomer
6raj_C|B,AG,B,5MKK,B,1,additional_chains
6oz6_F|B,AG,B,5CKR,A|A,1,potenial_homomer
6oz6_F|B,AG,B,4J72,A|B,1,potenial_homomer
6sc6_B|A,AB,B,6T2J,A|B,1,potenial_homomer
6sc6_B|A,AB,B,1H3P,L,1,additional_chains
6sc6_B|A,AG,A,4LJQ,B|C,5,potenial_homomer
6sc6_B|A,AG,A,4LJQ,A|D,6,potenial_homomer
6gwp_C|A,AB,C,1H3P,L,1,additional_chains
5c2u_B|A,AB,B,1H3P,L,1,additional_chains
4pir_G|A,AG,A,6HIS,A|E|B|C|D,1,potenial_homomer
6hjy_J|E,AG,E,3RQW,A|B|C|D|E,1,potenial_homomer
6hjy_J|E,AG,E,3RQW,F|G|H|I|J,2,potenial_homomer
6ibb_D|C,AB,D,1H3P,L,1,additional_chains
4c57_C|A,AG,A,4O38,A|B,1,potenial_homomer
4pir_F|E,AG,E,6HIS,A|E|B|C|D,1,potenial_homomer
4pgj_A|B,AB,A,1H3P,L,1,additional_chains
6qx4_H|B,AB,H,1H3P,L,1,additional_chains
6h70_C|B,AG,B,2ZL7,A|B,1,potenial_homomer
6h70_C|B,AG,B,2ZL6,A|B,1,potenial_homomer
6h70_C|B,AG,B,2ZL5,A|B,1,potenial_homomer
6cwg_D|C,AB,D,1H3P,L,1,additional_chains
6cwg_D|C,AG,C,4HUO,X|X,2,potenial_homomer
6cwg_D|C,AG,C,2VC4,A|A,1,potenial_homomer
2vyr_E|A,AB,E,1H3P,L,1,additional_chains
5tjw_K|A,AG,A,4DYN,A|A|A,1,potenial_homomer
5tjw_K|A,AG,A,4DYN,B|B|B,2,potenial_homomer
5tjw_K|A,AG,A,3RO5,A|B|A|B|A|B,1,potenial_homomer
6ran_C|B,AG,B,5MKK,B,1,additional_chains
2wzp_J|H,AG,H,1ZRU,A|B|C,1,potenial_homomer
2wzp_J|H,AG,H,3DA0,A|B|C,1,potenial_homomer
6h72_D|B,AG,B,2ZL7,A|B,1,potenial_homomer
6h72_D|B,AG,B,2ZL6,A|B,1,potenial_homomer
6h72_D|B,AG,B,2ZL5,A|B,1,potenial_homomer
4grw_F|C,AB,F,1H3P,L,1,additional_chains
5u4l_B|A,AG,A,4HUO,X|X,2,potenial_homomer
5u4l_B|A,AG,A,2VC4,A|A,1,potenial_homomer
2vyr_G|C,AB,G,1H3P,L,1,additional_chains
5boz_J|D,AG,D,4HUO,X|X,2,potenial_homomer
5boz_J|D,AG,D,2VC4,A|A,1,potenial_homomer
5ku2_7|3,AG,3,1AR9,3|3|3|3|3|3|3|3|3|3|3|3|3|3|3|3|3|3|3|3|3|3|3|3|3|3|3|3|3|3|3|3|3|3|3|3|3|3|3|3|3|3|3|3|3|3|3|3|3|3|3|3|3|3|3|3|3|3|3|3,1,potential_complex_homomer
5ku2_7|3,AG,3,1POV,3|3|3|3|3|3|3|3|3|3|3|3|3|3|3|3|3|3|3|3|3|3|3|3|3|3|3|3|3|3|3|3|3|3|3|3|3|3|3|3|3|3|3|3|3|3|3|3|3|3|3|3|3|3|3|3|3|3|3|3,1,potential_complex_homomer
5ku2_7|3,AG,3,1AR6,3|3|3|3|3|3|3|3|3|3|3|3|3|3|3|3|3|3|3|3|3|3|3|3|3|3|3|3|3|3|3|3|3|3|3|3|3|3|3|3|3|3|3|3|3|3|3|3|3|3|3|3|3|3|3|3|3|3|3|3,1,potential_complex_homomer
5ku2_7|3,AG,3,1PO2,3|3|3|3|3|3|3|3|3|3|3|3|3|3|3|3|3|3|3|3|3|3|3|3|3|3|3|3|3|3|3|3|3|3|3|3|3|3|3|3|3|3|3|3|3|3|3|3|3|3|3|3|3|3|3|3|3|3|3|3,1,potential_complex_homomer
5ku2_7|3,AG,3,1VBD,3|3|3|3|3|3|3|3|3|3|3|3|3|3|3|3|3|3|3|3|3|3|3|3|3|3|3|3|3|3|3|3|3|3|3|3|3|3|3|3|3|3|3|3|3|3|3|3|3|3|3|3|3|3|3|3|3|3|3|3,1,potential_complex_homomer
5ukb_b|B,AG,B,2QVJ,A|B|C|D|E|A|B|C|D|E,1,potenial_homomer
5dmj_E|D,AB,E,1H3P,L,1,additional_chains
2xxm_B|A,AB,B,2XXC,B|B,1,potenial_homomer
2xxm_B|A,AG,A,6ES8,A|A|A|A|A|A,1,potenial_homomer
2xxm_B|A,AG,A,5JPA,A|A|A|A|A|A,1,potenial_homomer
2xxm_B|A,AG,A,6B2K,A|A|A|A|A|A,1,potenial_homomer
2xxm_B|A,AG,A,6BHS,A|A|A|A|A|A,1,potenial_homomer
2xxm_B|A,AG,A,6ERM,A|A|A|A|A|A,1,potenial_homomer
6n51_C|A,AG,A,6N52,A|B,1,potenial_homomer
6n51_C|A,AG,A,6N4X,A|B,1,potenial_homomer
6n51_C|A,AG,A,3LMK,A|B,1,potenial_homomer
6hjx_H|C,AG,C,3RQW,A|B|C|D|E,1,potenial_homomer
6hjx_H|C,AG,C,3RQW,F|G|H|I|J,2,potenial_homomer
5fv2_B|V,AB,B,1H3P,L,1,additional_chains
5fv2_B|V,AG,V,4KZN,A|A,1,potenial_homomer
5fv2_B|V,AG,V,3QTK,A|D,1,potenial_homomer
5fv2_B|V,AG,V,3QTK,B|C,2,potenial_homomer
5fv2_B|V,AG,V,3QTK,E|F,3,potenial_homomer
5fv2_B|V,AG,V,1MKK,A|B,1,potenial_homomer
3p9w_F|E,AB,F,1H3P,L,1,additional_chains
3p9w_F|E,AG,E,4KZN,A|A,1,potenial_homomer
3p9w_F|E,AG,E,3QTK,A|D,1,potenial_homomer
3p9w_F|E,AG,E,3QTK,B|C,2,potenial_homomer
3p9w_F|E,AG,E,3QTK,E|F,3,potenial_homomer
3p9w_F|E,AG,E,1MKK,A|B,1,potenial_homomer
5h8o_A|B,AG,B,6N1H,A|B|C|D|E|F|G|H|I|J|K|L|M|N|O|P,1,potenial_homomer
5j57_B|A,AG,A,4HUO,X|X,2,potenial_homomer
5j57_B|A,AG,A,2VC4,A|A,1,potenial_homomer
6sc8_B|A,AB,B,6T2J,A|B,1,potenial_homomer
6sc8_B|A,AB,B,1H3P,L,1,additional_chains
6sc8_B|A,AG,A,4LJQ,B|C,5,potenial_homomer
6sc8_B|A,AG,A,4LJQ,A|D,6,potenial_homomer
6raf_C|B,AG,B,5MKK,B,1,additional_chains
6oyh_E|A,AG,A,5CKR,A|A,1,potenial_homomer
6oyh_E|A,AG,A,4J72,A|B,1,potenial_homomer
5uk4_a|A,AG,A,2QVJ,A|B|C|D|E|A|B|C|D|E,1,potenial_homomer
4x7f_C|A,AG,A,3Q39,A|B,1,potenial_homomer
4x7f_C|A,AG,A,5HZA,A|B,1,potenial_homomer
4x7f_C|A,AG,A,3Q38,A|B,1,potenial_homomer
6oyh_G|C,AG,C,5CKR,A|A,1,potenial_homomer
6oyh_G|C,AG,C,4J72,A|B,1,potenial_homomer
5mp2_C|A,AG,A,4E9J,A|B,1,potenial_homomer
5mp2_C|A,AG,A,5NGI,A|B,1,potenial_homomer
5mp2_C|A,AG,A,4EC5,A|B,1,potenial_homomer
6fyt_I|B:A,AB,I,1H3P,L,1,additional_chains
6fyt_I|B:A,AG,B:A,6CF7,B:A|B:A|B:A,1,potenial_homomer
6fyt_I|B:A,AG,B:A,4EDB,B:A|D:C|F:E,1,potenial_homomer
4u3x_C|D,AB,C,1H3P,L,1,additional_chains
6h7j_C|A,AG,A,2Y00,A|B,3,potenial_homomer
5dmj_G|F,AB,G,1H3P,L,1,additional_chains
5nbl_E|C:B,AB,E,6H05,A|A|A|A|A|A|A|A|A|A|A|A|A|A|A|A|A|A|A|A|A|A|A|A,1,potenial_homomer
5nbl_E|C:B,AB,E,6VAM,A|B|C|D|E|F|G|H,1,potenial_homomer
5nbm_E|C:B,AB,E,6H05,A|A|A|A|A|A|A|A|A|A|A|A|A|A|A|A|A|A|A|A|A|A|A|A,1,potenial_homomer
5nbm_E|C:B,AB,E,6VAM,A|B|C|D|E|F|G|H,1,potenial_homomer
5uk4_o|O,AG,O,2QVJ,A|B|C|D|E|A|B|C|D|E,1,potenial_homomer
6fe4_I|D,AG,D,3MXG,A|G|H|I|J,1,potenial_homomer
6fe4_I|D,AG,D,3MXG,B|C|D|E|F,2,potenial_homomer
4x7d_C|B,AG,B,5J3O,A|B,1,potenial_homomer
4x7d_C|B,AG,B,5J35,A|B,1,potenial_homomer
4x7d_C|B,AG,B,5KON,A|B,1,potenial_homomer
4n1h_B|A,AB,B,1H3P,L,1,additional_chains
6h7n_D|B,AG,B,2Y00,A|B,3,potenial_homomer
5tok_F|C,AB,F,1H3P,L,1,additional_chains
5tok_F|C,AG,C,6EAI,A|B|C,1,potenial_homomer
5tok_F|C,AG,C,6EAL,F|F|F,1,potenial_homomer
5tok_F|C,AG,C,6EAD,F|F|F,1,potenial_homomer
5tok_F|C,AG,C,6EAK,F|F|F,1,potenial_homomer
5tok_F|C,AG,C,6EAM,F|F|F,1,potenial_homomer
4bfb_E|B,AB,E,1H3P,L,1,additional_chains
4bfb_E|B,AG,B,2EWY,A|B,5,potenial_homomer
4bfb_E|B,AG,B,2EWY,C|D,6,potenial_homomer
4s10_A|C,AG,C,1KCQ,A|A,2,potenial_homomer
4s10_A|C,AG,C,5O2Z,B|A,1,potenial_homomer
6h7m_D|B,AG,B,2Y00,A|B,3,potenial_homomer
5uk4_c|C,AG,C,2QVJ,A|B|C|D|E|A|B|C|D|E,1,potenial_homomer
4x7d_D|A,AG,A,5J3O,A|B,1,potenial_homomer
4x7d_D|A,AG,A,5J35,A|B,1,potenial_homomer
4x7d_D|A,AG,A,5KON,A|B,1,potenial_homomer
5vxl_B|A,AG,A,3R9V,A|B,3,potenial_homomer
5vxl_B|A,AG,A,2J0N,A|B,1,potenial_homomer
5uk4_t|T,AG,T,2QVJ,A|B|C|D|E|A|B|C|D|E,1,potenial_homomer
6oq5_D|A,AG,A,3PA8,A|B,1,potenial_homomer
4cdg_D|B,AG,B,1WUD,A|B|D,1,potenial_homomer
6cwg_B|A,AB,B,1H3P,L,1,additional_chains
6cwg_B|A,AG,A,4HUO,X|X,2,potenial_homomer
6cwg_B|A,AG,A,2VC4,A|A,1,potenial_homomer
6sc7_C|A,AB,C,6T2J,A|B,1,potenial_homomer
6sc7_C|A,AB,C,1H3P,L,1,additional_chains
6sc7_C|A,AG,A,4LJQ,B|C,5,potenial_homomer
6sc7_C|A,AG,A,4LJQ,A|D,6,potenial_homomer
6sc5_C|A,AB,C,6T2J,A|B,1,potenial_homomer
6sc5_C|A,AB,C,1H3P,L,1,additional_chains
6sc5_C|A,AG,A,4LJQ,B|C,5,potenial_homomer
6sc5_C|A,AG,A,4LJQ,A|D,6,potenial_homomer
5toj_D|A,AG,A,6EAI,A|B|C,1,potenial_homomer
5toj_D|A,AG,A,6EAL,F|F|F,1,potenial_homomer
5toj_D|A,AG,A,6EAD,F|F|F,1,potenial_homomer
5toj_D|A,AG,A,6EAK,F|F|F,1,potenial_homomer
5toj_D|A,AG,A,6EAM,F|F|F,1,potenial_homomer
5m2i_L|F,AG,F,2AZ5,A|B|C|D,1,potenial_homomer
5m2i_L|F,AG,F,4TSV,A|A|A,1,potenial_homomer
5m2i_L|F,AG,F,5UUI,A|A|A,1,potenial_homomer
4n9o_B|A,AG,A,3HER,A|B,1,potenial_homomer
4n9o_B|A,AG,A,3HEQ,A|B,1,potenial_homomer
2xv6_D|C,AB,D,2XXC,B|B,1,potenial_homomer
2xv6_D|C,AG,C,6ES8,A|A|A|A|A|A,1,potenial_homomer
2xv6_D|C,AG,C,6B2K,A|A|A|A|A|A,1,potenial_homomer
2xv6_D|C,AG,C,6BHS,A|A|A|A|A|A,1,potenial_homomer
2xv6_D|C,AG,C,6ERM,A|A|A|A|A|A,1,potenial_homomer
2xv6_D|C,AG,C,6H09,A|A|A|A|A|A,1,potenial_homomer
4grw_E|D,AB,E,1H3P,L,1,additional_chains
6rag_C|B,AG,B,5MKK,B,1,additional_chains
5uk4_q|Q,AG,Q,2QVJ,A|B|C|D|E|A|B|C|D|E,1,potenial_homomer
5nbm_F|D:A,AB,F,6H05,A|A|A|A|A|A|A|A|A|A|A|A|A|A|A|A|A|A|A|A|A|A|A|A,1,potenial_homomer
5nbm_F|D:A,AB,F,6VAM,A|B|C|D|E|F|G|H,1,potenial_homomer
5j56_B|A,AB,B,1H3P,L,1,additional_chains
5j56_B|A,AG,A,2VC4,A|A,1,potenial_homomer
5j56_B|A,AG,A,1UQ5,A|A,1,potenial_homomer
4kfz_D|B,AB,D,1H3P,L,1,additional_chains
5ktz_7|3,AG,3,1AR9,3|3|3|3|3|3|3|3|3|3|3|3|3|3|3|3|3|3|3|3|3|3|3|3|3|3|3|3|3|3|3|3|3|3|3|3|3|3|3|3|3|3|3|3|3|3|3|3|3|3|3|3|3|3|3|3|3|3|3|3,1,potential_complex_homomer
5ktz_7|3,AG,3,1POV,3|3|3|3|3|3|3|3|3|3|3|3|3|3|3|3|3|3|3|3|3|3|3|3|3|3|3|3|3|3|3|3|3|3|3|3|3|3|3|3|3|3|3|3|3|3|3|3|3|3|3|3|3|3|3|3|3|3|3|3,1,potential_complex_homomer
5ktz_7|3,AG,3,1AR6,3|3|3|3|3|3|3|3|3|3|3|3|3|3|3|3|3|3|3|3|3|3|3|3|3|3|3|3|3|3|3|3|3|3|3|3|3|3|3|3|3|3|3|3|3|3|3|3|3|3|3|3|3|3|3|3|3|3|3|3,1,potential_complex_homomer
5ktz_7|3,AG,3,1PO2,3|3|3|3|3|3|3|3|3|3|3|3|3|3|3|3|3|3|3|3|3|3|3|3|3|3|3|3|3|3|3|3|3|3|3|3|3|3|3|3|3|3|3|3|3|3|3|3|3|3|3|3|3|3|3|3|3|3|3|3,1,potential_complex_homomer
5ktz_7|3,AG,3,1ASJ,3|3|3|3|3|3|3|3|3|3|3|3|3|3|3|3|3|3|3|3|3|3|3|3|3|3|3|3|3|3|3|3|3|3|3|3|3|3|3|3|3|3|3|3|3|3|3|3|3|3|3|3|3|3|3|3|3|3|3|3,1,potential_complex_homomer
4c58_B|A,AG,A,4O38,A|B,1,potenial_homomer
5o04_C|A,AG,A,3Q39,A|B,1,potenial_homomer
5o04_C|A,AG,A,5HZA,A|B,1,potenial_homomer
5o04_C|A,AG,A,3Q38,A|B,1,potenial_homomer
6gjq_F|E,AG,E,1XMI,A|B|C|D|E,1,potenial_homomer
6gjq_F|E,AG,E,1XMI,C|C|A|D|A|D|B|E|B|E,2,potenial_homomer
4ksd_B|A,AB,B,1H3P,L,1,additional_chains
4x7e_C|A,AG,A,3Q39,A|B,1,potenial_homomer
4x7e_C|A,AG,A,5HZA,A|B,1,potenial_homomer
4x7e_C|A,AG,A,3Q38,A|B,1,potenial_homomer
3k1k_D|B,AB,D,4PFE,A|B,1,potenial_homomer
6sc7_B|A,AB,B,6T2J,A|B,1,potenial_homomer
6sc7_B|A,AB,B,1H3P,L,1,additional_chains
6sc7_B|A,AG,A,4LJQ,B|C,5,potenial_homomer
6sc7_B|A,AG,A,4LJQ,A|D,6,potenial_homomer
5uk4_s|S,AG,S,2QVJ,A|B|C|D|E|A|B|C|D|E,1,potenial_homomer
5omn_C|B,AG,B,3Q39,A|B,1,potenial_homomer
5omn_C|B,AG,B,5HZA,A|B,1,potenial_homomer
5omn_C|B,AG,B,3Q38,A|B,1,potenial_homomer
3jbd_7|3,AG,3,1AR9,3|3|3|3|3|3|3|3|3|3|3|3|3|3|3|3|3|3|3|3|3|3|3|3|3|3|3|3|3|3|3|3|3|3|3|3|3|3|3|3|3|3|3|3|3|3|3|3|3|3|3|3|3|3|3|3|3|3|3|3,1,potential_complex_homomer
3jbd_7|3,AG,3,1POV,3|3|3|3|3|3|3|3|3|3|3|3|3|3|3|3|3|3|3|3|3|3|3|3|3|3|3|3|3|3|3|3|3|3|3|3|3|3|3|3|3|3|3|3|3|3|3|3|3|3|3|3|3|3|3|3|3|3|3|3,1,potential_complex_homomer
3jbd_7|3,AG,3,1AR6,3|3|3|3|3|3|3|3|3|3|3|3|3|3|3|3|3|3|3|3|3|3|3|3|3|3|3|3|3|3|3|3|3|3|3|3|3|3|3|3|3|3|3|3|3|3|3|3|3|3|3|3|3|3|3|3|3|3|3|3,1,potential_complex_homomer
3jbd_7|3,AG,3,1PO2,3|3|3|3|3|3|3|3|3|3|3|3|3|3|3|3|3|3|3|3|3|3|3|3|3|3|3|3|3|3|3|3|3|3|3|3|3|3|3|3|3|3|3|3|3|3|3|3|3|3|3|3|3|3|3|3|3|3|3|3,1,potential_complex_homomer
3jbd_7|3,AG,3,1ASJ,3|3|3|3|3|3|3|3|3|3|3|3|3|3|3|3|3|3|3|3|3|3|3|3|3|3|3|3|3|3|3|3|3|3|3|3|3|3|3|3|3|3|3|3|3|3|3|3|3|3|3|3|3|3|3|3|3|3|3|3,1,potential_complex_homomer
6h6y_F|B,AG,B,2ZL7,A|B,1,potenial_homomer
6h6y_F|B,AG,B,2ZL6,A|B,1,potenial_homomer
6h6y_F|B,AG,B,2ZL5,A|B,1,potenial_homomer
5mp2_D|B,AG,B,4E9J,A|B,1,potenial_homomer
5mp2_D|B,AG,B,5NGI,A|B,1,potenial_homomer
5mp2_D|B,AG,B,4EC5,A|B,1,potenial_homomer
5uk4_d|D,AG,D,2QVJ,A|B|C|D|E|A|B|C|D|E,1,potenial_homomer
6qv2_F|D,AB,F,1H3P,L,1,additional_chains
2bse_D|B,AG,B,1ZRU,A|B|C,1,potenial_homomer
2bse_D|B,AG,B,3DA0,A|B|C,1,potenial_homomer
5omm_C|A:B,AG,A:B,3Q39,A:A|B:B,1,potential_complex_homomer
5omm_C|A:B,AG,A:B,5HZA,A:A|B:B,1,potential_complex_homomer
5omm_C|A:B,AG,A:B,3Q38,A:A|B:B,1,potential_complex_homomer
6dbf_B|A,AB,B,6U14,B|A,1,potenial_homomer
6oz6_E|A,AG,A,5CKR,A|A,1,potenial_homomer
6oz6_E|A,AG,A,4J72,A|B,1,potenial_homomer
5o03_C|A,AB,C,1H3P,L,1,additional_chains
5o03_C|A,AG,A,3Q39,A|B,1,potenial_homomer
5o03_C|A,AG,A,5HZA,A|B,1,potenial_homomer
5o03_C|A,AG,A,3Q38,A|B,1,potenial_homomer
2wzp_D|B,AG,B,1ZRU,A|B|C,1,potenial_homomer
2wzp_D|B,AG,B,3DA0,A|B|C,1,potenial_homomer
5m2m_F|A,AG,A,2AZ5,A|B|C|D,1,potenial_homomer
5m2m_F|A,AG,A,4TSV,A|A|A,1,potenial_homomer
5m2m_F|A,AG,A,5UUI,A|A|A,1,potenial_homomer
4x7e_D|B,AG,B,3Q39,A|B,1,potenial_homomer
4x7e_D|B,AG,B,5HZA,A|B,1,potenial_homomer
4x7e_D|B,AG,B,3Q38,A|B,1,potenial_homomer
6fe4_H|C,AG,C,3MXG,A|G|H|I|J,1,potenial_homomer
6fe4_H|C,AG,C,3MXG,B|C|D|E|F,2,potenial_homomer
6gjq_D|C,AG,C,1XMI,A|B|C|D|E,1,potenial_homomer
6gjq_D|C,AG,C,1XMI,C|C|A|D|A|D|B|E|B|E,2,potenial_homomer
5e7f_C|I,AB,C,1H3P,L,1,additional_chains
5td8_E|C:A,AB,E,1H3P,L,1,additional_chains
6app_A|B,AB,A,1H3P,L,1,additional_chains
6h7n_C|A,AG,A,2Y00,A|B,3,potenial_homomer
6h7l_D|B,AG,B,2Y00,A|B,3,potenial_homomer
5uk4_f|F,AG,F,2QVJ,A|B|C|D|E|A|B|C|D|E,1,potenial_homomer
5y7z_C|A,AG,A,4O38,A|B,1,potenial_homomer
5boz_L|F,AG,F,2VC4,A|A,1,potenial_homomer
5boz_L|F,AG,F,1UQ5,A|A,1,potenial_homomer
4y7m_B|D,AB,B,1H3P,L,1,additional_chains
4y7m_B|D,AG,D,4Y7L,A|B,1,potenial_homomer
6sc5_B|A,AB,B,6T2J,A|B,1,potenial_homomer
6sc5_B|A,AB,B,1H3P,L,1,additional_chains
6sc5_B|A,AG,A,4LJQ,B|C,5,potenial_homomer
6sc5_B|A,AG,A,4LJQ,A|D,6,potenial_homomer
6h7o_C|A,AG,A,2Y00,A|B,3,potenial_homomer
4n1h_D|C,AB,D,1H3P,L,1,additional_chains
6ey6_O|G,AG,G,6EY5,A|B,1,potenial_homomer
5vak_B|A,AB,B,1H3P,L,1,additional_chains
5nqw_C|B,AG,B,5MOL,A|B,1,potenial_homomer
5nqw_C|B,AG,B,5MOK,A|B|C|D,1,potenial_homomer
5nqw_C|B,AG,B,2WQR,A|B,1,potenial_homomer
4kfz_C|A,AB,C,1H3P,L,1,additional_chains
5uk4_b|B,AG,B,2QVJ,A|B|C|D|E|A|B|C|D|E,1,potenial_homomer
4grw_J|A,AB,J,1H3P,L,1,additional_chains
5vxm_B|A,AG,A,3R9V,A|B,3,potenial_homomer
5vxm_B|A,AG,A,2J0N,A|B,1,potenial_homomer
5jds_B|A,AG,A,4Z18,A|B,1,potenial_homomer
5jds_B|A,AG,A,5NIU,A|B,1,potenial_homomer
5jds_B|A,AG,A,5NIU,C|D,2,potenial_homomer
5jds_B|A,AG,A,6NP9,A|A,1,potenial_homomer
6oyz_H|D,AG,D,5CKR,A|A,1,potenial_homomer
6oyz_H|D,AG,D,4J72,A|B,1,potenial_homomer
5boz_G|A,AG,A,2VC4,A|A,1,potenial_homomer
5boz_G|A,AG,A,1UQ5,A|A,1,potenial_homomer
5tok_D|B,AB,D,1H3P,L,1,additional_chains
5tok_D|B,AG,B,5EA6,F|F|F,1,potenial_homomer
5tok_D|B,AG,B,6EAL,F|F|F,1,potenial_homomer
5tok_D|B,AG,B,6EAD,F|F|F,1,potenial_homomer
5tok_D|B,AG,B,6EAK,F|F|F,1,potenial_homomer
5tok_D|B,AG,B,6EAM,F|F|F,1,potenial_homomer
6jsz_D|A,AG,A,2EWY,A|B,5,potenial_homomer
6jsz_D|A,AG,A,2EWY,C|D,6,potenial_homomer
3k1k_C|A,AB,C,4PFE,A|B,1,potenial_homomer
3jbf_7|3,AG,3,1AR9,3|3|3|3|3|3|3|3|3|3|3|3|3|3|3|3|3|3|3|3|3|3|3|3|3|3|3|3|3|3|3|3|3|3|3|3|3|3|3|3|3|3|3|3|3|3|3|3|3|3|3|3|3|3|3|3|3|3|3|3,1,potential_complex_homomer
3jbf_7|3,AG,3,1POV,3|3|3|3|3|3|3|3|3|3|3|3|3|3|3|3|3|3|3|3|3|3|3|3|3|3|3|3|3|3|3|3|3|3|3|3|3|3|3|3|3|3|3|3|3|3|3|3|3|3|3|3|3|3|3|3|3|3|3|3,1,potential_complex_homomer
3jbf_7|3,AG,3,1AR6,3|3|3|3|3|3|3|3|3|3|3|3|3|3|3|3|3|3|3|3|3|3|3|3|3|3|3|3|3|3|3|3|3|3|3|3|3|3|3|3|3|3|3|3|3|3|3|3|3|3|3|3|3|3|3|3|3|3|3|3,1,potential_complex_homomer
3jbf_7|3,AG,3,1PO2,3|3|3|3|3|3|3|3|3|3|3|3|3|3|3|3|3|3|3|3|3|3|3|3|3|3|3|3|3|3|3|3|3|3|3|3|3|3|3|3|3|3|3|3|3|3|3|3|3|3|3|3|3|3|3|3|3|3|3|3,1,potential_complex_homomer
3jbf_7|3,AG,3,1ASJ,3|3|3|3|3|3|3|3|3|3|3|3|3|3|3|3|3|3|3|3|3|3|3|3|3|3|3|3|3|3|3|3|3|3|3|3|3|3|3|3|3|3|3|3|3|3|3|3|3|3|3|3|3|3|3|3|3|3|3|3,1,potential_complex_homomer
6dbg_C|B,AB,C,6U14,B|A,1,potenial_homomer
5uk4_h|H,AG,H,2QVJ,A|B|C|D|E|A|B|C|D|E,1,potenial_homomer
4c59_B|A,AG,A,4O38,A|B,1,potenial_homomer
6qx4_D|A,AB,D,1H3P,L,1,additional_chains
5ihl_G|F,AB,G,1H3P,L,1,additional_chains
2x89_C|E:G,AG,E:G,6APN,A:A,1,additional_chains
2x89_C|E:G,AG,E:G,6APN,B:B,2,additional_chains
5e5m_F|E,AB,F,5E03,A|A,1,potenial_homomer
5e5m_F|E,AG,E,1DQT,A|B,1,potenial_homomer
5e5m_F|E,AG,E,1DQT,C|D,2,potenial_homomer
5e5m_F|E,AG,E,1DQT,A|B|C|D,3,potenial_homomer
6hjx_G|B,AG,B,3RQW,A|B|C|D|E,1,potenial_homomer
6hjx_G|B,AG,B,3RQW,F|G|H|I|J,2,potenial_homomer
6h1f_A|B,AG,B,1KCQ,A|A,2,potenial_homomer
6h1f_A|B,AG,B,5O2Z,B|A,1,potenial_homomer
6gju_B|A,AG,A,1XMI,A|B|C|D|E,1,potenial_homomer
6gju_B|A,AG,A,1XMI,C|C|A|D|A|D|B|E|B|E,2,potenial_homomer
6gju_C|A,AG,A,1XMI,A|B|C|D|E,1,potenial_homomer
6gju_C|A,AG,A,1XMI,C|C|A|D|A|D|B|E|B|E,2,potenial_homomer
4pir_I|C,AG,C,6HIS,A|E|B|C|D,1,potenial_homomer
4pgj_C|D,AB,C,1H3P,L,1,additional_chains
5ukb_c|C,AG,C,2QVJ,A|B|C|D|E|A|B|C|D|E,1,potenial_homomer
3jbe_7|3,AG,3,1AR9,3|3|3|3|3|3|3|3|3|3|3|3|3|3|3|3|3|3|3|3|3|3|3|3|3|3|3|3|3|3|3|3|3|3|3|3|3|3|3|3|3|3|3|3|3|3|3|3|3|3|3|3|3|3|3|3|3|3|3|3,1,potential_complex_homomer
3jbe_7|3,AG,3,1POV,3|3|3|3|3|3|3|3|3|3|3|3|3|3|3|3|3|3|3|3|3|3|3|3|3|3|3|3|3|3|3|3|3|3|3|3|3|3|3|3|3|3|3|3|3|3|3|3|3|3|3|3|3|3|3|3|3|3|3|3,1,potential_complex_homomer
3jbe_7|3,AG,3,1AR6,3|3|3|3|3|3|3|3|3|3|3|3|3|3|3|3|3|3|3|3|3|3|3|3|3|3|3|3|3|3|3|3|3|3|3|3|3|3|3|3|3|3|3|3|3|3|3|3|3|3|3|3|3|3|3|3|3|3|3|3,1,potential_complex_homomer
3jbe_7|3,AG,3,1PO2,3|3|3|3|3|3|3|3|3|3|3|3|3|3|3|3|3|3|3|3|3|3|3|3|3|3|3|3|3|3|3|3|3|3|3|3|3|3|3|3|3|3|3|3|3|3|3|3|3|3|3|3|3|3|3|3|3|3|3|3,1,potential_complex_homomer
3jbe_7|3,AG,3,1ASJ,3|3|3|3|3|3|3|3|3|3|3|3|3|3|3|3|3|3|3|3|3|3|3|3|3|3|3|3|3|3|3|3|3|3|3|3|3|3|3|3|3|3|3|3|3|3|3|3|3|3|3|3|3|3|3|3|3|3|3|3,1,potential_complex_homomer
6n4y_F|A,AG,A,6N52,A|B,1,potenial_homomer
6n4y_F|A,AG,A,6N4X,A|B,1,potenial_homomer
5tok_E|A,AB,E,1H3P,L,1,additional_chains
5tok_E|A,AG,A,5EA6,F|F|F,1,potenial_homomer
5tok_E|A,AG,A,6EAL,F|F|F,1,potenial_homomer
5tok_E|A,AG,A,6EAD,F|F|F,1,potenial_homomer
5tok_E|A,AG,A,6EAK,F|F|F,1,potenial_homomer
5tok_E|A,AG,A,6EAM,F|F|F,1,potenial_homomer
6f5g_B|A,AG,A,2P4E,P|A,3,potenial_homomer
6f5g_B|A,AG,A,6U2P,A|B,1,potenial_homomer
3jbc_7|3,AG,3,1AR9,3|3|3|3|3|3|3|3|3|3|3|3|3|3|3|3|3|3|3|3|3|3|3|3|3|3|3|3|3|3|3|3|3|3|3|3|3|3|3|3|3|3|3|3|3|3|3|3|3|3|3|3|3|3|3|3|3|3|3|3,1,potential_complex_homomer
3jbc_7|3,AG,3,1POV,3|3|3|3|3|3|3|3|3|3|3|3|3|3|3|3|3|3|3|3|3|3|3|3|3|3|3|3|3|3|3|3|3|3|3|3|3|3|3|3|3|3|3|3|3|3|3|3|3|3|3|3|3|3|3|3|3|3|3|3,1,potential_complex_homomer
3jbc_7|3,AG,3,1AR6,3|3|3|3|3|3|3|3|3|3|3|3|3|3|3|3|3|3|3|3|3|3|3|3|3|3|3|3|3|3|3|3|3|3|3|3|3|3|3|3|3|3|3|3|3|3|3|3|3|3|3|3|3|3|3|3|3|3|3|3,1,potential_complex_homomer
3jbc_7|3,AG,3,1PO2,3|3|3|3|3|3|3|3|3|3|3|3|3|3|3|3|3|3|3|3|3|3|3|3|3|3|3|3|3|3|3|3|3|3|3|3|3|3|3|3|3|3|3|3|3|3|3|3|3|3|3|3|3|3|3|3|3|3|3|3,1,potential_complex_homomer
3jbc_7|3,AG,3,1ASJ,3|3|3|3|3|3|3|3|3|3|3|3|3|3|3|3|3|3|3|3|3|3|3|3|3|3|3|3|3|3|3|3|3|3|3|3|3|3|3|3|3|3|3|3|3|3|3|3|3|3|3|3|3|3|3|3|3|3|3|3,1,potential_complex_homomer
6fe4_J|E,AG,E,3MXG,A|G|H|I|J,1,potenial_homomer
6fe4_J|E,AG,E,3MXG,B|C|D|E|F,2,potenial_homomer
6gwn_C|A,AB,C,1H3P,L,1,additional_chains
6sc8_C|A,AB,C,6T2J,A|B,1,potenial_homomer
6sc8_C|A,AB,C,1H3P,L,1,additional_chains
6sc8_C|A,AG,A,4LJQ,B|C,5,potenial_homomer
6sc8_C|A,AG,A,4LJQ,A|D,6,potenial_homomer
5n88_H|E,AB,H,1H3P,L,1,additional_chains
5n88_H|E,AG,E,5OYM,H|G|A|B|C|D|E|F,1,potenial_homomer
4cdg_C|A,AG,A,1WUD,A|B|D,1,potenial_homomer
6oyz_E|A,AG,A,5CKR,A|A,1,potenial_homomer
6oyz_E|A,AG,A,4J72,A|B,1,potenial_homomer
3zks_D|A,AB,D,1H3P,L,1,additional_chains
3zks_D|A,AG,A,2EWY,A|B,5,potenial_homomer
3zks_D|A,AG,A,2EWY,C|D,6,potenial_homomer
5o05_C|B,AG,B,3Q39,A|B,1,potenial_homomer
5o05_C|B,AG,B,5HZA,A|B,1,potenial_homomer
5o05_C|B,AG,B,3Q38,A|B,1,potenial_homomer
5e7f_A|G,AB,A,1H3P,L,1,additional_chains
5o03_D|B,AB,D,1H3P,L,1,additional_chains
5o03_D|B,AG,B,3Q39,A|B,1,potenial_homomer
5o03_D|B,AG,B,5HZA,A|B,1,potenial_homomer
5o03_D|B,AG,B,3Q38,A|B,1,potenial_homomer
3zlq_C|A,AB,C,1H3P,L,1,additional_chains
3zlq_C|A,AG,A,2EWY,A|B,5,potenial_homomer
3zlq_C|A,AG,A,2EWY,C|D,6,potenial_homomer
5c1m_B|A,AB,B,1H3P,L,1,additional_chains
6a96_L|C:B,AG,C:B,4COF,A:A|B:B|C:C|D:D|E:E,1,potential_complex_homomer
2vyr_H|D,AB,H,1H3P,L,1,additional_chains
6n50_E|A,AG,A,6N52,A|B,1,potenial_homomer
6n50_E|A,AG,A,6N4X,A|B,1,potenial_homomer
6oyh_F|B,AG,B,5CKR,A|A,1,potenial_homomer
6oyh_F|B,AG,B,4J72,A|B,1,potenial_homomer
2bse_E|A,AG,A,1ZRU,A|B|C,1,potenial_homomer
2bse_E|A,AG,A,3DA0,A|B|C,1,potenial_homomer
6qv2_E|B,AB,E,1H3P,L,1,additional_chains
5e5m_H|G,AB,H,5E03,A|A,1,potenial_homomer
5e5m_H|G,AG,G,1DQT,A|B,1,potenial_homomer
5e5m_H|G,AG,G,1DQT,C|D,2,potenial_homomer
5e5m_H|G,AG,G,1DQT,A|B|C|D,3,potenial_homomer
6h6y_H|D,AG,D,2ZL7,A|B,1,potenial_homomer
6h6y_H|D,AG,D,2ZL6,A|B,1,potenial_homomer
6h6y_H|D,AG,D,2ZL5,A|B,1,potenial_homomer
5u4m_B|A,AG,A,2VC4,A|A,1,potenial_homomer
5u4m_B|A,AG,A,1UQ5,A|A,1,potenial_homomer
6h7l_C|A,AG,A,2Y00,A|B,3,potenial_homomer
6n4y_H|C,AG,C,6N52,A|B,1,potenial_homomer
6n4y_H|C,AG,C,6N4X,A|B,1,potenial_homomer
5e1h_B|A,AG,A,2VC4,A|A,1,potenial_homomer
5e1h_B|A,AG,A,1UQ5,A|A,1,potenial_homomer
6oz6_G|C,AG,C,5CKR,A|A,1,potenial_homomer
6oz6_G|C,AG,C,4J72,A|B,1,potenial_homomer
5vxk_B|A,AG,A,3R9V,A|B,3,potenial_homomer
5vxk_B|A,AG,A,2J0N,A|B,1,potenial_homomer
6oyh_H|D,AG,D,5CKR,A|A,1,potenial_homomer
6oyh_H|D,AG,D,4J72,A|B,1,potenial_homomer
6hjy_F|A,AG,A,3RQW,A|B|C|D|E,1,potenial_homomer
6hjy_F|A,AG,A,3RQW,F|G|H|I|J,2,potenial_homomer
6ey6_J|B,AG,B,6EY5,A|B,1,potenial_homomer
5foj_A|B,AG,B,2Y26,A|B|C|D|E|F|G|H|I|J|K|L|M|N|O|P|Q|R|S|T|A|B|C|D|E|F|G|H|I|J|K|L|M|N|O|P|Q|R|S|T|A|B|C|D|E|F|G|H|I|J|K|L|M|N|O|P|Q|R|S|T,1,potenial_homomer
3zkq_D|A,AB,D,1H3P,L,1,additional_chains
3zkq_D|A,AG,A,2EWY,A|B,5,potenial_homomer
3zkq_D|A,AG,A,2EWY,C|D,6,potenial_homomer
3p9w_D|C,AB,D,1H3P,L,1,additional_chains
3p9w_D|C,AG,C,4KZN,A|A,1,potenial_homomer
3p9w_D|C,AG,C,3QTK,A|D,1,potenial_homomer
3p9w_D|C,AG,C,3QTK,B|C,2,potenial_homomer
3p9w_D|C,AG,C,3QTK,E|F,3,potenial_homomer
3p9w_D|C,AG,C,1MKK,A|B,1,potenial_homomer
5nbl_F|D:A,AB,F,6H05,A|A|A|A|A|A|A|A|A|A|A|A|A|A|A|A|A|A|A|A|A|A|A|A,1,potenial_homomer
5nbl_F|D:A,AB,F,6VAM,A|B|C|D|E|F|G|H,1,potenial_homomer
5m2i_J|E,AG,E,2AZ5,A|B|C|D,1,potenial_homomer
5m2i_J|E,AG,E,4TSV,A|A|A,1,potenial_homomer
5m2i_J|E,AG,E,5UUI,A|A|A,1,potenial_homomer
6b73_C|B,AG,B,6OT4,A|B|C|D|A|B|C|D|A|B|C|D,1,potenial_homomer
6a96_O|E,AG,E,4COF,A|B|C|D|E,1,potenial_homomer
6gjq_B|A,AG,A,1XMI,A|B|C|D|E,1,potenial_homomer
6gjq_B|A,AG,A,1XMI,C|C|A|D|A|D|B|E|B|E,2,potenial_homomer
6ey6_L|D,AG,D,6EY5,A|B,1,potenial_homomer
6h7m_C|A,AG,A,2Y00,A|B,3,potenial_homomer
5sv3_C|D,AB,C,5SV4,A|B,3,potenial_homomer
5y80_B|A,AG,A,4O38,A|B,1,potenial_homomer
6oq5_E|A,AB,E,1Q8H,A|A,1,potenial_homomer
6oq5_E|A,AG,A,3PA8,A|B,1,potenial_homomer
5uk4_g|G,AG,G,2QVJ,A|B|C|D|E|A|B|C|D|E,1,potenial_homomer
6fe4_G|B,AG,B,3MXG,A|G|H|I|J,1,potenial_homomer
6fe4_G|B,AG,B,3MXG,B|C|D|E|F,2,potenial_homomer
4pir_J|D,AG,D,6HIS,A|E|B|C|D,1,potenial_homomer
5ku0_7|3,AG,3,1AL2,3|3|3|3|3|3|3|3|3|3|3|3|3|3|3|3|3|3|3|3|3|3|3|3|3|3|3|3|3|3|3|3|3|3|3|3|3|3|3|3|3|3|3|3|3|3|3|3|3|3|3|3|3|3|3|3|3|3|3|3,1,potential_complex_homomer
5ku0_7|3,AG,3,1POV,3|3|3|3|3|3|3|3|3|3|3|3|3|3|3|3|3|3|3|3|3|3|3|3|3|3|3|3|3|3|3|3|3|3|3|3|3|3|3|3|3|3|3|3|3|3|3|3|3|3|3|3|3|3|3|3|3|3|3|3,1,potential_complex_homomer
5ku0_7|3,AG,3,1AR6,3|3|3|3|3|3|3|3|3|3|3|3|3|3|3|3|3|3|3|3|3|3|3|3|3|3|3|3|3|3|3|3|3|3|3|3|3|3|3|3|3|3|3|3|3|3|3|3|3|3|3|3|3|3|3|3|3|3|3|3,1,potential_complex_homomer
5ku0_7|3,AG,3,1PO2,3|3|3|3|3|3|3|3|3|3|3|3|3|3|3|3|3|3|3|3|3|3|3|3|3|3|3|3|3|3|3|3|3|3|3|3|3|3|3|3|3|3|3|3|3|3|3|3|3|3|3|3|3|3|3|3|3|3|3|3,1,potential_complex_homomer
5ku0_7|3,AG,3,1ASJ,3|3|3|3|3|3|3|3|3|3|3|3|3|3|3|3|3|3|3|3|3|3|3|3|3|3|3|3|3|3|3|3|3|3|3|3|3|3|3|3|3|3|3|3|3|3|3|3|3|3|3|3|3|3|3|3|3|3|3|3,1,potential_complex_homomer
6h72_C|A,AG,A,2ZL7,A|B,1,potenial_homomer
6h72_C|A,AG,A,2ZL6,A|B,1,potenial_homomer
6h72_C|A,AG,A,2ZL5,A|B,1,potenial_homomer
6h7j_D|B,AG,B,2Y00,A|B,3,potenial_homomer
6h71_C|A,AG,A,2ZL7,A|B,1,potenial_homomer
6h71_C|A,AG,A,2ZL6,A|B,1,potenial_homomer
6h71_C|A,AG,A,2ZL5,A|B,1,potenial_homomer
2vyr_J|A,AB,J,1H3P,L,1,additional_chains
5o2u_B|A,AG,A,6ES8,A|A|A|A|A|A,1,potenial_homomer
5o2u_B|A,AG,A,6B2K,A|A|A|A|A|A,1,potenial_homomer
5o2u_B|A,AG,A,6BHS,A|A|A|A|A|A,1,potenial_homomer
5o2u_B|A,AG,A,6ERM,A|A|A|A|A|A,1,potenial_homomer
5o2u_B|A,AG,A,6H09,A|A|A|A|A|A,1,potenial_homomer
6hjx_F|A,AG,A,3RQW,A|B|C|D|E,1,potenial_homomer
6hjx_F|A,AG,A,3RQW,F|G|H|I|J,2,potenial_homomer
5uk4_k|K,AG,K,2QVJ,A|B|C|D|E|A|B|C|D|E,1,potenial_homomer
5boz_H|B,AG,B,2VC4,A|A,1,potenial_homomer
5boz_H|B,AG,B,1UQ5,A|A,1,potenial_homomer
5lhn_B|A,AB,B,1H3P,L,1,additional_chains
5m2m_N|M,AG,M,2AZ5,A|B|C|D,1,potenial_homomer
5m2m_N|M,AG,M,4TSV,A|A|A,1,potenial_homomer
5m2m_N|M,AG,M,5UUI,A|A|A,1,potenial_homomer
4bfb_D|A,AB,D,1H3P,L,1,additional_chains
4bfb_D|A,AG,A,2EWY,A|B,5,potenial_homomer
4bfb_D|A,AG,A,2EWY,C|D,6,potenial_homomer
6b73_D|A,AG,A,6OT4,A|B|C|D|A|B|C|D|A|B|C|D,1,potenial_homomer
2xv6_B|A,AB,B,2XXC,B|B,1,potenial_homomer
2xv6_B|A,AG,A,6ES8,A|A|A|A|A|A,1,potenial_homomer
2xv6_B|A,AG,A,6B2K,A|A|A|A|A|A,1,potenial_homomer
2xv6_B|A,AG,A,6BHS,A|A|A|A|A|A,1,potenial_homomer
2xv6_B|A,AG,A,6ERM,A|A|A|A|A|A,1,potenial_homomer
2xv6_B|A,AG,A,6H09,A|A|A|A|A|A,1,potenial_homomer
5uk4_l|L,AG,L,2QVJ,A|B|C|D|E|A|B|C|D|E,1,potenial_homomer
6hjy_G|B,AG,B,3RQW,A|B|C|D|E,1,potenial_homomer
6hjy_G|B,AG,B,3RQW,F|G|H|I|J,2,potenial_homomer
4w6y_B|A,AG,A,4B4P,A|B,1,potenial_homomer
4w6y_B|A,AG,A,4BWO,A|B,1,potenial_homomer
6ey6_I|A,AG,A,6EY5,A|B,1,potenial_homomer
6c9w_B|A,AG,A,2Y5Y,A|B,1,potenial_homomer
2wzp_E|A,AG,A,1ZRU,A|B|C,1,potenial_homomer
2wzp_E|A,AG,A,3DA0,A|B|C,1,potenial_homomer
6rah_C|B,AG,B,5MKK,B,1,additional_chains
6hjx_J|E,AG,E,3RQW,A|B|C|D|E,1,potenial_homomer
6hjx_J|E,AG,E,3RQW,F|G|H|I|J,2,potenial_homomer
3zkx_B|A,AB,B,1H3P,L,1,additional_chains
3zkx_B|A,AG,A,2EWY,A|B,5,potenial_homomer
3zkx_B|A,AG,A,2EWY,C|D,6,potenial_homomer
4w6w_B|A,AG,A,4B4P,A|B,1,potenial_homomer
4w6w_B|A,AG,A,4BWO,A|B,1,potenial_homomer
4grw_G|B,AB,G,1H3P,L,1,additional_chains
5f1o_B|A,AG,A,3F6Y,A|A,2,potenial_homomer
4x7c_C|A,AG,A,4OPO,A|B,1,potenial_homomer
4x7c_C|A,AG,A,4X06,A|B,1,potenial_homomer
4x7c_C|A,AG,A,4OOX,A|A,1,potenial_homomer
6n4y_G|D,AG,D,6N52,A|B,1,potenial_homomer
6n4y_G|D,AG,D,6N4X,A|B,1,potenial_homomer
5ukb_a|A,AG,A,2QVJ,A|B|C|D|E|A|B|C|D|E,1,potenial_homomer
3ogo_F|C,AB,F,4PFE,A|B,1,potenial_homomer
5lhp_B|A,AB,B,1H3P,L,1,additional_chains
5nqw_D|A,AG,A,5MOL,A|B,1,potenial_homomer
5nqw_D|A,AG,A,5MOK,A|B|C|D,1,potenial_homomer
5nqw_D|A,AG,A,2WQR,A|B,1,potenial_homomer
5uk4_n|N,AG,N,2QVJ,A|B|C|D|E|A|B|C|D|E,1,potenial_homomer
6h70_D|A,AG,A,2ZL7,A|B,1,potenial_homomer
6h70_D|A,AG,A,2ZL6,A|B,1,potenial_homomer
6h70_D|A,AG,A,2ZL5,A|B,1,potenial_homomer
5m2m_D|B,AG,B,2AZ5,A|B|C|D,1,potenial_homomer
5m2m_D|B,AG,B,4TSV,A|A|A,1,potenial_homomer
5m2m_D|B,AG,B,5UUI,A|A|A,1,potenial_homomer
6hhu_H|A,AB,H,1H3P,L,1,additional_chains
4bel_D|A,AB,D,1H3P,L,1,additional_chains
4bel_D|A,AG,A,2EWY,A|B,5,potenial_homomer
4bel_D|A,AG,A,2EWY,C|D,6,potenial_homomer
6fuz_N|A,AB,N,1H3P,L,1,additional_chains
6h02_B|A,AB,B,1H3P,L,1,additional_chains
3p9w_B|A,AB,B,1H3P,L,1,additional_chains
3p9w_B|A,AG,A,4KZN,A|A,1,potenial_homomer
3p9w_B|A,AG,A,3QTK,A|D,1,potenial_homomer
3p9w_B|A,AG,A,3QTK,B|C,2,potenial_homomer
3p9w_B|A,AG,A,3QTK,E|F,3,potenial_homomer
3p9w_B|A,AG,A,1MKK,A|B,1,potenial_homomer
6sc9_C|A,AB,C,6T2J,A|B,1,potenial_homomer
6sc9_C|A,AB,C,1H3P,L,1,additional_chains
6sc9_C|A,AG,A,4LJQ,B|C,5,potenial_homomer
6sc9_C|A,AG,A,4LJQ,A|D,6,potenial_homomer
6rak_C|B,AG,B,5MKK,B,1,additional_chains
2wzp_L|I,AG,I,1ZRU,A|B|C,1,potenial_homomer
2wzp_L|I,AG,I,3DA0,A|B|C,1,potenial_homomer
5m2i_G|B,AG,B,2AZ5,A|B|C|D,1,potenial_homomer
5m2i_G|B,AG,B,4TSV,A|A|A,1,potenial_homomer
5m2i_G|B,AG,B,5UUI,A|A|A,1,potenial_homomer
5o05_D|A,AG,A,3Q39,A|B,1,potenial_homomer
5o05_D|A,AG,A,5HZA,A|B,1,potenial_homomer
5o05_D|A,AG,A,3Q38,A|B,1,potenial_homomer
5sv3_A|B,AB,A,5SV4,A|B,3,potenial_homomer
5kwl_7|3,AG,3,1AL2,3|3|3|3|3|3|3|3|3|3|3|3|3|3|3|3|3|3|3|3|3|3|3|3|3|3|3|3|3|3|3|3|3|3|3|3|3|3|3|3|3|3|3|3|3|3|3|3|3|3|3|3|3|3|3|3|3|3|3|3,1,potential_complex_homomer
5kwl_7|3,AG,3,1POV,3|3|3|3|3|3|3|3|3|3|3|3|3|3|3|3|3|3|3|3|3|3|3|3|3|3|3|3|3|3|3|3|3|3|3|3|3|3|3|3|3|3|3|3|3|3|3|3|3|3|3|3|3|3|3|3|3|3|3|3,1,potential_complex_homomer
5kwl_7|3,AG,3,1AR6,3|3|3|3|3|3|3|3|3|3|3|3|3|3|3|3|3|3|3|3|3|3|3|3|3|3|3|3|3|3|3|3|3|3|3|3|3|3|3|3|3|3|3|3|3|3|3|3|3|3|3|3|3|3|3|3|3|3|3|3,1,potential_complex_homomer
5kwl_7|3,AG,3,1PO2,3|3|3|3|3|3|3|3|3|3|3|3|3|3|3|3|3|3|3|3|3|3|3|3|3|3|3|3|3|3|3|3|3|3|3|3|3|3|3|3|3|3|3|3|3|3|3|3|3|3|3|3|3|3|3|3|3|3|3|3,1,potential_complex_homomer
5kwl_7|3,AG,3,1ASJ,3|3|3|3|3|3|3|3|3|3|3|3|3|3|3|3|3|3|3|3|3|3|3|3|3|3|3|3|3|3|3|3|3|3|3|3|3|3|3|3|3|3|3|3|3|3|3|3|3|3|3|3|3|3|3|3|3|3|3|3,1,potential_complex_homomer
3ogo_H|B,AB,H,4PFE,A|B,1,potenial_homomer
5m2i_H|A,AG,A,2AZ5,A|B|C|D,1,potenial_homomer
5m2i_H|A,AG,A,4TSV,A|A|A,1,potenial_homomer
5m2i_H|A,AG,A,5UUI,A|A|A,1,potenial_homomer
5uk4_e|E,AG,E,2QVJ,A|B|C|D|E|A|B|C|D|E,1,potenial_homomer
5fv2_C|W,AB,C,1H3P,L,1,additional_chains
5fv2_C|W,AG,W,4KZN,A|A,1,potenial_homomer
5fv2_C|W,AG,W,3QTK,A|D,1,potenial_homomer
5fv2_C|W,AG,W,3QTK,B|C,2,potenial_homomer
5fv2_C|W,AG,W,3QTK,E|F,3,potenial_homomer
5fv2_C|W,AG,W,1MKK,A|B,1,potenial_homomer
5lhq_B|A,AB,B,1H3P,L,1,additional_chains
3p9w_H|G,AB,H,1H3P,L,1,additional_chains
3p9w_H|G,AG,G,4KZN,A|A,1,potenial_homomer
3p9w_H|G,AG,G,3QTK,A|D,1,potenial_homomer
3p9w_H|G,AG,G,3QTK,B|C,2,potenial_homomer
3p9w_H|G,AG,G,3QTK,E|F,3,potenial_homomer
3p9w_H|G,AG,G,1MKK,A|B,1,potenial_homomer
4y8d_C|A,AG,A,4O38,A|B,1,potenial_homomer
5o04_F|A,AG,A,3Q39,A|B,1,potenial_homomer
5o04_F|A,AG,A,5HZA,A|B,1,potenial_homomer
5o04_F|A,AG,A,3Q38,A|B,1,potenial_homomer
2xt1_B|A,AB,B,2XXC,B|B,1,potenial_homomer
2xt1_B|A,AG,A,6ES8,A|A|A|A|A|A,1,potenial_homomer
2xt1_B|A,AG,A,6B2K,A|A|A|A|A|A,1,potenial_homomer
2xt1_B|A,AG,A,6BHS,A|A|A|A|A|A,1,potenial_homomer
2xt1_B|A,AG,A,6ERM,A|A|A|A|A|A,1,potenial_homomer
2xt1_B|A,AG,A,6H09,A|A|A|A|A|A,1,potenial_homomer
4y7m_A|C,AB,A,1H3P,L,1,additional_chains
4y7m_A|C,AG,C,4Y7L,A|B,1,potenial_homomer
5nbd_C|B:A,AG,B:A,6HRC,A:A|B:B,1,potential_complex_homomer
5nbd_C|B:A,AG,B:A,6HRC,C:C|D:D,2,potential_complex_homomer
5nbd_C|B:A,AG,B:A,5C78,A:A|D:D,1,potential_complex_homomer
5nbd_C|B:A,AG,B:A,5C78,B:B|C:C,2,potential_complex_homomer
5o04_E|B,AG,B,3Q39,A|B,1,potenial_homomer
5o04_E|B,AG,B,5HZA,A|B,1,potenial_homomer
5o04_E|B,AG,B,3Q38,A|B,1,potenial_homomer
6ram_C|B,AG,B,5MKK,B,1,additional_chains
4y8d_D|B,AG,B,4O38,A|B,1,potenial_homomer
5f1k_D|B,AG,B,3F6Y,A|A,2,potenial_homomer
5boz_K|E,AG,E,2VC4,A|A,1,potenial_homomer
5boz_K|E,AG,E,1UQ5,A|A,1,potenial_homomer
2vyr_F|B,AB,F,1H3P,L,1,additional_chains
6gjq_H|G,AG,G,1XMI,A|B|C|D|E,1,potenial_homomer
6gjq_H|G,AG,G,1XMI,C|C|A|D|A|D|B|E|B|E,2,potenial_homomer
6ey6_P|H,AG,H,6EY5,A|B,1,potenial_homomer
5f1k_C|A,AG,A,3F6Y,A|A,2,potenial_homomer
5m2i_K|D,AG,D,2AZ5,A|B|C|D,1,potenial_homomer
5m2i_K|D,AG,D,4TSV,A|A|A,1,potenial_homomer
5m2i_K|D,AG,D,5UUI,A|A|A,1,potenial_homomer
5uk4_p|P,AG,P,2QVJ,A|B|C|D|E|A|B|C|D|E,1,potenial_homomer
6rai_C|B,AG,B,5MKK,B,1,additional_chains
6hjy_H|C,AG,C,3RQW,A|B|C|D|E,1,potenial_homomer
6hjy_H|C,AG,C,3RQW,F|G|H|I|J,2,potenial_homomer
5o02_C|A,AG,A,5F4M,A|B,1,potenial_homomer
6oq7_C|A,AB,C,1Q8H,A|A,1,potenial_homomer
3ogo_E|A,AB,E,4PFE,A|B,1,potenial_homomer
5m2j_D|A,AB,D,1H3P,L,1,additional_chains
5m2j_D|A,AG,A,2AZ5,A|B|C|D,1,potenial_homomer
5m2j_D|A,AG,A,4TSV,A|A|A,1,potenial_homomer
5m2j_D|A,AG,A,5UUI,A|A|A,1,potenial_homomer
6a96_K|D,AG,D,4COF,A|B|C|D|E,1,potenial_homomer
6cnv_C|A,AB,C,1H3P,L,1,additional_chains
5vaq_B|A,AB,B,1H3P,L,1,additional_chains
2p44_B|A,AB,B,1H3P,L,1,additional_chains
6oyz_F|B,AG,B,5CKR,A|A,1,potenial_homomer
6oyz_F|B,AG,B,4J72,A|B,1,potenial_homomer
5m2m_E|C,AG,C,2AZ5,A|B|C|D,1,potenial_homomer
5m2m_E|C,AG,C,4TSV,A|A|A,1,potenial_homomer
5m2m_E|C,AG,C,5UUI,A|A|A,1,potenial_homomer
2wzp_F|C,AG,C,1ZRU,A|B|C,1,potenial_homomer
2wzp_F|C,AG,C,3DA0,A|B|C,1,potenial_homomer
4c57_D|B,AG,B,4O38,A|B,1,potenial_homomer
3zkx_C|A,AB,C,1H3P,L,1,additional_chains
3zkx_C|A,AG,A,2EWY,A|B,5,potenial_homomer
3zkx_C|A,AG,A,2EWY,C|D,6,potenial_homomer
6ey6_N|F,AG,F,6EY5,A|B,1,potenial_homomer
3zlq_D|B,AB,D,1H3P,L,1,additional_chains
3zlq_D|B,AG,B,2EWY,A|B,5,potenial_homomer
3zlq_D|B,AG,B,2EWY,C|D,6,potenial_homomer
4z9k_B|A,AG,A,2VC4,A|A,1,potenial_homomer
4z9k_B|A,AG,A,1UQ5,A|A,1,potenial_homomer
6n4y_E|B,AG,B,6N52,A|B,1,potenial_homomer
6n4y_E|B,AG,B,6N4X,A|B,1,potenial_homomer
5uk4_r|R,AG,R,2QVJ,A|B|C|D|E|A|B|C|D|E,1,potenial_homomer
5ihl_I|H,AB,I,1H3P,L,1,additional_chains
6sc6_C|A,AB,C,6T2J,A|B,1,potenial_homomer
6sc6_C|A,AB,C,1H3P,L,1,additional_chains
6sc6_C|A,AG,A,4LJQ,B|C,5,potenial_homomer
6sc6_C|A,AG,A,4LJQ,A|D,6,potenial_homomer
4x7c_D|B,AG,B,4OPO,A|B,1,potenial_homomer
4x7c_D|B,AG,B,4X06,A|B,1,potenial_homomer
4x7c_D|B,AG,B,4OOX,A|A,1,potenial_homomer
6oyz_G|C,AG,C,5CKR,A|A,1,potenial_homomer
6oyz_G|C,AG,C,4J72,A|B,1,potenial_homomer
5m2i_I|C,AG,C,2AZ5,A|B|C|D,1,potenial_homomer
5m2i_I|C,AG,C,4TSV,A|A|A,1,potenial_homomer
5m2i_I|C,AG,C,5UUI,A|A|A,1,potenial_homomer
6h6y_G|C,AG,C,2ZL7,A|B,1,potenial_homomer
6h6y_G|C,AG,C,2ZL6,A|B,1,potenial_homomer
6h6y_G|C,AG,C,2ZL5,A|B,1,potenial_homomer
5ihl_B|A,AB,B,1H3P,L,1,additional_chains
6h6y_E|A,AG,A,2ZL7,A|B,1,potenial_homomer
6h6y_E|A,AG,A,2ZL6,A|B,1,potenial_homomer
6h6y_E|A,AG,A,2ZL5,A|B,1,potenial_homomer
2wzp_K|G,AG,G,1ZRU,A|B|C,1,potenial_homomer
2wzp_K|G,AG,G,3DA0,A|B|C,1,potenial_homomer
4bel_E|B,AB,E,1H3P,L,1,additional_chains
4bel_E|B,AG,B,2EWY,A|B,5,potenial_homomer
4bel_E|B,AG,B,2EWY,C|D,6,potenial_homomer
5dmj_B|A,AB,B,1H3P,L,1,additional_chains
2h3n_A|B,AG,B,6HUD,A|B|C|D|E,1,potenial_homomer
5fv1_L|V,AG,V,4KZN,A|A,1,potenial_homomer
5fv1_L|V,AG,V,3QTK,A|D,1,potenial_homomer
5fv1_L|V,AG,V,3QTK,B|C,2,potenial_homomer
5fv1_L|V,AG,V,3QTK,E|F,3,potenial_homomer
5fv1_L|V,AG,V,1MKK,A|B,1,potenial_homomer
2h3n_C|D,AG,D,6HUD,A|B|C|D|E,1,potenial_homomer
6k6b_A|B,AG,B,4FII,B,1,additional_chains
6k6b_A|B,AG,B,4FIF,C,1,additional_chains
6k6b_A|B,AG,B,4FIF,D,2,additional_chains
5fv1_M|W,AG,W,4KZN,A|A,1,potenial_homomer
5fv1_M|W,AG,W,3QTK,A|D,1,potenial_homomer
5fv1_M|W,AG,W,3QTK,B|C,2,potenial_homomer
5fv1_M|W,AG,W,3QTK,E|F,3,potenial_homomer
5fv1_M|W,AG,W,1MKK,A|B,1,potenial_homomer
6k67_A|B,AG,B,6EEB,A|A,2,potenial_homomer
6k67_C|D,AG,D,6EEB,A|A,2,potenial_homomer
