pdb_id,comp_name,type,candidate,candidate_pdb_id,candidate_chain_names
4o51,4o51_B:A|N,AG,4o51_AG_u_0,6F2Z,A
4o51,4o51_B:A|N,AG,4o51_AG_u_1,6F2Z,B
5w08,5w08_K:L|C,AG,5w08_AG_u_0,4WE8,A
5w08,5w08_K:L|C,AG,5w08_AG_u_1,4WEA,A
5w08,5w08_K:L|C,AG,5w08_AG_u_2,4WE9,A
4ffv,4ffv_H:L|A,AG,4ffv_AG_u_0,2GBC,A
4ffv,4ffv_H:L|A,AG,4ffv_AG_u_1,2GBC,B
4ffv,4ffv_H:L|A,AG,4ffv_AG_u_2,2I3Z,A
4ffv,4ffv_H:L|A,AG,4ffv_AG_u_3,2I3Z,B
4ffv,4ffv_H:L|A,AG,4ffv_AG_u_4,2GBG,A
2ny3,2ny3_D:C|A,AB,2ny3_AB_u_0,1RZ8,B:A
2ny3,2ny3_D:C|A,AB,2ny3_AB_u_1,1RZ8,D:C
4yo0,4yo0_C:D|F,AG,4yo0_AG_u_0,6JJU,A
4yo0,4yo0_C:D|F,AG,4yo0_AG_u_1,5ZTF,A
4yo0,4yo0_C:D|F,AB,4yo0_AB_u_0,4YNY,A:B
4yo0,4yo0_C:D|F,AB,4yo0_AB_u_1,4YNY,C:D
3qa3,3qa3_B:A|E,AG,3qa3_AG_u_0,1MF7,A
3qa3,3qa3_B:A|E,AG,3qa3_AG_u_1,1NA5,A
3qa3,3qa3_B:A|E,AG,3qa3_AG_u_2,1IDO,A
3qa3,3qa3_B:A|E,AG,3qa3_AG_u_3,4XW2,A
3qa3,3qa3_B:A|E,AG,3qa3_AG_u_4,1JLM,A
1nca,1nca_H:L|N,AG,1nca_AG_u_0,6HFC,A
1nca,1nca_H:L|N,AG,1nca_AG_u_1,6HG0,A
1nca,1nca_H:L|N,AG,1nca_AG_u_2,6HCX,A
1nca,1nca_H:L|N,AG,1nca_AG_u_3,6D3B,A
1nca,1nca_H:L|N,AG,1nca_AG_u_4,1F8E,A
4ypg,4ypg_H:L|D,AG,4ypg_AG_u_0,1RH2,A
4ypg,4ypg_H:L|D,AG,4ypg_AG_u_1,1RH2,B
4ypg,4ypg_H:L|D,AG,4ypg_AG_u_2,1RH2,C
4ypg,4ypg_H:L|D,AG,4ypg_AG_u_3,1RH2,D
4ypg,4ypg_H:L|D,AG,4ypg_AG_u_4,1RH2,E
2vxs,2vxs_J:N|D,AG,2vxs_AG_u_0,4HR9,A
2vxs,2vxs_J:N|D,AG,2vxs_AG_u_1,4HR9,B
4fqr,4fqr_a:b|A,AG,4fqr_AG_u_0,6BKM,A
4fqr,4fqr_a:b|A,AG,4fqr_AG_u_1,6BKM,C
4fqr,4fqr_a:b|A,AG,4fqr_AG_u_2,6BKM,E
4fqr,4fqr_a:b|A,AG,4fqr_AG_u_3,6BKQ,A
4fqr,4fqr_a:b|A,AG,4fqr_AG_u_4,6BKQ,C
4fqr,4fqr_a:b|A,AB,4fqr_AB_u_0,4FNL,H:L
4fqr,4fqr_a:b|A,AB,4fqr_AB_u_1,4FNL,I:M
3w13,3w13_C:D|E,AG,3w13_AG_u_0,2HR7,A
3w13,3w13_C:D|E,AG,3w13_AG_u_1,2HR7,B
3w13,3w13_C:D|E,AG,3w13_AG_u_2,4XST,E
3w13,3w13_C:D|E,AG,3w13_AG_u_3,6HN4,E
3w13,3w13_C:D|E,AG,3w13_AG_u_4,6HN4,F
6bdz,6bdz_H:L|A,AG,6bdz_AG_u_0,6BE6,A
6bdz,6bdz_H:L|A,AG,6bdz_AG_u_1,6BE6,B
6bdz,6bdz_H:L|A,AG,6bdz_AG_u_2,6BE6,C
6bdz,6bdz_H:L|A,AG,6bdz_AG_u_3,6BE6,D
6bdz,6bdz_H:L|A,AG,6bdz_AG_u_4,2AO7,A
5vta,5vta_I:G|B,AG,5vta_AG_u_0,2GBC,A
5vta,5vta_I:G|B,AG,5vta_AG_u_1,2GBC,B
5vta,5vta_I:G|B,AG,5vta_AG_u_2,2I3Z,A
5vta,5vta_I:G|B,AG,5vta_AG_u_3,2I3Z,B
5vta,5vta_I:G|B,AG,5vta_AG_u_4,2GBG,A
6r2s,6r2s_B:A|C,AG,6r2s_AG_u_0,3RRC,A
6r2s,6r2s_B:A|C,AG,6r2s_AG_u_1,3RRC,B
6r2s,6r2s_B:A|C,AG,6r2s_AG_u_2,4YFS,A
3x3f,3x3f_H:L|A,AB,3x3f_AB_u_0,3X3G,H:L
2r56,2r56_I:M|B,AG,2r56_AG_u_0,4CK4,A
2r56,2r56_I:M|B,AG,2r56_AG_u_1,4CK4,B
2r56,2r56_I:M|B,AG,2r56_AG_u_2,4TLJ,A
2r56,2r56_I:M|B,AG,2r56_AG_u_3,4TLJ,B
2r56,2r56_I:M|B,AG,2r56_AG_u_4,4NLJ,A
5dup,5dup_H:L|A,AG,5dup_AG_u_0,5DUT,A
5dup,5dup_H:L|A,AG,5dup_AG_u_1,4KWM,A
5dup,5dup_H:L|A,AG,5dup_AG_u_2,4KWM,C
5dup,5dup_H:L|A,AG,5dup_AG_u_3,4KWM,E
5dup,5dup_H:L|A,AG,5dup_AG_u_4,6NTF,A
5fhc,5fhc_A:B|J,AG,5fhc_AG_u_0,2EBO,A
5fhc,5fhc_A:B|J,AG,5fhc_AG_u_1,2EBO,B
5fhc,5fhc_A:B|J,AG,5fhc_AG_u_2,2EBO,C
5fhc,5fhc_A:B|J,AG,5fhc_AG_u_3,6G9I,B
5fhc,5fhc_A:B|J,AG,5fhc_AG_u_4,6G95,B
5fhc,5fhc_A:B|J,AB,5fhc_AB_u_0,5FHB,H:L
4hc1,4hc1_M:N|B,AG,4hc1_AG_u_0,4HBQ,A
4hc1,4hc1_M:N|B,AG,4hc1_AG_u_1,4HBQ,B
4lmq,4lmq_E:I|F,AG,4lmq_AG_u_0,3GV3,A
4lmq,4lmq_E:I|F,AG,4lmq_AG_u_1,4UAI,A
4lmq,4lmq_E:I|F,AG,4lmq_AG_u_2,4UAI,B
4lmq,4lmq_E:I|F,AG,4lmq_AG_u_3,2J7Z,A
4lmq,4lmq_E:I|F,AG,4lmq_AG_u_4,2J7Z,B
6nip,6nip_H:L|Z,AG,6nip_AG_u_0,5JHM,A
6nip,6nip_H:L|Z,AG,6nip_AG_u_1,5JHM,B
6nip,6nip_H:L|Z,AG,6nip_AG_u_2,5OMZ,A
6nip,6nip_H:L|Z,AB,6nip_AB_u_0,6MTX,H:L
6nip,6nip_H:L|Z,AB,6nip_AB_u_1,6NIS,H:L
3ulu,3ulu_D:C|A,AG,3ulu_AG_u_0,1ZIW,A
3ulu,3ulu_D:C|A,AG,3ulu_AG_u_1,2A0Z,A
3ulu,3ulu_D:C|A,AB,3ulu_AB_u_0,3ULS,B:A
3ulu,3ulu_D:C|A,AB,3ulu_AB_u_1,3ULS,H:L
1vfb,1vfb_B:A|C,AG,1vfb_AG_u_0,6RT3,A
1vfb,1vfb_B:A|C,AG,1vfb_AG_u_1,6ADF,A
1vfb,1vfb_B:A|C,AG,1vfb_AG_u_2,6ABN,A
1vfb,1vfb_B:A|C,AG,1vfb_AG_u_3,6FSJ,A
1vfb,1vfb_B:A|C,AG,1vfb_AG_u_4,6F9Z,A
1vfb,1vfb_B:A|C,AB,1vfb_AB_u_0,1VFA,B:A
1vfb,1vfb_B:A|C,AB,1vfb_AB_u_1,1A7R,H:L
1vfb,1vfb_B:A|C,AB,1vfb_AB_u_2,1A7P,H:L
1vfb,1vfb_B:A|C,AB,1vfb_AB_u_3,1A7N,H:L
1vfb,1vfb_B:A|C,AB,1vfb_AB_u_4,1CIC,D:C
6pzw,6pzw_F:E|C,AG,6pzw_AG_u_0,6PZD,A
6pzw,6pzw_F:E|C,AG,6pzw_AG_u_1,5L18,A
6pzw,6pzw_F:E|C,AG,6pzw_AG_u_2,4MWU,A
6pzw,6pzw_F:E|C,AG,6pzw_AG_u_3,4MWL,A
6pzw,6pzw_F:E|C,AG,6pzw_AG_u_4,4MWJ,A
6pzw,6pzw_F:E|C,AB,6pzw_AB_u_0,6PZH,B:A
6pzw,6pzw_F:E|C,AB,6pzw_AB_u_1,6PZH,H:L
5kel,5kel_Q:U|I,AG,5kel_AG_u_0,2EBO,A
5kel,5kel_Q:U|I,AG,5kel_AG_u_1,2EBO,B
5kel,5kel_Q:U|I,AG,5kel_AG_u_2,2EBO,C
5kel,5kel_Q:U|I,AG,5kel_AG_u_3,6G9I,B
5kel,5kel_Q:U|I,AG,5kel_AG_u_4,6G95,B
4qhu,4qhu_B:A|D,AG,4qhu_AG_u_0,4HR9,A
4qhu,4qhu_B:A|D,AG,4qhu_AG_u_1,4HR9,B
1ggi,1ggi_H:L|P,AB,1ggi_AB_u_0,1GGB,H:L
1ggi,1ggi_H:L|P,AB,1ggi_AB_u_1,1GGC,H:L
4ypg,4ypg_B:A|C,AG,4ypg_AG_u_0,1RH2,A
4ypg,4ypg_B:A|C,AG,4ypg_AG_u_1,1RH2,B
4ypg,4ypg_B:A|C,AG,4ypg_AG_u_2,1RH2,C
4ypg,4ypg_B:A|C,AG,4ypg_AG_u_3,1RH2,D
4ypg,4ypg_B:A|C,AG,4ypg_AG_u_4,1RH2,E
6mfp,6mfp_H:L|G,AG,6mfp_AG_u_0,6ONE,A
6mfp,6mfp_H:L|G,AG,6mfp_AG_u_1,6ONH,A
6mfp,6mfp_H:L|G,AB,6mfp_AB_u_0,6MFJ,A:B
6mfp,6mfp_H:L|G,AB,6mfp_AB_u_1,6MFJ,H:L
4xx1,4xx1_H:L|A,AG,4xx1_AG_u_0,6MVD,A
4xx1,4xx1_H:L|A,AG,4xx1_AG_u_1,6MVD,B
4xx1,4xx1_H:L|A,AG,4xx1_AG_u_2,5TXF,A
4xx1,4xx1_H:L|A,AG,4xx1_AG_u_3,5TXF,B
4xx1,4xx1_H:L|A,AG,4xx1_AG_u_4,5TXF,C
4ckd,4ckd_H:L|C,AG,4ckd_AG_u_0,1JYW,A
4ckd,4ckd_H:L|C,AG,4ckd_AG_u_1,1JYW,B
4ckd,4ckd_H:L|C,AG,4ckd_AG_u_2,1JYW,C
4ckd,4ckd_H:L|C,AG,4ckd_AG_u_3,1JYW,D
4ckd,4ckd_H:L|C,AG,4ckd_AG_u_4,4TTG,A
2ltq,2ltq_F:E|D,AG,2ltq_AG_u_0,2L0O,A
2ltq,2ltq_F:E|D,AG,2ltq_AG_u_1,2K74,A
2ltq,2ltq_F:E|D,AG,2ltq_AG_u_2,2K73,A
2ltq,2ltq_F:E|D,AG,2ltq_AG_u_3,2L0N,A
3q3g,3q3g_K:J|L,AG,3q3g_AG_u_0,1MF7,A
3q3g,3q3g_K:J|L,AG,3q3g_AG_u_1,1NA5,A
3q3g,3q3g_K:J|L,AG,3q3g_AG_u_2,1IDO,A
3q3g,3q3g_K:J|L,AG,3q3g_AG_u_3,4XW2,A
3q3g,3q3g_K:J|L,AG,3q3g_AG_u_4,1JLM,A
3opz,3opz_I:M|B,AG,3opz_AG_u_0,1MS9,A
3opz,3opz_I:M|B,AG,3opz_AG_u_1,1MS9,B
3opz,3opz_I:M|B,AG,3opz_AG_u_2,2AH2,A
3opz,3opz_I:M|B,AG,3opz_AG_u_3,1S0I,A
3opz,3opz_I:M|B,AG,3opz_AG_u_4,1S0J,A
5lbs,5lbs_H:L|A,AG,5lbs_AG_u_0,5LBV,A
5lbs,5lbs_H:L|A,AG,5lbs_AG_u_1,5LBV,B
6s3t,6s3t_N:M|A,AG,6s3t_AG_u_0,6RUX,A
6s3t,6s3t_N:M|A,AG,6s3t_AG_u_1,6RUX,B
6s3t,6s3t_N:M|A,AG,6s3t_AG_u_2,6RUX,C
6s3t,6s3t_N:M|A,AG,6s3t_AG_u_3,6RQG,A
6s3t,6s3t_N:M|A,AG,6s3t_AG_u_4,6RQG,B
6s3t,6s3t_N:M|A,AB,6s3t_AB_u_0,6RNN,D:C
6s3t,6s3t_N:M|A,AB,6s3t_AB_u_1,6RNN,H:L
6mhg,6mhg_G:S|E,AG,6mhg_AG_u_0,3VDJ,A
6mhg,6mhg_G:S|E,AG,6mhg_AG_u_1,3VDK,A
6mhg,6mhg_G:S|E,AG,6mhg_AG_u_2,3VDL,A
6mhg,6mhg_G:S|E,AG,6mhg_AG_u_3,3VDL,B
6mhg,6mhg_G:S|E,AG,6mhg_AG_u_4,3VDL,C
6adc,6adc_E:F|B,AG,6adc_AG_u_0,3NMO,A
6adc,6adc_E:F|B,AG,6adc_AG_u_1,4FTP,A
6adc,6adc_E:F|B,AG,6adc_AG_u_2,1KPK,A
6adc,6adc_E:F|B,AG,6adc_AG_u_3,1KPK,B
6adc,6adc_E:F|B,AG,6adc_AG_u_4,1KPK,C
5x0t,5x0t_A:B|E,AG,5x0t_AG_u_0,3I84,A
5x0t,5x0t_A:B|E,AG,5x0t_AG_u_1,3I84,B
5x0t,5x0t_A:B|E,AG,5x0t_AG_u_2,3I85,A
5x0t,5x0t_A:B|E,AG,5x0t_AG_u_3,3I85,B
5x0t,5x0t_A:B|E,AG,5x0t_AG_u_4,3B5H,A
5x0t,5x0t_A:B|E,AB,5x0t_AB_u_0,5X4G,A:B
6mhg,6mhg_A:N|E,AG,6mhg_AG_u_0,3VDJ,A
6mhg,6mhg_A:N|E,AG,6mhg_AG_u_1,3VDK,A
6mhg,6mhg_A:N|E,AG,6mhg_AG_u_2,3VDL,A
6mhg,6mhg_A:N|E,AG,6mhg_AG_u_3,3VDL,B
6mhg,6mhg_A:N|E,AG,6mhg_AG_u_4,3VDL,C
3ks0,3ks0_K:J|A,AG,3ks0_AG_u_0,1KBI,A
3ks0,3ks0_K:J|A,AG,3ks0_AG_u_1,1KBI,B
3ks0,3ks0_K:J|A,AG,3ks0_AG_u_2,1FCB,A
3ks0,3ks0_K:J|A,AG,3ks0_AG_u_3,1FCB,B
3ks0,3ks0_K:J|A,AG,3ks0_AG_u_4,1LTD,A
6d0u,6d0u_H:I|G,AG,6d0u_AG_u_0,6BKM,A
6d0u,6d0u_H:I|G,AG,6d0u_AG_u_1,6BKM,C
6d0u,6d0u_H:I|G,AG,6d0u_AG_u_2,6BKM,E
6d0u,6d0u_H:I|G,AG,6d0u_AG_u_3,6BKQ,A
6d0u,6d0u_H:I|G,AG,6d0u_AG_u_4,6BKQ,C
6d0u,6d0u_H:I|G,AB,6d0u_AB_u_0,4FNL,H:L
6d0u,6d0u_H:I|G,AB,6d0u_AB_u_1,4FNL,I:M
2vwe,2vwe_E:C|A,AG,2vwe_AG_u_0,2C7W,A
2vwe,2vwe_E:C|A,AG,2vwe_AG_u_1,2C7W,B
6nb7,6nb7_H:L|A,AG,6nb7_AG_u_0,6G9I,B
6nb7,6nb7_H:L|A,AG,6nb7_AG_u_1,6G95,B
6nb7,6nb7_H:L|A,AG,6nb7_AG_u_2,6ACC,A
6nb7,6nb7_H:L|A,AG,6nb7_AG_u_3,6ACC,B
6nb7,6nb7_H:L|A,AG,6nb7_AG_u_4,6ACC,C
6nb7,6nb7_H:L|A,AB,6nb7_AB_u_0,6NB8,H:L
5ifj,5ifj_J:K|L,AB,5ifj_AB_u_0,5IHZ,A:B
5ifj,5ifj_J:K|L,AB,5ifj_AB_u_1,5IHZ,C:D
5ifj,5ifj_J:K|L,AB,5ifj_AB_u_2,5IHZ,E:F
5ifj,5ifj_J:K|L,AB,5ifj_AB_u_3,5IHZ,H:L
6e4x,6e4x_Z:Y|B,AG,6e4x_AG_u_0,4WE8,A
6e4x,6e4x_Z:Y|B,AG,6e4x_AG_u_1,4WEA,A
6e4x,6e4x_Z:Y|B,AG,6e4x_AG_u_2,4WE9,A
6h3t,6h3t_I:M|B,AG,6h3t_AG_u_0,6H3S,A
6h3t,6h3t_I:M|B,AG,6h3t_AG_u_1,6H3S,B
6pz8,6pz8_C:G|J,AG,6pz8_AG_u_0,5X4R,A
6pz8,6pz8_C:G|J,AG,6pz8_AG_u_1,5VYH,A
6pz8,6pz8_C:G|J,AG,6pz8_AG_u_2,4L3N,A
6pz8,6pz8_C:G|J,AG,6pz8_AG_u_3,4L3N,B
6pz8,6pz8_C:G|J,AG,6pz8_AG_u_4,6Q04,A
6pz8,6pz8_C:G|J,AB,6pz8_AB_u_0,6PXG,A:B
6pz8,6pz8_C:G|J,AB,6pz8_AB_u_1,6PXG,C:D
6pz8,6pz8_C:G|J,AB,6pz8_AB_u_2,6PXG,E:F
6pz8,6pz8_C:G|J,AB,6pz8_AB_u_3,6PXG,H:L
3dvn,3dvn_B:A|Y:X,AG,3dvn_AG_u_0,6E2B,A:A
3dvn,3dvn_B:A|Y:X,AG,3dvn_AG_u_1,6E2B,C:C
3dvn,3dvn_B:A|Y:X,AG,3dvn_AG_u_2,6E2B,E:E
3dvn,3dvn_B:A|Y:X,AG,3dvn_AG_u_3,6E2B,G:G
3dvn,3dvn_B:A|Y:X,AG,3dvn_AG_u_4,6E2B,I:I
4i2x,4i2x_D:C|F,AG,4i2x_AG_u_0,2JJW,A
4i2x,4i2x_D:C|F,AB,4i2x_AB_u_0,3DIF,B:A
4i2x,4i2x_D:C|F,AB,4i2x_AB_u_1,3DIF,D:C
5ig7,5ig7_G:H|I,AB,5ig7_AB_u_0,5IHZ,A:B
5ig7,5ig7_G:H|I,AB,5ig7_AB_u_1,5IHZ,C:D
5ig7,5ig7_G:H|I,AB,5ig7_AB_u_2,5IHZ,E:F
5ig7,5ig7_G:H|I,AB,5ig7_AB_u_3,5IHZ,H:L
5cus,5cus_J:N|C,AG,5cus_AG_u_0,1M6B,A
5cus,5cus_J:N|C,AG,5cus_AG_u_1,1M6B,B
3eob,3eob_H:L|I,AG,3eob_AG_u_0,1MJN,A
3eob,3eob_H:L|I,AG,3eob_AG_u_1,2ICA,A
3eob,3eob_H:L|I,AG,3eob_AG_u_2,3F78,A
3eob,3eob_H:L|I,AG,3eob_AG_u_3,3F78,B
3eob,3eob_H:L|I,AG,3eob_AG_u_4,3F78,C
3eob,3eob_H:L|I,AB,3eob_AB_u_0,3EO9,H:L
4ffw,4ffw_D:C|B,AG,4ffw_AG_u_0,2GBC,A
4ffw,4ffw_D:C|B,AG,4ffw_AG_u_1,2GBC,B
4ffw,4ffw_D:C|B,AG,4ffw_AG_u_2,2I3Z,A
4ffw,4ffw_D:C|B,AG,4ffw_AG_u_3,2I3Z,B
4ffw,4ffw_D:C|B,AG,4ffw_AG_u_4,2GBG,A
4kxz,4kxz_Q:P|D,AG,4kxz_AG_u_0,2TGI,A
4kxz,4kxz_Q:P|D,AG,4kxz_AG_u_1,1TFG,A
4kxz,4kxz_Q:P|D,AG,4kxz_AG_u_2,6I9J,A
4kxz,4kxz_Q:P|D,AB,4kxz_AB_u_0,3EO0,B:A
4kxz,4kxz_Q:P|D,AB,4kxz_AB_u_1,3EO0,D:C
5xmh,5xmh_H:L|A,AG,5xmh_AG_u_0,5HSF,A
5xmh,5xmh_H:L|A,AG,5xmh_AG_u_1,5HSF,B
5xmh,5xmh_H:L|A,AG,5xmh_AG_u_2,5JII,A
5xmh,5xmh_H:L|A,AG,5xmh_AG_u_3,5JII,B
5xmh,5xmh_H:L|A,AG,5xmh_AG_u_4,5GSQ,A
4ut6,4ut6_I:M|B,AG,4ut6_AG_u_0,4UTC,A
4ut6,4ut6_I:M|B,AG,4ut6_AG_u_1,4UTC,B
6mb3,6mb3_H:L|E,AG,6mb3_AG_u_0,3VDJ,A
6mb3,6mb3_H:L|E,AG,6mb3_AG_u_1,3VDK,A
6mb3,6mb3_H:L|E,AG,6mb3_AG_u_2,3VDL,A
6mb3,6mb3_H:L|E,AG,6mb3_AG_u_3,3VDL,B
6mb3,6mb3_H:L|E,AG,6mb3_AG_u_4,3VDL,C
5wth,5wth_E:D|B,AB,5wth_AB_u_0,5WTG,B:A
5wth,5wth_E:D|B,AB,5wth_AB_u_1,5WTG,D:C
5mhr,5mhr_P:O|E,AG,5mhr_AG_u_0,2OJ5,A
5mhr,5mhr_P:O|E,AG,5mhr_AG_u_1,2OJ5,B
5mhr,5mhr_P:O|E,AG,5mhr_AG_u_2,2OJ5,C
5mhr,5mhr_P:O|E,AG,5mhr_AG_u_3,2OJ5,D
5mhr,5mhr_P:O|E,AG,5mhr_AG_u_4,2OJ5,E
5a7x,5a7x_D:C|A,AB,5a7x_AB_u_0,1RZ8,B:A
5a7x,5a7x_D:C|A,AB,5a7x_AB_u_1,1RZ8,D:C
5myk,5myk_B:A|C,AG,5myk_AG_u_0,1NMJ,A
4rau,4rau_B:A|C,AG,4rau_AG_u_0,1F9Q,A
4rau,4rau_B:A|C,AG,4rau_AG_u_1,1F9Q,B
4rau,4rau_B:A|C,AG,4rau_AG_u_2,1F9Q,C
4rau,4rau_B:A|C,AG,4rau_AG_u_3,1F9Q,D
4rau,4rau_B:A|C,AG,4rau_AG_u_4,4HSV,A
2h2p,2h2p_E:F|B,AG,2h2p_AG_u_0,3NMO,A
2h2p,2h2p_E:F|B,AG,2h2p_AG_u_1,4FTP,A
2h2p,2h2p_E:F|B,AG,2h2p_AG_u_2,1KPK,A
2h2p,2h2p_E:F|B,AG,2h2p_AG_u_3,1KPK,B
2h2p,2h2p_E:F|B,AG,2h2p_AG_u_4,1KPK,C
4f15,4f15_K:L|J,AG,4f15_AG_u_0,6GOL,A
4f15,4f15_K:L|J,AG,4f15_AG_u_1,4EDB,B
4f15,4f15_K:L|J,AG,4f15_AG_u_2,4EDB,D
4f15,4f15_K:L|J,AG,4f15_AG_u_3,4EDB,F
4f15,4f15_K:L|J,AG,4f15_AG_u_4,4EDA,A
4dn4,4dn4_H:L|M,AG,4dn4_AG_u_0,1DOK,A
4dn4,4dn4_H:L|M,AG,4dn4_AG_u_1,1DOK,B
4dn4,4dn4_H:L|M,AG,4dn4_AG_u_2,3IFD,A
4dn4,4dn4_H:L|M,AG,4dn4_AG_u_3,1DOL,A
4dn4,4dn4_H:L|M,AG,4dn4_AG_u_4,1DOM,A
4dn4,4dn4_H:L|M,AB,4dn4_AB_u_0,4DN3,H:L
4fqr,4fqr_w:x|W,AG,4fqr_AG_u_0,6BKM,A
4fqr,4fqr_w:x|W,AG,4fqr_AG_u_1,6BKM,C
4fqr,4fqr_w:x|W,AG,4fqr_AG_u_2,6BKM,E
4fqr,4fqr_w:x|W,AG,4fqr_AG_u_3,6BKQ,A
4fqr,4fqr_w:x|W,AG,4fqr_AG_u_4,6BKQ,C
4fqr,4fqr_w:x|W,AB,4fqr_AB_u_0,4FNL,H:L
4fqr,4fqr_w:x|W,AB,4fqr_AB_u_1,4FNL,I:M
5h30,5h30_I:M|C,AG,5h30_AG_u_0,5JHM,A
5h30,5h30_I:M|C,AG,5h30_AG_u_1,5JHM,B
5h30,5h30_I:M|C,AG,5h30_AG_u_2,5LBV,A
5h30,5h30_I:M|C,AG,5h30_AG_u_3,5LBV,B
5h30,5h30_I:M|C,AG,5h30_AG_u_4,5OMZ,A
4yhp,4yhp_H:L|P,AG,4yhp_AG_u_0,6U04,A
4yhp,4yhp_H:L|P,AG,4yhp_AG_u_1,3A1B,A
4yhp,4yhp_H:L|P,AB,4yhp_AB_u_0,4YHY,B:C
4yhp,4yhp_H:L|P,AB,4yhp_AB_u_1,4YHY,H:L
5ebl,5ebl_A:B|C,AG,5ebl_AG_u_0,2QTO,A
5ebl,5ebl_A:B|C,AG,5ebl_AG_u_1,2QTO,B
5ebl,5ebl_A:B|C,AG,5ebl_AG_u_2,2QTO,C
5ebl,5ebl_A:B|C,AG,5ebl_AG_u_3,2QTO,D
5ebl,5ebl_A:B|C,AG,5ebl_AG_u_4,3IFX,A
4mqx,4mqx_E:F|B,AG,4mqx_AG_u_0,3NMO,A
4mqx,4mqx_E:F|B,AG,4mqx_AG_u_1,4FTP,A
4mqx,4mqx_E:F|B,AG,4mqx_AG_u_2,1KPK,A
4mqx,4mqx_E:F|B,AG,4mqx_AG_u_3,1KPK,B
4mqx,4mqx_E:F|B,AG,4mqx_AG_u_4,1KPK,C
5mev,5mev_H:L|A,AG,5mev_AG_u_0,6FS1,A
5mev,5mev_H:L|A,AG,5mev_AG_u_1,6FS1,B
5mev,5mev_H:L|A,AG,5mev_AG_u_2,5KU9,A
5mev,5mev_H:L|A,AG,5mev_AG_u_3,5KU9,B
5mev,5mev_H:L|A,AG,5mev_AG_u_4,6FS2,A
5ebw,5ebw_A:B|C,AG,5ebw_AG_u_0,1JQ2,A
5ebw,5ebw_A:B|C,AG,5ebw_AG_u_1,1JQ2,B
5ebw,5ebw_A:B|C,AG,5ebw_AG_u_2,1JQ2,C
5ebw,5ebw_A:B|C,AG,5ebw_AG_u_3,1JQ2,D
5ebw,5ebw_A:B|C,AG,5ebw_AG_u_4,1JQ1,A
2ny0,2ny0_D:C|A,AB,2ny0_AB_u_0,1RZ8,B:A
2ny0,2ny0_D:C|A,AB,2ny0_AB_u_1,1RZ8,D:C
5u7o,5u7o_H:L|G,AB,5u7o_AB_u_0,4JY5,H:L
6dzm,6dzm_J:L|F:C,AB,6dzm_AB_u_0,6DZN,H:L
3uc0,3uc0_I:M|B,AG,3uc0_AG_u_0,6H05,A
3uc0,3uc0_I:M|B,AG,3uc0_AG_u_1,6NT3,A
3uc0,3uc0_I:M|B,AG,3uc0_AG_u_2,6JBJ,A
3uc0,3uc0_I:M|B,AG,3uc0_AG_u_3,6JBJ,B
3uc0,3uc0_I:M|B,AG,3uc0_AG_u_4,6VAI,A
1u8p,1u8p_B:A|C,AB,1u8p_AB_u_0,2PR4,H:L
3iu3,3iu3_A:B|K,AB,3iu3_AB_u_0,1MIM,H:L
4khx,4khx_H:L|A,AG,4khx_AG_u_0,5KA5,A
4khx,4khx_H:L|A,AG,4khx_AG_u_1,5KA6,A
4khx,4khx_H:L|A,AG,4khx_AG_u_2,5KA6,B
4khx,4khx_H:L|A,AG,4khx_AG_u_3,5KA6,C
4khx,4khx_H:L|A,AG,4khx_AG_u_4,5CN0,A
4m1c,4m1c_E:F|B,AG,4m1c_AG_u_0,4PFC,A
4m1c,4m1c_E:F|B,AG,4m1c_AG_u_1,4PFC,B
4m1c,4m1c_E:F|B,AG,4m1c_AG_u_2,4PF7,A
4m1c,4m1c_E:F|B,AG,4m1c_AG_u_3,4PF7,B
4m1c,4m1c_E:F|B,AG,4m1c_AG_u_4,4PF9,A
5vjq,5vjq_C:D|J,AG,5vjq_AG_u_0,6D9I,A
5vjq,5vjq_C:D|J,AG,5vjq_AG_u_1,6D9I,B
5vjq,5vjq_C:D|J,AG,5vjq_AG_u_2,5V8G,A
5vjq,5vjq_C:D|J,AG,5vjq_AG_u_3,1IAK,P
4rau,4rau_K:J|L,AG,4rau_AG_u_0,1F9Q,A
4rau,4rau_K:J|L,AG,4rau_AG_u_1,1F9Q,B
4rau,4rau_K:J|L,AG,4rau_AG_u_2,1F9Q,C
4rau,4rau_K:J|L,AG,4rau_AG_u_3,1F9Q,D
4rau,4rau_K:J|L,AG,4rau_AG_u_4,4HSV,A
4m5z,4m5z_H:L|A,AG,4m5z_AG_u_0,3UYX,A
4m5z,4m5z_H:L|A,AG,4m5z_AG_u_1,3UYX,B
4m5z,4m5z_H:L|A,AG,4m5z_AG_u_2,3UYW,A
4m5z,4m5z_H:L|A,AG,4m5z_AG_u_3,3UYW,B
4m5z,4m5z_H:L|A,AG,4m5z_AG_u_4,3UYW,C
4m5z,4m5z_H:L|A,AB,4m5z_AB_u_0,4M5Y,H:L
4m5z,4m5z_H:L|A,AB,4m5z_AB_u_1,4M5Y,I:M
1jps,1jps_H:L|T,AG,1jps_AG_u_0,1BOY,A
1jps,1jps_H:L|T,AG,1jps_AG_u_1,1TFH,A
1jps,1jps_H:L|T,AG,1jps_AG_u_2,1TFH,B
1jps,1jps_H:L|T,AB,1jps_AB_u_0,1JPT,H:L
4uao,4uao_C:B|A,AG,4uao_AG_u_0,4UV6,A
4uao,4uao_C:B|A,AG,4uao_AG_u_1,4UV6,B
3jwd,3jwd_P:O|B,AG,3jwd_AG_u_0,3DNL,A
3jwd,3jwd_P:O|B,AG,3jwd_AG_u_1,3DNL,B
3jwd,3jwd_P:O|B,AG,3jwd_AG_u_2,3DNL,C
3jwd,3jwd_P:O|B,AG,3jwd_AG_u_3,3DNL,D
3jwd,3jwd_P:O|B,AG,3jwd_AG_u_4,3DNL,E
3jwd,3jwd_P:O|B,AB,3jwd_AB_u_0,1RZ7,H:L
2fjg,2fjg_H:L|W,AG,2fjg_AG_u_0,1MKK,A
2fjg,2fjg_H:L|W,AG,2fjg_AG_u_1,1MKK,B
2fjg,2fjg_H:L|W,AG,2fjg_AG_u_2,4KZN,A
2fjg,2fjg_H:L|W,AG,2fjg_AG_u_3,3QTK,A
2fjg,2fjg_H:L|W,AG,2fjg_AG_u_4,3QTK,B
2fjg,2fjg_H:L|W,AB,2fjg_AB_u_0,3AUV,A
2fjg,2fjg_H:L|W,AB,2fjg_AB_u_1,3AUV,B
2fjg,2fjg_H:L|W,AB,2fjg_AB_u_2,3AUV,C
2fjg,2fjg_H:L|W,AB,2fjg_AB_u_3,3AUV,D
2fjg,2fjg_H:L|W,AB,2fjg_AB_u_4,3AUV,E
3ejz,3ejz_C:D|A,AG,3ejz_AG_u_0,3NMO,A
3ejz,3ejz_C:D|A,AG,3ejz_AG_u_1,4FTP,A
3ejz,3ejz_C:D|A,AG,3ejz_AG_u_2,1KPK,A
3ejz,3ejz_C:D|A,AG,3ejz_AG_u_3,1KPK,B
3ejz,3ejz_C:D|A,AG,3ejz_AG_u_4,1KPK,C
2h2s,2h2s_E:F|B,AG,2h2s_AG_u_0,3NMO,A
2h2s,2h2s_E:F|B,AG,2h2s_AG_u_1,4FTP,A
2h2s,2h2s_E:F|B,AG,2h2s_AG_u_2,1KPK,A
2h2s,2h2s_E:F|B,AG,2h2s_AG_u_3,1KPK,B
2h2s,2h2s_E:F|B,AG,2h2s_AG_u_4,1KPK,C
3csy,3csy_E:F|L:K,AB,3csy_AB_u_0,3INU,H:L
3csy,3csy_E:F|L:K,AB,3csy_AB_u_1,3INU,M:N
5nh3,5nh3_I:M|B,AG,5nh3_AG_u_0,1BTE,A
5nh3,5nh3_I:M|B,AG,5nh3_AG_u_1,1BTE,B
5nh3,5nh3_I:M|B,AB,5nh3_AB_u_0,5NHW,H:L
4k2u,4k2u_H:L|A,AG,4k2u_AG_u_0,1ZRO,A
4k2u,4k2u_H:L|A,AG,4k2u_AG_u_1,1ZRO,B
4k2u,4k2u_H:L|A,AG,4k2u_AG_u_2,1ZRL,A
4hg4,4hg4_P:Q|D:a,AG,4hg4_AG_u_0,3QQB,A:B
4hg4,4hg4_P:Q|D:a,AG,4hg4_AG_u_1,3QQE,A:B
4hg4,4hg4_P:Q|D:a,AG,4hg4_AG_u_2,2WR7,A:A
4hg4,4hg4_P:Q|D:a,AG,4hg4_AG_u_3,2WR7,B:B
4hg4,4hg4_P:Q|D:a,AG,4hg4_AG_u_4,2WR7,C:C
6mvl,6mvl_H:L|A,AG,6mvl_AG_u_0,6OIL,A
6mvl,6mvl_H:L|A,AG,6mvl_AG_u_1,6U6V,A
4zs6,4zs6_C:D|B,AG,4zs6_AG_u_0,4L3N,A
4zs6,4zs6_C:D|B,AG,4zs6_AG_u_1,4L3N,B
4zs6,4zs6_C:D|B,AG,4zs6_AG_u_2,6Q04,A
4zs6,4zs6_C:D|B,AG,4zs6_AG_u_3,6Q04,B
4zs6,4zs6_C:D|B,AG,4zs6_AG_u_4,6Q04,C
1u8h,1u8h_B:A|C,AB,1u8h_AB_u_0,2PR4,H:L
4z5r,4z5r_W:V|F,AG,4z5r_AG_u_0,1RH2,A
4z5r,4z5r_W:V|F,AG,4z5r_AG_u_1,1RH2,B
4z5r,4z5r_W:V|F,AG,4z5r_AG_u_2,1RH2,C
4z5r,4z5r_W:V|F,AG,4z5r_AG_u_3,1RH2,D
4z5r,4z5r_W:V|F,AG,4z5r_AG_u_4,1RH2,E
3stz,3stz_A:B|C,AG,3stz_AG_u_0,2QTO,A
3stz,3stz_A:B|C,AG,3stz_AG_u_1,2QTO,B
3stz,3stz_A:B|C,AG,3stz_AG_u_2,2QTO,C
3stz,3stz_A:B|C,AG,3stz_AG_u_3,2QTO,D
3stz,3stz_A:B|C,AG,3stz_AG_u_4,3IFX,A
2qr0,2qr0_R:Q|P,AG,2qr0_AG_u_0,1MKK,A
2qr0,2qr0_R:Q|P,AG,2qr0_AG_u_1,1MKK,B
2qr0,2qr0_R:Q|P,AG,2qr0_AG_u_2,4KZN,A
2qr0,2qr0_R:Q|P,AG,2qr0_AG_u_3,3QTK,A
2qr0,2qr0_R:Q|P,AG,2qr0_AG_u_4,3QTK,B
6pxh,6pxh_C:D|A,AG,6pxh_AG_u_0,5X4R,A
6pxh,6pxh_C:D|A,AG,6pxh_AG_u_1,6Q04,A
6pxh,6pxh_C:D|A,AG,6pxh_AG_u_2,6Q04,B
6pxh,6pxh_C:D|A,AG,6pxh_AG_u_3,6Q04,C
6pxh,6pxh_C:D|A,AG,6pxh_AG_u_4,6Q06,A
6pxh,6pxh_C:D|A,AB,6pxh_AB_u_0,6PXG,A:B
6pxh,6pxh_C:D|A,AB,6pxh_AB_u_1,6PXG,C:D
6pxh,6pxh_C:D|A,AB,6pxh_AB_u_2,6PXG,E:F
6pxh,6pxh_C:D|A,AB,6pxh_AB_u_3,6PXG,H:L
3stl,3stl_A:B|C,AG,3stl_AG_u_0,2QTO,A
3stl,3stl_A:B|C,AG,3stl_AG_u_1,2QTO,B
3stl,3stl_A:B|C,AG,3stl_AG_u_2,2QTO,C
3stl,3stl_A:B|C,AG,3stl_AG_u_3,2QTO,D
3stl,3stl_A:B|C,AG,3stl_AG_u_4,3IFX,A
6dc5,6dc5_H:I|G,AG,6dc5_AG_u_0,5KWW,F
6dc5,6dc5_H:I|G,AG,6dc5_AG_u_1,6EAK,F
6dc5,6dc5_H:I|G,AG,6dc5_AG_u_2,6EAM,F
6dc5,6dc5_H:I|G,AG,6dc5_AG_u_3,6EAL,F
6dc5,6dc5_H:I|G,AG,6dc5_AG_u_4,6EAI,A
6dc5,6dc5_H:I|G,AB,6dc5_AB_u_0,6DC4,H:L
3so3,3so3_C:B|A,AG,3so3_AG_u_0,3NCL,A
3so3,3so3_C:B|A,AG,3so3_AG_u_1,3P8G,A
3so3,3so3_C:B|A,AG,3so3_AG_u_2,1EAX,A
3so3,3so3_C:B|A,AG,3so3_AG_u_3,4IS5,A
3so3,3so3_C:B|A,AG,3so3_AG_u_4,4JZ1,A
2otw,2otw_B:A|E,AB,2otw_AB_u_0,2GSG,B:A
2otw,2otw_B:A|E,AB,2otw_AB_u_1,2GSG,D:C
5mvz,5mvz_H:L|U,AG,5mvz_AG_u_0,2NVH,A
5mvz,5mvz_H:L|U,AG,5mvz_AG_u_1,1L2H,A
5mvz,5mvz_H:L|U,AG,5mvz_AG_u_2,4I1B,A
5mvz,5mvz_H:L|U,AG,5mvz_AG_u_3,31BI,A
5mvz,5mvz_H:L|U,AG,5mvz_AG_u_4,21BI,A
5bo1,5bo1_I:M|A,AG,5bo1_AG_u_0,4CC0,A
5bo1,5bo1_I:M|A,AG,5bo1_AG_u_1,4CC0,B
5bo1,5bo1_I:M|A,AG,5bo1_AG_u_2,4CBZ,A
5bo1,5bo1_I:M|A,AG,5bo1_AG_u_3,4CBZ,B
5bo1,5bo1_I:M|A,AG,5bo1_AG_u_4,2VJ2,A
6me1,6me1_A:B|F,AB,6me1_AB_u_0,5I8E,A:B
6me1,6me1_A:B|F,AB,6me1_AB_u_1,5I8E,C:D
5u8q,5u8q_H:L|A,AG,5u8q_AG_u_0,1IGR,A
1ic5,1ic5_H:L|Y,AG,1ic5_AG_u_0,6RT3,A
1ic5,1ic5_H:L|Y,AG,1ic5_AG_u_1,6ADF,A
1ic5,1ic5_H:L|Y,AG,1ic5_AG_u_2,6ABN,A
1ic5,1ic5_H:L|Y,AG,1ic5_AG_u_3,6FSJ,A
1ic5,1ic5_H:L|Y,AG,1ic5_AG_u_4,6F9Z,A
6n8d,6n8d_D:B|A,AG,6n8d_AG_u_0,4OOV,A
6n8d,6n8d_D:B|A,AG,6n8d_AG_u_1,4OOV,B
6n8d,6n8d_D:B|A,AG,6n8d_AG_u_2,4OPS,A
6n8d,6n8d_D:B|A,AG,6n8d_AG_u_3,4OPS,B
6n8d,6n8d_D:B|A,AG,6n8d_AG_u_4,4OPV,A
1g7i,1g7i_B:A|C,AG,1g7i_AG_u_0,6RT3,A
1g7i,1g7i_B:A|C,AG,1g7i_AG_u_1,6ADF,A
1g7i,1g7i_B:A|C,AG,1g7i_AG_u_2,6ABN,A
1g7i,1g7i_B:A|C,AG,1g7i_AG_u_3,6FSJ,A
1g7i,1g7i_B:A|C,AG,1g7i_AG_u_4,6F9Z,A
1g7i,1g7i_B:A|C,AB,1g7i_AB_u_0,1VFA,B:A
1g7i,1g7i_B:A|C,AB,1g7i_AB_u_1,1A7R,H:L
1g7i,1g7i_B:A|C,AB,1g7i_AB_u_2,1A7P,H:L
1g7i,1g7i_B:A|C,AB,1g7i_AB_u_3,1A7N,H:L
1g7i,1g7i_B:A|C,AB,1g7i_AB_u_4,1CIC,D:C
4jre,4jre_H:L|D,AG,4jre_AG_u_0,4U4V,A
4jre,4jre_H:L|D,AG,4jre_AG_u_1,4U4T,A
4jre,4jre_H:L|D,AG,4jre_AG_u_2,4U4W,A
4jre,4jre_H:L|D,AG,4jre_AG_u_3,4U4W,B
1u8l,1u8l_B:A|C,AB,1u8l_AB_u_0,2PR4,H:L
6i9i,6i9i_H:L|D,AG,6i9i_AG_u_0,6F8P,A
6i9i,6i9i_H:L|D,AG,6i9i_AG_u_1,5Y0W,A
6i9i,6i9i_H:L|D,AG,6i9i_AG_u_2,5Y0Y,A
6i9i,6i9i_H:L|D,AG,6i9i_AG_u_3,6F9C,A
6i9i,6i9i_H:L|D,AG,6i9i_AG_u_4,6F9C,C
1ifh,1ifh_H:L|P,AB,1ifh_AB_u_0,1HIL,B:A
1ifh,1ifh_H:L|P,AB,1ifh_AB_u_1,1HIL,D:C
2fed,2fed_C:D|A,AG,2fed_AG_u_0,3NMO,A
2fed,2fed_C:D|A,AG,2fed_AG_u_1,4FTP,A
2fed,2fed_C:D|A,AG,2fed_AG_u_2,1KPK,A
2fed,2fed_C:D|A,AG,2fed_AG_u_3,1KPK,B
2fed,2fed_C:D|A,AG,2fed_AG_u_4,1KPK,C
6bli,6bli_D:E|F,AG,6bli_AG_u_0,1KWD,A
6bli,6bli_D:E|F,AG,6bli_AG_u_1,1KWE,A
3ks0,3ks0_H:L|B,AG,3ks0_AG_u_0,1KBI,A
3ks0,3ks0_H:L|B,AG,3ks0_AG_u_1,1KBI,B
3ks0,3ks0_H:L|B,AG,3ks0_AG_u_2,1FCB,A
3ks0,3ks0_H:L|B,AG,3ks0_AG_u_3,1FCB,B
3ks0,3ks0_H:L|B,AG,3ks0_AG_u_4,1LTD,A
5w23,5w23_H:L|C,AG,5w23_AG_u_0,5KWW,F
5w23,5w23_H:L|C,AG,5w23_AG_u_1,6EAK,F
5w23,5w23_H:L|C,AG,5w23_AG_u_2,6EAM,F
5w23,5w23_H:L|C,AG,5w23_AG_u_3,6EAL,F
5w23,5w23_H:L|C,AG,5w23_AG_u_4,6EAI,A
5w23,5w23_H:L|C,AB,5w23_AB_u_0,5W24,H:L
3sqo,3sqo_H:L|A,AG,3sqo_AG_u_0,6U26,A
3sqo,3sqo_H:L|A,AG,3sqo_AG_u_1,6U26,B
3sqo,3sqo_H:L|A,AG,3sqo_AG_u_2,2P4E,A
3sqo,3sqo_H:L|A,AG,3sqo_AG_u_3,2P4E,P
3sqo,3sqo_H:L|A,AG,3sqo_AG_u_4,6U2P,A
5xhv,5xhv_H:L|E,AG,5xhv_AG_u_0,3UYX,A
5xhv,5xhv_H:L|E,AG,5xhv_AG_u_1,3UYX,B
5xhv,5xhv_H:L|E,AG,5xhv_AG_u_2,3UYW,A
5xhv,5xhv_H:L|E,AG,5xhv_AG_u_3,3UYW,B
5xhv,5xhv_H:L|E,AG,5xhv_AG_u_4,3UYW,C
6n1w,6n1w_M:N|c,AB,6n1w_AB_u_0,4JY5,H:L
6a77,6a77_H:L|A,AG,6a77_AG_u_0,5O5I,A
6a77,6a77_H:L|A,AG,6a77_AG_u_1,2EO9,A
6a77,6a77_H:L|A,AB,6a77_AB_u_0,6A76,H:L
2htl,2htl_C:D|A,AG,2htl_AG_u_0,3NMO,A
2htl,2htl_C:D|A,AG,2htl_AG_u_1,4FTP,A
2htl,2htl_C:D|A,AG,2htl_AG_u_2,1KPK,A
2htl,2htl_C:D|A,AG,2htl_AG_u_3,1KPK,B
2htl,2htl_C:D|A,AG,2htl_AG_u_4,1KPK,C
4mwf,4mwf_A:B|D,AB,4mwf_AB_u_0,6MEF,H:L
5bjz,5bjz_D:H|B,AG,5bjz_AG_u_0,6K7E,A
5bjz,5bjz_D:H|B,AG,5bjz_AG_u_1,6N84,A
5bjz,5bjz_D:H|B,AG,5bjz_AG_u_2,6K7F,A
5bjz,5bjz_D:H|B,AG,5bjz_AG_u_3,6QGD,A
5bjz,5bjz_D:H|B,AG,5bjz_AG_u_4,6K7D,A
4xmn,4xmn_H:L|E,AG,4xmn_AG_u_0,3F7F,A
4xmn,4xmn_H:L|E,AG,4xmn_AG_u_1,3F7F,B
4xmn,4xmn_H:L|E,AG,4xmn_AG_u_2,3F7F,C
4xmn,4xmn_H:L|E,AG,4xmn_AG_u_3,3F7F,D
4xmn,4xmn_H:L|E,AG,4xmn_AG_u_4,3H7N,A
6n81,6n81_C:D|B,AG,6n81_AG_u_0,4OOV,A
6n81,6n81_C:D|B,AG,6n81_AG_u_1,4OOV,B
6n81,6n81_C:D|B,AG,6n81_AG_u_2,4OPS,A
6n81,6n81_C:D|B,AG,6n81_AG_u_3,4OPS,B
6n81,6n81_C:D|B,AG,6n81_AG_u_4,4OPV,A
2vh5,2vh5_H:L|R,AG,2vh5_AG_u_0,5WDQ,A
2vh5,2vh5_H:L|R,AG,2vh5_AG_u_1,4DLR,A
2vh5,2vh5_H:L|R,AG,2vh5_AG_u_2,5P21,A
2vh5,2vh5_H:L|R,AG,2vh5_AG_u_3,5WDP,A
2vh5,2vh5_H:L|R,AG,2vh5_AG_u_4,821P,A
5xez,5xez_H:L|B,AG,5xez_AG_u_0,5XPF,A
5xez,5xez_H:L|B,AG,5xez_AG_u_1,5LWO,A
5xez,5xez_H:L|B,AG,5xez_AG_u_2,5JWV,A
5xez,5xez_H:L|B,AG,5xez_AG_u_3,5V7E,A
5xez,5xez_H:L|B,AG,5xez_AG_u_4,5JWT,A
4kxz,4kxz_N:M|E,AG,4kxz_AG_u_0,2TGI,A
4kxz,4kxz_N:M|E,AG,4kxz_AG_u_1,1TFG,A
4kxz,4kxz_N:M|E,AG,4kxz_AG_u_2,6I9J,A
4kxz,4kxz_N:M|E,AB,4kxz_AB_u_0,3EO0,B:A
4kxz,4kxz_N:M|E,AB,4kxz_AB_u_1,3EO0,D:C
6h06,6h06_E:F|J,AG,6h06_AG_u_0,6NWP,A
6h06,6h06_E:F|J,AG,6h06_AG_u_1,6NWP,B
6h06,6h06_E:F|J,AG,6h06_AG_u_2,6NWP,C
6h06,6h06_E:F|J,AG,6h06_AG_u_3,6NWP,D
6h06,6h06_E:F|J,AG,6h06_AG_u_4,6NWP,E
6h06,6h06_E:F|J,AB,6h06_AB_u_0,5V7U,H:L
6um5,6um5_G:H|E,AB,6um5_AB_u_0,5U15,A:B
6um5,6um5_G:H|E,AB,6um5_AB_u_1,5U15,H:L
5e1a,5e1a_A:B|C,AG,5e1a_AG_u_0,2QTO,A
5e1a,5e1a_A:B|C,AG,5e1a_AG_u_1,2QTO,B
5e1a,5e1a_A:B|C,AG,5e1a_AG_u_2,2QTO,C
5e1a,5e1a_A:B|C,AG,5e1a_AG_u_3,2QTO,D
5e1a,5e1a_A:B|C,AG,5e1a_AG_u_4,3IFX,A
1jhl,1jhl_H:L|A,AG,1jhl_AG_u_0,1IAK,P
1jhl,1jhl_H:L|A,AG,1jhl_AG_u_1,3ZVQ,A
1jhl,1jhl_H:L|A,AG,1jhl_AG_u_2,1GHL,A
1jhl,1jhl_H:L|A,AG,1jhl_AG_u_3,1GHL,B
4cmh,4cmh_B:C|A,AG,4cmh_AG_u_0,3F6Y,A
4cmh,4cmh_B:C|A,AG,4cmh_AG_u_1,2O3S,A
4cmh,4cmh_B:C|A,AG,4cmh_AG_u_2,2O3S,B
4cmh,4cmh_B:C|A,AG,4cmh_AG_u_3,3DZH,A
4cmh,4cmh_B:C|A,AG,4cmh_AG_u_4,3DZH,B
5lsp,5lsp_H:L|A,AG,5lsp_AG_u_0,1SSL,A
6k68,6k68_C:D|E,AB,6k68_AB_u_0,3MO1,B:A
6k68,6k68_C:D|E,AB,6k68_AB_u_1,3MNV,B:A
6k68,6k68_C:D|E,AB,6k68_AB_u_2,3MNV,D:C
6mhg,6mhg_B:O|E,AG,6mhg_AG_u_0,3VDJ,A
6mhg,6mhg_B:O|E,AG,6mhg_AG_u_1,3VDK,A
6mhg,6mhg_B:O|E,AG,6mhg_AG_u_2,3VDL,A
6mhg,6mhg_B:O|E,AG,6mhg_AG_u_3,3VDL,B
6mhg,6mhg_B:O|E,AG,6mhg_AG_u_4,3VDL,C
5fhc,5fhc_H:L|K,AB,5fhc_AB_u_0,5FHA,H:L
4s1r,4s1r_H:L|G,AG,4s1r_AG_u_0,6ONE,A
4s1r,4s1r_H:L|G,AG,4s1r_AG_u_1,6ONH,A
5vcn,5vcn_F:E|A,AG,5vcn_AG_u_0,3F5V,A
5vcn,5vcn_F:E|A,AG,5vcn_AG_u_1,3F5V,B
5vcn,5vcn_F:E|A,AG,5vcn_AG_u_2,1XKG,A
5vcn,5vcn_F:E|A,AG,5vcn_AG_u_3,2AS8,A
5vcn,5vcn_F:E|A,AG,5vcn_AG_u_4,2AS8,B
6e1k,6e1k_D:C|B,AG,6e1k_AG_u_0,5DQQ,A
6e1k,6e1k_D:C|B,AG,6e1k_AG_u_1,6E1M,A
6e1k,6e1k_D:C|B,AG,6e1k_AG_u_2,6E1M,B
6e1k,6e1k_D:C|B,AG,6e1k_AG_u_3,5TUA,A
6e1k,6e1k_D:C|B,AG,6e1k_AG_u_4,6CX0,A
6att,6att_H:L|A,AG,6att_AG_u_0,2A91,A
5myx,5myx_D:C|F,AG,5myx_AG_u_0,5BUO,A
5myx,5myx_D:C|F,AG,5myx_AG_u_1,5BUO,B
5myx,5myx_D:C|F,AG,5myx_AG_u_2,5OQV,A
5myx,5myx_D:C|F,AG,5myx_AG_u_3,5OQV,B
5myx,5myx_D:C|F,AG,5myx_AG_u_4,5OQV,C
4kka,4kka_C:D|A,AG,4kka_AG_u_0,3NMO,A
4kka,4kka_C:D|A,AG,4kka_AG_u_1,4FTP,A
4kka,4kka_C:D|A,AG,4kka_AG_u_2,1KPK,A
4kka,4kka_C:D|A,AG,4kka_AG_u_3,1KPK,B
4kka,4kka_C:D|A,AG,4kka_AG_u_4,1KPK,C
6o41,6o41_B:A|N,AG,6o41_AG_u_0,2IGD,A
6o41,6o41_B:A|N,AG,6o41_AG_u_1,1IGD,A
6o41,6o41_B:A|N,AG,6o41_AG_u_2,1PGX,A
6o41,6o41_B:A|N,AG,6o41_AG_u_3,2LUM,A
6o41,6o41_B:A|N,AG,6o41_AG_u_4,2NMQ,A
3sob,3sob_H:L|B,AG,3sob_AG_u_0,3S94,A
3sob,3sob_H:L|B,AG,3sob_AG_u_1,3S94,B
3sob,3sob_H:L|B,AG,3sob_AG_u_2,4DG6,A
6o3l,6o3l_A:B|E,AB,6o3l_AB_u_0,6O3K,H:L
6o3l,6o3l_A:B|E,AB,6o3l_AB_u_1,6O3U,B:A
6o3l,6o3l_A:B|E,AB,6o3l_AB_u_2,6O3U,D:C
6o3l,6o3l_A:B|E,AB,6o3l_AB_u_3,6O3U,F:E
6o3l,6o3l_A:B|E,AB,6o3l_AB_u_4,6O3U,H:L
3eoa,3eoa_H:L|I,AG,3eoa_AG_u_0,1MJN,A
3eoa,3eoa_H:L|I,AG,3eoa_AG_u_1,2ICA,A
3eoa,3eoa_H:L|I,AG,3eoa_AG_u_2,3F78,A
3eoa,3eoa_H:L|I,AG,3eoa_AG_u_3,3F78,B
3eoa,3eoa_H:L|I,AG,3eoa_AG_u_4,3F78,C
3eoa,3eoa_H:L|I,AB,3eoa_AB_u_0,3EO9,H:L
4q6i,4q6i_H:L|C,AG,4q6i_AG_u_0,1CDY,A
4q6i,4q6i_H:L|C,AG,4q6i_AG_u_1,3CD4,A
4q6i,4q6i_H:L|C,AG,4q6i_AG_u_2,1CDH,A
4q6i,4q6i_H:L|C,AG,4q6i_AG_u_3,1CDJ,A
4q6i,4q6i_H:L|C,AG,4q6i_AG_u_4,1CDU,A
3nps,3nps_B:C|A,AG,3nps_AG_u_0,3NCL,A
3nps,3nps_B:C|A,AG,3nps_AG_u_1,3P8G,A
3nps,3nps_B:C|A,AG,3nps_AG_u_2,1EAX,A
3nps,3nps_B:C|A,AG,3nps_AG_u_3,4IS5,A
3nps,3nps_B:C|A,AG,3nps_AG_u_4,4JZ1,A
3opz,3opz_J:N|C,AG,3opz_AG_u_0,1MS9,A
3opz,3opz_J:N|C,AG,3opz_AG_u_1,1MS9,B
3opz,3opz_J:N|C,AG,3opz_AG_u_2,2AH2,A
3opz,3opz_J:N|C,AG,3opz_AG_u_3,1S0I,A
3opz,3opz_J:N|C,AG,3opz_AG_u_4,1S0J,A
1s78,1s78_F:E|B,AG,1s78_AG_u_0,2A91,A
1s78,1s78_F:E|B,AB,1s78_AB_u_0,1L7I,H:L
1s78,1s78_F:E|B,AB,1s78_AB_u_1,5VSH,A:B
1s78,1s78_F:E|B,AB,1s78_AB_u_2,5VSH,C:D
1s78,1s78_F:E|B,AB,1s78_AB_u_3,5VSH,E:F
1s78,1s78_F:E|B,AB,1s78_AB_u_4,5VSH,H:L
6edu,6edu_L:M|D:I,AB,6edu_AB_u_0,3LMJ,H:L
6b7z,6b7z_E:F|B,AG,6b7z_AG_u_0,4PFC,A
6b7z,6b7z_E:F|B,AG,6b7z_AG_u_1,4PFC,B
6b7z,6b7z_E:F|B,AG,6b7z_AG_u_2,4PF7,A
6b7z,6b7z_E:F|B,AG,6b7z_AG_u_3,4PF7,B
6b7z,6b7z_E:F|B,AG,6b7z_AG_u_4,4PF9,A
4m1g,4m1g_H:L|B:A,AG,4m1g_AG_u_0,3K7B,A:A
4m1g,4m1g_H:L|B:A,AG,4m1g_AG_u_1,3K7B,B:B
6by3,6by3_A:B|C,AG,6by3_AG_u_0,1JVM,A
6by3,6by3_A:B|C,AG,6by3_AG_u_1,1JVM,B
6by3,6by3_A:B|C,AG,6by3_AG_u_2,1JVM,C
6by3,6by3_A:B|C,AG,6by3_AG_u_3,1JVM,D
6by3,6by3_A:B|C,AG,6by3_AG_u_4,1J95,A
5k9o,5k9o_H:L|I,AG,5k9o_AG_u_0,6GOL,A
5k9o,5k9o_H:L|I,AG,5k9o_AG_u_1,4EDB,B
5k9o,5k9o_H:L|I,AG,5k9o_AG_u_2,4EDB,D
5k9o,5k9o_H:L|I,AG,5k9o_AG_u_3,4EDB,F
5k9o,5k9o_H:L|I,AG,5k9o_AG_u_4,4EDA,A
5mp1,5mp1_J:K|I,AG,5mp1_AG_u_0,6NWP,A
5mp1,5mp1_J:K|I,AG,5mp1_AG_u_1,6NWP,B
5mp1,5mp1_J:K|I,AG,5mp1_AG_u_2,6NWP,C
5mp1,5mp1_J:K|I,AG,5mp1_AG_u_3,6NWP,D
5mp1,5mp1_J:K|I,AG,5mp1_AG_u_4,6NWP,E
5mp1,5mp1_J:K|I,AB,5mp1_AB_u_0,4OZ4,A:B
5mp1,5mp1_J:K|I,AB,5mp1_AB_u_1,4OZ4,H:L
3uaj,3uaj_C:D|B,AG,3uaj_AG_u_0,5B1C,A
3uaj,3uaj_C:D|B,AG,3uaj_AG_u_1,5B1C,B
3uaj,3uaj_C:D|B,AG,3uaj_AG_u_2,5B1C,C
3uaj,3uaj_C:D|B,AG,3uaj_AG_u_3,4X42,A
3uaj,3uaj_C:D|B,AG,3uaj_AG_u_4,4X42,B
2ltq,2ltq_C:B|A,AG,2ltq_AG_u_0,2L0O,A
2ltq,2ltq_C:B|A,AG,2ltq_AG_u_1,2K74,A
2ltq,2ltq_C:B|A,AG,2ltq_AG_u_2,2K73,A
2ltq,2ltq_C:B|A,AG,2ltq_AG_u_3,2L0N,A
6snc,6snc_B:A|C,AG,6snc_AG_u_0,2NCT,A
6snc,6snc_B:A|C,AG,6snc_AG_u_1,2NCS,A
4xnz,4xnz_H:L|G,AG,4xnz_AG_u_0,6ONE,A
4xnz,4xnz_H:L|G,AG,4xnz_AG_u_1,6ONH,A
1tjh,1tjh_H:L|P,AB,1tjh_AB_u_0,2PR4,H:L
5vl3,5vl3_H:L|Q,AG,5vl3_AG_u_0,5VKJ,A
5vl3,5vl3_H:L|Q,AG,5vl3_AG_u_1,5VKM,A
5vl3,5vl3_H:L|Q,AB,5vl3_AB_u_0,5VKK,A:B
5vl3,5vl3_H:L|Q,AB,5vl3_AB_u_1,5VKK,H:L
5i5k,5i5k_X:Y|A,AG,5i5k_AG_u_0,3HQA,A
5i5k,5i5k_X:Y|A,AG,5i5k_AG_u_1,3HQA,B
5i5k,5i5k_X:Y|A,AG,5i5k_AG_u_2,3CU7,A
5i5k,5i5k_X:Y|A,AG,5i5k_AG_u_3,3CU7,B
5i5k,5i5k_X:Y|A,AG,5i5k_AG_u_4,3HQB,A
2nyy,2nyy_D:C|A,AG,2nyy_AG_u_0,4EL4,A
2nyy,2nyy_D:C|A,AG,2nyy_AG_u_1,3BON,A
2nyy,2nyy_D:C|A,AG,2nyy_AG_u_2,3BOK,A
2nyy,2nyy_D:C|A,AG,2nyy_AG_u_3,6F0P,A
2nyy,2nyy_D:C|A,AG,2nyy_AG_u_4,5MK6,A
6dca,6dca_J:N|R,AG,6dca_AG_u_0,6NWP,A
6dca,6dca_J:N|R,AG,6dca_AG_u_1,6NWP,B
6dca,6dca_J:N|R,AG,6dca_AG_u_2,6NWP,C
6dca,6dca_J:N|R,AG,6dca_AG_u_3,6NWP,D
6dca,6dca_J:N|R,AG,6dca_AG_u_4,6NWP,E
5cus,5cus_K:O|D,AG,5cus_AG_u_0,1M6B,A
5cus,5cus_K:O|D,AG,5cus_AG_u_1,1M6B,B
3eo1,3eo1_H:G|I,AG,3eo1_AG_u_0,1TGJ,A
3eo1,3eo1_H:G|I,AG,3eo1_AG_u_1,1TGK,A
3eo1,3eo1_H:G|I,AB,3eo1_AB_u_0,3EO0,B:A
3eo1,3eo1_H:G|I,AB,3eo1_AB_u_1,3EO0,D:C
1rzk,1rzk_H:L|G,AB,1rzk_AB_u_0,1RZ8,B:A
1rzk,1rzk_H:L|G,AB,1rzk_AB_u_1,1RZ8,D:C
3jcc,3jcc_C:B|A,AB,3jcc_AB_u_0,4JY5,H:L
6bb4,6bb4_I:M|Q,AG,6bb4_AG_u_0,6NWP,A
6bb4,6bb4_I:M|Q,AG,6bb4_AG_u_1,6NWP,B
6bb4,6bb4_I:M|Q,AG,6bb4_AG_u_2,6NWP,C
6bb4,6bb4_I:M|Q,AG,6bb4_AG_u_3,6NWP,D
6bb4,6bb4_I:M|Q,AG,6bb4_AG_u_4,6NWP,E
4ij3,4ij3_C:B|A,AG,4ij3_AG_u_0,3Q6O,A
6ad8,6ad8_E:F|B,AG,6ad8_AG_u_0,3NMO,A
6ad8,6ad8_E:F|B,AG,6ad8_AG_u_1,4FTP,A
6ad8,6ad8_E:F|B,AG,6ad8_AG_u_2,1KPK,A
6ad8,6ad8_E:F|B,AG,6ad8_AG_u_3,1KPK,B
6ad8,6ad8_E:F|B,AG,6ad8_AG_u_4,1KPK,C
6u36,6u36_H:L|B,AG,6u36_AG_u_0,6U26,A
6u36,6u36_H:L|B,AG,6u36_AG_u_1,6U26,B
6u36,6u36_H:L|B,AG,6u36_AG_u_2,6U2P,A
6u36,6u36_H:L|B,AG,6u36_AG_u_3,6U2P,B
6u36,6u36_H:L|B,AG,6u36_AG_u_4,6U2N,A
5cbe,5cbe_C:D|F,AG,5cbe_AG_u_0,4ZAI,A
5cbe,5cbe_C:D|F,AB,5cbe_AB_u_0,5C6W,H:H
5cbe,5cbe_C:D|F,AB,5cbe_AB_u_1,5C6W,J:J
3pnw,3pnw_B:A|C,AG,3pnw_AG_u_0,5YJ8,A
3pnw,3pnw_B:A|C,AG,3pnw_AG_u_1,3S6W,A
3pnw,3pnw_B:A|C,AG,3pnw_AG_u_2,3PMT,A
4iof,4iof_E:F|B,AG,4iof_AG_u_0,4PFC,A
4iof,4iof_E:F|B,AG,4iof_AG_u_1,4PFC,B
4iof,4iof_E:F|B,AG,4iof_AG_u_2,4PF7,A
4iof,4iof_E:F|B,AG,4iof_AG_u_3,4PF7,B
4iof,4iof_E:F|B,AG,4iof_AG_u_4,4PF9,A
6jep,6jep_H:L|E,AG,6jep_AG_u_0,5JHM,A
6jep,6jep_H:L|E,AG,6jep_AG_u_1,5JHM,B
6jep,6jep_H:L|E,AG,6jep_AG_u_2,5LBV,A
6jep,6jep_H:L|E,AG,6jep_AG_u_3,5LBV,B
6jep,6jep_H:L|E,AG,6jep_AG_u_4,5OMZ,A
5y0a,5y0a_D:E|A,AG,5y0a_AG_u_0,5JHM,A
5y0a,5y0a_D:E|A,AG,5y0a_AG_u_1,5JHM,B
5y0a,5y0a_D:E|A,AG,5y0a_AG_u_2,5LBV,A
5y0a,5y0a_D:E|A,AG,5y0a_AG_u_3,5LBV,B
5y0a,5y0a_D:E|A,AG,5y0a_AG_u_4,5OMZ,A
2hkf,2hkf_H:L|P,AB,2hkf_AB_u_0,2HKH,H:L
6de7,6de7_D:E|B,AB,6de7_AB_u_0,4TOY,H:L
5hi4,5hi4_C:D|B,AG,5hi4_AG_u_0,4HR9,A
5hi4,5hi4_C:D|B,AG,5hi4_AG_u_1,4HR9,B
4yc2,4yc2_B:C|A,AB,4yc2_AB_u_0,3TNM,A:B
4yc2,4yc2_B:C|A,AB,4yc2_AB_u_1,3TNM,H:L
4rfo,4rfo_H:L|G,AG,4rfo_AG_u_0,6ONE,A
4rfo,4rfo_H:L|G,AG,4rfo_AG_u_1,6ONH,A
3fb8,3fb8_A:B|C,AG,3fb8_AG_u_0,2QTO,A
3fb8,3fb8_A:B|C,AG,3fb8_AG_u_1,2QTO,B
3fb8,3fb8_A:B|C,AG,3fb8_AG_u_2,2QTO,C
3fb8,3fb8_A:B|C,AG,3fb8_AG_u_3,2QTO,D
3fb8,3fb8_A:B|C,AG,3fb8_AG_u_4,3IFX,A
4ogy,4ogy_H:L|A,AG,4ogy_AG_u_0,6I44,A
4ogy,4ogy_H:L|A,AG,4ogy_AG_u_1,2ANY,A
4ogy,4ogy_H:L|A,AG,4ogy_AG_u_2,5TJX,A
4ogy,4ogy_H:L|A,AG,4ogy_AG_u_3,6O1S,E
4ogy,4ogy_H:L|A,AG,4ogy_AG_u_4,2ANW,A
4ogy,4ogy_H:L|A,AB,4ogy_AB_u_0,4PUB,H:L
6dc5,6dc5_B:C|A,AG,6dc5_AG_u_0,5KWW,F
6dc5,6dc5_B:C|A,AG,6dc5_AG_u_1,6EAK,F
6dc5,6dc5_B:C|A,AG,6dc5_AG_u_2,6EAM,F
6dc5,6dc5_B:C|A,AG,6dc5_AG_u_3,6EAL,F
6dc5,6dc5_B:C|A,AG,6dc5_AG_u_4,6EAI,A
6dc5,6dc5_B:C|A,AB,6dc5_AB_u_0,6DC4,H:L
5xku,5xku_C:B|A,AG,5xku_AG_u_0,4LN6,A
5xku,5xku_C:B|A,AG,5xku_AG_u_1,4LN6,C
5xku,5xku_C:B|A,AG,5xku_AG_u_2,4LN6,E
5xku,5xku_C:B|A,AG,5xku_AG_u_3,4LN6,G
5xku,5xku_C:B|A,AG,5xku_AG_u_4,4LN6,I
4ene,4ene_E:F|B,AG,4ene_AG_u_0,3NMO,A
4ene,4ene_E:F|B,AG,4ene_AG_u_1,4FTP,A
4ene,4ene_E:F|B,AG,4ene_AG_u_2,1KPK,A
4ene,4ene_E:F|B,AG,4ene_AG_u_3,1KPK,B
4ene,4ene_E:F|B,AG,4ene_AG_u_4,1KPK,C
6cdi,6cdi_m:n|d,AB,6cdi_AB_u_0,4JY5,H:L
5w9p,5w9p_D:E|B,AG,5w9p_AG_u_0,4NCU,A
5w9p,5w9p_D:E|B,AG,5w9p_AG_u_1,4NCW,A
5w9p,5w9p_D:E|B,AG,5w9p_AG_u_2,4NCW,B
5w9p,5w9p_D:E|B,AG,5w9p_AG_u_3,4NCW,C
5w9p,5w9p_D:E|B,AG,5w9p_AG_u_4,5X4R,A
5w9p,5w9p_D:E|B,AB,5w9p_AB_u_0,5VZR,A:B
5w9p,5w9p_D:E|B,AB,5w9p_AB_u_1,5VZR,H:L
6aru,6aru_C:B|A,AB,6aru_AB_u_0,1YY8,B:A
6aru,6aru_C:B|A,AB,6aru_AB_u_1,1YY8,D:C
6n1w,6n1w_mn2,AB,6n1w_AB_u_0,4JY5,H:L
6mph,6mph_Y:a|B,AB,6mph_AB_u_0,4JY5,H:L
5hys,5hys_A:B|G,AG,5hys_AG_u_0,5MOL,A
5hys,5hys_A:B|G,AG,5hys_AG_u_1,5MOL,B
5hys,5hys_A:B|G,AG,5hys_AG_u_2,2WQR,A
5hys,5hys_A:B|G,AG,5hys_AG_u_3,2WQR,B
5hys,5hys_A:B|G,AG,5hys_AG_u_4,5MOK,A
5hys,5hys_A:B|G,AB,5hys_AB_u_0,2XA8,H:L
5hys,5hys_A:B|G,AB,5hys_AB_u_1,4X7T,A:B
5hys,5hys_A:B|G,AB,5hys_AB_u_2,4X7T,H:L
6plk,6plk_H:L|E,AG,6plk_AG_u_0,5JHM,A
6plk,6plk_H:L|E,AG,6plk_AG_u_1,5JHM,B
6plk,6plk_H:L|E,AG,6plk_AG_u_2,5LBV,A
6plk,6plk_H:L|E,AG,6plk_AG_u_3,5LBV,B
6plk,6plk_H:L|E,AG,6plk_AG_u_4,5OMZ,A
2htk,2htk_C:D|A,AG,2htk_AG_u_0,3NMO,A
2htk,2htk_C:D|A,AG,2htk_AG_u_1,4FTP,A
2htk,2htk_C:D|A,AG,2htk_AG_u_2,1KPK,A
2htk,2htk_C:D|A,AG,2htk_AG_u_3,1KPK,B
2htk,2htk_C:D|A,AG,2htk_AG_u_4,1KPK,C
5n0a,5n0a_H:L|A,AG,5n0a_AG_u_0,1OK8,A
5n0a,5n0a_H:L|A,AG,5n0a_AG_u_1,1OKE,A
5n0a,5n0a_H:L|A,AG,5n0a_AG_u_2,1OKE,B
5n0a,5n0a_H:L|A,AG,5n0a_AG_u_3,1TG8,A
5n0a,5n0a_H:L|A,AG,5n0a_AG_u_4,1OAN,A
5n0a,5n0a_H:L|A,AB,5n0a_AB_u_0,4UT7,H
2eh8,2eh8_H:L|P,AB,2eh8_AB_u_0,2EH7,H:L
2vis,2vis_B:A|C,AG,2vis_AG_u_0,6BKM,A
2vis,2vis_B:A|C,AG,2vis_AG_u_1,6BKM,C
2vis,2vis_B:A|C,AG,2vis_AG_u_2,6BKM,E
2vis,2vis_B:A|C,AG,2vis_AG_u_3,6BKQ,A
2vis,2vis_B:A|C,AG,2vis_AG_u_4,6BKQ,C
2vis,2vis_B:A|C,AB,2vis_AB_u_0,1GIG,H:L
5f3h,5f3h_E:F|L,AG,5f3h_AG_u_0,5JI1,A
5f3h,5f3h_E:F|L,AG,5f3h_AG_u_1,5JI1,B
5f3h,5f3h_E:F|L,AG,5f3h_AG_u_2,5NTU,A
5f3h,5f3h_E:F|L,AG,5f3h_AG_u_3,5NTU,B
5f3h,5f3h_E:F|L,AG,5f3h_AG_u_4,5NXS,A
3d0l,3d0l_B:A|C,AB,3d0l_AB_u_0,2PR4,H:L
4nm8,4nm8_H:L|B:A,AG,4nm8_AG_u_0,6BKM,B:A
4nm8,4nm8_H:L|B:A,AG,4nm8_AG_u_1,6BKM,D:C
4nm8,4nm8_H:L|B:A,AG,4nm8_AG_u_2,6BKM,F:E
4nm8,4nm8_H:L|B:A,AG,4nm8_AG_u_3,6BKQ,B:A
4nm8,4nm8_H:L|B:A,AG,4nm8_AG_u_4,6BKQ,D:C
4nm8,4nm8_H:L|B:A,AB,4nm8_AB_u_0,4NM4,H:L
4nm8,4nm8_H:L|B:A,AB,4nm8_AB_u_1,4NM4,I:M
4aei,4aei_H:L|A,AG,4aei_AG_u_0,1AHO,A
4aei,4aei_H:L|A,AG,4aei_AG_u_1,1PTX,A
1v7n,1v7n_J:N|Y,AB,1v7n_AB_u_0,2ZKH,H:L
1ob1,1ob1_B:A|C,AG,1ob1_AG_u_0,2FLG,A
1ob1,1ob1_B:A|C,AG,1ob1_AG_u_1,1CEJ,A
5mes,5mes_H:L|A,AG,5mes_AG_u_0,6FS1,A
5mes,5mes_H:L|A,AG,5mes_AG_u_1,6FS1,B
5mes,5mes_H:L|A,AG,5mes_AG_u_2,5KU9,A
5mes,5mes_H:L|A,AG,5mes_AG_u_3,5KU9,B
5mes,5mes_H:L|A,AG,5mes_AG_u_4,6FS2,A
5i73,5i73_B:C|A,AB,5i73_AB_u_0,5I66,A:B
1ic7,1ic7_H:L|Y,AG,1ic7_AG_u_0,6RT3,A
1ic7,1ic7_H:L|Y,AG,1ic7_AG_u_1,6ADF,A
1ic7,1ic7_H:L|Y,AG,1ic7_AG_u_2,6ABN,A
1ic7,1ic7_H:L|Y,AG,1ic7_AG_u_3,6FSJ,A
1ic7,1ic7_H:L|Y,AG,1ic7_AG_u_4,6F9Z,A
6did,6did_K:E|G:J,AB,6did_AB_u_0,6CJK,B:A
6did,6did_K:E|G:J,AB,6did_AB_u_1,6CJK,D:C
4ut9,4ut9_J:N|D,AG,4ut9_AG_u_0,4UTC,A
4ut9,4ut9_J:N|D,AG,4ut9_AG_u_1,4UTC,B
1ai1,1ai1_H:L|P,AG,1ai1_AG_u_0,1NJ0,A
1ai1,1ai1_H:L|P,AG,1ai1_AG_u_1,1NIZ,A
4tul,4tul_H:L|I,AB,4tul_AB_u_0,4TRP,H:L
4tul,4tul_H:L|I,AB,4tul_AB_u_1,4TUO,A:B
4tul,4tul_H:L|I,AB,4tul_AB_u_2,4TUO,C:D
1ncb,1ncb_H:L|N,AG,1ncb_AG_u_0,6HFC,A
1ncb,1ncb_H:L|N,AG,1ncb_AG_u_1,6HG0,A
1ncb,1ncb_H:L|N,AG,1ncb_AG_u_2,6HCX,A
1ncb,1ncb_H:L|N,AG,1ncb_AG_u_3,6D3B,A
1ncb,1ncb_H:L|N,AG,1ncb_AG_u_4,1F8E,A
5u3j,5u3j_H:L|A,AG,5u3j_AG_u_0,6E8W,A
5u3j,5u3j_H:L|A,AG,5u3j_AG_u_1,6E8W,B
5u3j,5u3j_H:L|A,AG,5u3j_AG_u_2,6E8W,C
5u3j,5u3j_H:L|A,AG,5u3j_AG_u_3,5NWW,A
5u3j,5u3j_H:L|A,AG,5u3j_AG_u_4,5NWV,A
3qnz,3qnz_B:A|C,AB,3qnz_AB_u_0,3QO1,B:A
6iut,6iut_H:L|A,AG,6iut_AG_u_0,5DUT,A
6iut,6iut_H:L|A,AG,6iut_AG_u_1,4KWM,A
6iut,6iut_H:L|A,AG,6iut_AG_u_2,4KWM,C
6iut,6iut_H:L|A,AG,6iut_AG_u_3,4KWM,E
6iut,6iut_H:L|A,AG,6iut_AG_u_4,6NTF,A
6k5d,6k5d_E:F|B,AG,6k5d_AG_u_0,3NMO,A
6k5d,6k5d_E:F|B,AG,6k5d_AG_u_1,4FTP,A
6k5d,6k5d_E:F|B,AG,6k5d_AG_u_2,1KPK,A
6k5d,6k5d_E:F|B,AG,6k5d_AG_u_3,1KPK,B
6k5d,6k5d_E:F|B,AG,6k5d_AG_u_4,1KPK,C
4l5f,4l5f_H:L|E,AG,4l5f_AG_u_0,4GSX,A
4l5f,4l5f_H:L|E,AG,4l5f_AG_u_1,4GSX,B
4l5f,4l5f_H:L|E,AG,4l5f_AG_u_2,3IRC,A
4l5f,4l5f_H:L|E,AG,4l5f_AG_u_3,4GT0,A
4l5f,4l5f_H:L|E,AG,4l5f_AG_u_4,4GT0,B
2eks,2eks_B:A|C,AG,2eks_AG_u_0,6RT3,A
2eks,2eks_B:A|C,AG,2eks_AG_u_1,6ADF,A
2eks,2eks_B:A|C,AG,2eks_AG_u_2,6ABN,A
2eks,2eks_B:A|C,AG,2eks_AG_u_3,6FSJ,A
2eks,2eks_B:A|C,AG,2eks_AG_u_4,6F9Z,A
5mp5,5mp5_E:F|I,AG,5mp5_AG_u_0,6NWP,A
5mp5,5mp5_E:F|I,AG,5mp5_AG_u_1,6NWP,B
5mp5,5mp5_E:F|I,AG,5mp5_AG_u_2,6NWP,C
5mp5,5mp5_E:F|I,AG,5mp5_AG_u_3,6NWP,D
5mp5,5mp5_E:F|I,AG,5mp5_AG_u_4,6NWP,E
5mp5,5mp5_E:F|I,AB,5mp5_AB_u_0,4OZ4,A:B
5mp5,5mp5_E:F|I,AB,5mp5_AB_u_1,4OZ4,H:L
6pz8,6pz8_D:K|F,AG,6pz8_AG_u_0,5X4R,A
6pz8,6pz8_D:K|F,AG,6pz8_AG_u_1,5VYH,A
6pz8,6pz8_D:K|F,AG,6pz8_AG_u_2,4L3N,A
6pz8,6pz8_D:K|F,AG,6pz8_AG_u_3,4L3N,B
6pz8,6pz8_D:K|F,AG,6pz8_AG_u_4,6Q04,A
6pz8,6pz8_D:K|F,AB,6pz8_AB_u_0,6PXG,A:B
6pz8,6pz8_D:K|F,AB,6pz8_AB_u_1,6PXG,C:D
6pz8,6pz8_D:K|F,AB,6pz8_AB_u_2,6PXG,E:F
6pz8,6pz8_D:K|F,AB,6pz8_AB_u_3,6PXG,H:L
5d1q,5d1q_B:A|E,AG,5d1q_AG_u_0,3RTL,A
5d1q,5d1q_B:A|E,AG,5d1q_AG_u_1,3RTL,B
5d1q,5d1q_B:A|E,AG,5d1q_AG_u_2,3RTL,C
5d1q,5d1q_B:A|E,AG,5d1q_AG_u_3,3RTL,D
5d1q,5d1q_B:A|E,AG,5d1q_AG_u_4,3RUR,A
1afv,1afv_H:L|A,AG,1afv_AG_u_0,6ES8,A
1afv,1afv_H:L|A,AG,1afv_AG_u_1,5HGP,A
1afv,1afv_H:L|A,AG,1afv_AG_u_2,6BHS,A
1afv,1afv_H:L|A,AG,1afv_AG_u_3,6H09,A
1afv,1afv_H:L|A,AG,1afv_AG_u_4,6ERM,A
3nfp,3nfp_H:L|I,AB,3nfp_AB_u_0,3NFS,H:L
4jan,4jan_A:B|I,AG,4jan_AG_u_0,3DNL,A
4jan,4jan_A:B|I,AG,4jan_AG_u_1,3DNL,C
4jan,4jan_A:B|I,AG,4jan_AG_u_2,3DNL,D
4jan,4jan_A:B|I,AG,4jan_AG_u_3,3DNL,F
4jan,4jan_A:B|I,AG,4jan_AG_u_4,3DNL,G
4jan,4jan_A:B|I,AB,4jan_AB_u_0,4JAM,A:B
4jan,4jan_A:B|I,AB,4jan_AB_u_1,4JAM,H:L
5ifj,5ifj_D:E|F,AB,5ifj_AB_u_0,5IHZ,A:B
5ifj,5ifj_D:E|F,AB,5ifj_AB_u_1,5IHZ,C:D
5ifj,5ifj_D:E|F,AB,5ifj_AB_u_2,5IHZ,E:F
5ifj,5ifj_D:E|F,AB,5ifj_AB_u_3,5IHZ,H:L
4rx4,4rx4_H:L|G,AG,4rx4_AG_u_0,3DNL,A
4rx4,4rx4_H:L|G,AG,4rx4_AG_u_1,3DNL,C
4rx4,4rx4_H:L|G,AG,4rx4_AG_u_2,3DNL,D
4rx4,4rx4_H:L|G,AG,4rx4_AG_u_3,3DNL,F
4rx4,4rx4_H:L|G,AG,4rx4_AG_u_4,3DNL,G
2vxs,2vxs_K:O|C,AG,2vxs_AG_u_0,4HR9,A
2vxs,2vxs_K:O|C,AG,2vxs_AG_u_1,4HR9,B
5hys,5hys_H:L|I,AG,5hys_AG_u_0,5MOL,A
5hys,5hys_H:L|I,AG,5hys_AG_u_1,5MOL,B
5hys,5hys_H:L|I,AG,5hys_AG_u_2,2WQR,A
5hys,5hys_H:L|I,AG,5hys_AG_u_3,2WQR,B
5hys,5hys_H:L|I,AG,5hys_AG_u_4,5MOK,A
5hys,5hys_H:L|I,AB,5hys_AB_u_0,2XA8,H:L
5hys,5hys_H:L|I,AB,5hys_AB_u_1,4X7T,A:B
5hys,5hys_H:L|I,AB,5hys_AB_u_2,4X7T,H:L
5kqv,5kqv_P:Q|F,AG,5kqv_AG_u_0,2HR7,A
5kqv,5kqv_P:Q|F,AG,5kqv_AG_u_1,2HR7,B
5kqv,5kqv_P:Q|F,AG,5kqv_AG_u_2,4XST,E
5kqv,5kqv_P:Q|F,AG,5kqv_AG_u_3,6HN4,E
5kqv,5kqv_P:Q|F,AG,5kqv_AG_u_4,6HN4,F
5bv7,5bv7_C:B|A,AG,5bv7_AG_u_0,6MVD,A
5bv7,5bv7_C:B|A,AG,5bv7_AG_u_1,6MVD,B
5bv7,5bv7_C:B|A,AG,5bv7_AG_u_2,5TXF,A
5bv7,5bv7_C:B|A,AG,5bv7_AG_u_3,5TXF,B
5bv7,5bv7_C:B|A,AG,5bv7_AG_u_4,5TXF,C
2hmi,2hmi_D:C|B,AG,2hmi_AG_u_0,6ECL,A
2hmi,2hmi_D:C|B,AG,2hmi_AG_u_1,6ECL,B
5tru,5tru_H:L|C,AG,5tru_AG_u_0,3OSK,A
5tru,5tru_H:L|C,AG,5tru_AG_u_1,3OSK,B
5tru,5tru_H:L|C,AG,5tru_AG_u_2,2X44,D
5tru,5tru_H:L|C,AG,5tru_AG_u_3,1AH1,A
5tru,5tru_H:L|C,AB,5tru_AB_u_0,6JC2,H:L
4yzf,4yzf_E:F|A,AG,4yzf_AG_u_0,4KY9,A
4yzf,4yzf_E:F|A,AG,4yzf_AG_u_1,4KY9,P
4yzf,4yzf_E:F|A,AG,4yzf_AG_u_2,1HYN,P
4yzf,4yzf_E:F|A,AG,4yzf_AG_u_3,1HYN,Q
4yzf,4yzf_E:F|A,AG,4yzf_AG_u_4,1HYN,R
4yzf,4yzf_E:F|A,AB,4yzf_AB_u_0,5A16,A:B
4yzf,4yzf_E:F|A,AB,4yzf_AB_u_1,5A16,C:D
4yzf,4yzf_E:F|A,AB,4yzf_AB_u_2,5A16,E:F
4yzf,4yzf_E:F|A,AB,4yzf_AB_u_3,5A16,G:H
3h0t,3h0t_B:A|C,AG,3h0t_AG_u_0,2KEF,A
3h0t,3h0t_B:A|C,AG,3h0t_AG_u_1,1M4F,A
3h0t,3h0t_B:A|C,AG,3h0t_AG_u_2,1M4E,A
5d9q,5d9q_F:E|A,AB,5d9q_AB_u_0,4JY5,H:L
1f90,1f90_H:L|E,AB,1f90_AB_u_0,1F8T,H:L
1f90,1f90_H:L|E,AB,1f90_AB_u_1,1S5I,H:L
4ki5,4ki5_E:F|M,AG,4ki5_AG_u_0,3HNY,M
4ki5,4ki5_E:F|M,AG,4ki5_AG_u_1,3HNB,M
4ki5,4ki5_E:F|M,AG,4ki5_AG_u_2,1D7P,M
4ki5,4ki5_E:F|M,AG,4ki5_AG_u_3,3HOB,A
4ki5,4ki5_E:F|M,AG,4ki5_AG_u_4,3HOB,M
6ii8,6ii8_J:K|E,AG,6ii8_AG_u_0,4BSG,A
6ii8,6ii8_J:K|E,AG,6ii8_AG_u_1,4LN6,A
6ii8,6ii8_J:K|E,AG,6ii8_AG_u_2,4LN6,C
6ii8,6ii8_J:K|E,AG,6ii8_AG_u_3,4LN6,E
6ii8,6ii8_J:K|E,AG,6ii8_AG_u_4,4LN6,G
4mhh,4mhh_H:L|E,AG,4mhh_AG_u_0,6CF5,A
4mhh,4mhh_H:L|E,AG,4mhh_AG_u_1,6CF5,C
4mhh,4mhh_H:L|E,AG,4mhh_AG_u_2,6CF5,E
4mhh,4mhh_H:L|E,AG,4mhh_AG_u_3,6PCX,A
4mhh,4mhh_H:L|E,AG,4mhh_AG_u_4,6PD3,A
4z5r,4z5r_Z:Y|X,AG,4z5r_AG_u_0,1RH2,A
4z5r,4z5r_Z:Y|X,AG,4z5r_AG_u_1,1RH2,B
4z5r,4z5r_Z:Y|X,AG,4z5r_AG_u_2,1RH2,C
4z5r,4z5r_Z:Y|X,AG,4z5r_AG_u_3,1RH2,D
4z5r,4z5r_Z:Y|X,AG,4z5r_AG_u_4,1RH2,E
4jfx,4jfx_H:L|P,AB,4jfx_AB_u_0,4JFY,B:A
4jfx,4jfx_H:L|P,AB,4jfx_AB_u_1,4JFY,H:L
3dvn,3dvn_H:L|V:U,AG,3dvn_AG_u_0,6E2B,A:A
3dvn,3dvn_H:L|V:U,AG,3dvn_AG_u_1,6E2B,C:C
3dvn,3dvn_H:L|V:U,AG,3dvn_AG_u_2,6E2B,E:E
3dvn,3dvn_H:L|V:U,AG,3dvn_AG_u_3,6E2B,G:G
3dvn,3dvn_H:L|V:U,AG,3dvn_AG_u_4,6E2B,I:I
5l0q,5l0q_C:B|A,AG,5l0q_AG_u_0,2AO7,A
5tud,5tud_F:E|D,AG,5tud_AG_u_0,6DYF,A
5tud,5tud_F:E|D,AG,5tud_AG_u_1,6DYF,B
5tud,5tud_F:E|D,AG,5tud_AG_u_2,6DYC,A
5tud,5tud_F:E|D,AG,5tud_AG_u_3,6DYC,B
5tud,5tud_F:E|D,AG,5tud_AG_u_4,6OT4,A
6mph,6mph_X:Z|A,AB,6mph_AB_u_0,4JY5,H:L
4nco,4nco_L:K|I,AB,4nco_AB_u_0,4JY5,H:L
5tfw,5tfw_H:L|O,AG,5tfw_AG_u_0,3LF6,A
5tfw,5tfw_H:L|O,AG,5tfw_AG_u_1,3LF6,B
5tfw,5tfw_H:L|O,AG,5tfw_AG_u_2,3T43,A
5tfw,5tfw_H:L|O,AG,5tfw_AG_u_3,3T43,B
5tfw,5tfw_H:L|O,AB,5tfw_AB_u_0,5JNY,A:B
5tfw,5tfw_H:L|O,AB,5tfw_AB_u_1,5JNY,C:D
5njg,5njg_E:F|A,AG,5njg_AG_u_0,6HZM,A
5njg,5njg_E:F|A,AG,5njg_AG_u_1,6HZM,B
5njg,5njg_E:F|A,AG,5njg_AG_u_2,6HBU,A
5njg,5njg_E:F|A,AG,5njg_AG_u_3,6HBU,B
5njg,5njg_E:F|A,AG,5njg_AG_u_4,6FFC,A
5njg,5njg_E:F|A,AB,5njg_AB_u_0,5NIV,B:A
6dca,6dca_K:O|S,AG,6dca_AG_u_0,6NWP,A
6dca,6dca_K:O|S,AG,6dca_AG_u_1,6NWP,B
6dca,6dca_K:O|S,AG,6dca_AG_u_2,6NWP,C
6dca,6dca_K:O|S,AG,6dca_AG_u_3,6NWP,D
6dca,6dca_K:O|S,AG,6dca_AG_u_4,6NWP,E
2jix,2jix_H:L|E,AG,2jix_AG_u_0,1ERN,A
2jix,2jix_H:L|E,AG,2jix_AG_u_1,1ERN,B
5v8l,5v8l_J:N|A,AB,5v8l_AB_u_0,3U1S,H:L
6um5,6um5_C:D|A,AB,6um5_AB_u_0,5U15,A:B
6um5,6um5_C:D|A,AB,6um5_AB_u_1,5U15,H:L
5ggs,5ggs_C:D|Y,AG,5ggs_AG_u_0,6UMU,A
5ggs,5ggs_C:D|Y,AG,5ggs_AG_u_1,6UMV,A
5ggs,5ggs_C:D|Y,AG,5ggs_AG_u_2,3RRQ,A
5ggs,5ggs_C:D|Y,AG,5ggs_AG_u_3,2M2D,A
5ggs,5ggs_C:D|Y,AB,5ggs_AB_u_0,5DK3,B:A
5ggs,5ggs_C:D|Y,AB,5ggs_AB_u_1,5DK3,G:F
4d9r,4d9r_H:L|A,AG,4d9r_AG_u_0,5NAT,A
4d9r,4d9r_H:L|A,AG,4d9r_AG_u_1,2XW9,A
4d9r,4d9r_H:L|A,AG,4d9r_AG_u_2,5NAW,A
4d9r,4d9r_H:L|A,AG,4d9r_AG_u_3,5MT0,A
4d9r,4d9r_H:L|A,AG,4d9r_AG_u_4,5NB7,A
5j9p,5j9p_A:B|C,AG,5j9p_AG_u_0,2QTO,A
5j9p,5j9p_A:B|C,AG,5j9p_AG_u_1,2QTO,B
5j9p,5j9p_A:B|C,AG,5j9p_AG_u_2,2QTO,C
5j9p,5j9p_A:B|C,AG,5j9p_AG_u_3,2QTO,D
5j9p,5j9p_A:B|C,AG,5j9p_AG_u_4,3IFX,A
5hd8,5hd8_E:F|B,AG,5hd8_AG_u_0,3NMO,A
5hd8,5hd8_E:F|B,AG,5hd8_AG_u_1,4FTP,A
5hd8,5hd8_E:F|B,AG,5hd8_AG_u_2,1KPK,A
5hd8,5hd8_E:F|B,AG,5hd8_AG_u_3,1KPK,B
5hd8,5hd8_E:F|B,AG,5hd8_AG_u_4,1KPK,C
5dur,5dur_H:L|C,AG,5dur_AG_u_0,5DUT,A
5dur,5dur_H:L|C,AG,5dur_AG_u_1,4KWM,A
5dur,5dur_H:L|C,AG,5dur_AG_u_2,4KWM,C
5dur,5dur_H:L|C,AG,5dur_AG_u_3,4KWM,E
5dur,5dur_H:L|C,AG,5dur_AG_u_4,6NTF,A
3hae,3hae_H:L|A:C,AB,3hae_AB_u_0,3GJE,B:A
3hae,3hae_H:L|A:C,AB,3hae_AB_u_1,3GJE,H:L
4y5v,4y5v_G:H|I,AG,4y5v_AG_u_0,1ERN,A
4y5v,4y5v_G:H|I,AG,4y5v_AG_u_1,1ERN,B
5t29,5t29_H:L|O,AG,5t29_AG_u_0,3LF6,A
5t29,5t29_H:L|O,AG,5t29_AG_u_1,3LF6,B
5t29,5t29_H:L|O,AG,5t29_AG_u_2,3T43,A
5t29,5t29_H:L|O,AG,5t29_AG_u_3,3T43,B
4kk8,4kk8_E:F|B,AG,4kk8_AG_u_0,3NMO,A
4kk8,4kk8_E:F|B,AG,4kk8_AG_u_1,4FTP,A
4kk8,4kk8_E:F|B,AG,4kk8_AG_u_2,1KPK,A
4kk8,4kk8_E:F|B,AG,4kk8_AG_u_3,1KPK,B
4kk8,4kk8_E:F|B,AG,4kk8_AG_u_4,1KPK,C
5w9m,5w9m_B:C|A,AG,5w9m_AG_u_0,4NCU,A
5w9m,5w9m_B:C|A,AG,5w9m_AG_u_1,4NCW,A
5w9m,5w9m_B:C|A,AG,5w9m_AG_u_2,4NCW,B
5w9m,5w9m_B:C|A,AG,5w9m_AG_u_3,4NCW,C
5w9m,5w9m_B:C|A,AG,5w9m_AG_u_4,5X4R,A
5w9m,5w9m_B:C|A,AB,5w9m_AB_u_0,5VZR,A:B
5w9m,5w9m_B:C|A,AB,5w9m_AB_u_1,5VZR,H:L
6n1v,6n1v_X:Z|A,AB,6n1v_AB_u_0,4JY5,H:L
3c09,3c09_H:L|D,AB,3c09_AB_u_0,5VSI,H:L
3c09,3c09_H:L|D,AB,3c09_AB_u_1,5VR9,A:B
3c09,3c09_H:L|D,AB,3c09_AB_u_2,5VR9,H:L
3c09,3c09_H:L|D,AB,3c09_AB_u_3,3C08,H:L
6fxn,6fxn_D:E|A,AG,6fxn_AG_u_0,1KXG,A
6fxn,6fxn_D:E|A,AG,6fxn_AG_u_1,1KXG,B
6fxn,6fxn_D:E|A,AG,6fxn_AG_u_2,1KXG,C
6fxn,6fxn_D:E|A,AG,6fxn_AG_u_3,1KXG,D
6fxn,6fxn_D:E|A,AG,6fxn_AG_u_4,1KXG,E
6fxn,6fxn_D:E|A,AB,6fxn_AB_u_0,5Y9K,H:L
3nh7,3nh7_K:O|D,AG,3nh7_AG_u_0,2K3G,A
4xwo,4xwo_U:V|S,AG,4xwo_AG_u_0,2WOJ,A
4xwo,4xwo_U:V|S,AG,4xwo_AG_u_1,2WOJ,B
4xwo,4xwo_U:V|S,AG,4xwo_AG_u_2,2WOJ,C
4xwo,4xwo_U:V|S,AG,4xwo_AG_u_3,2WOJ,D
4xwo,4xwo_U:V|S,AG,4xwo_AG_u_4,3H84,A
4ydj,4ydj_A:B|I,AG,4ydj_AG_u_0,6ONE,A
4ydj,4ydj_A:B|I,AG,4ydj_AG_u_1,6ONH,A
2a6k,2a6k_H:L|P,AB,2a6k_AB_u_0,5VGA,B:A
2a6k,2a6k_H:L|P,AB,2a6k_AB_u_1,2A6J,B:A
2a6k,2a6k_H:L|P,AB,2a6k_AB_u_2,2A6J,H:L
6hco,6hco_D:C|B,AG,6hco_AG_u_0,6HZM,A
6hco,6hco_D:C|B,AG,6hco_AG_u_1,6HZM,B
6hco,6hco_D:C|B,AG,6hco_AG_u_2,6HBU,A
6hco,6hco_D:C|B,AG,6hco_AG_u_3,6HBU,B
6hco,6hco_D:C|B,AG,6hco_AG_u_4,6FFC,A
6hco,6hco_D:C|B,AB,6hco_AB_u_0,5NIV,B:A
6hx4,6hx4_H:L|B,AG,6hx4_AG_u_0,3NDD,A
6hx4,6hx4_H:L|B,AG,6hx4_AG_u_1,3NDD,B
6hx4,6hx4_H:L|B,AG,6hx4_AG_u_2,5NBU,A
6hx4,6hx4_H:L|B,AG,6hx4_AG_u_3,5NBV,A
6hx4,6hx4_H:L|B,AG,6hx4_AG_u_4,3NE4,A
6hx4,6hx4_H:L|B,AB,6hx4_AB_u_0,6GXX,H:L
1tji,1tji_H:L|P,AB,1tji_AB_u_0,2PR4,H:L
4etq,4etq_H:L|C,AG,4etq_AG_u_0,4E9O,X
4etq,4etq_H:L|C,AB,4etq_AB_u_0,4EBQ,H:L
4wy7,4wy7_H:L|P,AB,4wy7_AB_u_0,4LLV,A:B
4wy7,4wy7_H:L|P,AB,4wy7_AB_u_1,4LLV,C:D
4wy7,4wy7_H:L|P,AB,4wy7_AB_u_2,4LLV,E:F
4wy7,4wy7_H:L|P,AB,4wy7_AB_u_3,4LLV,H:L
4wy7,4wy7_H:L|P,AB,4wy7_AB_u_4,5CIP,A:B
6osy,6osy_562,AB,6osy_AB_u_0,4JY5,H:L
6n1v,6n1v_Y:a|B,AB,6n1v_AB_u_0,4JY5,H:L
5kel,5kel_J:N|E,AG,5kel_AG_u_0,6G9I,A
5kel,5kel_J:N|E,AG,5kel_AG_u_1,6G95,A
6hjp,6hjp_I:J|D:C,AG,6hjp_AG_u_0,6HJN,B:A
6hjp,6hjp_I:J|D:C,AG,6hjp_AG_u_1,6HJN,D:C
6hjp,6hjp_I:J|D:C,AG,6hjp_AG_u_2,6HJN,F:E
6hjp,6hjp_I:J|D:C,AG,6hjp_AG_u_3,6HJR,B:A
6hjp,6hjp_I:J|D:C,AG,6hjp_AG_u_4,6HJR,D:C
6hjp,6hjp_I:J|D:C,AB,6hjp_AB_u_0,6HKG,A:B
5tz2,5tz2_H:L|C,AG,5tz2_AG_u_0,2VSC,A
5tz2,5tz2_H:L|C,AG,5tz2_AG_u_1,2VSC,B
5tz2,5tz2_H:L|C,AG,5tz2_AG_u_2,2VSC,C
5tz2,5tz2_H:L|C,AG,5tz2_AG_u_3,2VSC,D
6ieq,6ieq_D:E|B,AG,6ieq_AG_u_0,4HLR,A
6ieq,6ieq_D:E|B,AG,6ieq_AG_u_1,3AHA,C
6ieq,6ieq_D:E|B,AG,6ieq_AG_u_2,3AHA,E
6ieq,6ieq_D:E|B,AG,6ieq_AG_u_3,3AHA,A
6ieq,6ieq_D:E|B,AG,6ieq_AG_u_4,3AHA,B
6ieq,6ieq_D:E|B,AB,6ieq_AB_u_0,4TOY,H:L
6hjp,6hjp_K:L|F:E,AG,6hjp_AG_u_0,6HJN,B:A
6hjp,6hjp_K:L|F:E,AG,6hjp_AG_u_1,6HJN,D:C
6hjp,6hjp_K:L|F:E,AG,6hjp_AG_u_2,6HJN,F:E
6hjp,6hjp_K:L|F:E,AG,6hjp_AG_u_3,6HJR,B:A
6hjp,6hjp_K:L|F:E,AG,6hjp_AG_u_4,6HJR,D:C
6hjp,6hjp_K:L|F:E,AB,6hjp_AB_u_0,6HKG,A:B
5yoy,5yoy_P:M|K,AG,5yoy_AG_u_0,5UUI,A
5yoy,5yoy_P:M|K,AG,5yoy_AG_u_1,4TSV,A
5yoy,5yoy_P:M|K,AG,5yoy_AG_u_2,2AZ5,A
5yoy,5yoy_P:M|K,AG,5yoy_AG_u_3,2AZ5,B
5yoy,5yoy_P:M|K,AG,5yoy_AG_u_4,2AZ5,C
5w9k,5w9k_H:I|G,AG,5w9k_AG_u_0,4NCU,A
5w9k,5w9k_H:I|G,AG,5w9k_AG_u_1,4NCW,A
5w9k,5w9k_H:I|G,AG,5w9k_AG_u_2,4NCW,B
5w9k,5w9k_H:I|G,AG,5w9k_AG_u_3,4NCW,C
5w9k,5w9k_H:I|G,AG,5w9k_AG_u_4,5X4R,A
5w9k,5w9k_H:I|G,AB,5w9k_AB_u_0,5VZR,A:B
5w9k,5w9k_H:I|G,AB,5w9k_AB_u_1,5VZR,H:L
5wob,5wob_U:V|G,AG,5wob_AG_u_0,4PFC,A
5wob,5wob_U:V|G,AG,5wob_AG_u_1,4PFC,B
5wob,5wob_U:V|G,AG,5wob_AG_u_2,4PF7,A
5wob,5wob_U:V|G,AG,5wob_AG_u_3,4PF7,B
5wob,5wob_U:V|G,AG,5wob_AG_u_4,4PF9,A
3h42,3h42_H:L|B:A,AG,3h42_AG_u_0,6U26,A:A
3h42,3h42_H:L|B:A,AG,3h42_AG_u_1,6U26,B:B
3h42,3h42_H:L|B:A,AG,3h42_AG_u_2,2P4E,A:A
3h42,3h42_H:L|B:A,AG,3h42_AG_u_3,2P4E,P:P
3h42,3h42_H:L|B:A,AG,3h42_AG_u_4,6U2P,A:A
2exw,2exw_C:D|A,AG,2exw_AG_u_0,3NMO,A
2exw,2exw_C:D|A,AG,2exw_AG_u_1,4FTP,A
2exw,2exw_C:D|A,AG,2exw_AG_u_2,1KPK,A
2exw,2exw_C:D|A,AG,2exw_AG_u_3,1KPK,B
2exw,2exw_C:D|A,AG,2exw_AG_u_4,1KPK,C
3s36,3s36_H:L|X,AB,3s36_AB_u_0,3S34,H:L
3u9p,3u9p_H:L|D,AG,3u9p_AG_u_0,3S26,A
6k5f,6k5f_C:D|A,AG,6k5f_AG_u_0,3NMO,A
6k5f,6k5f_C:D|A,AG,6k5f_AG_u_1,4FTP,A
6k5f,6k5f_C:D|A,AG,6k5f_AG_u_2,1KPK,A
6k5f,6k5f_C:D|A,AG,6k5f_AG_u_3,1KPK,B
6k5f,6k5f_C:D|A,AG,6k5f_AG_u_4,1KPK,C
5e8e,5e8e_B:A|H,AG,5e8e_AG_u_0,6PXJ,B
5e8e,5e8e_B:A|H,AG,5e8e_AG_u_1,6PXJ,H
5e8e,5e8e_B:A|H,AG,5e8e_AG_u_2,5JDU,A
5e8e,5e8e_B:A|H,AG,5e8e_AG_u_3,5JDU,B
5e8e,5e8e_B:A|H,AG,5e8e_AG_u_4,5JDU,C
5ugy,5ugy_I:M|C,AG,5ugy_AG_u_0,6CHX,A
5ugy,5ugy_I:M|C,AG,5ugy_AG_u_1,6CHX,B
5ugy,5ugy_I:M|C,AG,5ugy_AG_u_2,4EDB,A
5ugy,5ugy_I:M|C,AG,5ugy_AG_u_3,4EDB,C
5ugy,5ugy_I:M|C,AG,5ugy_AG_u_4,4EDB,E
5ugy,5ugy_I:M|C,AB,5ugy_AB_u_0,4WUK,H:L
4gxu,4gxu_M:N|A,AG,4gxu_AG_u_0,4JUG,A
4gxu,4gxu_M:N|A,AG,4gxu_AG_u_1,4JUG,C
4gxu,4gxu_M:N|A,AG,4gxu_AG_u_2,4JUG,E
4gxu,4gxu_M:N|A,AG,4gxu_AG_u_3,4JUG,G
4gxu,4gxu_M:N|A,AG,4gxu_AG_u_4,4JUG,I
4gxu,4gxu_M:N|A,AB,4gxu_AB_u_0,4GXV,H:L
4gxu,4gxu_M:N|A,AB,4gxu_AB_u_1,4GXV,I:M
5wob,5wob_S:T|F,AG,5wob_AG_u_0,4PFC,A
5wob,5wob_S:T|F,AG,5wob_AG_u_1,4PFC,B
5wob,5wob_S:T|F,AG,5wob_AG_u_2,4PF7,A
5wob,5wob_S:T|F,AG,5wob_AG_u_3,4PF7,B
5wob,5wob_S:T|F,AG,5wob_AG_u_4,4PF9,A
6n1v,6n1v_Q:R|C,AB,6n1v_AB_u_0,5JXA,H:L
1yqv,1yqv_H:L|Y,AG,1yqv_AG_u_0,6RT3,A
1yqv,1yqv_H:L|Y,AG,1yqv_AG_u_1,6ADF,A
1yqv,1yqv_H:L|Y,AG,1yqv_AG_u_2,6ABN,A
1yqv,1yqv_H:L|Y,AG,1yqv_AG_u_3,6FSJ,A
1yqv,1yqv_H:L|Y,AG,1yqv_AG_u_4,6F9Z,A
6h06,6h06_H:L|I,AG,6h06_AG_u_0,6NWP,A
6h06,6h06_H:L|I,AG,6h06_AG_u_1,6NWP,B
6h06,6h06_H:L|I,AG,6h06_AG_u_2,6NWP,C
6h06,6h06_H:L|I,AG,6h06_AG_u_3,6NWP,D
6h06,6h06_H:L|I,AG,6h06_AG_u_4,6NWP,E
6h06,6h06_H:L|I,AB,6h06_AB_u_0,5V7U,H:L
5mhr,5mhr_K:J|C,AG,5mhr_AG_u_0,2OJ5,A
5mhr,5mhr_K:J|C,AG,5mhr_AG_u_1,2OJ5,B
5mhr,5mhr_K:J|C,AG,5mhr_AG_u_2,2OJ5,C
5mhr,5mhr_K:J|C,AG,5mhr_AG_u_3,2OJ5,D
5mhr,5mhr_K:J|C,AG,5mhr_AG_u_4,2OJ5,E
5o6v,5o6v_H:L|B,AG,5o6v_AG_u_0,1SVB,A
5o6v,5o6v_H:L|B,AG,5o6v_AG_u_1,1URZ,A
5o6v,5o6v_H:L|B,AG,5o6v_AG_u_2,1URZ,B
5o6v,5o6v_H:L|B,AG,5o6v_AG_u_3,1URZ,C
5o6v,5o6v_H:L|B,AG,5o6v_AG_u_4,1URZ,D
3lzf,3lzf_H:L|A,AG,3lzf_AG_u_0,4JUG,A
3lzf,3lzf_H:L|A,AG,3lzf_AG_u_1,4JUG,C
3lzf,3lzf_H:L|A,AG,3lzf_AG_u_2,4JUG,E
3lzf,3lzf_H:L|A,AG,3lzf_AG_u_3,4JUG,G
3lzf,3lzf_H:L|A,AG,3lzf_AG_u_4,4JUG,I
3lzf,3lzf_H:L|A,AB,3lzf_AB_u_0,3QHZ,H:L
3lzf,3lzf_H:L|A,AB,3lzf_AB_u_1,3QHZ,I:M
4mqx,4mqx_C:D|A,AG,4mqx_AG_u_0,3NMO,A
4mqx,4mqx_C:D|A,AG,4mqx_AG_u_1,4FTP,A
4mqx,4mqx_C:D|A,AG,4mqx_AG_u_2,1KPK,A
4mqx,4mqx_C:D|A,AG,4mqx_AG_u_3,1KPK,B
4mqx,4mqx_C:D|A,AG,4mqx_AG_u_4,1KPK,C
5t3s,5t3s_D:E|B,AB,5t3s_AB_u_0,4TOY,H:L
5o1r,5o1r_H:L|A,AG,5o1r_AG_u_0,6CUJ,A
5o1r,5o1r_H:L|A,AG,5o1r_AG_u_1,6CUJ,B
5o1r,5o1r_H:L|A,AG,5o1r_AG_u_2,2LFU,A
5o1r,5o1r_H:L|A,AB,5o1r_AB_u_0,5NYX,H:L
5o1r,5o1r_H:L|A,AB,5o1r_AB_u_1,5NYX,M:N
5o1r,5o1r_H:L|A,AB,5o1r_AB_u_2,5NYX,O:P
3gjf,3gjf_H:L|A:C,AB,3gjf_AB_u_0,3GJE,B:A
3gjf,3gjf_H:L|A:C,AB,3gjf_AB_u_1,3GJE,H:L
4ogx,4ogx_H:L|A,AG,4ogx_AG_u_0,6I44,A
4ogx,4ogx_H:L|A,AG,4ogx_AG_u_1,2ANY,A
4ogx,4ogx_H:L|A,AG,4ogx_AG_u_2,5TJX,A
4ogx,4ogx_H:L|A,AG,4ogx_AG_u_3,6O1S,E
4ogx,4ogx_H:L|A,AG,4ogx_AG_u_4,2ANW,A
4ogx,4ogx_H:L|A,AB,4ogx_AB_u_0,4PUB,H:L
4am0,4am0_C:D|T,AG,4am0_AG_u_0,3WE1,A
4am0,4am0_C:D|T,AG,4am0_AG_u_1,3WE1,B
4am0,4am0_C:D|T,AG,4am0_AG_u_2,2H0P,A
5dhv,5dhv_H:L|M,AG,5dhv_AG_u_0,6BSY,A
5dhv,5dhv_H:L|M,AG,5dhv_AG_u_1,6BSY,B
5dhv,5dhv_H:L|M,AG,5dhv_AG_u_2,3LPH,A
5dhv,5dhv_H:L|M,AG,5dhv_AG_u_3,3LPH,B
5dhv,5dhv_H:L|M,AG,5dhv_AG_u_4,3LPH,C
2r9h,2r9h_E:F|B,AG,2r9h_AG_u_0,3NMO,A
2r9h,2r9h_E:F|B,AG,2r9h_AG_u_1,4FTP,A
2r9h,2r9h_E:F|B,AG,2r9h_AG_u_2,1KPK,A
2r9h,2r9h_E:F|B,AG,2r9h_AG_u_3,1KPK,B
2r9h,2r9h_E:F|B,AG,2r9h_AG_u_4,1KPK,C
6pe8,6pe8_H:L|T,AB,6pe8_AB_u_0,6PE7,H:L
5ggt,5ggt_H:L|A,AG,5ggt_AG_u_0,6NP9,A
5ggt,5ggt_H:L|A,AG,5ggt_AG_u_1,5N2F,A
5ggt,5ggt_H:L|A,AG,5ggt_AG_u_2,5N2F,B
5ggt,5ggt_H:L|A,AG,5ggt_AG_u_3,5C3T,A
5ggt,5ggt_H:L|A,AG,5ggt_AG_u_4,4Z18,A
6mhg,6mhg_J:U|E,AG,6mhg_AG_u_0,3VDJ,A
6mhg,6mhg_J:U|E,AG,6mhg_AG_u_1,3VDK,A
6mhg,6mhg_J:U|E,AG,6mhg_AG_u_2,3VDL,A
6mhg,6mhg_J:U|E,AG,6mhg_AG_u_3,3VDL,B
6mhg,6mhg_J:U|E,AG,6mhg_AG_u_4,3VDL,C
4aei,4aei_I:M|B,AG,4aei_AG_u_0,1AHO,A
4aei,4aei_I:M|B,AG,4aei_AG_u_1,1PTX,A
6dfj,6dfj_H:L|E,AG,6dfj_AG_u_0,4GSX,A
6dfj,6dfj_H:L|E,AG,6dfj_AG_u_1,4GSX,B
6dfj,6dfj_H:L|E,AG,6dfj_AG_u_2,3IRC,A
6dfj,6dfj_H:L|E,AG,6dfj_AG_u_3,4GT0,A
6dfj,6dfj_H:L|E,AG,6dfj_AG_u_4,4GT0,B
3j3p,3j3p_HL1,AG,3j3p_AG_u_0,1POV,1
3j3p,3j3p_HL1,AG,3j3p_AG_u_1,1AL2,1
3j3p,3j3p_HL1,AG,3j3p_AG_u_2,1PO2,1
3j3p,3j3p_HL1,AG,3j3p_AG_u_3,1VBD,1
3j3p,3j3p_HL1,AG,3j3p_AG_u_4,1AR6,1
2i9l,2i9l_F:E|K,AG,2i9l_AG_u_0,1YPY,A
2i9l,2i9l_F:E|K,AG,2i9l_AG_u_1,1YPY,B
6cmg,6cmg_C:B|A,AG,6cmg_AG_u_0,6PD4,A
6cmg,6cmg_C:B|A,AG,6cmg_AG_u_1,6PD4,B
6cmg,6cmg_C:B|A,AG,6cmg_AG_u_2,2X9M,A
6cmg,6cmg_C:B|A,AG,6cmg_AG_u_3,2X9M,B
6cmg,6cmg_C:B|A,AG,6cmg_AG_u_4,2X9M,C
1g7l,1g7l_B:A|C,AG,1g7l_AG_u_0,6RT3,A
1g7l,1g7l_B:A|C,AG,1g7l_AG_u_1,6ADF,A
1g7l,1g7l_B:A|C,AG,1g7l_AG_u_2,6ABN,A
1g7l,1g7l_B:A|C,AG,1g7l_AG_u_3,6FSJ,A
1g7l,1g7l_B:A|C,AG,1g7l_AG_u_4,6F9Z,A
1g7l,1g7l_B:A|C,AB,1g7l_AB_u_0,1VFA,B:A
1g7l,1g7l_B:A|C,AB,1g7l_AB_u_1,1A7P,H:L
1g7l,1g7l_B:A|C,AB,1g7l_AB_u_2,1A7N,H:L
1g7l,1g7l_B:A|C,AB,1g7l_AB_u_3,1A7R,H:L
1g7l,1g7l_B:A|C,AB,1g7l_AB_u_4,1CIC,D:C
6n1w,6n1w_56C,AB,6n1w_AB_u_0,4JY5,H:L
2atk,2atk_A:B|C,AG,2atk_AG_u_0,2QTO,A
2atk,2atk_A:B|C,AG,2atk_AG_u_1,2QTO,B
2atk,2atk_A:B|C,AG,2atk_AG_u_2,2QTO,C
2atk,2atk_A:B|C,AG,2atk_AG_u_3,2QTO,D
2atk,2atk_A:B|C,AG,2atk_AG_u_4,3IFX,A
1v7n,1v7n_K:O|Z,AB,1v7n_AB_u_0,2ZKH,H:L
4oly,4oly_H:L|G,AG,4oly_AG_u_0,6ONE,A
4oly,4oly_H:L|G,AG,4oly_AG_u_1,6ONH,A
4odx,4odx_H:B|X,AG,4odx_AG_u_0,3LF6,A
4odx,4odx_H:B|X,AG,4odx_AG_u_1,3LF6,B
4odx,4odx_H:B|X,AG,4odx_AG_u_2,3T43,A
4odx,4odx_H:B|X,AG,4odx_AG_u_3,3T43,B
4odx,4odx_H:B|X,AB,4odx_AB_u_0,4OB5,H:L
4odx,4odx_H:B|X,AB,4odx_AB_u_1,4LRN,H:L
6a78,6a78_I:M|B,AG,6a78_AG_u_0,5O5I,A
6a78,6a78_I:M|B,AG,6a78_AG_u_1,2EO9,A
2fx8,2fx8_J:N|R,AB,2fx8_AB_u_0,4LLV,A:B
2fx8,2fx8_J:N|R,AB,2fx8_AB_u_1,4LLV,C:D
2fx8,2fx8_J:N|R,AB,2fx8_AB_u_2,4LLV,E:F
2fx8,2fx8_J:N|R,AB,2fx8_AB_u_3,4LLV,H:L
2fx8,2fx8_J:N|R,AB,2fx8_AB_u_4,5CIP,A:B
3vga,3vga_C:B|A,AG,3vga_AG_u_0,4UHR,A
3vga,3vga_C:B|A,AG,3vga_AG_u_1,4UG2,A
3vga,3vga_C:B|A,AG,3vga_AG_u_2,4UG2,B
3vga,3vga_C:B|A,AG,3vga_AG_u_3,2YDV,A
3vga,3vga_C:B|A,AG,3vga_AG_u_4,2YDO,A
6niu,6niu_I:J|A,AG,6niu_AG_u_0,5JHM,A
6niu,6niu_I:J|A,AG,6niu_AG_u_1,5JHM,B
6niu,6niu_I:J|A,AG,6niu_AG_u_2,5OMZ,A
6niu,6niu_I:J|A,AB,6niu_AB_u_0,6MTY,H:L
3dro,3dro_B:A|P,AB,3dro_AB_u_0,2PR4,H:L
2i60,2i60_H:L|G,AB,2i60_AB_u_0,1RZ8,B:A
2i60,2i60_H:L|G,AB,2i60_AB_u_1,1RZ8,D:C
1u8j,1u8j_B:A|C,AB,1u8j_AB_u_0,2PR4,H:L
4f15,4f15_H:I|G,AG,4f15_AG_u_0,6GOL,A
4f15,4f15_H:I|G,AG,4f15_AG_u_1,4EDB,B
4f15,4f15_H:I|G,AG,4f15_AG_u_2,4EDB,D
4f15,4f15_H:I|G,AG,4f15_AG_u_3,4EDB,F
4f15,4f15_H:I|G,AG,4f15_AG_u_4,4EDA,A
3jbq,3jbq_H:L|F,AG,3jbq_AG_u_0,3JWQ,A
3jbq,3jbq_H:L|F,AG,3jbq_AG_u_1,3JWQ,B
3jbq,3jbq_H:L|F,AG,3jbq_AG_u_2,3JWQ,C
3jbq,3jbq_H:L|F,AG,3jbq_AG_u_3,3JWQ,D
5xcu,5xcu_D:E|F,AB,5xcu_AB_u_0,4NR2,A:A
5xcu,5xcu_D:E|F,AB,5xcu_AB_u_1,4NR2,B:B
5xcu,5xcu_D:E|F,AB,5xcu_AB_u_2,4NR2,C:C
5xcu,5xcu_D:E|F,AB,5xcu_AB_u_3,4NR2,D:D
5xcu,5xcu_D:E|F,AB,5xcu_AB_u_4,4NR2,E:E
4uif,4uif_K:L|C,AG,4uif_AG_u_0,1OK8,A
4uif,4uif_K:L|C,AG,4uif_AG_u_1,1OKE,A
4uif,4uif_K:L|C,AG,4uif_AG_u_2,1OKE,B
4uif,4uif_K:L|C,AG,4uif_AG_u_3,1TG8,A
4uif,4uif_K:L|C,AG,4uif_AG_u_4,1OAN,A
4c2i,4c2i_H:L|C,AG,4c2i_AG_u_0,4GSX,A
4c2i,4c2i_H:L|C,AG,4c2i_AG_u_1,4GSX,B
4c2i,4c2i_H:L|C,AG,4c2i_AG_u_2,3IRC,A
4c2i,4c2i_H:L|C,AG,4c2i_AG_u_3,4GT0,A
4c2i,4c2i_H:L|C,AG,4c2i_AG_u_4,4GT0,B
5y11,5y11_A:B|C,AG,5y11_AG_u_0,5Y10,C
6iw2,6iw2_H:I|G,AG,6iw2_AG_u_0,6IW4,A
6iw2,6iw2_H:I|G,AG,6iw2_AG_u_1,6IW4,B
6iw2,6iw2_H:I|G,AG,6iw2_AG_u_2,6IW1,A
6iw2,6iw2_H:I|G,AG,6iw2_AG_u_3,6IW1,B
6iw2,6iw2_H:I|G,AG,6iw2_AG_u_4,6IW1,C
1mlc,1mlc_B:A|E,AG,1mlc_AG_u_0,6RT3,A
1mlc,1mlc_B:A|E,AG,1mlc_AG_u_1,6ADF,A
1mlc,1mlc_B:A|E,AG,1mlc_AG_u_2,6ABN,A
1mlc,1mlc_B:A|E,AG,1mlc_AG_u_3,6FSJ,A
1mlc,1mlc_B:A|E,AG,1mlc_AG_u_4,6F9Z,A
1mlc,1mlc_B:A|E,AB,1mlc_AB_u_0,1MLB,B:A
6ada,6ada_C:D|A,AG,6ada_AG_u_0,3NMO,A
6ada,6ada_C:D|A,AG,6ada_AG_u_1,4FTP,A
6ada,6ada_C:D|A,AG,6ada_AG_u_2,1KPK,A
6ada,6ada_C:D|A,AG,6ada_AG_u_3,1KPK,B
6ada,6ada_C:D|A,AG,6ada_AG_u_4,1KPK,C
6mhg,6mhg_H:L|E,AG,6mhg_AG_u_0,3VDJ,A
6mhg,6mhg_H:L|E,AG,6mhg_AG_u_1,3VDK,A
6mhg,6mhg_H:L|E,AG,6mhg_AG_u_2,3VDL,A
6mhg,6mhg_H:L|E,AG,6mhg_AG_u_3,3VDL,B
6mhg,6mhg_H:L|E,AG,6mhg_AG_u_4,3VDL,C
6o3b,6o3b_G:E|H,AG,6o3b_AG_u_0,5T44,A
6o3b,6o3b_G:E|H,AG,6o3b_AG_u_1,5T44,B
6o3b,6o3b_G:E|H,AG,6o3b_AG_u_2,5URV,A
6o3b,6o3b_G:E|H,AG,6o3b_AG_u_3,5URV,B
6o3b,6o3b_G:E|H,AG,6o3b_AG_u_4,5WBS,A
3u9u,3u9u_A:B|F,AG,3u9u_AG_u_0,2AHX,A
3u9u,3u9u_A:B|F,AG,3u9u_AG_u_1,2AHX,B
3u9u,3u9u_A:B|F,AG,3u9u_AG_u_2,3U2P,A
4u0r,4u0r_B:C|A,AG,4u0r_AG_u_0,4WAT,A
2adf,2adf_H:L|A,AG,2adf_AG_u_0,1ATZ,A
2adf,2adf_H:L|A,AG,2adf_AG_u_1,1ATZ,B
2adf,2adf_H:L|A,AG,2adf_AG_u_2,1AO3,A
2adf,2adf_H:L|A,AG,2adf_AG_u_3,1AO3,B
6apd,6apd_J:L|C,AG,6apd_AG_u_0,6EAD,F
6apd,6apd_J:L|C,AG,6apd_AG_u_1,6EAE,F
2ny1,2ny1_D:C|A,AB,2ny1_AB_u_0,1RZ8,B:A
2ny1,2ny1_D:C|A,AB,2ny1_AB_u_1,1RZ8,D:C
5mp1,5mp1_F:G|E,AG,5mp1_AG_u_0,6NWP,A
5mp1,5mp1_F:G|E,AG,5mp1_AG_u_1,6NWP,B
5mp1,5mp1_F:G|E,AG,5mp1_AG_u_2,6NWP,C
5mp1,5mp1_F:G|E,AG,5mp1_AG_u_3,6NWP,D
5mp1,5mp1_F:G|E,AG,5mp1_AG_u_4,6NWP,E
5mp1,5mp1_F:G|E,AB,5mp1_AB_u_0,4OZ4,A:B
5mp1,5mp1_F:G|E,AB,5mp1_AB_u_1,4OZ4,H:L
1u8n,1u8n_B:A|C,AB,1u8n_AB_u_0,2PR4,H:L
4yk4,4yk4_C:B|A,AG,4yk4_AG_u_0,6CHX,A
4yk4,4yk4_C:B|A,AG,4yk4_AG_u_1,6CHX,B
4yk4,4yk4_C:B|A,AG,4yk4_AG_u_2,4EDB,A
4yk4,4yk4_C:B|A,AG,4yk4_AG_u_3,4EDB,C
4yk4,4yk4_C:B|A,AG,4yk4_AG_u_4,4EDB,E
5yy5,5yy5_H:L|A,AG,5yy5_AG_u_0,4L3N,A
5yy5,5yy5_H:L|A,AG,5yy5_AG_u_1,4L3N,B
5yy5,5yy5_H:L|A,AG,5yy5_AG_u_2,6Q04,A
5yy5,5yy5_H:L|A,AG,5yy5_AG_u_3,6Q04,B
5yy5,5yy5_H:L|A,AG,5yy5_AG_u_4,6Q04,C
6i8s,6i8s_G:K|C,AG,6i8s_AG_u_0,1LJ5,A
6i8s,6i8s_G:K|C,AG,6i8s_AG_u_1,3CVM,A
6i8s,6i8s_G:K|C,AG,6i8s_AG_u_2,3CVM,B
6i8s,6i8s_G:K|C,AG,6i8s_AG_u_3,1DVN,A
6i8s,6i8s_G:K|C,AG,6i8s_AG_u_4,4G8R,A
4s1s,4s1s_H:L|G,AG,4s1s_AG_u_0,6ONE,A
4s1s,4s1s_H:L|G,AG,4s1s_AG_u_1,6ONH,A
4kk5,4kk5_E:F|B,AG,4kk5_AG_u_0,3NMO,A
4kk5,4kk5_E:F|B,AG,4kk5_AG_u_1,4FTP,A
4kk5,4kk5_E:F|B,AG,4kk5_AG_u_2,1KPK,A
4kk5,4kk5_E:F|B,AG,4kk5_AG_u_3,1KPK,B
4kk5,4kk5_E:F|B,AG,4kk5_AG_u_4,1KPK,C
3l5w,3l5w_B:A|J,AG,3l5w_AG_u_0,1IK0,A
3l5w,3l5w_B:A|J,AG,3l5w_AG_u_1,1IJZ,A
3l5w,3l5w_B:A|J,AG,3l5w_AG_u_2,1GA3,A
3l5w,3l5w_B:A|J,AB,3l5w_AB_u_0,3L7E,B:A
3l5w,3l5w_B:A|J,AB,3l5w_AB_u_1,3L7E,H:L
5ywy,5ywy_H:L|A,AB,5ywy_AB_u_0,5YFI,H:L
5w08,5w08_I:J|B,AG,5w08_AG_u_0,4WE8,A
5w08,5w08_I:J|B,AG,5w08_AG_u_1,4WEA,A
5w08,5w08_I:J|B,AG,5w08_AG_u_2,4WE9,A
4lou,4lou_C:D|A,AG,4lou_AG_u_0,3NMO,A
4lou,4lou_C:D|A,AG,4lou_AG_u_1,4FTP,A
4lou,4lou_C:D|A,AG,4lou_AG_u_2,1KPK,A
4lou,4lou_C:D|A,AG,4lou_AG_u_3,1KPK,B
4lou,4lou_C:D|A,AG,4lou_AG_u_4,1KPK,C
2ht3,2ht3_C:D|A,AG,2ht3_AG_u_0,3NMO,A
2ht3,2ht3_C:D|A,AG,2ht3_AG_u_1,4FTP,A
2ht3,2ht3_C:D|A,AG,2ht3_AG_u_2,1KPK,A
2ht3,2ht3_C:D|A,AG,2ht3_AG_u_3,1KPK,B
2ht3,2ht3_C:D|A,AG,2ht3_AG_u_4,1KPK,C
6cxg,6cxg_H:L|A,AB,6cxg_AB_u_0,6N35,H:K
6cxg,6cxg_H:L|A,AB,6cxg_AB_u_1,6N35,M:L
6cxg,6cxg_H:L|A,AB,6cxg_AB_u_2,3OAZ,H:K
6cxg,6cxg_H:L|A,AB,6cxg_AB_u_3,3OAZ,M:L
6cxg,6cxg_H:L|A,AB,6cxg_AB_u_4,4RBP,H:K
3t2n,3t2n_H:L|A,AG,3t2n_AG_u_0,1O5E,H
3t2n,3t2n_H:L|A,AG,3t2n_AG_u_1,1O5E,L
3t2n,3t2n_H:L|A,AG,3t2n_AG_u_2,1P57,A
3t2n,3t2n_H:L|A,AG,3t2n_AG_u_3,1P57,B
3t2n,3t2n_H:L|A,AG,3t2n_AG_u_4,1O5F,H
5yoy,5yoy_Q:N|L,AG,5yoy_AG_u_0,5UUI,A
5yoy,5yoy_Q:N|L,AG,5yoy_AG_u_1,4TSV,A
5yoy,5yoy_Q:N|L,AG,5yoy_AG_u_2,2AZ5,A
5yoy,5yoy_Q:N|L,AG,5yoy_AG_u_3,2AZ5,B
5yoy,5yoy_Q:N|L,AG,5yoy_AG_u_4,2AZ5,C
6k5i,6k5i_E:F|B,AG,6k5i_AG_u_0,3NMO,A
6k5i,6k5i_E:F|B,AG,6k5i_AG_u_1,4FTP,A
6k5i,6k5i_E:F|B,AG,6k5i_AG_u_2,1KPK,A
6k5i,6k5i_E:F|B,AG,6k5i_AG_u_3,1KPK,B
6k5i,6k5i_E:F|B,AG,6k5i_AG_u_4,1KPK,C
6pzz,6pzz_K:J|D,AG,6pzz_AG_u_0,6PZD,A
6pzz,6pzz_K:J|D,AG,6pzz_AG_u_1,5L18,A
6pzz,6pzz_K:J|D,AG,6pzz_AG_u_2,4MWU,A
6pzz,6pzz_K:J|D,AG,6pzz_AG_u_3,4MWL,A
6pzz,6pzz_K:J|D,AG,6pzz_AG_u_4,4MWJ,A
6pzz,6pzz_K:J|D,AB,6pzz_AB_u_0,6PZG,H:L
5vzy,5vzy_H:L|A,AG,5vzy_AG_u_0,5BUO,A
5vzy,5vzy_H:L|A,AG,5vzy_AG_u_1,5BUO,B
5vzy,5vzy_H:L|A,AG,5vzy_AG_u_2,5OQV,A
5vzy,5vzy_H:L|A,AG,5vzy_AG_u_3,5OQV,B
5vzy,5vzy_H:L|A,AG,5vzy_AG_u_4,5OQV,C
5vzy,5vzy_H:L|A,AB,5vzy_AB_u_0,5VZX,E:I
5vzy,5vzy_H:L|A,AB,5vzy_AB_u_1,5VZX,H:L
2fjg,2fjg_B:A|V,AG,2fjg_AG_u_0,1MKK,A
2fjg,2fjg_B:A|V,AG,2fjg_AG_u_1,1MKK,B
2fjg,2fjg_B:A|V,AG,2fjg_AG_u_2,4KZN,A
2fjg,2fjg_B:A|V,AG,2fjg_AG_u_3,3QTK,A
2fjg,2fjg_B:A|V,AG,2fjg_AG_u_4,3QTK,B
2fjg,2fjg_B:A|V,AB,2fjg_AB_u_0,3AUV,A
2fjg,2fjg_B:A|V,AB,2fjg_AB_u_1,3AUV,B
2fjg,2fjg_B:A|V,AB,2fjg_AB_u_2,3AUV,C
2fjg,2fjg_B:A|V,AB,2fjg_AB_u_3,3AUV,D
2fjg,2fjg_B:A|V,AB,2fjg_AB_u_4,3AUV,E
2x7l,2x7l_G:I|M,AG,2x7l_AG_u_0,6BSY,A
2x7l,2x7l_G:I|M,AG,2x7l_AG_u_1,6BSY,B
2x7l,2x7l_G:I|M,AG,2x7l_AG_u_2,3LPH,A
2x7l,2x7l_G:I|M,AG,2x7l_AG_u_3,3LPH,B
2x7l,2x7l_G:I|M,AG,2x7l_AG_u_4,3LPH,C
2ht3,2ht3_E:F|B,AG,2ht3_AG_u_0,3NMO,A
2ht3,2ht3_E:F|B,AG,2ht3_AG_u_1,4FTP,A
2ht3,2ht3_E:F|B,AG,2ht3_AG_u_2,1KPK,A
2ht3,2ht3_E:F|B,AG,2ht3_AG_u_3,1KPK,B
2ht3,2ht3_E:F|B,AG,2ht3_AG_u_4,1KPK,C
5vke,5vke_A:B|C,AG,5vke_AG_u_0,1JVM,A
5vke,5vke_A:B|C,AG,5vke_AG_u_1,1JVM,B
5vke,5vke_A:B|C,AG,5vke_AG_u_2,1JVM,C
5vke,5vke_A:B|C,AG,5vke_AG_u_3,1JVM,D
5vke,5vke_A:B|C,AG,5vke_AG_u_4,1J95,A
6j5f,6j5f_H:L|A,AG,6j5f_AG_u_0,1SVB,A
6j5f,6j5f_H:L|A,AG,6j5f_AG_u_1,1URZ,A
6j5f,6j5f_H:L|A,AG,6j5f_AG_u_2,1URZ,B
6j5f,6j5f_H:L|A,AG,6j5f_AG_u_3,1URZ,C
6j5f,6j5f_H:L|A,AG,6j5f_AG_u_4,1URZ,D
5hj3,5hj3_M:N|L:K,AG,5hj3_AG_u_0,6G9I,B:A
5hj3,5hj3_M:N|L:K,AG,5hj3_AG_u_1,6G95,B:A
5hj3,5hj3_M:N|L:K,AB,5hj3_AB_u_0,3INU,H:L
5hj3,5hj3_M:N|L:K,AB,5hj3_AB_u_1,3INU,M:N
6iec,6iec_J:K|I,AG,6iec_AG_u_0,6F8P,A
6iec,6iec_J:K|I,AG,6iec_AG_u_1,5Y0W,A
6iec,6iec_J:K|I,AG,6iec_AG_u_2,5Y0Y,A
6iec,6iec_J:K|I,AG,6iec_AG_u_3,6F9C,A
6iec,6iec_J:K|I,AG,6iec_AG_u_4,6F9C,C
2i9l,2i9l_D:C|J,AG,2i9l_AG_u_0,1YPY,A
2i9l,2i9l_D:C|J,AG,2i9l_AG_u_1,1YPY,B
6n5e,6n5e_G:F|B,AG,6n5e_AG_u_0,6BKM,A
6n5e,6n5e_G:F|B,AG,6n5e_AG_u_1,6BKM,C
6n5e,6n5e_G:F|B,AG,6n5e_AG_u_2,6BKM,E
6n5e,6n5e_G:F|B,AG,6n5e_AG_u_3,6BKQ,A
6n5e,6n5e_G:F|B,AG,6n5e_AG_u_4,6BKQ,C
3jwo,3jwo_H:L|A,AG,3jwo_AG_u_0,3DNL,A
3jwo,3jwo_H:L|A,AG,3jwo_AG_u_1,3DNL,B
3jwo,3jwo_H:L|A,AG,3jwo_AG_u_2,3DNL,C
3jwo,3jwo_H:L|A,AG,3jwo_AG_u_3,3DNL,D
3jwo,3jwo_H:L|A,AG,3jwo_AG_u_4,3DNL,E
3jwo,3jwo_H:L|A,AB,3jwo_AB_u_0,1RZ7,H:L
5d9q,5d9q_H:L|G,AB,5d9q_AB_u_0,4JY5,H:L
6bpe,6bpe_E:F|D,AG,6bpe_AG_u_0,5W53,A
6bpe,6bpe_E:F|D,AG,6bpe_AG_u_1,5W53,B
2otu,2otu_D:C|Q,AB,2otu_AB_u_0,2GSG,B:A
2otu,2otu_D:C|Q,AB,2otu_AB_u_1,2GSG,D:C
4ttd,4ttd_C:D|B,AG,4ttd_AG_u_0,6RT3,A
4ttd,4ttd_C:D|B,AG,4ttd_AG_u_1,6ADF,A
4ttd,4ttd_C:D|B,AG,4ttd_AG_u_2,6ABN,A
4ttd,4ttd_C:D|B,AG,4ttd_AG_u_3,6FSJ,A
4ttd,4ttd_C:D|B,AG,4ttd_AG_u_4,6F9Z,A
4c2i,4c2i_M:N|A,AG,4c2i_AG_u_0,4GSX,A
4c2i,4c2i_M:N|A,AG,4c2i_AG_u_1,4GSX,B
4c2i,4c2i_M:N|A,AG,4c2i_AG_u_2,3IRC,A
4c2i,4c2i_M:N|A,AG,4c2i_AG_u_3,4GT0,A
4c2i,4c2i_M:N|A,AG,4c2i_AG_u_4,4GT0,B
6plk,6plk_I:M|F,AG,6plk_AG_u_0,5JHM,A
6plk,6plk_I:M|F,AG,6plk_AG_u_1,5JHM,B
6plk,6plk_I:M|F,AG,6plk_AG_u_2,5LBV,A
6plk,6plk_I:M|F,AG,6plk_AG_u_3,5LBV,B
6plk,6plk_I:M|F,AG,6plk_AG_u_4,5OMZ,A
4gxu,4gxu_W:X|K,AG,4gxu_AG_u_0,4JUG,A
4gxu,4gxu_W:X|K,AG,4gxu_AG_u_1,4JUG,C
4gxu,4gxu_W:X|K,AG,4gxu_AG_u_2,4JUG,E
4gxu,4gxu_W:X|K,AG,4gxu_AG_u_3,4JUG,G
4gxu,4gxu_W:X|K,AG,4gxu_AG_u_4,4JUG,I
4gxu,4gxu_W:X|K,AB,4gxu_AB_u_0,4GXV,H:L
4gxu,4gxu_W:X|K,AB,4gxu_AB_u_1,4GXV,I:M
1nfd,1nfd_H:G|D,AG,1nfd_AG_u_0,3Q5Y,A
1nfd,1nfd_H:G|D,AG,1nfd_AG_u_1,3Q5Y,B
1nfd,1nfd_H:G|D,AG,1nfd_AG_u_2,3Q5Y,C
1nfd,1nfd_H:G|D,AG,1nfd_AG_u_3,3Q5Y,D
1otu,1otu_E:F|B,AG,1otu_AG_u_0,3NMO,A
1otu,1otu_E:F|B,AG,1otu_AG_u_1,4FTP,A
1otu,1otu_E:F|B,AG,1otu_AG_u_2,1KPK,A
1otu,1otu_E:F|B,AG,1otu_AG_u_3,1KPK,B
1otu,1otu_E:F|B,AG,1otu_AG_u_4,1KPK,C
4om1,4om1_H:L|G,AG,4om1_AG_u_0,6ONE,A
4om1,4om1_H:L|G,AG,4om1_AG_u_1,6ONH,A
1pz5,1pz5_B:A|C,AB,1pz5_AB_u_0,1M7D,B:A
1pz5,1pz5_B:A|C,AB,1pz5_AB_u_1,1M7I,B:A
1pz5,1pz5_B:A|C,AB,1pz5_AB_u_2,1M71,B:A
4yzf,4yzf_K:L|D,AG,4yzf_AG_u_0,4KY9,A
4yzf,4yzf_K:L|D,AG,4yzf_AG_u_1,4KY9,P
4yzf,4yzf_K:L|D,AG,4yzf_AG_u_2,1HYN,P
4yzf,4yzf_K:L|D,AG,4yzf_AG_u_3,1HYN,Q
4yzf,4yzf_K:L|D,AG,4yzf_AG_u_4,1HYN,R
4yzf,4yzf_K:L|D,AB,4yzf_AB_u_0,5A16,A:B
4yzf,4yzf_K:L|D,AB,4yzf_AB_u_1,5A16,C:D
4yzf,4yzf_K:L|D,AB,4yzf_AB_u_2,5A16,E:F
4yzf,4yzf_K:L|D,AB,4yzf_AB_u_3,5A16,G:H
5ggv,5ggv_H:L|Y,AG,5ggv_AG_u_0,3OSK,A
5ggv,5ggv_H:L|Y,AG,5ggv_AG_u_1,3OSK,B
5ggv,5ggv_H:L|Y,AG,5ggv_AG_u_2,2X44,D
5ggv,5ggv_H:L|Y,AG,5ggv_AG_u_3,1AH1,A
5ggv,5ggv_H:L|Y,AB,5ggv_AB_u_0,5GGU,A:B
5ggv,5ggv_H:L|Y,AB,5ggv_AB_u_1,5GGU,H:L
6glx,6glx_C:D|B,AG,6glx_AG_u_0,6GKS,A
6glx,6glx_C:D|B,AG,6glx_AG_u_1,6QRN,A
6glx,6glx_C:D|B,AG,6glx_AG_u_2,5XRG,A
6glx,6glx_C:D|B,AG,6glx_AG_u_3,5XRH,A
6glx,6glx_C:D|B,AG,6glx_AG_u_4,5XRN,A
6mg7,6mg7_H:L|G,AG,6mg7_AG_u_0,6ONE,A
6mg7,6mg7_H:L|G,AG,6mg7_AG_u_1,6ONH,A
2ez0,2ez0_C:D|A,AG,2ez0_AG_u_0,3NMO,A
2ez0,2ez0_C:D|A,AG,2ez0_AG_u_1,4FTP,A
2ez0,2ez0_C:D|A,AG,2ez0_AG_u_2,1KPK,A
2ez0,2ez0_C:D|A,AG,2ez0_AG_u_3,1KPK,B
2ez0,2ez0_C:D|A,AG,2ez0_AG_u_4,1KPK,C
6avr,6avr_H:L|B:A,AB,6avr_AB_u_0,5OPY,H:L
4gxu,4gxu_U:V|I,AG,4gxu_AG_u_0,4JUG,A
4gxu,4gxu_U:V|I,AG,4gxu_AG_u_1,4JUG,C
4gxu,4gxu_U:V|I,AG,4gxu_AG_u_2,4JUG,E
4gxu,4gxu_U:V|I,AG,4gxu_AG_u_3,4JUG,G
4gxu,4gxu_U:V|I,AG,4gxu_AG_u_4,4JUG,I
4gxu,4gxu_U:V|I,AB,4gxu_AB_u_0,4GXV,H:L
4gxu,4gxu_U:V|I,AB,4gxu_AB_u_1,4GXV,I:M
5esz,5esz_A:B|C,AB,5esz_AB_u_0,3TCL,A:B
5esz,5esz_A:B|C,AB,5esz_AB_u_1,3TCL,H:L
4xzu,4xzu_E:F|G,AG,4xzu_AG_u_0,3HNY,M
4xzu,4xzu_E:F|G,AG,4xzu_AG_u_1,3HNB,M
4xzu,4xzu_E:F|G,AG,4xzu_AG_u_2,1D7P,M
4xzu,4xzu_E:F|G,AG,4xzu_AG_u_3,3HOB,A
4xzu,4xzu_E:F|G,AG,4xzu_AG_u_4,3HOB,M
5aum,5aum_A:B|D,AG,5aum_AG_u_0,6JJU,A
5aum,5aum_A:B|D,AG,5aum_AG_u_1,5ZTF,A
6i8s,6i8s_F:J|B,AG,6i8s_AG_u_0,1LJ5,A
6i8s,6i8s_F:J|B,AG,6i8s_AG_u_1,3CVM,A
6i8s,6i8s_F:J|B,AG,6i8s_AG_u_2,3CVM,B
6i8s,6i8s_F:J|B,AG,6i8s_AG_u_3,1DVN,A
6i8s,6i8s_F:J|B,AG,6i8s_AG_u_4,4G8R,A
6ea5,6ea5_M:N|B:C:D,AB,6ea5_AB_u_0,6DZN,H:L
6um6,6um6_K:L|I,AB,6um6_AB_u_0,5TQA,A:B
6um6,6um6_K:L|I,AB,6um6_AB_u_1,5TQA,H:L
5tzt,5tzt_H:L|C,AG,5tzt_AG_u_0,2VSC,A
5tzt,5tzt_H:L|C,AG,5tzt_AG_u_1,2VSC,B
5tzt,5tzt_H:L|C,AG,5tzt_AG_u_2,2VSC,C
5tzt,5tzt_H:L|C,AG,5tzt_AG_u_3,2VSC,D
4kkb,4kkb_C:D|A,AG,4kkb_AG_u_0,3NMO,A
4kkb,4kkb_C:D|A,AG,4kkb_AG_u_1,4FTP,A
4kkb,4kkb_C:D|A,AG,4kkb_AG_u_2,1KPK,A
4kkb,4kkb_C:D|A,AG,4kkb_AG_u_3,1KPK,B
4kkb,4kkb_C:D|A,AG,4kkb_AG_u_4,1KPK,C
1e6j,1e6j_H:L|P,AG,1e6j_AG_u_0,6ES8,A
1e6j,1e6j_H:L|P,AG,1e6j_AG_u_1,5HGP,A
1e6j,1e6j_H:L|P,AG,1e6j_AG_u_2,6BHS,A
1e6j,1e6j_H:L|P,AG,1e6j_AG_u_3,6H09,A
1e6j,1e6j_H:L|P,AG,1e6j_AG_u_4,6ERM,A
1e6j,1e6j_H:L|P,AB,1e6j_AB_u_0,1E6O,H:L
4u6h,4u6h_A:B|E,AG,4u6h_AG_u_0,1YPY,A
4u6h,4u6h_A:B|E,AG,4u6h_AG_u_1,1YPY,B
6mek,6mek_F:E|C,AB,6mek_AB_u_0,6MEG,H:L
3mob,3mob_H:L|P,AB,3mob_AB_u_0,2PR4,H:L
6muf,6muf_D:E|B,AG,6muf_AG_u_0,4HLR,A
6muf,6muf_D:E|B,AG,6muf_AG_u_1,3VGX,C
6muf,6muf_D:E|B,AB,6muf_AB_u_0,4TOY,H:L
1bgx,1bgx_H:L|T,AG,1bgx_AG_u_0,5KTQ,A
1bgx,1bgx_H:L|T,AB,1bgx_AB_u_0,1AY1,H:L
5udc,5udc_B:C|A,AG,5udc_AG_u_0,5KWW,F
5udc,5udc_B:C|A,AG,5udc_AG_u_1,6EAK,F
5udc,5udc_B:C|A,AG,5udc_AG_u_2,6EAM,F
5udc,5udc_B:C|A,AG,5udc_AG_u_3,6EAL,F
5udc,5udc_B:C|A,AG,5udc_AG_u_4,6EAI,A
4leo,4leo_A:B|C,AG,4leo_AG_u_0,1M6B,A
4leo,4leo_A:B|C,AG,4leo_AG_u_1,1M6B,B
2oqj,2oqj_B:A|C,AB,2oqj_AB_u_0,6N35,H:K
2oqj,2oqj_B:A|C,AB,2oqj_AB_u_1,6N35,M:L
2oqj,2oqj_B:A|C,AB,2oqj_AB_u_2,3OAZ,H:K
2oqj,2oqj_B:A|C,AB,2oqj_AB_u_3,3OAZ,M:L
2oqj,2oqj_B:A|C,AB,2oqj_AB_u_4,4RBP,H:K
4q6i,4q6i_B:A|K,AG,4q6i_AG_u_0,1CDY,A
4q6i,4q6i_B:A|K,AG,4q6i_AG_u_1,3CD4,A
4q6i,4q6i_B:A|K,AG,4q6i_AG_u_2,1CDH,A
4q6i,4q6i_B:A|K,AG,4q6i_AG_u_3,1CDJ,A
4q6i,4q6i_B:A|K,AG,4q6i_AG_u_4,1CDU,A
6a0z,6a0z_H:L|A,AG,6a0z_AG_u_0,6GOL,A
6a0z,6a0z_H:L|A,AG,6a0z_AG_u_1,6PD3,A
6a0z,6a0z_H:L|A,AG,6a0z_AG_u_2,6CFG,A
6a0z,6a0z_H:L|A,AG,6a0z_AG_u_3,6CFG,B
6a0z,6a0z_H:L|A,AG,6a0z_AG_u_4,6PD5,A
6a0z,6a0z_H:L|A,AB,6a0z_AB_u_0,6A0X,A:B
6a0z,6a0z_H:L|A,AB,6a0z_AB_u_1,6A0X,C:D
6a0z,6a0z_H:L|A,AB,6a0z_AB_u_2,6A0X,E:F
6a0z,6a0z_H:L|A,AB,6a0z_AB_u_3,6A0X,G:H
6e63,6e63_H:L|P,AB,6e63_AB_u_0,6E65,H:L
5xj3,5xj3_J:K|L,AG,5xj3_AG_u_0,3OSK,A
5xj3,5xj3_J:K|L,AG,5xj3_AG_u_1,3OSK,B
5xj3,5xj3_J:K|L,AG,5xj3_AG_u_2,2X44,D
5xj3,5xj3_J:K|L,AG,5xj3_AG_u_3,1AH1,A
5xj3,5xj3_J:K|L,AB,5xj3_AB_u_0,6JC2,H:L
4wv1,4wv1_B:A|C,AG,4wv1_AG_u_0,3CAF,A
4wv1,4wv1_B:A|C,AG,4wv1_AG_u_1,3DAR,A
4wv1,4wv1_B:A|C,AG,4wv1_AG_u_2,3DAR,B
4wv1,4wv1_B:A|C,AG,4wv1_AG_u_3,3EUU,A
4wv1,4wv1_B:A|C,AG,4wv1_AG_u_4,3EUU,B
1xct,1xct_D:C|Q:M,AB,1xct_AB_u_0,1NLB,H:L
6ii9,6ii9_M:N|C,AG,6ii9_AG_u_0,4BSG,A
6ii9,6ii9_M:N|C,AG,6ii9_AG_u_1,4LN6,A
6ii9,6ii9_M:N|C,AG,6ii9_AG_u_2,4LN6,C
6ii9,6ii9_M:N|C,AG,6ii9_AG_u_3,4LN6,E
6ii9,6ii9_M:N|C,AG,6ii9_AG_u_4,4LN6,G
4xvt,4xvt_H:L|G,AG,4xvt_AG_u_0,6ONE,A
4xvt,4xvt_H:L|G,AG,4xvt_AG_u_1,6ONH,A
6cuf,6cuf_m:n|d,AB,6cuf_AB_u_0,4JY5,H:L
1fbi,1fbi_H:L|X,AG,1fbi_AG_u_0,1HHL,A
1fbi,1fbi_H:L|X,AG,1fbi_AG_u_1,1IAK,P
1fbi,1fbi_H:L|X,AG,1fbi_AG_u_2,3ZVQ,A
4zyp,4zyp_N:O|B,AG,4zyp_AG_u_0,4NCU,A
4zyp,4zyp_N:O|B,AG,4zyp_AG_u_1,6OJ7,A
4zyp,4zyp_N:O|B,AG,4zyp_AG_u_2,6NTX,A
4zyp,4zyp_N:O|B,AG,4zyp_AG_u_3,6NTX,B
4zyp,4zyp_N:O|B,AG,4zyp_AG_u_4,5C69,A
1c08,1c08_B:A|C,AG,1c08_AG_u_0,6RT3,A
1c08,1c08_B:A|C,AG,1c08_AG_u_1,6ADF,A
1c08,1c08_B:A|C,AG,1c08_AG_u_2,6ABN,A
1c08,1c08_B:A|C,AG,1c08_AG_u_3,6FSJ,A
1c08,1c08_B:A|C,AG,1c08_AG_u_4,6F9Z,A
6flb,6flb_H:L|G,AG,6flb_AG_u_0,1OK8,A
6flb,6flb_H:L|G,AG,6flb_AG_u_1,1OKE,A
6flb,6flb_H:L|G,AG,6flb_AG_u_2,1OKE,B
6flb,6flb_H:L|G,AG,6flb_AG_u_3,1TG8,A
6flb,6flb_H:L|G,AG,6flb_AG_u_4,1OAN,A
6a4k,6a4k_I:M|B,AG,6a4k_AG_u_0,3UYX,A
6a4k,6a4k_I:M|B,AG,6a4k_AG_u_1,3UYX,B
6a4k,6a4k_I:M|B,AG,6a4k_AG_u_2,3UYW,A
6a4k,6a4k_I:M|B,AG,6a4k_AG_u_3,3UYW,B
6a4k,6a4k_I:M|B,AG,6a4k_AG_u_4,3UYW,C
6a4k,6a4k_I:M|B,AB,6a4k_AB_u_0,6JP7,H:L
5wna,5wna_C:D|A,AG,5wna_AG_u_0,1KWD,A
5wna,5wna_C:D|A,AG,5wna_AG_u_1,1KWE,A
5w9j,5w9j_B:C|A,AG,5w9j_AG_u_0,4NCU,A
5w9j,5w9j_B:C|A,AG,5w9j_AG_u_1,4NCW,A
5w9j,5w9j_B:C|A,AG,5w9j_AG_u_2,4NCW,B
5w9j,5w9j_B:C|A,AG,5w9j_AG_u_3,4NCW,C
5w9j,5w9j_B:C|A,AG,5w9j_AG_u_4,5X4R,A
5w9j,5w9j_B:C|A,AB,5w9j_AB_u_0,5VZR,A:B
5w9j,5w9j_B:C|A,AB,5w9j_AB_u_1,5VZR,H:L
4utb,4utb_I:M|B,AG,4utb_AG_u_0,4UTC,A
4utb,4utb_I:M|B,AG,4utb_AG_u_1,4UTC,B
4utb,4utb_I:M|B,AB,4utb_AB_u_0,4UT7,H
4m7l,4m7l_H:L|T,AG,4m7l_AG_u_0,1BOY,A
4m7l,4m7l_H:L|T,AG,4m7l_AG_u_1,1TFH,A
4m7l,4m7l_H:L|T,AG,4m7l_AG_u_2,1TFH,B
4m7l,4m7l_H:L|T,AB,4m7l_AB_u_0,4M7K,H:L
5ggr,5ggr_H:L|Z,AG,5ggr_AG_u_0,6UMU,A
5ggr,5ggr_H:L|Z,AG,5ggr_AG_u_1,6UMV,A
5ggr,5ggr_H:L|Z,AG,5ggr_AG_u_2,3RRQ,A
5ggr,5ggr_H:L|Z,AG,5ggr_AG_u_3,2M2D,A
5ggr,5ggr_H:L|Z,AB,5ggr_AB_u_0,5GGQ,H:L
5h35,5h35_H:I|D,AG,5h35_AG_u_0,5WTR,A
5h35,5h35_H:I|D,AG,5h35_AG_u_1,5WTR,B
5h35,5h35_H:I|D,AG,5h35_AG_u_2,5WTR,C
5h35,5h35_H:I|D,AG,5h35_AG_u_3,5WTR,F
5h35,5h35_H:I|D,AG,5h35_AG_u_4,5WTR,G
1nl0,1nl0_H:L|G,AG,1nl0_AG_u_0,1MGX,A
1nl0,1nl0_H:L|G,AG,1nl0_AG_u_1,1CFI,A
1nl0,1nl0_H:L|G,AG,1nl0_AG_u_2,1CFH,A
1nl0,1nl0_H:L|G,AB,1nl0_AB_u_0,3D69,B:A
1nl0,1nl0_H:L|G,AB,1nl0_AB_u_1,3D69,H:L
3lhp,3lhp_H:L|S,AB,3lhp_AB_u_0,4LLV,A:B
3lhp,3lhp_H:L|S,AB,3lhp_AB_u_1,4LLV,C:D
3lhp,3lhp_H:L|S,AB,3lhp_AB_u_2,4LLV,E:F
3lhp,3lhp_H:L|S,AB,3lhp_AB_u_3,4LLV,H:L
3lhp,3lhp_H:L|S,AB,3lhp_AB_u_4,5CIP,A:B
6ad7,6ad7_C:D|A,AG,6ad7_AG_u_0,3NMO,A
6ad7,6ad7_C:D|A,AG,6ad7_AG_u_1,4FTP,A
6ad7,6ad7_C:D|A,AG,6ad7_AG_u_2,1KPK,A
6ad7,6ad7_C:D|A,AG,6ad7_AG_u_3,1KPK,B
6ad7,6ad7_C:D|A,AG,6ad7_AG_u_4,1KPK,C
6oe4,6oe4_E:F|D,AG,6oe4_AG_u_0,3KPE,B
6oe4,6oe4_E:F|D,AG,6oe4_AG_u_1,5EA4,F
6oe4,6oe4_E:F|D,AG,6oe4_AG_u_2,1G2C,B
6oe4,6oe4_E:F|D,AG,6oe4_AG_u_3,1G2C,D
6oe4,6oe4_E:F|D,AG,6oe4_AG_u_4,1G2C,F
5hd8,5hd8_C:D|A,AG,5hd8_AG_u_0,3NMO,A
5hd8,5hd8_C:D|A,AG,5hd8_AG_u_1,4FTP,A
5hd8,5hd8_C:D|A,AG,5hd8_AG_u_2,1KPK,A
5hd8,5hd8_C:D|A,AG,5hd8_AG_u_3,1KPK,B
5hd8,5hd8_C:D|A,AG,5hd8_AG_u_4,1KPK,C
5y2l,5y2l_I:J|B:A,AG,5y2l_AG_u_0,6BKM,B:A
5y2l,5y2l_I:J|B:A,AG,5y2l_AG_u_1,6BKM,D:C
5y2l,5y2l_I:J|B:A,AG,5y2l_AG_u_2,6BKM,F:E
5y2l,5y2l_I:J|B:A,AG,5y2l_AG_u_3,6BKQ,B:A
5y2l,5y2l_I:J|B:A,AG,5y2l_AG_u_4,6BKQ,D:C
5y2l,5y2l_I:J|B:A,AB,5y2l_AB_u_0,6J9O,H:L
4ki5,4ki5_C:D|M,AG,4ki5_AG_u_0,3HNY,M
4ki5,4ki5_C:D|M,AG,4ki5_AG_u_1,3HNB,M
4ki5,4ki5_C:D|M,AG,4ki5_AG_u_2,1D7P,M
4ki5,4ki5_C:D|M,AG,4ki5_AG_u_3,3HOB,A
4ki5,4ki5_C:D|M,AG,4ki5_AG_u_4,3HOB,M
6s3t,6s3t_R:Q|B,AG,6s3t_AG_u_0,6RUX,A
6s3t,6s3t_R:Q|B,AG,6s3t_AG_u_1,6RUX,B
6s3t,6s3t_R:Q|B,AG,6s3t_AG_u_2,6RUX,C
6s3t,6s3t_R:Q|B,AG,6s3t_AG_u_3,6RQG,A
6s3t,6s3t_R:Q|B,AG,6s3t_AG_u_4,6RQG,B
6s3t,6s3t_R:Q|B,AB,6s3t_AB_u_0,6RNN,D:C
6s3t,6s3t_R:Q|B,AB,6s3t_AB_u_1,6RNN,H:L
5v6l,5v6l_I:M|Q,AG,5v6l_AG_u_0,2ESX,A
5v6l,5v6l_I:M|Q,AG,5v6l_AG_u_1,2ESZ,A
5v6l,5v6l_I:M|Q,AG,5v6l_AG_u_2,1CE4,A
1mhp,1mhp_H:L|A,AG,1mhp_AG_u_0,1CK4,A
1mhp,1mhp_H:L|A,AG,1mhp_AG_u_1,1CK4,B
6mhg,6mhg_F:R|E,AG,6mhg_AG_u_0,3VDJ,A
6mhg,6mhg_F:R|E,AG,6mhg_AG_u_1,3VDK,A
6mhg,6mhg_F:R|E,AG,6mhg_AG_u_2,3VDL,A
6mhg,6mhg_F:R|E,AG,6mhg_AG_u_3,3VDL,B
6mhg,6mhg_F:R|E,AG,6mhg_AG_u_4,3VDL,C
4jo1,4jo1_H:L|P,AG,4jo1_AG_u_0,2ESX,A
4jo1,4jo1_H:L|P,AG,4jo1_AG_u_1,2ESZ,A
4jo1,4jo1_H:L|P,AG,4jo1_AG_u_2,1CE4,A
6pi7,6pi7_C:B|A,AG,6pi7_AG_u_0,3FDR,A
6pi7,6pi7_C:B|A,AG,6pi7_AG_u_1,5J39,A
6pi7,6pi7_C:B|A,AG,6pi7_AG_u_2,5J39,B
6pi7,6pi7_C:B|A,AG,6pi7_AG_u_3,2DIQ,A
5hdq,5hdq_H:L|A,AG,5hdq_AG_u_0,4NNO,A
5hdq,5hdq_H:L|A,AG,5hdq_AG_u_1,4K3V,A
5hdq,5hdq_H:L|A,AG,5hdq_AG_u_2,4K3V,B
6mpg,6mpg_562,AB,6mpg_AB_u_0,4JY5,H:L
4m8q,4m8q_A:B|S,AG,4m8q_AG_u_0,3LF6,A
4m8q,4m8q_A:B|S,AG,4m8q_AG_u_1,3LF6,B
4m8q,4m8q_A:B|S,AG,4m8q_AG_u_2,3T43,A
4m8q,4m8q_A:B|S,AG,4m8q_AG_u_3,3T43,B
4m8q,4m8q_A:B|S,AB,4m8q_AB_u_0,4OB5,H:L
4m8q,4m8q_A:B|S,AB,4m8q_AB_u_1,4LRN,H:L
6ayz,6ayz_B:D|A,AG,6ayz_AG_u_0,1ROC,A
6ayz,6ayz_B:D|A,AG,6ayz_AG_u_1,2IDC,A
6ayz,6ayz_B:D|A,AG,6ayz_AG_u_2,1WG3,A
4uih,4uih_F:G|C,AG,4uih_AG_u_0,1OK8,A
4uih,4uih_F:G|C,AG,4uih_AG_u_1,1OKE,A
4uih,4uih_F:G|C,AG,4uih_AG_u_2,1OKE,B
4uih,4uih_F:G|C,AG,4uih_AG_u_3,1TG8,A
4uih,4uih_F:G|C,AG,4uih_AG_u_4,1OAN,A
6niu,6niu_H:L|Z,AG,6niu_AG_u_0,5JHM,A
6niu,6niu_H:L|Z,AG,6niu_AG_u_1,5JHM,B
6niu,6niu_H:L|Z,AG,6niu_AG_u_2,5OMZ,A
6niu,6niu_H:L|Z,AB,6niu_AB_u_0,6MTY,H:L
1ahw,1ahw_E:D|F,AG,1ahw_AG_u_0,1BOY,A
1ahw,1ahw_E:D|F,AG,1ahw_AG_u_1,1TFH,A
1ahw,1ahw_E:D|F,AG,1ahw_AG_u_2,1TFH,B
1ahw,1ahw_E:D|F,AB,1ahw_AB_u_0,1FGN,H:L
5gzo,5gzo_C:D|B,AG,5gzo_AG_u_0,5JHM,A
5gzo,5gzo_C:D|B,AG,5gzo_AG_u_1,5JHM,B
5gzo,5gzo_C:D|B,AG,5gzo_AG_u_2,5LBV,A
5gzo,5gzo_C:D|B,AG,5gzo_AG_u_3,5LBV,B
5gzo,5gzo_C:D|B,AG,5gzo_AG_u_4,5OMZ,A
6pzy,6pzy_I:L|F,AG,6pzy_AG_u_0,6PZD,A
6pzy,6pzy_I:L|F,AG,6pzy_AG_u_1,5L18,A
6pzy,6pzy_I:L|F,AG,6pzy_AG_u_2,4MWU,A
6pzy,6pzy_I:L|F,AG,6pzy_AG_u_3,4MWL,A
6pzy,6pzy_I:L|F,AG,6pzy_AG_u_4,4MWJ,A
3lqa,3lqa_H:L|G:C,AB,3lqa_AB_u_0,3LMJ,H:L
6e63,6e63_B:C|A,AB,6e63_AB_u_0,6E65,H:L
3lh2,3lh2_K:O|V,AB,3lh2_AB_u_0,4LLV,A:B
3lh2,3lh2_K:O|V,AB,3lh2_AB_u_1,4LLV,C:D
3lh2,3lh2_K:O|V,AB,3lh2_AB_u_2,4LLV,E:F
3lh2,3lh2_K:O|V,AB,3lh2_AB_u_3,4LLV,H:L
3lh2,3lh2_K:O|V,AB,3lh2_AB_u_4,5CIP,A:B
6iw2,6iw2_K:L|J,AG,6iw2_AG_u_0,6IW4,A
6iw2,6iw2_K:L|J,AG,6iw2_AG_u_1,6IW4,B
6iw2,6iw2_K:L|J,AG,6iw2_AG_u_2,6IW1,A
6iw2,6iw2_K:L|J,AG,6iw2_AG_u_3,6IW1,B
6iw2,6iw2_K:L|J,AG,6iw2_AG_u_4,6IW1,C
4xvu,4xvu_C:D|B,AG,4xvu_AG_u_0,2WOJ,A
4xvu,4xvu_C:D|B,AG,4xvu_AG_u_1,2WOJ,B
4xvu,4xvu_C:D|B,AG,4xvu_AG_u_2,2WOJ,C
4xvu,4xvu_C:D|B,AG,4xvu_AG_u_3,2WOJ,D
4xvu,4xvu_C:D|B,AG,4xvu_AG_u_4,3H84,A
6fxn,6fxn_O:P|L,AG,6fxn_AG_u_0,1KXG,A
6fxn,6fxn_O:P|L,AG,6fxn_AG_u_1,1KXG,B
6fxn,6fxn_O:P|L,AG,6fxn_AG_u_2,1KXG,C
6fxn,6fxn_O:P|L,AG,6fxn_AG_u_3,1KXG,D
6fxn,6fxn_O:P|L,AG,6fxn_AG_u_4,1KXG,E
6fxn,6fxn_O:P|L,AB,6fxn_AB_u_0,5Y9K,H:L
4ydk,4ydk_H:L|G,AG,4ydk_AG_u_0,6ONE,A
4ydk,4ydk_H:L|G,AG,4ydk_AG_u_1,6ONH,A
4kjq,4kjq_E:F|B,AG,4kjq_AG_u_0,3NMO,A
4kjq,4kjq_E:F|B,AG,4kjq_AG_u_1,4FTP,A
4kjq,4kjq_E:F|B,AG,4kjq_AG_u_2,1KPK,A
4kjq,4kjq_E:F|B,AG,4kjq_AG_u_3,1KPK,B
4kjq,4kjq_E:F|B,AG,4kjq_AG_u_4,1KPK,C
5zxv,5zxv_C:D|B,AG,5zxv_AG_u_0,4L3N,A
5zxv,5zxv_C:D|B,AG,5zxv_AG_u_1,4L3N,B
5zxv,5zxv_C:D|B,AG,5zxv_AG_u_2,6Q04,A
5zxv,5zxv_C:D|B,AG,5zxv_AG_u_3,6Q04,B
5zxv,5zxv_C:D|B,AG,5zxv_AG_u_4,6Q04,C
5a1z,5a1z_K:L|C,AG,5a1z_AG_u_0,1OK8,A
5a1z,5a1z_K:L|C,AG,5a1z_AG_u_1,1OKE,A
5a1z,5a1z_K:L|C,AG,5a1z_AG_u_2,1OKE,B
5a1z,5a1z_K:L|C,AG,5a1z_AG_u_3,1TG8,A
5a1z,5a1z_K:L|C,AG,5a1z_AG_u_4,1OAN,A
6o3a,6o3a_B:A|E,AG,6o3a_AG_u_0,5T44,A
6o3a,6o3a_B:A|E,AG,6o3a_AG_u_1,5T44,B
6o3a,6o3a_B:A|E,AG,6o3a_AG_u_2,5URV,A
6o3a,6o3a_B:A|E,AG,6o3a_AG_u_3,5URV,B
6o3a,6o3a_B:A|E,AG,6o3a_AG_u_4,5WBS,A
5nhr,5nhr_A:B|D,AB,5nhr_AB_u_0,5NHW,H:L
6cm3,6cm3_M:L|F,AB,6cm3_AB_u_0,1RZ8,B:A
6cm3,6cm3_M:L|F,AB,6cm3_AB_u_1,1RZ8,D:C
5w3p,5w3p_H:L|P,AG,5w3p_AG_u_0,5BUO,A
5w3p,5w3p_H:L|P,AG,5w3p_AG_u_1,5BUO,B
5w3p,5w3p_H:L|P,AG,5w3p_AG_u_2,5OQV,A
5w3p,5w3p_H:L|P,AG,5w3p_AG_u_3,5OQV,B
5w3p,5w3p_H:L|P,AG,5w3p_AG_u_4,5OQV,C
5w3p,5w3p_H:L|P,AB,5w3p_AB_u_0,3MCL,H:L
6bpc,6bpc_B:C|A,AG,6bpc_AG_u_0,5W53,A
6bpc,6bpc_B:C|A,AG,6bpc_AG_u_1,5W53,B
6bpc,6bpc_B:C|A,AB,6bpc_AB_u_0,6BPB,A:B
5u1f,5u1f_H:L|D:A:C,AB,5u1f_AB_u_0,3U1S,H:L
4kkc,4kkc_E:F|B,AG,4kkc_AG_u_0,3NMO,A
4kkc,4kkc_E:F|B,AG,4kkc_AG_u_1,4FTP,A
4kkc,4kkc_E:F|B,AG,4kkc_AG_u_2,1KPK,A
4kkc,4kkc_E:F|B,AG,4kkc_AG_u_3,1KPK,B
4kkc,4kkc_E:F|B,AG,4kkc_AG_u_4,1KPK,C
6cbv,6cbv_H:L|B,AG,6cbv_AG_u_0,6PS7,A
6cbv,6cbv_H:L|B,AG,6cbv_AG_u_1,5AWI,A
6cbv,6cbv_H:L|B,AG,6cbv_AG_u_2,5AWI,B
6cbv,6cbv_H:L|B,AG,6cbv_AG_u_3,6GT3,A
6cbv,6cbv_H:L|B,AG,6cbv_AG_u_4,5MZJ,A
2i5y,2i5y_R:Q|P,AB,2i5y_AB_u_0,1RZ8,B:A
2i5y,2i5y_R:Q|P,AB,2i5y_AB_u_1,1RZ8,D:C
6osy,6osy_C:D|B,AB,6osy_AB_u_0,4JY5,H:L
6oge,6oge_E:D|A,AG,6oge_AG_u_0,2A91,A
6oge,6oge_E:D|A,AB,6oge_AB_u_0,5TDO,B:A
6oge,6oge_E:D|A,AB,6oge_AB_u_1,5TDO,D:C
6oge,6oge_E:D|A,AB,6oge_AB_u_2,5TDN,B:A
6oge,6oge_E:D|A,AB,6oge_AB_u_3,5TDN,D:C
6oge,6oge_E:D|A,AB,6oge_AB_u_4,6BI2,H:L
6a79,6a79_H:L|A,AG,6a79_AG_u_0,5O5I,A
6a79,6a79_H:L|A,AG,6a79_AG_u_1,2EO9,A
3idj,3idj_B:A|C,AB,3idj_AB_u_0,2PR4,H:L
3rkd,3rkd_D:C|B,AG,3rkd_AG_u_0,3GGQ,A
3rkd,3rkd_D:C|B,AG,3rkd_AG_u_1,6LAT,A
3rkd,3rkd_D:C|B,AG,3rkd_AG_u_2,6LB0,A
3rkd,3rkd_D:C|B,AG,3rkd_AG_u_3,2ZZQ,A
3rkd,3rkd_D:C|B,AG,3rkd_AG_u_4,3IYO,A
2h2s,2h2s_C:D|A,AG,2h2s_AG_u_0,3NMO,A
2h2s,2h2s_C:D|A,AG,2h2s_AG_u_1,4FTP,A
2h2s,2h2s_C:D|A,AG,2h2s_AG_u_2,1KPK,A
2h2s,2h2s_C:D|A,AG,2h2s_AG_u_3,1KPK,B
2h2s,2h2s_C:D|A,AG,2h2s_AG_u_4,1KPK,C
1xgr,1xgr_B:A|C,AG,1xgr_AG_u_0,6RT3,A
1xgr,1xgr_B:A|C,AG,1xgr_AG_u_1,6ADF,A
1xgr,1xgr_B:A|C,AG,1xgr_AG_u_2,6ABN,A
1xgr,1xgr_B:A|C,AG,1xgr_AG_u_3,6FSJ,A
1xgr,1xgr_B:A|C,AG,1xgr_AG_u_4,6F9Z,A
1xgr,1xgr_B:A|C,AB,1xgr_AB_u_0,1DQQ,B:A
1xgr,1xgr_B:A|C,AB,1xgr_AB_u_1,1DQQ,D:C
1xgr,1xgr_B:A|C,AB,1xgr_AB_u_2,1DQM,H:L
6snd,6snd_H:L|P,AG,6snd_AG_u_0,2NCT,A
6snd,6snd_H:L|P,AG,6snd_AG_u_1,2NCS,A
6o3b,6o3b_B:A|C,AG,6o3b_AG_u_0,5T44,A
6o3b,6o3b_B:A|C,AG,6o3b_AG_u_1,5T44,B
6o3b,6o3b_B:A|C,AG,6o3b_AG_u_2,5URV,A
6o3b,6o3b_B:A|C,AG,6o3b_AG_u_3,5URV,B
6o3b,6o3b_B:A|C,AG,6o3b_AG_u_4,5WBS,A
4bz2,4bz2_H:L|A,AG,4bz2_AG_u_0,3WE1,A
4bz2,4bz2_H:L|A,AG,4bz2_AG_u_1,3WE1,B
4bz2,4bz2_H:L|A,AG,4bz2_AG_u_2,2H0P,A
6u02,6u02_H:L|A,AG,6u02_AG_u_0,6PZD,A
6u02,6u02_H:L|A,AG,6u02_AG_u_1,5L18,A
6u02,6u02_H:L|A,AG,6u02_AG_u_2,4MWU,A
6u02,6u02_H:L|A,AG,6u02_AG_u_3,4MWL,A
6u02,6u02_H:L|A,AG,6u02_AG_u_4,4MWJ,A
6iec,6iec_H:L|A,AG,6iec_AG_u_0,6F8P,A
6iec,6iec_H:L|A,AG,6iec_AG_u_1,5Y0W,A
6iec,6iec_H:L|A,AG,6iec_AG_u_2,5Y0Y,A
6iec,6iec_H:L|A,AG,6iec_AG_u_3,6F9C,A
6iec,6iec_H:L|A,AG,6iec_AG_u_4,6F9C,C
5f3b,5f3b_E:F|D,AG,5f3b_AG_u_0,5JI1,A
5f3b,5f3b_E:F|D,AG,5f3b_AG_u_1,5JI1,B
5f3b,5f3b_E:F|D,AG,5f3b_AG_u_2,5NTU,A
5f3b,5f3b_E:F|D,AG,5f3b_AG_u_3,5NTU,B
5f3b,5f3b_E:F|D,AG,5f3b_AG_u_4,5NXS,A
1i9r,1i9r_K:M|B,AG,1i9r_AG_u_0,1ALY,A
1i9r,1i9r_K:M|B,AG,1i9r_AG_u_1,3LKJ,A
1i9r,1i9r_K:M|B,AG,1i9r_AG_u_2,3LKJ,B
1i9r,1i9r_K:M|B,AG,1i9r_AG_u_3,3LKJ,C
1i9r,1i9r_K:M|B,AB,1i9r_AB_u_0,6BJZ,H:L
2or9,2or9_I:M|P,AB,2or9_AB_u_0,2ORB,H:L
2or9,2or9_I:M|P,AB,2or9_AB_u_1,2ORB,I:M
6iw2,6iw2_Q:R|P,AG,6iw2_AG_u_0,6IW4,A
6iw2,6iw2_Q:R|P,AG,6iw2_AG_u_1,6IW4,B
6iw2,6iw2_Q:R|P,AG,6iw2_AG_u_2,6IW1,A
6iw2,6iw2_Q:R|P,AG,6iw2_AG_u_3,6IW1,B
6iw2,6iw2_Q:R|P,AG,6iw2_AG_u_4,6IW1,C
4s1q,4s1q_H:L|G,AG,4s1q_AG_u_0,6ONE,A
4s1q,4s1q_H:L|G,AG,4s1q_AG_u_1,6ONH,A
6j11,6j11_F:G|B,AG,6j11_AG_u_0,5X4R,A
6j11,6j11_F:G|B,AG,6j11_AG_u_1,5VYH,A
6j11,6j11_F:G|B,AG,6j11_AG_u_2,6Q04,A
6j11,6j11_F:G|B,AG,6j11_AG_u_3,6Q04,B
6j11,6j11_F:G|B,AG,6j11_AG_u_4,6Q04,C
4iof,4iof_C:D|A,AG,4iof_AG_u_0,4PFC,A
4iof,4iof_C:D|A,AG,4iof_AG_u_1,4PFC,B
4iof,4iof_C:D|A,AG,4iof_AG_u_2,4PF7,A
4iof,4iof_C:D|A,AG,4iof_AG_u_3,4PF7,B
4iof,4iof_C:D|A,AG,4iof_AG_u_4,4PF9,A
6bb4,6bb4_J:N|R,AG,6bb4_AG_u_0,6NWP,A
6bb4,6bb4_J:N|R,AG,6bb4_AG_u_1,6NWP,B
6bb4,6bb4_J:N|R,AG,6bb4_AG_u_2,6NWP,C
6bb4,6bb4_J:N|R,AG,6bb4_AG_u_3,6NWP,D
6bb4,6bb4_J:N|R,AG,6bb4_AG_u_4,6NWP,E
5n09,5n09_I:M|B,AG,5n09_AG_u_0,1OK8,A
5n09,5n09_I:M|B,AG,5n09_AG_u_1,1OKE,A
5n09,5n09_I:M|B,AG,5n09_AG_u_2,1OKE,B
5n09,5n09_I:M|B,AG,5n09_AG_u_3,1TG8,A
5n09,5n09_I:M|B,AG,5n09_AG_u_4,1OAN,A
5n09,5n09_I:M|B,AB,5n09_AB_u_0,4UT7,H
3eff,3eff_B:A|M:N,AG,3eff_AG_u_0,2QTO,A:A
3eff,3eff_B:A|M:N,AG,3eff_AG_u_1,2QTO,B:B
3eff,3eff_B:A|M:N,AG,3eff_AG_u_2,2QTO,C:C
3eff,3eff_B:A|M:N,AG,3eff_AG_u_3,2QTO,D:D
3eff,3eff_B:A|M:N,AG,3eff_AG_u_4,3IFX,A:A
5f9w,5f9w_B:C|A,AG,5f9w_AG_u_0,6ONE,A
5f9w,5f9w_B:C|A,AG,5f9w_AG_u_1,6ONH,A
6h0e,6h0e_C:D|G,AG,6h0e_AG_u_0,6NWP,A
6h0e,6h0e_C:D|G,AG,6h0e_AG_u_1,6NWP,B
6h0e,6h0e_C:D|G,AG,6h0e_AG_u_2,6NWP,C
6h0e,6h0e_C:D|G,AG,6h0e_AG_u_3,6NWP,D
6h0e,6h0e_C:D|G,AG,6h0e_AG_u_4,6NWP,E
6h0e,6h0e_C:D|G,AB,6h0e_AB_u_0,5V7U,H:L
6q23,6q23_H:L|A,AG,6q23_AG_u_0,5NZ4,A
6q23,6q23_H:L|A,AG,6q23_AG_u_1,5NZ4,B
6q23,6q23_H:L|A,AG,6q23_AG_u_2,3TI4,A
6q23,6q23_H:L|A,AG,6q23_AG_u_3,3TI4,B
6q23,6q23_H:L|A,AG,6q23_AG_u_4,6G01,A
1ymh,1ymh_D:C|F,AB,1ymh_AB_u_0,1NLB,H:L
5i6x,5i6x_B:C|A,AB,5i6x_AB_u_0,5I66,A:B
4g6f,4g6f_H:L|P,AG,4g6f_AG_u_0,6E8W,A
4g6f,4g6f_H:L|P,AG,4g6f_AG_u_1,6E8W,B
4g6f,4g6f_H:L|P,AG,4g6f_AG_u_2,6E8W,C
4g6f,4g6f_H:L|P,AG,4g6f_AG_u_3,5NWW,A
4g6f,4g6f_H:L|P,AG,4g6f_AG_u_4,5NWV,A
4g6f,4g6f_H:L|P,AB,4g6f_AB_u_0,5JNY,A:B
4g6f,4g6f_H:L|P,AB,4g6f_AB_u_1,5JNY,C:D
3uaj,3uaj_H:L|A,AG,3uaj_AG_u_0,5B1C,A
3uaj,3uaj_H:L|A,AG,3uaj_AG_u_1,5B1C,B
3uaj,3uaj_H:L|A,AG,3uaj_AG_u_2,5B1C,C
3uaj,3uaj_H:L|A,AG,3uaj_AG_u_3,4X42,A
3uaj,3uaj_H:L|A,AG,3uaj_AG_u_4,4X42,B
3nh7,3nh7_H:L|A,AG,3nh7_AG_u_0,2K3G,A
6h3u,6h3u_I:M|A,AG,6h3u_AG_u_0,6H3S,A
6h3u,6h3u_I:M|A,AG,6h3u_AG_u_1,6H3S,B
4h88,4h88_H:L|A,AG,4h88_AG_u_0,2L39,A
4h88,4h88_H:L|A,AG,4h88_AG_u_1,2K5O,A
4h88,4h88_H:L|A,AG,4h88_AG_u_2,2K56,A
4h88,4h88_H:L|A,AG,4h88_AG_u_3,2KU5,A
4h88,4h88_H:L|A,AG,4h88_AG_u_4,2L1H,A
5uoe,5uoe_P:Q|C,AG,5uoe_AG_u_0,4PFC,A
5uoe,5uoe_P:Q|C,AG,5uoe_AG_u_1,4PFC,B
5uoe,5uoe_P:Q|C,AG,5uoe_AG_u_2,4PF7,A
5uoe,5uoe_P:Q|C,AG,5uoe_AG_u_3,4PF7,B
5uoe,5uoe_P:Q|C,AG,5uoe_AG_u_4,4PF9,A
4rrp,4rrp_I:C|O,AG,4rrp_AG_u_0,1ROC,A
4rrp,4rrp_I:C|O,AG,4rrp_AG_u_1,2IDC,A
4rrp,4rrp_I:C|O,AG,4rrp_AG_u_2,1WG3,A
5b8c,5b8c_B:A|C,AG,5b8c_AG_u_0,6UMU,A
5b8c,5b8c_B:A|C,AG,5b8c_AG_u_1,6UMV,A
5b8c,5b8c_B:A|C,AG,5b8c_AG_u_2,3RRQ,A
5b8c,5b8c_B:A|C,AG,5b8c_AG_u_3,2M2D,A
5b8c,5b8c_B:A|C,AB,5b8c_AB_u_0,5DK3,B:A
5b8c,5b8c_B:A|C,AB,5b8c_AB_u_1,5DK3,G:F
6mek,6mek_B:D|A,AB,6mek_AB_u_0,6MED,A:B
6mek,6mek_B:D|A,AB,6mek_AB_u_1,6MED,C:D
6mek,6mek_B:D|A,AB,6mek_AB_u_2,6MED,G:I
5x8m,5x8m_B:C|A,AG,5x8m_AG_u_0,6NP9,A
5x8m,5x8m_B:C|A,AG,5x8m_AG_u_1,4Z18,A
5x8m,5x8m_B:C|A,AG,5x8m_AG_u_2,4Z18,B
5x8m,5x8m_B:C|A,AG,5x8m_AG_u_3,5NIU,A
5x8m,5x8m_B:C|A,AG,5x8m_AG_u_4,5NIU,B
6okp,6okp_Q:R|F,AB,6okp_AB_u_0,6OKQ,A:B
6okp,6okp_Q:R|F,AB,6okp_AB_u_1,6OKQ,D:C
6okp,6okp_Q:R|F,AB,6okp_AB_u_2,6OKQ,F:E
1bj1,1bj1_H:L|W,AG,1bj1_AG_u_0,1MKK,A
1bj1,1bj1_H:L|W,AG,1bj1_AG_u_1,1MKK,B
1bj1,1bj1_H:L|W,AG,1bj1_AG_u_2,4KZN,A
1bj1,1bj1_H:L|W,AG,1bj1_AG_u_3,3QTK,A
1bj1,1bj1_H:L|W,AG,1bj1_AG_u_4,3QTK,B
5dum,5dum_H:L|A,AG,5dum_AG_u_0,5DUT,A
5dum,5dum_H:L|A,AG,5dum_AG_u_1,4KWM,A
5dum,5dum_H:L|A,AG,5dum_AG_u_2,4KWM,C
5dum,5dum_H:L|A,AG,5dum_AG_u_3,4KWM,E
5dum,5dum_H:L|A,AG,5dum_AG_u_4,6NTF,A
6orn,6orn_A:B|G,AB,6orn_AB_u_0,4FQ2,H:L
6mco,6mco_D:E|B,AG,6mco_AG_u_0,4HLR,A
6mco,6mco_D:E|B,AG,6mco_AG_u_1,3VGX,C
6mco,6mco_D:E|B,AG,6mco_AG_u_2,3VTP,C
6mco,6mco_D:E|B,AG,6mco_AG_u_3,3UIA,A
6mco,6mco_D:E|B,AG,6mco_AG_u_4,3UIA,B
6mco,6mco_D:E|B,AB,6mco_AB_u_0,4TOY,H:L
6o3j,6o3j_H:L|G,AB,6o3j_AB_u_0,6O3D,H:L
5w3e,5w3e_E:G|B:A:C,AG,5w3e_AG_u_0,1RUE,3:1:2
5w3e,5w3e_E:G|B:A:C,AG,5w3e_AG_u_1,1RUF,3:1:2
5w3e,5w3e_E:G|B:A:C,AG,5w3e_AG_u_2,1RUD,3:1:2
5w3e,5w3e_E:G|B:A:C,AG,5w3e_AG_u_3,1VRH,3:1:2
5w3e,5w3e_E:G|B:A:C,AG,5w3e_AG_u_4,1RUI,3:1:2
6iek,6iek_B:C|A,AG,6iek_AG_u_0,6F8P,A
6iek,6iek_B:C|A,AG,6iek_AG_u_1,5Y0W,A
6iek,6iek_B:C|A,AG,6iek_AG_u_2,5Y0Y,A
6iek,6iek_B:C|A,AG,6iek_AG_u_3,6F9C,A
6iek,6iek_B:C|A,AG,6iek_AG_u_4,6F9C,C
2dqi,2dqi_H:L|Y,AG,2dqi_AG_u_0,6RT3,A
2dqi,2dqi_H:L|Y,AG,2dqi_AG_u_1,6ADF,A
2dqi,2dqi_H:L|Y,AG,2dqi_AG_u_2,6ABN,A
2dqi,2dqi_H:L|Y,AG,2dqi_AG_u_3,6FSJ,A
2dqi,2dqi_H:L|Y,AG,2dqi_AG_u_4,6F9Z,A
4rrp,4rrp_J:D|P,AG,4rrp_AG_u_0,1ROC,A
4rrp,4rrp_J:D|P,AG,4rrp_AG_u_1,2IDC,A
4rrp,4rrp_J:D|P,AG,4rrp_AG_u_2,1WG3,A
4idj,4idj_H:L|A,AG,4idj_AG_u_0,7AHL,A
4idj,4idj_H:L|A,AG,4idj_AG_u_1,7AHL,B
4idj,4idj_H:L|A,AG,4idj_AG_u_2,7AHL,C
4idj,4idj_H:L|A,AG,4idj_AG_u_3,7AHL,D
4idj,4idj_H:L|A,AG,4idj_AG_u_4,7AHL,E
6hxw,6hxw_C:D|B,AG,6hxw_AG_u_0,4H2G,A
6hxw,6hxw_C:D|B,AG,6hxw_AG_u_1,4H1Y,P
6hxw,6hxw_C:D|B,AG,6hxw_AG_u_2,4H2B,A
6hxw,6hxw_C:D|B,AG,6hxw_AG_u_3,4H2F,A
6hxw,6hxw_C:D|B,AG,6hxw_AG_u_4,4H2I,A
6pzz,6pzz_I:G|C,AG,6pzz_AG_u_0,6PZD,A
6pzz,6pzz_I:G|C,AG,6pzz_AG_u_1,5L18,A
6pzz,6pzz_I:G|C,AG,6pzz_AG_u_2,4MWU,A
6pzz,6pzz_I:G|C,AG,6pzz_AG_u_3,4MWL,A
6pzz,6pzz_I:G|C,AG,6pzz_AG_u_4,4MWJ,A
6pzz,6pzz_I:G|C,AB,6pzz_AB_u_0,6PZG,H:L
6q1z,6q1z_H:L|A,AG,6q1z_AG_u_0,6PZD,A
6q1z,6q1z_H:L|A,AG,6q1z_AG_u_1,4MWU,A
6q1z,6q1z_H:L|A,AG,6q1z_AG_u_2,4MWJ,A
6q1z,6q1z_H:L|A,AG,6q1z_AG_u_3,4MWR,A
6q1z,6q1z_H:L|A,AG,6q1z_AG_u_4,4MWY,A
6iw2,6iw2_E:F|D,AG,6iw2_AG_u_0,6IW4,A
6iw2,6iw2_E:F|D,AG,6iw2_AG_u_1,6IW4,B
6iw2,6iw2_E:F|D,AG,6iw2_AG_u_2,6IW1,A
6iw2,6iw2_E:F|D,AG,6iw2_AG_u_3,6IW1,B
6iw2,6iw2_E:F|D,AG,6iw2_AG_u_4,6IW1,C
5vl7,5vl7_H:L|B,AG,5vl7_AG_u_0,6U26,A
5vl7,5vl7_H:L|B,AG,5vl7_AG_u_1,6U26,B
5vl7,5vl7_H:L|B,AG,5vl7_AG_u_2,2P4E,A
5vl7,5vl7_H:L|B,AG,5vl7_AG_u_3,2P4E,P
5vl7,5vl7_H:L|B,AG,5vl7_AG_u_4,6U2P,A
5csz,5csz_H:L|D,AG,5csz_AG_u_0,2LP1,A
6fxn,6fxn_F:G|B,AG,6fxn_AG_u_0,1KXG,A
6fxn,6fxn_F:G|B,AG,6fxn_AG_u_1,1KXG,B
6fxn,6fxn_F:G|B,AG,6fxn_AG_u_2,1KXG,C
6fxn,6fxn_F:G|B,AG,6fxn_AG_u_3,1KXG,D
6fxn,6fxn_F:G|B,AG,6fxn_AG_u_4,1KXG,E
6fxn,6fxn_F:G|B,AB,6fxn_AB_u_0,5Y9K,H:L
2y5t,2y5t_A:B|E:G:F,AB,2y5t_AB_u_0,2VL5,A:B
2y5t,2y5t_A:B|E:G:F,AB,2y5t_AB_u_1,2VL5,C:D
4zyp,4zyp_K:M|A,AG,4zyp_AG_u_0,4NCU,A
4zyp,4zyp_K:M|A,AG,4zyp_AG_u_1,6OJ7,A
4zyp,4zyp_K:M|A,AG,4zyp_AG_u_2,6NTX,A
4zyp,4zyp_K:M|A,AG,4zyp_AG_u_3,6NTX,B
4zyp,4zyp_K:M|A,AG,4zyp_AG_u_4,5C69,A
5w9n,5w9n_E:F|D,AG,5w9n_AG_u_0,4NCU,A
5w9n,5w9n_E:F|D,AG,5w9n_AG_u_1,4NCW,A
5w9n,5w9n_E:F|D,AG,5w9n_AG_u_2,4NCW,B
5w9n,5w9n_E:F|D,AG,5w9n_AG_u_3,4NCW,C
5w9n,5w9n_E:F|D,AG,5w9n_AG_u_4,5X4R,A
5w9n,5w9n_E:F|D,AB,5w9n_AB_u_0,5VZR,A:B
5w9n,5w9n_E:F|D,AB,5w9n_AB_u_1,5VZR,H:L
3kr3,3kr3_H:L|D,AG,3kr3_AG_u_0,5L3L,A
3kr3,3kr3_H:L|D,AG,3kr3_AG_u_1,1IGL,A
5t5b,5t5b_A:B|O,AG,5t5b_AG_u_0,3LF6,A
5t5b,5t5b_A:B|O,AG,5t5b_AG_u_1,3LF6,B
5t5b,5t5b_A:B|O,AG,5t5b_AG_u_2,3T43,A
5t5b,5t5b_A:B|O,AG,5t5b_AG_u_3,3T43,B
5t5b,5t5b_A:B|O,AB,5t5b_AB_u_0,5JNY,A:B
5t5b,5t5b_A:B|O,AB,5t5b_AB_u_1,5JNY,C:D
4xaw,4xaw_H:L|P,AB,4xaw_AB_u_0,4LLV,A:B
4xaw,4xaw_H:L|P,AB,4xaw_AB_u_1,4LLV,C:D
4xaw,4xaw_H:L|P,AB,4xaw_AB_u_2,4LLV,E:F
4xaw,4xaw_H:L|P,AB,4xaw_AB_u_3,4LLV,H:L
4xaw,4xaw_H:L|P,AB,4xaw_AB_u_4,5CIP,A:B
3hmx,3hmx_H:L|A,AG,3hmx_AG_u_0,1F42,A
3hmx,3hmx_H:L|A,AB,3hmx_AB_u_0,3HMW,H:L
3bn9,3bn9_D:C|B,AG,3bn9_AG_u_0,3NCL,A
3bn9,3bn9_D:C|B,AG,3bn9_AG_u_1,3P8G,A
3bn9,3bn9_D:C|B,AG,3bn9_AG_u_2,1EAX,A
3bn9,3bn9_D:C|B,AG,3bn9_AG_u_3,4IS5,A
3bn9,3bn9_D:C|B,AG,3bn9_AG_u_4,4JZ1,A
5gzo,5gzo_H:L|A,AG,5gzo_AG_u_0,5JHM,A
5gzo,5gzo_H:L|A,AG,5gzo_AG_u_1,5JHM,B
5gzo,5gzo_H:L|A,AG,5gzo_AG_u_2,5LBV,A
5gzo,5gzo_H:L|A,AG,5gzo_AG_u_3,5LBV,B
5gzo,5gzo_H:L|A,AG,5gzo_AG_u_4,5OMZ,A
6qex,6qex_C:B|A,AG,6qex_AG_u_0,6C0V,A
6qex,6qex_C:B|A,AB,6qex_AB_u_0,5JUE,H:L
4rau,4rau_Q:P|R,AG,4rau_AG_u_0,1F9Q,A
4rau,4rau_Q:P|R,AG,4rau_AG_u_1,1F9Q,B
4rau,4rau_Q:P|R,AG,4rau_AG_u_2,1F9Q,C
4rau,4rau_Q:P|R,AG,4rau_AG_u_3,1F9Q,D
4rau,4rau_Q:P|R,AG,4rau_AG_u_4,4HSV,A
4y5x,4y5x_G:H|I,AG,4y5x_AG_u_0,1ERN,A
4y5x,4y5x_G:H|I,AG,4y5x_AG_u_1,1ERN,B
3csy,3csy_G:H|P:O,AB,3csy_AB_u_0,3INU,H:L
3csy,3csy_G:H|P:O,AB,3csy_AB_u_1,3INU,M:N
2nz9,2nz9_D:C|A,AG,2nz9_AG_u_0,4EL4,A
2nz9,2nz9_D:C|A,AG,2nz9_AG_u_1,3BON,A
2nz9,2nz9_D:C|A,AG,2nz9_AG_u_2,3BOK,A
2nz9,2nz9_D:C|A,AG,2nz9_AG_u_3,6F0P,A
2nz9,2nz9_D:C|A,AG,2nz9_AG_u_4,5MK6,A
2nz9,2nz9_D:C|A,AB,2nz9_AB_u_0,2GCY,B:A
6e4y,6e4y_H:L|P,AG,6e4y_AG_u_0,6U26,A
6e4y,6e4y_H:L|P,AG,6e4y_AG_u_1,6U26,B
6e4y,6e4y_H:L|P,AG,6e4y_AG_u_2,2P4E,A
6e4y,6e4y_H:L|P,AG,6e4y_AG_u_3,2P4E,P
6e4y,6e4y_H:L|P,AG,6e4y_AG_u_4,6U2P,A
2xzq,2xzq_H:L|P,AB,2xzq_AB_u_0,1OAQ,H:L
2xzq,2xzq_H:L|P,AB,2xzq_AB_u_1,1A6V,H:L
2xzq,2xzq_H:L|P,AB,2xzq_AB_u_2,1A6V,I:M
2xzq,2xzq_H:L|P,AB,2xzq_AB_u_3,1A6V,J:N
2xzq,2xzq_H:L|P,AB,2xzq_AB_u_4,1OCW,H:L
4qti,4qti_H:L|U,AG,4qti_AG_u_0,3U74,U
4qti,4qti_H:L|U,AB,4qti_AB_u_0,4QTH,A:B
4qti,4qti_H:L|U,AB,4qti_AB_u_1,4QTH,H:L
3iyw,3iyw_H:L|A,AG,3iyw_AG_u_0,2P5P,A
3iyw,3iyw_H:L|A,AG,3iyw_AG_u_1,2P5P,B
3iyw,3iyw_H:L|A,AG,3iyw_AG_u_2,2P5P,C
3iyw,3iyw_H:L|A,AG,3iyw_AG_u_3,2HG0,A
3iyw,3iyw_H:L|A,AG,3iyw_AG_u_4,2I69,A
3iyw,3iyw_H:L|A,AB,3iyw_AB_u_0,3N9G,H:L
6iap,6iap_H:L|A,AG,6iap_AG_u_0,1OLL,A
6iap,6iap_H:L|A,AG,6iap_AG_u_1,1P6F,A
2fx9,2fx9_H:L|P,AB,2fx9_AB_u_0,4LLV,A:B
2fx9,2fx9_H:L|P,AB,2fx9_AB_u_1,4LLV,C:D
2fx9,2fx9_H:L|P,AB,2fx9_AB_u_2,4LLV,E:F
2fx9,2fx9_H:L|P,AB,2fx9_AB_u_3,4LLV,H:L
2fx9,2fx9_H:L|P,AB,2fx9_AB_u_4,5CIP,A:B
4nnp,4nnp_H:L|A,AG,4nnp_AG_u_0,4NNO,A
4nnp,4nnp_H:L|A,AG,4nnp_AG_u_1,4K3V,A
4nnp,4nnp_H:L|A,AG,4nnp_AG_u_2,4K3V,B
4xwo,4xwo_I:J|G,AG,4xwo_AG_u_0,2WOJ,A
4xwo,4xwo_I:J|G,AG,4xwo_AG_u_1,2WOJ,B
4xwo,4xwo_I:J|G,AG,4xwo_AG_u_2,2WOJ,C
4xwo,4xwo_I:J|G,AG,4xwo_AG_u_3,2WOJ,D
4xwo,4xwo_I:J|G,AG,4xwo_AG_u_4,3H84,A
3ggw,3ggw_B:A|E,AB,3ggw_AB_u_0,3BZ4,B:A
3ggw,3ggw_B:A|E,AB,3ggw_AB_u_1,3BZ4,D:C
3ggw,3ggw_B:A|E,AB,3ggw_AB_u_2,3BZ4,F:E
3ggw,3ggw_B:A|E,AB,3ggw_AB_u_3,3BZ4,H:G
3ggw,3ggw_B:A|E,AB,3ggw_AB_u_4,3C6S,B:A
4dkf,4dkf_H:L|A,AG,4dkf_AG_u_0,4DKC,A
4dkf,4dkf_H:L|A,AG,4dkf_AG_u_1,4DKC,B
4gms,4gms_J:N|E,AB,4gms_AB_u_0,4GMT,H:L
4gms,4gms_J:N|E,AB,4gms_AB_u_1,4GMT,I:M
5t5n,5t5n_M:L|C,AG,5t5n_AG_u_0,6N25,A
5t5n,5t5n_M:L|C,AG,5t5n_AG_u_1,6N25,B
5t5n,5t5n_M:L|C,AG,5t5n_AG_u_2,6N25,C
5t5n,5t5n_M:L|C,AG,5t5n_AG_u_3,6N25,D
5t5n,5t5n_M:L|C,AG,5t5n_AG_u_4,6N25,E
6cue,6cue_M:N|C,AB,6cue_AB_u_0,4JY5,H:L
5f6j,5f6j_H:F|E,AG,5f6j_AG_u_0,3DNL,A
5f6j,5f6j_H:F|E,AG,5f6j_AG_u_1,3DNL,D
5f6j,5f6j_H:F|E,AG,5f6j_AG_u_2,3DNL,G
5f6j,5f6j_H:F|E,AG,5f6j_AG_u_3,3DNN,A
5f6j,5f6j_H:F|E,AG,5f6j_AG_u_4,3DNN,D
6pzw,6pzw_J:G|B,AG,6pzw_AG_u_0,6PZD,A
6pzw,6pzw_J:G|B,AG,6pzw_AG_u_1,5L18,A
6pzw,6pzw_J:G|B,AG,6pzw_AG_u_2,4MWU,A
6pzw,6pzw_J:G|B,AG,6pzw_AG_u_3,4MWL,A
6pzw,6pzw_J:G|B,AG,6pzw_AG_u_4,4MWJ,A
6pzw,6pzw_J:G|B,AB,6pzw_AB_u_0,6PZH,B:A
6pzw,6pzw_J:G|B,AB,6pzw_AB_u_1,6PZH,H:L
6dzv,6dzv_B:C|A,AB,6dzv_AB_u_0,6D9G,A:B
6dzv,6dzv_B:C|A,AB,6dzv_AB_u_1,6D9G,C:D
6e5p,6e5p_S:T|C,AB,6e5p_AB_u_0,6N35,H:K
6e5p,6e5p_S:T|C,AB,6e5p_AB_u_1,6N35,M:L
6e5p,6e5p_S:T|C,AB,6e5p_AB_u_2,3OAZ,H:K
6e5p,6e5p_S:T|C,AB,6e5p_AB_u_3,3OAZ,M:L
6e5p,6e5p_S:T|C,AB,6e5p_AB_u_4,4RBP,H:K
3wsq,3wsq_H:L|A,AG,3wsq_AG_u_0,2A91,A
5kn5,5kn5_D:E|F,AG,5kn5_AG_u_0,4TGF,A
5kn5,5kn5_D:E|F,AG,5kn5_AG_u_1,3TGF,A
5kn5,5kn5_D:E|F,AG,5kn5_AG_u_2,2TGF,A
5kn5,5kn5_D:E|F,AG,5kn5_AG_u_3,1YUF,A
5kn5,5kn5_D:E|F,AG,5kn5_AG_u_4,1YUG,A
5xf1,5xf1_H:L|B,AG,5xf1_AG_u_0,5XPF,A
5xf1,5xf1_H:L|B,AG,5xf1_AG_u_1,5LWO,A
5xf1,5xf1_H:L|B,AG,5xf1_AG_u_2,5JWV,A
5xf1,5xf1_H:L|B,AG,5xf1_AG_u_3,5V7E,A
5xf1,5xf1_H:L|B,AG,5xf1_AG_u_4,5JWT,A
5cba,5cba_A:B|E,AG,5cba_AG_u_0,4ZAI,A
5cba,5cba_A:B|E,AB,5cba_AB_u_0,5C2B,H:H
2ez0,2ez0_E:F|B,AG,2ez0_AG_u_0,3NMO,A
2ez0,2ez0_E:F|B,AG,2ez0_AG_u_1,4FTP,A
2ez0,2ez0_E:F|B,AG,2ez0_AG_u_2,1KPK,A
2ez0,2ez0_E:F|B,AG,2ez0_AG_u_3,1KPK,B
2ez0,2ez0_E:F|B,AG,2ez0_AG_u_4,1KPK,C
4fqv,4fqv_J:N|D:C,AG,4fqv_AG_u_0,4BSG,B:A
4fqv,4fqv_J:N|D:C,AG,4fqv_AG_u_1,4BSH,B:A
4fqv,4fqv_J:N|D:C,AG,4fqv_AG_u_2,4DJ6,B:A
4fqv,4fqv_J:N|D:C,AG,4fqv_AG_u_3,4DJ6,D:C
4fqv,4fqv_J:N|D:C,AG,4fqv_AG_u_4,4DJ6,F:E
4fqv,4fqv_J:N|D:C,AB,4fqv_AB_u_0,4FQH,A:B
4fqv,4fqv_J:N|D:C,AB,4fqv_AB_u_1,4FQH,H:L
3idn,3idn_B:A|C,AB,3idn_AB_u_0,2PR4,H:L
5xcs,5xcs_A:B|C,AB,5xcs_AB_u_0,4NR2,A:A
5xcs,5xcs_A:B|C,AB,5xcs_AB_u_1,4NR2,B:B
5xcs,5xcs_A:B|C,AB,5xcs_AB_u_2,4NR2,C:C
5xcs,5xcs_A:B|C,AB,5xcs_AB_u_3,4NR2,D:D
5xcs,5xcs_A:B|C,AB,5xcs_AB_u_4,4NR2,E:E
6jfh,6jfh_K:I|A,AG,6jfh_AG_u_0,5JHM,A
6jfh,6jfh_K:I|A,AG,6jfh_AG_u_1,5JHM,B
6jfh,6jfh_K:I|A,AG,6jfh_AG_u_2,5LBV,A
6jfh,6jfh_K:I|A,AG,6jfh_AG_u_3,5LBV,B
6jfh,6jfh_K:I|A,AG,6jfh_AG_u_4,5OMZ,A
6feq,6feq_D:C|B,AG,6feq_AG_u_0,6HZM,A
6feq,6feq_D:C|B,AG,6feq_AG_u_1,6HZM,B
6feq,6feq_D:C|B,AG,6feq_AG_u_2,6HBU,A
6feq,6feq_D:C|B,AG,6feq_AG_u_3,6HBU,B
6feq,6feq_D:C|B,AG,6feq_AG_u_4,6FFC,A
6feq,6feq_D:C|B,AB,6feq_AB_u_0,5NIV,B:A
4xmk,4xmk_H:L|P,AB,4xmk_AB_u_0,4XML,H:L
6cwt,6cwt_C:D|F,AG,6cwt_AG_u_0,5T2P,A
6cwt,6cwt_C:D|F,AG,6cwt_AG_u_1,5T2P,B
6cwt,6cwt_C:D|F,AG,6cwt_AG_u_2,5T2P,C
6cwt,6cwt_C:D|F,AG,6cwt_AG_u_3,5T2P,D
6cwt,6cwt_C:D|F,AG,6cwt_AG_u_4,5T2P,E
4hkx,4hkx_A:B|E,AG,4hkx_AG_u_0,6CHX,A
4hkx,4hkx_A:B|E,AG,4hkx_AG_u_1,6CHX,B
4hkx,4hkx_A:B|E,AG,4hkx_AG_u_2,4EDB,A
4hkx,4hkx_A:B|E,AG,4hkx_AG_u_3,4EDB,C
4hkx,4hkx_A:B|E,AG,4hkx_AG_u_4,4EDB,E
5vco,5vco_B:A|F,AG,5vco_AG_u_0,3F5V,A
5vco,5vco_B:A|F,AG,5vco_AG_u_1,3F5V,B
5vco,5vco_B:A|F,AG,5vco_AG_u_2,1XKG,A
5vco,5vco_B:A|F,AG,5vco_AG_u_3,2AS8,A
5vco,5vco_B:A|F,AG,5vco_AG_u_4,2AS8,B
5vco,5vco_B:A|F,AB,5vco_AB_u_0,4POZ,D:C
6jep,6jep_K:I|F,AG,6jep_AG_u_0,5JHM,A
6jep,6jep_K:I|F,AG,6jep_AG_u_1,5JHM,B
6jep,6jep_K:I|F,AG,6jep_AG_u_2,5LBV,A
6jep,6jep_K:I|F,AG,6jep_AG_u_3,5LBV,B
6jep,6jep_K:I|F,AG,6jep_AG_u_4,5OMZ,A
3dvg,3dvg_B:A|Y:X,AG,3dvg_AG_u_0,6E2B,A:A
3dvg,3dvg_B:A|Y:X,AG,3dvg_AG_u_1,6E2B,C:C
3dvg,3dvg_B:A|Y:X,AG,3dvg_AG_u_2,6E2B,E:E
3dvg,3dvg_B:A|Y:X,AG,3dvg_AG_u_3,6E2B,G:G
3dvg,3dvg_B:A|Y:X,AG,3dvg_AG_u_4,6E2B,I:I
4xvu,4xvu_K:L|G,AG,4xvu_AG_u_0,2WOJ,A
4xvu,4xvu_K:L|G,AG,4xvu_AG_u_1,2WOJ,B
4xvu,4xvu_K:L|G,AG,4xvu_AG_u_2,2WOJ,C
4xvu,4xvu_K:L|G,AG,4xvu_AG_u_3,2WOJ,D
4xvu,4xvu_K:L|G,AG,4xvu_AG_u_4,3H84,A
4rgn,4rgn_B:C|A,AG,4rgn_AG_u_0,3SEB,A
4rgn,4rgn_B:C|A,AG,4rgn_AG_u_1,3GP7,A
4rgn,4rgn_B:C|A,AG,4rgn_AG_u_2,3GP7,B
4rgn,4rgn_B:C|A,AG,4rgn_AG_u_3,1SE4,A
4rgn,4rgn_B:C|A,AG,4rgn_AG_u_4,1GOZ,A
2a6i,2a6i_B:A|P,AB,2a6i_AB_u_0,5VGA,B:A
2a6i,2a6i_B:A|P,AB,2a6i_AB_u_1,2A6J,B:A
2a6i,2a6i_B:A|P,AB,2a6i_AB_u_2,2A6J,H:L
6n5d,6n5d_E:F|B,AG,6n5d_AG_u_0,6BKM,A
6n5d,6n5d_E:F|B,AG,6n5d_AG_u_1,6BKM,C
6n5d,6n5d_E:F|B,AG,6n5d_AG_u_2,6BKM,E
6n5d,6n5d_E:F|B,AG,6n5d_AG_u_3,6BKQ,A
6n5d,6n5d_E:F|B,AG,6n5d_AG_u_4,6BKQ,C
4fqr,4fqr_m:n|M,AG,4fqr_AG_u_0,6BKM,A
4fqr,4fqr_m:n|M,AG,4fqr_AG_u_1,6BKM,C
4fqr,4fqr_m:n|M,AG,4fqr_AG_u_2,6BKM,E
4fqr,4fqr_m:n|M,AG,4fqr_AG_u_3,6BKQ,A
4fqr,4fqr_m:n|M,AG,4fqr_AG_u_4,6BKQ,C
4fqr,4fqr_m:n|M,AB,4fqr_AB_u_0,4FNL,H:L
4fqr,4fqr_m:n|M,AB,4fqr_AB_u_1,4FNL,I:M
5iq9,5iq9_A:B|C,AG,5iq9_AG_u_0,6E8W,A
5iq9,5iq9_A:B|C,AG,5iq9_AG_u_1,6E8W,B
5iq9,5iq9_A:B|C,AG,5iq9_AG_u_2,6E8W,C
6n81,6n81_H:L|A,AG,6n81_AG_u_0,4OOV,A
6n81,6n81_H:L|A,AG,6n81_AG_u_1,4OOV,B
6n81,6n81_H:L|A,AG,6n81_AG_u_2,4OPS,A
6n81,6n81_H:L|A,AG,6n81_AG_u_3,4OPS,B
6n81,6n81_H:L|A,AG,6n81_AG_u_4,4OPV,A
4rrp,4rrp_G:A|M,AG,4rrp_AG_u_0,1ROC,A
4rrp,4rrp_G:A|M,AG,4rrp_AG_u_1,2IDC,A
4rrp,4rrp_G:A|M,AG,4rrp_AG_u_2,1WG3,A
4rdq,4rdq_G:F|E,AG,4rdq_AG_u_0,6N25,A
4rdq,4rdq_G:F|E,AG,4rdq_AG_u_1,6N25,B
4rdq,4rdq_G:F|E,AG,4rdq_AG_u_2,6N25,C
4rdq,4rdq_G:F|E,AG,4rdq_AG_u_3,6N25,D
4rdq,4rdq_G:F|E,AG,4rdq_AG_u_4,6N25,E
6dc9,6dc9_H:L|P,AG,6dc9_AG_u_0,6NWP,A
6dc9,6dc9_H:L|P,AG,6dc9_AG_u_1,6NWP,B
6dc9,6dc9_H:L|P,AG,6dc9_AG_u_2,6NWP,C
6dc9,6dc9_H:L|P,AG,6dc9_AG_u_3,6NWP,D
6dc9,6dc9_H:L|P,AG,6dc9_AG_u_4,6NWP,E
5czx,5czx_H:L|A,AG,5czx_AG_u_0,4ZLP,A
5czx,5czx_H:L|A,AG,5czx_AG_u_1,4ZLP,B
5czx,5czx_H:L|A,AG,5czx_AG_u_2,1PB5,A
5b8c,5b8c_E:D|F,AG,5b8c_AG_u_0,6UMU,A
5b8c,5b8c_E:D|F,AG,5b8c_AG_u_1,6UMV,A
5b8c,5b8c_E:D|F,AG,5b8c_AG_u_2,3RRQ,A
5b8c,5b8c_E:D|F,AG,5b8c_AG_u_3,2M2D,A
5b8c,5b8c_E:D|F,AB,5b8c_AB_u_0,5DK3,B:A
5b8c,5b8c_E:D|F,AB,5b8c_AB_u_1,5DK3,G:F
4ala,4ala_H:L|C,AG,4ala_AG_u_0,3VTT,A
4ala,4ala_H:L|C,AG,4ala_AG_u_1,3VTT,B
4ala,4ala_H:L|C,AG,4ala_AG_u_2,1UZG,A
4ala,4ala_H:L|C,AG,4ala_AG_u_3,1UZG,B
6mco,6mco_H:L|G,AB,6mco_AB_u_0,5CEY,B:A
6mco,6mco_H:L|G,AB,6mco_AB_u_1,5CEY,D:C
6mco,6mco_H:L|G,AB,6mco_AB_u_2,4R26,H:L
3ejy,3ejy_C:D|A,AG,3ejy_AG_u_0,3NMO,A
3ejy,3ejy_C:D|A,AG,3ejy_AG_u_1,4FTP,A
3ejy,3ejy_C:D|A,AG,3ejy_AG_u_2,1KPK,A
3ejy,3ejy_C:D|A,AG,3ejy_AG_u_3,1KPK,B
3ejy,3ejy_C:D|A,AG,3ejy_AG_u_4,1KPK,C
5aco,5aco_G:J|C,AB,5aco_AB_u_0,6B3D,H:L
4ene,4ene_C:D|A,AG,4ene_AG_u_0,3NMO,A
4ene,4ene_C:D|A,AG,4ene_AG_u_1,4FTP,A
4ene,4ene_C:D|A,AG,4ene_AG_u_2,1KPK,A
4ene,4ene_C:D|A,AG,4ene_AG_u_3,1KPK,B
4ene,4ene_C:D|A,AG,4ene_AG_u_4,1KPK,C
2ny2,2ny2_D:C|A,AB,2ny2_AB_u_0,1RZ8,B:A
2ny2,2ny2_D:C|A,AB,2ny2_AB_u_1,1RZ8,D:C
4g3y,4g3y_H:L|C,AG,4g3y_AG_u_0,5UUI,A
4g3y,4g3y_H:L|C,AG,4g3y_AG_u_1,4TSV,A
4g3y,4g3y_H:L|C,AG,4g3y_AG_u_2,2AZ5,A
4g3y,4g3y_H:L|C,AG,4g3y_AG_u_3,2AZ5,B
4g3y,4g3y_H:L|C,AG,4g3y_AG_u_4,2AZ5,C
4g3y,4g3y_H:L|C,AB,4g3y_AB_u_0,6UGS,A:B
4g3y,4g3y_H:L|C,AB,4g3y_AB_u_1,6UGS,H:L
4g3y,4g3y_H:L|C,AB,4g3y_AB_u_2,5VH3,A:B
4g3y,4g3y_H:L|C,AB,4g3y_AB_u_3,5VH3,H:L
4g3y,4g3y_H:L|C,AB,4g3y_AB_u_4,5VH4,A:B
3eff,3eff_D:C|K:L,AG,3eff_AG_u_0,2QTO,A:A
3eff,3eff_D:C|K:L,AG,3eff_AG_u_1,2QTO,B:B
3eff,3eff_D:C|K:L,AG,3eff_AG_u_2,2QTO,C:C
3eff,3eff_D:C|K:L,AG,3eff_AG_u_3,2QTO,D:D
3eff,3eff_D:C|K:L,AG,3eff_AG_u_4,3IFX,A:A
3u30,3u30_C:B|A,AG,3u30_AG_u_0,6E2B,A
3u30,3u30_C:B|A,AG,3u30_AG_u_1,6E2B,C
3u30,3u30_C:B|A,AG,3u30_AG_u_2,6E2B,E
3u30,3u30_C:B|A,AG,3u30_AG_u_3,6E2B,G
3u30,3u30_C:B|A,AG,3u30_AG_u_4,6E2B,I
1xcq,1xcq_F:E|P:N,AB,1xcq_AB_u_0,1NLB,H:L
6mdt,6mdt_D:E|B,AG,6mdt_AG_u_0,4HLR,A
6mdt,6mdt_D:E|B,AG,6mdt_AG_u_1,3VGX,C
6mdt,6mdt_D:E|B,AG,6mdt_AG_u_2,3VTP,C
6mdt,6mdt_D:E|B,AG,6mdt_AG_u_3,3UIA,A
6mdt,6mdt_D:E|B,AG,6mdt_AG_u_4,3UIA,B
6mdt,6mdt_D:E|B,AB,6mdt_AB_u_0,4TOY,H:L
5b3j,5b3j_H:L|D,AG,5b3j_AG_u_0,3JPW,A
5b3j,5b3j_H:L|D,AG,5b3j_AG_u_1,3JPY,A
4lvh,4lvh_H:I|G,AG,4lvh_AG_u_0,6GOL,A
4lvh,4lvh_H:I|G,AG,4lvh_AG_u_1,4EDB,B
4lvh,4lvh_H:I|G,AG,4lvh_AG_u_2,4EDB,D
4lvh,4lvh_H:I|G,AG,4lvh_AG_u_3,4EDB,F
4lvh,4lvh_H:I|G,AG,4lvh_AG_u_4,4EDA,A
5w23,5w23_I:M|B,AG,5w23_AG_u_0,5KWW,F
5w23,5w23_I:M|B,AG,5w23_AG_u_1,6EAK,F
5w23,5w23_I:M|B,AG,5w23_AG_u_2,6EAM,F
5w23,5w23_I:M|B,AG,5w23_AG_u_3,6EAL,F
5w23,5w23_I:M|B,AG,5w23_AG_u_4,6EAI,A
5w23,5w23_I:M|B,AB,5w23_AB_u_0,5W24,H:L
5aco,5aco_H:L|A,AB,5aco_AB_u_0,6B3D,H:L
2q8a,2q8a_H:L|A,AG,2q8a_AG_u_0,4R1B,A
2q8a,2q8a_H:L|A,AG,2q8a_AG_u_1,4R19,A
2q8a,2q8a_H:L|A,AG,2q8a_AG_u_2,4R19,B
2q8a,2q8a_H:L|A,AG,2q8a_AG_u_3,1Z40,A
2q8a,2q8a_H:L|A,AG,2q8a_AG_u_4,1Z40,E
2r6p,2r6p_D:E|A,AG,2r6p_AG_u_0,2JSF,A
6niu,6niu_F:G|B,AG,6niu_AG_u_0,5JHM,A
6niu,6niu_F:G|B,AG,6niu_AG_u_1,5JHM,B
6niu,6niu_F:G|B,AG,6niu_AG_u_2,5OMZ,A
6niu,6niu_F:G|B,AB,6niu_AB_u_0,6MTY,H:L
6d2p,6d2p_H:L|C,AG,6d2p_AG_u_0,5IDL,A
5iq7,5iq7_H:L|P,AG,5iq7_AG_u_0,6E8W,A
5iq7,5iq7_H:L|P,AG,5iq7_AG_u_1,6E8W,B
5iq7,5iq7_H:L|P,AG,5iq7_AG_u_2,6E8W,C
5iq7,5iq7_H:L|P,AG,5iq7_AG_u_3,5NWW,A
5iq7,5iq7_H:L|P,AG,5iq7_AG_u_4,5NWV,A
5iq7,5iq7_H:L|P,AB,5iq7_AB_u_0,5JNY,A:B
5iq7,5iq7_H:L|P,AB,5iq7_AB_u_1,5JNY,C:D
6svl,6svl_A:B|C,AG,6svl_AG_u_0,6SVK,A
6svl,6svl_A:B|C,AG,6svl_AG_u_1,6SVK,B
6svl,6svl_A:B|C,AG,6svl_AG_u_2,6O6W,A
5mp1,5mp1_H:L|A,AG,5mp1_AG_u_0,6NWP,A
5mp1,5mp1_H:L|A,AG,5mp1_AG_u_1,6NWP,B
5mp1,5mp1_H:L|A,AG,5mp1_AG_u_2,6NWP,C
5mp1,5mp1_H:L|A,AG,5mp1_AG_u_3,6NWP,D
5mp1,5mp1_H:L|A,AG,5mp1_AG_u_4,6NWP,E
5mp1,5mp1_H:L|A,AB,5mp1_AB_u_0,4OZ4,A:B
5mp1,5mp1_H:L|A,AB,5mp1_AB_u_1,4OZ4,H:L
6blh,6blh_H:L|G,AG,6blh_AG_u_0,1KWD,A
6blh,6blh_H:L|G,AG,6blh_AG_u_1,1KWE,A
3eo1,3eo1_K:J|L,AG,3eo1_AG_u_0,1TGJ,A
3eo1,3eo1_K:J|L,AG,3eo1_AG_u_1,1TGK,A
3eo1,3eo1_K:J|L,AB,3eo1_AB_u_0,3EO0,B:A
3eo1,3eo1_K:J|L,AB,3eo1_AB_u_1,3EO0,D:C
4r0l,4r0l_H:L|D,AB,4r0l_AB_u_0,4LCI,H:L
2r9h,2r9h_C:D|A,AG,2r9h_AG_u_0,3NMO,A
2r9h,2r9h_C:D|A,AG,2r9h_AG_u_1,4FTP,A
2r9h,2r9h_C:D|A,AG,2r9h_AG_u_2,1KPK,A
2r9h,2r9h_C:D|A,AG,2r9h_AG_u_3,1KPK,B
2r9h,2r9h_C:D|A,AG,2r9h_AG_u_4,1KPK,C
5wux,5wux_C:D|G,AG,5wux_AG_u_0,5UUI,A
5wux,5wux_C:D|G,AG,5wux_AG_u_1,4TSV,A
5wux,5wux_C:D|G,AG,5wux_AG_u_2,2AZ5,A
5wux,5wux_C:D|G,AG,5wux_AG_u_3,2AZ5,B
5wux,5wux_C:D|G,AG,5wux_AG_u_4,2AZ5,C
5wux,5wux_C:D|G,AB,5wux_AB_u_0,5WUV,H:L
2wub,2wub_R:Q|C,AG,2wub_AG_u_0,1EPT,A
2wub,2wub_R:Q|C,AG,2wub_AG_u_1,1YBW,A
2wub,2wub_R:Q|C,AG,2wub_AG_u_2,1YBW,B
3hae,3hae_O:N|J:M,AB,3hae_AB_u_0,3GJE,B:A
3hae,3hae_O:N|J:M,AB,3hae_AB_u_1,3GJE,H:L
3qa3,3qa3_K:J|L,AG,3qa3_AG_u_0,1MF7,A
3qa3,3qa3_K:J|L,AG,3qa3_AG_u_1,1NA5,A
3qa3,3qa3_K:J|L,AG,3qa3_AG_u_2,1IDO,A
3qa3,3qa3_K:J|L,AG,3qa3_AG_u_3,4XW2,A
3qa3,3qa3_K:J|L,AG,3qa3_AG_u_4,1JLM,A
1n64,1n64_H:L|P,AG,1n64_AG_u_0,1CWX,A
1n64,1n64_H:L|P,AB,1n64_AB_u_0,1NLB,H:L
2fx7,2fx7_H:L|P,AB,2fx7_AB_u_0,4LLV,A:B
2fx7,2fx7_H:L|P,AB,2fx7_AB_u_1,4LLV,C:D
2fx7,2fx7_H:L|P,AB,2fx7_AB_u_2,4LLV,E:F
2fx7,2fx7_H:L|P,AB,2fx7_AB_u_3,4LLV,H:L
2fx7,2fx7_H:L|P,AB,2fx7_AB_u_4,5CIP,A:B
6h3t,6h3t_H:L|A,AG,6h3t_AG_u_0,6H3S,A
6h3t,6h3t_H:L|A,AG,6h3t_AG_u_1,6H3S,B
6jjp,6jjp_D:E|F,AG,6jjp_AG_u_0,6UMV,A
6jjp,6jjp_D:E|F,AG,6jjp_AG_u_1,3RRQ,A
6jjp,6jjp_D:E|F,AG,6jjp_AG_u_2,2M2D,A
4y5v,4y5v_D:E|F,AG,4y5v_AG_u_0,1ERN,A
4y5v,4y5v_D:E|F,AG,4y5v_AG_u_1,1ERN,B
6bfq,6bfq_H:L|K,AG,6bfq_AG_u_0,2GMF,A
6bfq,6bfq_H:L|K,AG,6bfq_AG_u_1,2GMF,B
6bfq,6bfq_H:L|K,AG,6bfq_AG_u_2,1CSG,A
6bfq,6bfq_H:L|K,AG,6bfq_AG_u_3,1CSG,B
2otw,2otw_D:C|F,AB,2otw_AB_u_0,2GSG,B:A
2otw,2otw_D:C|F,AB,2otw_AB_u_1,2GSG,D:C
6j15,6j15_H:L|D,AG,6j15_AG_u_0,6UMV,A
6j15,6j15_H:L|D,AG,6j15_AG_u_1,3RRQ,A
6j15,6j15_H:L|D,AG,6j15_AG_u_2,2M2D,A
4jpw,4jpw_H:L|G,AG,4jpw_AG_u_0,6ONE,A
4jpw,4jpw_H:L|G,AG,4jpw_AG_u_1,6ONH,A
6q0o,6q0o_Z:B|A,AG,6q0o_AG_u_0,6CHX,A
6q0o,6q0o_Z:B|A,AG,6q0o_AG_u_1,6CHX,B
6q0o,6q0o_Z:B|A,AG,6q0o_AG_u_2,4EDB,A
6q0o,6q0o_Z:B|A,AG,6q0o_AG_u_3,4EDB,C
6q0o,6q0o_Z:B|A,AG,6q0o_AG_u_4,4EDB,E
4nnp,4nnp_X:Y|B,AG,4nnp_AG_u_0,4NNO,A
4nnp,4nnp_X:Y|B,AG,4nnp_AG_u_1,4K3V,A
4nnp,4nnp_X:Y|B,AG,4nnp_AG_u_2,4K3V,B
1kcs,1kcs_H:L|P,AB,1kcs_AB_u_0,1KCV,H:L
1a2y,1a2y_B:A|C,AG,1a2y_AG_u_0,6RT3,A
1a2y,1a2y_B:A|C,AG,1a2y_AG_u_1,6ADF,A
1a2y,1a2y_B:A|C,AG,1a2y_AG_u_2,6ABN,A
1a2y,1a2y_B:A|C,AG,1a2y_AG_u_3,6FSJ,A
1a2y,1a2y_B:A|C,AG,1a2y_AG_u_4,6F9Z,A
1a2y,1a2y_B:A|C,AB,1a2y_AB_u_0,1VFA,B:A
1a2y,1a2y_B:A|C,AB,1a2y_AB_u_1,1A7R,H:L
1a2y,1a2y_B:A|C,AB,1a2y_AB_u_2,1A7P,H:L
1a2y,1a2y_B:A|C,AB,1a2y_AB_u_3,1A7N,H:L
1a2y,1a2y_B:A|C,AB,1a2y_AB_u_4,1CIC,D:C
6mhg,6mhg_I:T|E,AG,6mhg_AG_u_0,3VDJ,A
6mhg,6mhg_I:T|E,AG,6mhg_AG_u_1,3VDK,A
6mhg,6mhg_I:T|E,AG,6mhg_AG_u_2,3VDL,A
6mhg,6mhg_I:T|E,AG,6mhg_AG_u_3,3VDL,B
6mhg,6mhg_I:T|E,AG,6mhg_AG_u_4,3VDL,C
3bae,3bae_H:L|A,AG,3bae_AG_u_0,5BUO,A
3bae,3bae_H:L|A,AG,3bae_AG_u_1,5BUO,B
3bae,3bae_H:L|A,AG,3bae_AG_u_2,5OQV,A
3bae,3bae_H:L|A,AG,3bae_AG_u_3,5OQV,B
3bae,3bae_H:L|A,AG,3bae_AG_u_4,5OQV,C
5xcq,5xcq_A:B|C,AB,5xcq_AB_u_0,4NR2,A:A
5xcq,5xcq_A:B|C,AB,5xcq_AB_u_1,4NR2,B:B
5xcq,5xcq_A:B|C,AB,5xcq_AB_u_2,4NR2,C:C
5xcq,5xcq_A:B|C,AB,5xcq_AB_u_3,4NR2,D:D
5xcq,5xcq_A:B|C,AB,5xcq_AB_u_4,4NR2,E:E
4xnz,4xnz_E:F|D,AG,4xnz_AG_u_0,6ONE,A
4xnz,4xnz_E:F|D,AG,4xnz_AG_u_1,6ONH,A
4dgi,4dgi_H:L|A,AG,4dgi_AG_u_0,3HEQ,A
4dgi,4dgi_H:L|A,AG,4dgi_AG_u_1,3HEQ,B
4dgi,4dgi_H:L|A,AG,4dgi_AG_u_2,3HAK,A
4dgi,4dgi_H:L|A,AG,4dgi_AG_u_3,3HER,A
4dgi,4dgi_H:L|A,AG,4dgi_AG_u_4,3HER,B
1pkq,1pkq_B:A|E,AG,1pkq_AG_u_0,1PKO,A
1pkq,1pkq_B:A|E,AG,1pkq_AG_u_1,3CSP,A
1pkq,1pkq_B:A|E,AG,1pkq_AG_u_2,1PY9,A
4rau,4rau_E:D|F,AG,4rau_AG_u_0,1F9Q,A
4rau,4rau_E:D|F,AG,4rau_AG_u_1,1F9Q,B
4rau,4rau_E:D|F,AG,4rau_AG_u_2,1F9Q,C
4rau,4rau_E:D|F,AG,4rau_AG_u_3,1F9Q,D
4rau,4rau_E:D|F,AG,4rau_AG_u_4,4HSV,A
1yym,1yym_H:L|G,AB,1yym_AB_u_0,1RZ8,B:A
1yym,1yym_H:L|G,AB,1yym_AB_u_1,1RZ8,D:C
5vcn,5vcn_D:C|B,AG,5vcn_AG_u_0,3F5V,A
5vcn,5vcn_D:C|B,AG,5vcn_AG_u_1,3F5V,B
5vcn,5vcn_D:C|B,AG,5vcn_AG_u_2,1XKG,A
5vcn,5vcn_D:C|B,AG,5vcn_AG_u_3,2AS8,A
5vcn,5vcn_D:C|B,AG,5vcn_AG_u_4,2AS8,B
6q23,6q23_E:F|C,AG,6q23_AG_u_0,5NZ4,A
6q23,6q23_E:F|C,AG,6q23_AG_u_1,5NZ4,B
6q23,6q23_E:F|C,AG,6q23_AG_u_2,3TI4,A
6q23,6q23_E:F|C,AG,6q23_AG_u_3,3TI4,B
6q23,6q23_E:F|C,AG,6q23_AG_u_4,6G01,A
1nby,1nby_B:A|C,AG,1nby_AG_u_0,6RT3,A
1nby,1nby_B:A|C,AG,1nby_AG_u_1,6ADF,A
1nby,1nby_B:A|C,AG,1nby_AG_u_2,6ABN,A
1nby,1nby_B:A|C,AG,1nby_AG_u_3,6FSJ,A
1nby,1nby_B:A|C,AG,1nby_AG_u_4,6F9Z,A
1nby,1nby_B:A|C,AB,1nby_AB_u_0,1DQQ,B:A
1nby,1nby_B:A|C,AB,1nby_AB_u_1,1DQQ,D:C
1nby,1nby_B:A|C,AB,1nby_AB_u_2,1DQM,H:L
3o2d,3o2d_H:L|A,AG,3o2d_AG_u_0,1CDY,A
3o2d,3o2d_H:L|A,AG,3o2d_AG_u_1,3CD4,A
3o2d,3o2d_H:L|A,AG,3o2d_AG_u_2,1CDH,A
3o2d,3o2d_H:L|A,AG,3o2d_AG_u_3,1CDJ,A
3o2d,3o2d_H:L|A,AG,3o2d_AG_u_4,1CDU,A
5grj,5grj_H:L|A,AG,5grj_AG_u_0,6NP9,A
5grj,5grj_H:L|A,AG,5grj_AG_u_1,5N2F,A
5grj,5grj_H:L|A,AG,5grj_AG_u_2,5N2F,B
5grj,5grj_H:L|A,AG,5grj_AG_u_3,5C3T,A
5grj,5grj_H:L|A,AG,5grj_AG_u_4,4Z18,A
5grj,5grj_H:L|A,AB,5grj_AB_u_0,4NKI,H:L
4z5r,4z5r_K:J|D,AG,4z5r_AG_u_0,1RH2,A
4z5r,4z5r_K:J|D,AG,4z5r_AG_u_1,1RH2,B
4z5r,4z5r_K:J|D,AG,4z5r_AG_u_2,1RH2,C
4z5r,4z5r_K:J|D,AG,4z5r_AG_u_3,1RH2,D
4z5r,4z5r_K:J|D,AG,4z5r_AG_u_4,1RH2,E
6apd,6apd_F:G|C,AG,6apd_AG_u_0,6EAD,F
6apd,6apd_F:G|C,AG,6apd_AG_u_1,6EAE,F
6apd,6apd_F:G|C,AB,6apd_AB_u_0,6DC4,H:L
4mhh,4mhh_G:I|C,AG,4mhh_AG_u_0,6CF5,A
4mhh,4mhh_G:I|C,AG,4mhh_AG_u_1,6CF5,C
4mhh,4mhh_G:I|C,AG,4mhh_AG_u_2,6CF5,E
4mhh,4mhh_G:I|C,AG,4mhh_AG_u_3,6PCX,A
4mhh,4mhh_G:I|C,AG,4mhh_AG_u_4,6PD3,A
5igx,5igx_H:L|G,AG,5igx_AG_u_0,5FA2,A
5igx,5igx_H:L|G,AG,5igx_AG_u_1,5FA2,B
5igx,5igx_H:L|G,AG,5igx_AG_u_2,3DNL,A
5igx,5igx_H:L|G,AG,5igx_AG_u_3,3DNL,D
5igx,5igx_H:L|G,AG,5igx_AG_u_4,3DNL,G
1hh6,1hh6_B:A|C,AB,1hh6_AB_u_0,1CFQ,B:A
5t3z,5t3z_H:L|G,AB,5t3z_AB_u_0,4FQ2,H:L
1g7m,1g7m_B:A|C,AG,1g7m_AG_u_0,6RT3,A
1g7m,1g7m_B:A|C,AG,1g7m_AG_u_1,6ADF,A
1g7m,1g7m_B:A|C,AG,1g7m_AG_u_2,6ABN,A
1g7m,1g7m_B:A|C,AG,1g7m_AG_u_3,6FSJ,A
1g7m,1g7m_B:A|C,AG,1g7m_AG_u_4,6F9Z,A
1g7m,1g7m_B:A|C,AB,1g7m_AB_u_0,1VFA,B:A
1g7m,1g7m_B:A|C,AB,1g7m_AB_u_1,1A7P,H:L
1g7m,1g7m_B:A|C,AB,1g7m_AB_u_2,1A7N,H:L
1g7m,1g7m_B:A|C,AB,1g7m_AB_u_3,1A7R,H:L
1g7m,1g7m_B:A|C,AB,1g7m_AB_u_4,1CIC,D:C
5wk3,5wk3_W:V|D,AG,5wk3_AG_u_0,1NR4,A
5wk3,5wk3_W:V|D,AG,5wk3_AG_u_1,1NR4,B
5wk3,5wk3_W:V|D,AG,5wk3_AG_u_2,1NR4,C
5wk3,5wk3_W:V|D,AG,5wk3_AG_u_3,1NR4,D
5wk3,5wk3_W:V|D,AG,5wk3_AG_u_4,1NR4,E
5wk3,5wk3_W:V|D,AB,5wk3_AB_u_0,5WK2,H:L
2oqj,2oqj_H:G|I,AB,2oqj_AB_u_0,6N35,H:K
2oqj,2oqj_H:G|I,AB,2oqj_AB_u_1,6N35,M:L
2oqj,2oqj_H:G|I,AB,2oqj_AB_u_2,3OAZ,H:K
2oqj,2oqj_H:G|I,AB,2oqj_AB_u_3,3OAZ,M:L
2oqj,2oqj_H:G|I,AB,2oqj_AB_u_4,4RBP,H:K
3u30,3u30_F:E|D,AG,3u30_AG_u_0,6E2B,A
3u30,3u30_F:E|D,AG,3u30_AG_u_1,6E2B,C
3u30,3u30_F:E|D,AG,3u30_AG_u_2,6E2B,E
3u30,3u30_F:E|D,AG,3u30_AG_u_3,6E2B,G
3u30,3u30_F:E|D,AG,3u30_AG_u_4,6E2B,I
1ncd,1ncd_H:L|N,AG,1ncd_AG_u_0,6HFC,A
1ncd,1ncd_H:L|N,AG,1ncd_AG_u_1,6HG0,A
1ncd,1ncd_H:L|N,AG,1ncd_AG_u_2,6HCX,A
1ncd,1ncd_H:L|N,AG,1ncd_AG_u_3,6D3B,A
1ncd,1ncd_H:L|N,AG,1ncd_AG_u_4,1F8E,A
3j3o,3j3o_HL1,AG,3j3o_AG_u_0,1POV,1
3j3o,3j3o_HL1,AG,3j3o_AG_u_1,1AL2,1
3j3o,3j3o_HL1,AG,3j3o_AG_u_2,1PO2,1
3j3o,3j3o_HL1,AG,3j3o_AG_u_3,1VBD,1
3j3o,3j3o_HL1,AG,3j3o_AG_u_4,1AR6,1
6fy1,6fy1_H:L|G,AG,6fy1_AG_u_0,6CMX,A
6fy1,6fy1_H:L|G,AG,6fy1_AG_u_1,4Q0C,A
6fy1,6fy1_H:L|G,AG,6fy1_AG_u_2,4Q0C,B
6fy1,6fy1_H:L|G,AG,6fy1_AG_u_3,4Q0C,C
6fy1,6fy1_H:L|G,AG,6fy1_AG_u_4,4Q0C,D
1g9m,1g9m_H:L|G,AB,1g9m_AB_u_0,1RZ8,B:A
1g9m,1g9m_H:L|G,AB,1g9m_AB_u_1,1RZ8,D:C
3pnw,3pnw_K:J|L,AG,3pnw_AG_u_0,5YJ8,A
3pnw,3pnw_K:J|L,AG,3pnw_AG_u_1,3S6W,A
3pnw,3pnw_K:J|L,AG,3pnw_AG_u_2,3PMT,A
6rcv,6rcv_J:I|F,AG,6rcv_AG_u_0,4WAT,A
6rcv,6rcv_J:I|F,AB,6rcv_AB_u_0,6RCS,A:B
3jba,3jba_H:L|A,AG,3jba_AG_u_0,1DZL,A
3jba,3jba_H:L|A,AG,3jba_AG_u_1,5KEP,A
3jba,3jba_H:L|A,AG,3jba_AG_u_2,5KEP,B
3jba,3jba_H:L|A,AG,3jba_AG_u_3,5KEP,C
3jba,3jba_H:L|A,AG,3jba_AG_u_4,5KEP,D
4nhh,4nhh_O:Q|C,AG,4nhh_AG_u_0,5HSF,A
4nhh,4nhh_O:Q|C,AG,4nhh_AG_u_1,5HSF,B
4nhh,4nhh_O:Q|C,AG,4nhh_AG_u_2,3DJ9,A
4nhh,4nhh_O:Q|C,AG,4nhh_AG_u_3,4B53,A
4nhh,4nhh_O:Q|C,AG,4nhh_AG_u_4,4B53,B
3h3p,3h3p_I:M|T,AB,3h3p_AB_u_0,4LLV,A:B
3h3p,3h3p_I:M|T,AB,3h3p_AB_u_1,4LLV,C:D
3h3p,3h3p_I:M|T,AB,3h3p_AB_u_2,4LLV,E:F
3h3p,3h3p_I:M|T,AB,3h3p_AB_u_3,4LLV,H:L
3h3p,3h3p_I:M|T,AB,3h3p_AB_u_4,5CIP,A:B
4ris,4ris_H:L|P,AB,4ris_AB_u_0,4HQQ,H:L
4ris,4ris_H:L|P,AB,4ris_AB_u_1,4RIR,A:B
4ris,4ris_H:L|P,AB,4ris_AB_u_2,4RIR,H:L
4ut9,4ut9_H:L|A,AG,4ut9_AG_u_0,4UTC,A
4ut9,4ut9_H:L|A,AG,4ut9_AG_u_1,4UTC,B
6mlm,6mlm_E:I|A,AG,6mlm_AG_u_0,3M5J,A
6mlm,6mlm_E:I|A,AG,6mlm_AG_u_1,3M5J,C
6mlm,6mlm_E:I|A,AG,6mlm_AG_u_2,3M5J,E
6mlm,6mlm_E:I|A,AG,6mlm_AG_u_3,3M5G,A
6mlm,6mlm_E:I|A,AG,6mlm_AG_u_4,3M5G,C
4o9h,4o9h_H:L|A,AG,4o9h_AG_u_0,1ALU,A
4o9h,4o9h_H:L|A,AG,4o9h_AG_u_1,2IL6,A
4o9h,4o9h_H:L|A,AG,4o9h_AG_u_2,1IL6,A
6bft,6bft_A:B|G,AG,6bft_AG_u_0,1MKK,A
6bft,6bft_A:B|G,AG,6bft_AG_u_1,1MKK,B
6bft,6bft_A:B|G,AG,6bft_AG_u_2,4KZN,A
6bft,6bft_A:B|G,AG,6bft_AG_u_3,3QTK,A
6bft,6bft_A:B|G,AG,6bft_AG_u_4,3QTK,B
1fe8,1fe8_H:L|A,AG,1fe8_AG_u_0,1ATZ,A
1fe8,1fe8_H:L|A,AG,1fe8_AG_u_1,1ATZ,B
1fe8,1fe8_H:L|A,AG,1fe8_AG_u_2,1AO3,A
1fe8,1fe8_H:L|A,AG,1fe8_AG_u_3,1AO3,B
3d0v,3d0v_B:A|C,AB,3d0v_AB_u_0,2PR4,H:L
6mfp,6mfp_C:D|A,AG,6mfp_AG_u_0,6ONE,A
6mfp,6mfp_C:D|A,AG,6mfp_AG_u_1,6ONH,A
6mfp,6mfp_C:D|A,AB,6mfp_AB_u_0,6MFJ,A:B
6mfp,6mfp_C:D|A,AB,6mfp_AB_u_1,6MFJ,H:L
1fpt,1fpt_H:L|P,AG,1fpt_AG_u_0,1POV,1
1fpt,1fpt_H:L|P,AG,1fpt_AG_u_1,1AL2,1
1fpt,1fpt_H:L|P,AG,1fpt_AG_u_2,1PO2,1
1fpt,1fpt_H:L|P,AG,1fpt_AG_u_3,1VBD,1
1fpt,1fpt_H:L|P,AG,1fpt_AG_u_4,1ASJ,1
6ml8,6ml8_H:L|A,AB,6ml8_AB_u_0,4FNL,H:L
6ml8,6ml8_H:L|A,AB,6ml8_AB_u_1,4FNL,I:M
4u6v,4u6v_K:M|B,AG,4u6v_AG_u_0,7AHL,A
4u6v,4u6v_K:M|B,AG,4u6v_AG_u_1,7AHL,B
4u6v,4u6v_K:M|B,AG,4u6v_AG_u_2,7AHL,C
4u6v,4u6v_K:M|B,AG,4u6v_AG_u_3,7AHL,D
4u6v,4u6v_K:M|B,AG,4u6v_AG_u_4,7AHL,E
6n7j,6n7j_H:L|C,AB,6n7j_AB_u_0,6N7U,A:B
3eo1,3eo1_E:D|F,AG,3eo1_AG_u_0,1TGJ,A
3eo1,3eo1_E:D|F,AG,3eo1_AG_u_1,1TGK,A
3eo1,3eo1_E:D|F,AB,3eo1_AB_u_0,3EO0,B:A
3eo1,3eo1_E:D|F,AB,3eo1_AB_u_1,3EO0,D:C
2h2p,2h2p_C:D|A,AG,2h2p_AG_u_0,3NMO,A
2h2p,2h2p_C:D|A,AG,2h2p_AG_u_1,4FTP,A
2h2p,2h2p_C:D|A,AG,2h2p_AG_u_2,1KPK,A
2h2p,2h2p_C:D|A,AG,2h2p_AG_u_3,1KPK,B
2h2p,2h2p_C:D|A,AG,2h2p_AG_u_4,1KPK,C
5vl3,5vl3_C:D|S,AG,5vl3_AG_u_0,5VKJ,A
5vl3,5vl3_C:D|S,AG,5vl3_AG_u_1,5VKM,A
5vl3,5vl3_C:D|S,AB,5vl3_AB_u_0,5VKK,A:B
5vl3,5vl3_C:D|S,AB,5vl3_AB_u_1,5VKK,H:L
6did,6did_D:C|F:I,AB,6did_AB_u_0,6CJK,B:A
6did,6did_D:C|F:I,AB,6did_AB_u_1,6CJK,D:C
2jix,2jix_F:A|C:B,AG,2jix_AG_u_0,1ERN,A:A
2jix,2jix_F:A|C:B,AG,2jix_AG_u_1,1ERN,B:B
4plj,4plj_H:L|A,AG,4plj_AG_u_0,3RKC,A
4plj,4plj_H:L|A,AG,4plj_AG_u_1,3RKC,B
4plj,4plj_H:L|A,AG,4plj_AG_u_2,3HAG,A
4kk6,4kk6_E:F|B,AG,4kk6_AG_u_0,3NMO,A
4kk6,4kk6_E:F|B,AG,4kk6_AG_u_1,4FTP,A
4kk6,4kk6_E:F|B,AG,4kk6_AG_u_2,1KPK,A
4kk6,4kk6_E:F|B,AG,4kk6_AG_u_3,1KPK,B
4kk6,4kk6_E:F|B,AG,4kk6_AG_u_4,1KPK,C
6e1k,6e1k_F:E|A,AG,6e1k_AG_u_0,5DQQ,A
6e1k,6e1k_F:E|A,AG,6e1k_AG_u_1,6E1M,A
6e1k,6e1k_F:E|A,AG,6e1k_AG_u_2,6E1M,B
6e1k,6e1k_F:E|A,AG,6e1k_AG_u_3,5TUA,A
6e1k,6e1k_F:E|A,AG,6e1k_AG_u_4,6CX0,A
5fec,5fec_H:L|I,AG,5fec_AG_u_0,5FA2,A
5fec,5fec_H:L|I,AG,5fec_AG_u_1,5FA2,B
5fec,5fec_H:L|I,AG,5fec_AG_u_2,3DNL,A
5fec,5fec_H:L|I,AG,5fec_AG_u_3,3DNL,D
5fec,5fec_H:L|I,AG,5fec_AG_u_4,3DNL,G
5fec,5fec_H:L|I,AB,5fec_AB_u_0,5F7E,H:L
3jbq,3jbq_h:l|B,AG,3jbq_AG_u_0,3JWQ,A
3jbq,3jbq_h:l|B,AG,3jbq_AG_u_1,3JWQ,B
3jbq,3jbq_h:l|B,AG,3jbq_AG_u_2,3JWQ,C
3jbq,3jbq_h:l|B,AG,3jbq_AG_u_3,3JWQ,D
5thr,5thr_N:K|E,AB,5thr_AB_u_0,1RZ8,B:A
5thr,5thr_N:K|E,AB,5thr_AB_u_1,1RZ8,D:C
3w2d,3w2d_H:L|A,AG,3w2d_AG_u_0,3SEB,A
3w2d,3w2d_H:L|A,AG,3w2d_AG_u_1,3GP7,A
3w2d,3w2d_H:L|A,AG,3w2d_AG_u_2,3GP7,B
3w2d,3w2d_H:L|A,AG,3w2d_AG_u_3,1SE4,A
3w2d,3w2d_H:L|A,AG,3w2d_AG_u_4,1GOZ,A
6u0n,6u0n_H:L|A,AB,6u0n_AB_u_0,1RZF,H:L
4kjw,4kjw_C:D|A,AG,4kjw_AG_u_0,3NMO,A
4kjw,4kjw_C:D|A,AG,4kjw_AG_u_1,4FTP,A
4kjw,4kjw_C:D|A,AG,4kjw_AG_u_2,1KPK,A
4kjw,4kjw_C:D|A,AG,4kjw_AG_u_3,1KPK,B
4kjw,4kjw_C:D|A,AG,4kjw_AG_u_4,1KPK,C
6svl,6svl_G:I|J,AG,6svl_AG_u_0,6SVK,A
6svl,6svl_G:I|J,AG,6svl_AG_u_1,6SVK,B
6svl,6svl_G:I|J,AG,6svl_AG_u_2,6O6W,A
4fqi,4fqi_H:L|B:A,AG,4fqi_AG_u_0,6CF5,B:A
4fqi,4fqi_H:L|B:A,AG,4fqi_AG_u_1,6CF5,D:C
4fqi,4fqi_H:L|B:A,AG,4fqi_AG_u_2,6CF5,F:E
4fqi,4fqi_H:L|B:A,AG,4fqi_AG_u_3,6PCX,A:A
4fqi,4fqi_H:L|B:A,AG,4fqi_AG_u_4,6PD3,A:A
4fqi,4fqi_H:L|B:A,AB,4fqi_AB_u_0,4FQH,A:B
4fqi,4fqi_H:L|B:A,AB,4fqi_AB_u_1,4FQH,H:L
5vjo,5vjo_A:B|E,AG,5vjo_AG_u_0,6D9I,A
5vjo,5vjo_A:B|E,AG,5vjo_AG_u_1,6D9I,B
5vjo,5vjo_A:B|E,AG,5vjo_AG_u_2,5V8G,A
5vjo,5vjo_A:B|E,AG,5vjo_AG_u_3,1IAK,P
4gxu,4gxu_S:T|G,AG,4gxu_AG_u_0,4JUG,A
4gxu,4gxu_S:T|G,AG,4gxu_AG_u_1,4JUG,C
4gxu,4gxu_S:T|G,AG,4gxu_AG_u_2,4JUG,E
4gxu,4gxu_S:T|G,AG,4gxu_AG_u_3,4JUG,G
4gxu,4gxu_S:T|G,AG,4gxu_AG_u_4,4JUG,I
4gxu,4gxu_S:T|G,AB,4gxu_AB_u_0,4GXV,H:L
4gxu,4gxu_S:T|G,AB,4gxu_AB_u_1,4GXV,I:M
4hkz,4hkz_B:A|H:E,AB,4hkz_AB_u_0,5TDO,B:A
4hkz,4hkz_B:A|H:E,AB,4hkz_AB_u_1,5TDO,D:C
4hkz,4hkz_B:A|H:E,AB,4hkz_AB_u_2,5TDN,B:A
4hkz,4hkz_B:A|H:E,AB,4hkz_AB_u_3,5TDN,D:C
4hkz,4hkz_B:A|H:E,AB,4hkz_AB_u_4,6BI2,H:L
5w6d,5w6d_H:L|G,AG,5w6d_AG_u_0,3DNL,C
5w6d,5w6d_H:L|G,AG,5w6d_AG_u_1,3DNL,F
5w6d,5w6d_H:L|G,AG,5w6d_AG_u_2,3DNL,I
5w6d,5w6d_H:L|G,AG,5w6d_AG_u_3,3DNO,C
5w6d,5w6d_H:L|G,AG,5w6d_AG_u_4,3DNO,F
1n8z,1n8z_B:A|C,AG,1n8z_AG_u_0,2A91,A
1n8z,1n8z_B:A|C,AB,1n8z_AB_u_0,5TDO,B:A
1n8z,1n8z_B:A|C,AB,1n8z_AB_u_1,5TDO,D:C
1n8z,1n8z_B:A|C,AB,1n8z_AB_u_2,5TDN,B:A
1n8z,1n8z_B:A|C,AB,1n8z_AB_u_3,5TDN,D:C
1n8z,1n8z_B:A|C,AB,1n8z_AB_u_4,6BI2,H:L
6dzm,6dzm_I:K|E:B,AB,6dzm_AB_u_0,6DZN,H:L
3opz,3opz_H:L|A,AG,3opz_AG_u_0,1MS9,A
3opz,3opz_H:L|A,AG,3opz_AG_u_1,1MS9,B
3opz,3opz_H:L|A,AG,3opz_AG_u_2,2AH2,A
3opz,3opz_H:L|A,AG,3opz_AG_u_3,1S0I,A
3opz,3opz_H:L|A,AG,3opz_AG_u_4,1S0J,A
5hhx,5hhx_H:L|A,AG,5hhx_AG_u_0,4HR9,A
5hhx,5hhx_H:L|A,AG,5hhx_AG_u_1,4HR9,B
5w3o,5w3o_D:E|B:A:C,AG,5w3o_AG_u_0,1RUE,3:1:2
5w3o,5w3o_D:E|B:A:C,AG,5w3o_AG_u_1,1RUF,3:1:2
5w3o,5w3o_D:E|B:A:C,AG,5w3o_AG_u_2,1RUD,3:1:2
5w3o,5w3o_D:E|B:A:C,AG,5w3o_AG_u_3,1VRH,3:1:2
5w3o,5w3o_D:E|B:A:C,AG,5w3o_AG_u_4,1RUI,3:1:2
6qee,6qee_C:B|A,AB,6qee_AB_u_0,5JUE,H:L
6iec,6iec_C:D|B,AG,6iec_AG_u_0,6F8P,A
6iec,6iec_C:D|B,AG,6iec_AG_u_1,5Y0W,A
6iec,6iec_C:D|B,AG,6iec_AG_u_2,5Y0Y,A
6iec,6iec_C:D|B,AG,6iec_AG_u_3,6F9C,A
6iec,6iec_C:D|B,AG,6iec_AG_u_4,6F9C,C
4uih,4uih_D:E|A,AG,4uih_AG_u_0,1OK8,A
4uih,4uih_D:E|A,AG,4uih_AG_u_1,1OKE,A
4uih,4uih_D:E|A,AG,4uih_AG_u_2,1OKE,B
4uih,4uih_D:E|A,AG,4uih_AG_u_3,1TG8,A
4uih,4uih_D:E|A,AG,4uih_AG_u_4,1OAN,A
5c0n,5c0n_C:D|B,AG,5c0n_AG_u_0,1G7N,A
5c0n,5c0n_C:D|B,AG,5c0n_AG_u_1,1LIF,A
5c0n,5c0n_C:D|B,AG,5c0n_AG_u_2,1ADL,A
5c0n,5c0n_C:D|B,AG,5c0n_AG_u_3,1LID,A
5c0n,5c0n_C:D|B,AG,5c0n_AG_u_4,1LIE,A
1g7h,1g7h_B:A|C,AG,1g7h_AG_u_0,6RT3,A
1g7h,1g7h_B:A|C,AG,1g7h_AG_u_1,6ADF,A
1g7h,1g7h_B:A|C,AG,1g7h_AG_u_2,6ABN,A
1g7h,1g7h_B:A|C,AG,1g7h_AG_u_3,6FSJ,A
1g7h,1g7h_B:A|C,AG,1g7h_AG_u_4,6F9Z,A
1g7h,1g7h_B:A|C,AB,1g7h_AB_u_0,1VFA,B:A
1g7h,1g7h_B:A|C,AB,1g7h_AB_u_1,1A7P,H:L
1g7h,1g7h_B:A|C,AB,1g7h_AB_u_2,1A7N,H:L
1g7h,1g7h_B:A|C,AB,1g7h_AB_u_3,1A7R,H:L
1g7h,1g7h_B:A|C,AB,1g7h_AB_u_4,1CIC,D:C
1r3l,1r3l_B:A|C,AG,1r3l_AG_u_0,2QTO,A
1r3l,1r3l_B:A|C,AG,1r3l_AG_u_1,2QTO,B
1r3l,1r3l_B:A|C,AG,1r3l_AG_u_2,2QTO,C
1r3l,1r3l_B:A|C,AG,1r3l_AG_u_3,2QTO,D
1r3l,1r3l_B:A|C,AG,1r3l_AG_u_4,3IFX,A
3ab0,3ab0_B:C|A,AG,3ab0_AG_u_0,2Z5W,A
3ab0,3ab0_B:C|A,AG,3ab0_AG_u_1,1WCK,A
3ab0,3ab0_B:C|A,AG,3ab0_AG_u_2,2R6Q,A
3ab0,3ab0_B:C|A,AG,3ab0_AG_u_3,3TYJ,A
5wt9,5wt9_H:L|G,AG,5wt9_AG_u_0,6UMU,A
5wt9,5wt9_H:L|G,AG,5wt9_AG_u_1,6UMV,A
5wt9,5wt9_H:L|G,AG,5wt9_AG_u_2,3RRQ,A
5wt9,5wt9_H:L|G,AG,5wt9_AG_u_3,2M2D,A
5wt9,5wt9_H:L|G,AB,5wt9_AB_u_0,5GGQ,H:L
4nco,4nco_D:C|A,AB,4nco_AB_u_0,4JY5,H:L
4ydl,4ydl_B:C|A,AG,4ydl_AG_u_0,6ONE,A
4ydl,4ydl_B:C|A,AG,4ydl_AG_u_1,6ONH,A
5kem,5kem_D:E|A,AG,5kem_AG_u_0,6G9I,A
5kem,5kem_D:E|A,AG,5kem_AG_u_1,6G95,A
6ii9,6ii9_P:Q|E,AG,6ii9_AG_u_0,4BSG,A
6ii9,6ii9_P:Q|E,AG,6ii9_AG_u_1,4LN6,A
6ii9,6ii9_P:Q|E,AG,6ii9_AG_u_2,4LN6,C
6ii9,6ii9_P:Q|E,AG,6ii9_AG_u_3,4LN6,E
6ii9,6ii9_P:Q|E,AG,6ii9_AG_u_4,4LN6,G
6n5d,6n5d_C:D|A,AG,6n5d_AG_u_0,6BKM,A
6n5d,6n5d_C:D|A,AG,6n5d_AG_u_1,6BKM,C
6n5d,6n5d_C:D|A,AG,6n5d_AG_u_2,6BKM,E
6n5d,6n5d_C:D|A,AG,6n5d_AG_u_3,6BKQ,A
6n5d,6n5d_C:D|A,AG,6n5d_AG_u_4,6BKQ,C
4dqo,4dqo_H:L|C,AG,4dqo_AG_u_0,6CMX,A
4dqo,4dqo_H:L|C,AG,4dqo_AG_u_1,4Q0C,A
4dqo,4dqo_H:L|C,AG,4dqo_AG_u_2,4Q0C,B
4dqo,4dqo_H:L|C,AG,4dqo_AG_u_3,4Q0C,C
4dqo,4dqo_H:L|C,AG,4dqo_AG_u_4,4Q0C,D
4dqo,4dqo_H:L|C,AB,4dqo_AB_u_0,3LRS,A:B
4dqo,4dqo_H:L|C,AB,4dqo_AB_u_1,3LRS,C:D
4dqo,4dqo_H:L|C,AB,4dqo_AB_u_2,3LRS,E:F
4dqo,4dqo_H:L|C,AB,4dqo_AB_u_3,3LRS,H:L
4dqo,4dqo_H:L|C,AB,4dqo_AB_u_4,3MUG,B:A
6nfu,6nfu_A:B|C,AG,6nfu_AG_u_0,2QTO,A
6nfu,6nfu_A:B|C,AG,6nfu_AG_u_1,2QTO,B
6nfu,6nfu_A:B|C,AG,6nfu_AG_u_2,2QTO,C
6nfu,6nfu_A:B|C,AG,6nfu_AG_u_3,2QTO,D
6nfu,6nfu_A:B|C,AG,6nfu_AG_u_4,3IFX,A
6ce0,6ce0_D:E|B,AG,6ce0_AG_u_0,3U91,A
6ce0,6ce0_D:E|B,AG,6ce0_AG_u_1,4HLR,A
6ce0,6ce0_D:E|B,AB,6ce0_AB_u_0,4TOY,H:L
4k9e,4k9e_H:L|C,AG,4k9e_AG_u_0,2EC8,A
6hxw,6hxw_H:L|A,AG,6hxw_AG_u_0,6TVE,P
6hxw,6hxw_H:L|A,AG,6hxw_AG_u_1,4H2G,A
6hxw,6hxw_H:L|A,AG,6hxw_AG_u_2,4H1Y,P
6hxw,6hxw_H:L|A,AG,6hxw_AG_u_3,4H2B,A
6hxw,6hxw_H:L|A,AG,6hxw_AG_u_4,4H2F,A
2bob,2bob_A:B|C,AG,2bob_AG_u_0,2QTO,A
2bob,2bob_A:B|C,AG,2bob_AG_u_1,2QTO,B
2bob,2bob_A:B|C,AG,2bob_AG_u_2,2QTO,C
2bob,2bob_A:B|C,AG,2bob_AG_u_3,2QTO,D
2bob,2bob_A:B|C,AG,2bob_AG_u_4,3IFX,A
3sge,3sge_H:L|K,AB,3sge_AB_u_0,3SGD,H:I
3sge,3sge_H:L|K,AB,3sge_AB_u_1,3SGD,J:L
6r8x,6r8x_C:B|A,AG,6r8x_AG_u_0,5EXN,A
6r8x,6r8x_C:B|A,AG,6r8x_AG_u_1,5TKS,A
6r8x,6r8x_C:B|A,AG,6r8x_AG_u_2,4CRC,A
6r8x,6r8x_C:B|A,AG,6r8x_AG_u_3,4D7F,A
6r8x,6r8x_C:B|A,AG,6r8x_AG_u_4,4CRE,A
5ush,5ush_D:E|A,AG,5ush_AG_u_0,4E9O,X
5ukr,5ukr_H:L|G,AB,5ukr_AB_u_0,5UKQ,H:L
3pnw,3pnw_Q:P|R,AG,3pnw_AG_u_0,5YJ8,A
3pnw,3pnw_Q:P|R,AG,3pnw_AG_u_1,3S6W,A
3pnw,3pnw_Q:P|R,AG,3pnw_AG_u_2,3PMT,A
6dcw,6dcw_H:L|T,AG,6dcw_AG_u_0,6NWP,A
6dcw,6dcw_H:L|T,AG,6dcw_AG_u_1,6NWP,B
6dcw,6dcw_H:L|T,AG,6dcw_AG_u_2,6NWP,C
6dcw,6dcw_H:L|T,AG,6dcw_AG_u_3,6NWP,D
6dcw,6dcw_H:L|T,AG,6dcw_AG_u_4,6NWP,E
5yoy,5yoy_H:E|C,AG,5yoy_AG_u_0,5UUI,A
5yoy,5yoy_H:E|C,AG,5yoy_AG_u_1,4TSV,A
5yoy,5yoy_H:E|C,AG,5yoy_AG_u_2,2AZ5,A
5yoy,5yoy_H:E|C,AG,5yoy_AG_u_3,2AZ5,B
5yoy,5yoy_H:E|C,AG,5yoy_AG_u_4,2AZ5,C
1mlc,1mlc_D:C|F,AB,1mlc_AB_u_0,1MLB,B:A
6ayz,6ayz_R:C|M,AG,6ayz_AG_u_0,1ROC,A
6ayz,6ayz_R:C|M,AG,6ayz_AG_u_1,2IDC,A
6ayz,6ayz_R:C|M,AG,6ayz_AG_u_2,1WG3,A
2qr0,2qr0_L:K|I,AG,2qr0_AG_u_0,1MKK,A
2qr0,2qr0_L:K|I,AG,2qr0_AG_u_1,1MKK,B
2qr0,2qr0_L:K|I,AG,2qr0_AG_u_2,4KZN,A
2qr0,2qr0_L:K|I,AG,2qr0_AG_u_3,3QTK,A
2qr0,2qr0_L:K|I,AG,2qr0_AG_u_4,3QTK,B
6pzf,6pzf_H:L|A,AG,6pzf_AG_u_0,6PZD,A
6pzf,6pzf_H:L|A,AG,6pzf_AG_u_1,4MWU,A
6pzf,6pzf_H:L|A,AG,6pzf_AG_u_2,4MWJ,A
6pzf,6pzf_H:L|A,AG,6pzf_AG_u_3,4MWR,A
6pzf,6pzf_H:L|A,AG,6pzf_AG_u_4,4MWY,A
6mph,6mph_M:N|C,AB,6mph_AB_u_0,4JY5,H:L
4zto,4zto_H:L|P,AG,4zto_AG_u_0,3TGQ,A
4zto,4zto_H:L|P,AG,4zto_AG_u_1,3TGQ,B
4zto,4zto_H:L|P,AG,4zto_AG_u_2,3TGQ,C
4zto,4zto_H:L|P,AG,4zto_AG_u_3,3TGQ,D
4zto,4zto_H:L|P,AB,4zto_AB_u_0,4ZTP,H:L
4g6j,4g6j_H:L|A,AG,4g6j_AG_u_0,2NVH,A
4g6j,4g6j_H:L|A,AG,4g6j_AG_u_1,1L2H,A
4g6j,4g6j_H:L|A,AG,4g6j_AG_u_2,4I1B,A
4g6j,4g6j_H:L|A,AG,4g6j_AG_u_3,31BI,A
4g6j,4g6j_H:L|A,AG,4g6j_AG_u_4,21BI,A
4g6j,4g6j_H:L|A,AB,4g6j_AB_u_0,4G5Z,H:L
4g6j,4g6j_H:L|A,AB,4g6j_AB_u_1,5BVJ,B:A
4g6j,4g6j_H:L|A,AB,4g6j_AB_u_2,5BVJ,D:C
4g6j,4g6j_H:L|A,AB,4g6j_AB_u_3,5BVJ,F:E
4g6j,4g6j_H:L|A,AB,4g6j_AB_u_4,5BVJ,H:G
2qad,2qad_D:C|A,AG,2qad_AG_u_0,3DNL,A
2qad,2qad_D:C|A,AG,2qad_AG_u_1,3DNL,C
2qad,2qad_D:C|A,AG,2qad_AG_u_2,3DNL,D
2qad,2qad_D:C|A,AG,2qad_AG_u_3,3DNL,F
2qad,2qad_D:C|A,AG,2qad_AG_u_4,3DNL,G
2qad,2qad_D:C|A,AB,2qad_AB_u_0,1RZG,A:B
2qad,2qad_D:C|A,AB,2qad_AB_u_1,1RZG,C:D
5th9,5th9_I:M|B,AG,5th9_AG_u_0,6ESM,A
5th9,5th9_I:M|B,AG,5th9_AG_u_1,4XCT,A
5th9,5th9_I:M|B,AG,5th9_AG_u_2,5I12,A
5th9,5th9_I:M|B,AG,5th9_AG_u_3,4H1Q,A
5th9,5th9_I:M|B,AG,5th9_AG_u_4,4H1Q,B
5usl,5usl_H:L|X,AG,5usl_AG_u_0,4E9O,X
6e5p,6e5p_H:L|A,AB,6e5p_AB_u_0,6N35,H:K
6e5p,6e5p_H:L|A,AB,6e5p_AB_u_1,6N35,M:L
6e5p,6e5p_H:L|A,AB,6e5p_AB_u_2,3OAZ,H:K
6e5p,6e5p_H:L|A,AB,6e5p_AB_u_3,3OAZ,M:L
6e5p,6e5p_H:L|A,AB,6e5p_AB_u_4,4RBP,H:K
5hi5,5hi5_C:D|A,AG,5hi5_AG_u_0,4HR9,A
5hi5,5hi5_C:D|A,AG,5hi5_AG_u_1,4HR9,B
1t03,1t03_H:L|B,AG,1t03_AG_u_0,6ECL,A
1t03,1t03_H:L|B,AG,1t03_AG_u_1,6ECL,B
2fjh,2fjh_B:A|W,AG,2fjh_AG_u_0,1MKK,A
2fjh,2fjh_B:A|W,AG,2fjh_AG_u_1,1MKK,B
2fjh,2fjh_B:A|W,AG,2fjh_AG_u_2,4KZN,A
2fjh,2fjh_B:A|W,AG,2fjh_AG_u_3,3QTK,A
2fjh,2fjh_B:A|W,AG,2fjh_AG_u_4,3QTK,B
4am0,4am0_H:L|R,AG,4am0_AG_u_0,3WE1,A
4am0,4am0_H:L|R,AG,4am0_AG_u_1,3WE1,B
4am0,4am0_H:L|R,AG,4am0_AG_u_2,2H0P,A
3a6b,3a6b_H:L|Y,AG,3a6b_AG_u_0,6RT3,A
3a6b,3a6b_H:L|Y,AG,3a6b_AG_u_1,6ADF,A
3a6b,3a6b_H:L|Y,AG,3a6b_AG_u_2,6ABN,A
3a6b,3a6b_H:L|Y,AG,3a6b_AG_u_3,6FSJ,A
3a6b,3a6b_H:L|Y,AG,3a6b_AG_u_4,6F9Z,A
5eii,5eii_A:B|I,AG,5eii_AG_u_0,1ROC,A
5eii,5eii_A:B|I,AG,5eii_AG_u_1,2IDC,A
5eii,5eii_A:B|I,AG,5eii_AG_u_2,1WG3,A
4zso,4zso_D:C|F,AG,4zso_AG_u_0,3PV7,A
3jab,3jab_H:L|C,AG,3jab_AG_u_0,3JWQ,A
3jab,3jab_H:L|C,AG,3jab_AG_u_1,3JWQ,B
3jab,3jab_H:L|C,AG,3jab_AG_u_2,3JWQ,C
3jab,3jab_H:L|C,AG,3jab_AG_u_3,3JWQ,D
3jab,3jab_H:L|C,AB,3jab_AB_u_0,12E8,H:L
3jab,3jab_H:L|C,AB,3jab_AB_u_1,12E8,P:M
4kk9,4kk9_C:D|A,AG,4kk9_AG_u_0,3NMO,A
4kk9,4kk9_C:D|A,AG,4kk9_AG_u_1,4FTP,A
4kk9,4kk9_C:D|A,AG,4kk9_AG_u_2,1KPK,A
4kk9,4kk9_C:D|A,AG,4kk9_AG_u_3,1KPK,B
4kk9,4kk9_C:D|A,AG,4kk9_AG_u_4,1KPK,C
5w08,5w08_O:P|E,AG,5w08_AG_u_0,4WE8,A
5w08,5w08_O:P|E,AG,5w08_AG_u_1,4WEA,A
5w08,5w08_O:P|E,AG,5w08_AG_u_2,4WE9,A
2dqf,2dqf_B:A|C,AG,2dqf_AG_u_0,6RT3,A
2dqf,2dqf_B:A|C,AG,2dqf_AG_u_1,6ADF,A
2dqf,2dqf_B:A|C,AG,2dqf_AG_u_2,6ABN,A
2dqf,2dqf_B:A|C,AG,2dqf_AG_u_3,6FSJ,A
2dqf,2dqf_B:A|C,AG,2dqf_AG_u_4,6F9Z,A
2hfg,2hfg_H:L|R,AB,2hfg_AB_u_0,2HFF,B:A
2hfg,2hfg_H:L|R,AB,2hfg_AB_u_1,2HFF,H:L
6ewb,6ewb_J:K|D,AG,6ewb_AG_u_0,5J35,A
6ewb,6ewb_J:K|D,AG,6ewb_AG_u_1,5J35,B
6ewb,6ewb_J:K|D,AG,6ewb_AG_u_2,5J3O,A
6ewb,6ewb_J:K|D,AG,6ewb_AG_u_3,5J3O,B
6ewb,6ewb_J:K|D,AG,6ewb_AG_u_4,5KON,A
6cue,6cue_782,AB,6cue_AB_u_0,5JXA,H:L
4dke,4dke_I:M|B,AG,4dke_AG_u_0,4DKC,A
4dke,4dke_I:M|B,AG,4dke_AG_u_1,4DKC,B
4ybl,4ybl_B:C|A,AB,4ybl_AB_u_0,3TNM,A:B
4ybl,4ybl_B:C|A,AB,4ybl_AB_u_1,3TNM,H:L
3ld8,3ld8_C:B|A,AG,3ld8_AG_u_0,3K2O,A
3ld8,3ld8_C:B|A,AG,3ld8_AG_u_1,3K2O,B
3ld8,3ld8_C:B|A,AG,3ld8_AG_u_2,6GDY,A
3ld8,3ld8_C:B|A,AG,3ld8_AG_u_3,6GDY,B
3ld8,3ld8_C:B|A,AG,3ld8_AG_u_4,6MEV,A
4jan,4jan_H:L|G,AG,4jan_AG_u_0,3DNL,A
4jan,4jan_H:L|G,AG,4jan_AG_u_1,3DNL,C
4jan,4jan_H:L|G,AG,4jan_AG_u_2,3DNL,D
4jan,4jan_H:L|G,AG,4jan_AG_u_3,3DNL,F
4jan,4jan_H:L|G,AG,4jan_AG_u_4,3DNL,G
4jan,4jan_H:L|G,AB,4jan_AB_u_0,4JAM,A:B
4jan,4jan_H:L|G,AB,4jan_AB_u_1,4JAM,H:L
6dc5,6dc5_E:F|D,AG,6dc5_AG_u_0,5KWW,F
6dc5,6dc5_E:F|D,AG,6dc5_AG_u_1,6EAK,F
6dc5,6dc5_E:F|D,AG,6dc5_AG_u_2,6EAM,F
6dc5,6dc5_E:F|D,AG,6dc5_AG_u_3,6EAL,F
6dc5,6dc5_E:F|D,AG,6dc5_AG_u_4,6EAI,A
6dc5,6dc5_E:F|D,AB,6dc5_AB_u_0,6DC4,H:L
5d71,5d71_H:L|A,AG,5d71_AG_u_0,2GMF,A
5d71,5d71_H:L|A,AG,5d71_AG_u_1,2GMF,B
5d71,5d71_H:L|A,AG,5d71_AG_u_2,1CSG,A
5d71,5d71_H:L|A,AG,5d71_AG_u_3,1CSG,B
3mxw,3mxw_H:L|A,AG,3mxw_AG_u_0,6PJV,A
3mxw,3mxw_H:L|A,AG,3mxw_AG_u_1,1VHH,A
3mxw,3mxw_H:L|A,AG,3mxw_AG_u_2,4C4M,A
3mxw,3mxw_H:L|A,AG,3mxw_AG_u_3,3M1N,A
3mxw,3mxw_H:L|A,AG,3mxw_AG_u_4,3M1N,B
3mxw,3mxw_H:L|A,AB,3mxw_AB_u_0,3MXV,H:L
2ck0,2ck0_H:L|P,AB,2ck0_AB_u_0,1CK0,H:L
5w6d,5w6d_D:E|B,AB,5w6d_AB_u_0,4TOY,H:L
1p4b,1p4b_H:L|P,AB,1p4b_AB_u_0,1P4I,H:L
4f15,4f15_E:F|D,AG,4f15_AG_u_0,6GOL,A
4f15,4f15_E:F|D,AG,4f15_AG_u_1,3UYW,A
4f15,4f15_E:F|D,AG,4f15_AG_u_2,3UYW,B
4f15,4f15_E:F|D,AG,4f15_AG_u_3,3UYW,C
4f15,4f15_E:F|D,AG,4f15_AG_u_4,3UYW,D
5bk2,5bk2_C:D|B,AG,5bk2_AG_u_0,6K7E,A
5bk2,5bk2_C:D|B,AG,5bk2_AG_u_1,6N84,A
5bk2,5bk2_C:D|B,AG,5bk2_AG_u_2,6QGD,A
5bk2,5bk2_C:D|B,AG,5bk2_AG_u_3,6LES,A
5bk2,5bk2_C:D|B,AG,5bk2_AG_u_4,6LES,B
2itc,2itc_A:B|C,AG,2itc_AG_u_0,2QTO,A
2itc,2itc_A:B|C,AG,2itc_AG_u_1,2QTO,B
2itc,2itc_A:B|C,AG,2itc_AG_u_2,2QTO,C
2itc,2itc_A:B|C,AG,2itc_AG_u_3,2QTO,D
2itc,2itc_A:B|C,AG,2itc_AG_u_4,3IFX,A
6jfi,6jfi_K:I|A,AG,6jfi_AG_u_0,5JHM,A
6jfi,6jfi_K:I|A,AG,6jfi_AG_u_1,5JHM,B
6jfi,6jfi_K:I|A,AG,6jfi_AG_u_2,5LBV,A
6jfi,6jfi_K:I|A,AG,6jfi_AG_u_3,5LBV,B
6jfi,6jfi_K:I|A,AG,6jfi_AG_u_4,5OMZ,A
6fy1,6fy1_Y:Z|X,AG,6fy1_AG_u_0,6CMX,A
6fy1,6fy1_Y:Z|X,AG,6fy1_AG_u_1,4Q0C,A
6fy1,6fy1_Y:Z|X,AG,6fy1_AG_u_2,4Q0C,B
6fy1,6fy1_Y:Z|X,AG,6fy1_AG_u_3,4Q0C,C
6fy1,6fy1_Y:Z|X,AG,6fy1_AG_u_4,4Q0C,D
2vwe,2vwe_L:J|B,AG,2vwe_AG_u_0,2C7W,A
2vwe,2vwe_L:J|B,AG,2vwe_AG_u_1,2C7W,B
3hi6,3hi6_H:L|A,AG,3hi6_AG_u_0,1MJN,A
3hi6,3hi6_H:L|A,AG,3hi6_AG_u_1,2ICA,A
3hi6,3hi6_H:L|A,AG,3hi6_AG_u_2,3F78,A
3hi6,3hi6_H:L|A,AG,3hi6_AG_u_3,3F78,B
3hi6,3hi6_H:L|A,AG,3hi6_AG_u_4,3F78,C
3hi6,3hi6_H:L|A,AB,3hi6_AB_u_0,3HI5,H:L
5czx,5czx_C:D|B,AG,5czx_AG_u_0,4ZLP,A
5czx,5czx_C:D|B,AG,5czx_AG_u_1,4ZLP,B
5czx,5czx_C:D|B,AG,5czx_AG_u_2,1PB5,A
6ch8,6ch8_D:E|B,AB,6ch8_AB_u_0,4TOY,H:L
5t5n,5t5n_O:N|D,AG,5t5n_AG_u_0,6N25,A
5t5n,5t5n_O:N|D,AG,5t5n_AG_u_1,6N25,B
5t5n,5t5n_O:N|D,AG,5t5n_AG_u_2,6N25,C
5t5n,5t5n_O:N|D,AG,5t5n_AG_u_3,6N25,D
5t5n,5t5n_O:N|D,AG,5t5n_AG_u_4,6N25,E
6pze,6pze_H:L|A,AG,6pze_AG_u_0,6PZD,A
6pze,6pze_H:L|A,AG,6pze_AG_u_1,4MWX,A
6pze,6pze_H:L|A,AG,6pze_AG_u_2,4MWU,A
6pze,6pze_H:L|A,AG,6pze_AG_u_3,4MWY,A
6pze,6pze_H:L|A,AG,6pze_AG_u_4,4MWL,A
2fee,2fee_J:O|A,AG,2fee_AG_u_0,3NMO,A
2fee,2fee_J:O|A,AG,2fee_AG_u_1,4FTP,A
2fee,2fee_J:O|A,AG,2fee_AG_u_2,1KPK,A
2fee,2fee_J:O|A,AG,2fee_AG_u_3,1KPK,B
2fee,2fee_J:O|A,AG,2fee_AG_u_4,1KPK,C
3sge,3sge_J:I|M,AB,3sge_AB_u_0,3SGD,H:I
3sge,3sge_J:I|M,AB,3sge_AB_u_1,3SGD,J:L
5anm,5anm_D:C|E,AG,5anm_AG_u_0,5MOL,A
5anm,5anm_D:C|E,AG,5anm_AG_u_1,5MOL,B
5anm,5anm_D:C|E,AG,5anm_AG_u_2,2WQR,A
5anm,5anm_D:C|E,AG,5anm_AG_u_3,2WQR,B
5anm,5anm_D:C|E,AG,5anm_AG_u_4,1FP5,A
1u93,1u93_B:A|C,AB,1u93_AB_u_0,2PR4,H:L
4i18,4i18_H:L|C,AG,4i18_AG_u_0,2LFG,A
1v7n,1v7n_I:M|X,AB,1v7n_AB_u_0,2ZKH,H:L
5k9o,5k9o_A:B|F,AG,5k9o_AG_u_0,6GOL,A
5k9o,5k9o_A:B|F,AG,5k9o_AG_u_1,4EDB,B
5k9o,5k9o_A:B|F,AG,5k9o_AG_u_2,4EDB,D
5k9o,5k9o_A:B|F,AG,5k9o_AG_u_3,4EDB,F
5k9o,5k9o_A:B|F,AG,5k9o_AG_u_4,4JUG,B
3zkn,3zkn_H:L|A,AG,3zkn_AG_u_0,3ZKG,A
3zkn,3zkn_H:L|A,AG,3zkn_AG_u_1,3ZKG,B
3zkn,3zkn_H:L|A,AG,3zkn_AG_u_2,3ZKI,A
3zkn,3zkn_H:L|A,AG,3zkn_AG_u_3,3ZKI,B
3zkn,3zkn_H:L|A,AG,3zkn_AG_u_4,2EWY,A
4hg4,4hg4_N:O|C,AG,4hg4_AG_u_0,3QQI,A
4hg4,4hg4_N:O|C,AG,4hg4_AG_u_1,3QQI,B
4hg4,4hg4_N:O|C,AG,4hg4_AG_u_2,3QQB,A
4hg4,4hg4_N:O|C,AG,4hg4_AG_u_3,3QQE,A
4hg4,4hg4_N:O|C,AG,4hg4_AG_u_4,2WR7,A
6nf2,6nf2_S:T|Q,AB,6nf2_AB_u_0,4JY5,H:L
6c9u,6c9u_H:L|A,AG,6c9u_AG_u_0,2QO3,A
6c9u,6c9u_H:L|A,AG,6c9u_AG_u_1,2QO3,B
6jfi,6jfi_H:L|E,AG,6jfi_AG_u_0,5JHM,A
6jfi,6jfi_H:L|E,AG,6jfi_AG_u_1,5JHM,B
6jfi,6jfi_H:L|E,AG,6jfi_AG_u_2,5LBV,A
6jfi,6jfi_H:L|E,AG,6jfi_AG_u_3,5LBV,B
6jfi,6jfi_H:L|E,AG,6jfi_AG_u_4,5OMZ,A
6d0u,6d0u_C:D|B,AG,6d0u_AG_u_0,6BKM,A
6d0u,6d0u_C:D|B,AG,6d0u_AG_u_1,6BKM,C
6d0u,6d0u_C:D|B,AG,6d0u_AG_u_2,6BKM,E
6d0u,6d0u_C:D|B,AG,6d0u_AG_u_3,6BKQ,A
6d0u,6d0u_C:D|B,AG,6d0u_AG_u_4,6BKQ,C
6d0u,6d0u_C:D|B,AB,6d0u_AB_u_0,4FNL,H:L
6d0u,6d0u_C:D|B,AB,6d0u_AB_u_1,4FNL,I:M
4qhu,4qhu_H:L|C,AG,4qhu_AG_u_0,4HR9,A
4qhu,4qhu_H:L|C,AG,4qhu_AG_u_1,4HR9,B
3d9a,3d9a_H:L|C,AG,3d9a_AG_u_0,6F2I,A
3d9a,3d9a_H:L|C,AG,3d9a_AG_u_1,6F9Z,A
3d9a,3d9a_H:L|C,AG,3d9a_AG_u_2,6HY8,A
3d9a,3d9a_H:L|C,AG,3d9a_AG_u_3,6GNL,A
3d9a,3d9a_H:L|C,AG,3d9a_AG_u_4,6F9X,A
5vig,5vig_H:L|Z,AG,5vig_AG_u_0,5JHM,A
5vig,5vig_H:L|Z,AG,5vig_AG_u_1,5JHM,B
5vig,5vig_H:L|Z,AG,5vig_AG_u_2,5LBV,A
5vig,5vig_H:L|Z,AG,5vig_AG_u_3,5LBV,B
5vig,5vig_H:L|Z,AG,5vig_AG_u_4,5OMZ,A
6sne,6sne_B:A|O,AG,6sne_AG_u_0,3GWO,A
6sne,6sne_B:A|O,AG,6sne_AG_u_1,3GWO,B
6sne,6sne_B:A|O,AG,6sne_AG_u_2,3H01,A
6sne,6sne_B:A|O,AG,6sne_AG_u_3,3H01,B
6sne,6sne_B:A|O,AG,6sne_AG_u_4,2X7R,B
4ckd,4ckd_J:N|A,AG,4ckd_AG_u_0,4TTG,A
4ckd,4ckd_J:N|A,AG,4ckd_AG_u_1,4TTG,B
4ckd,4ckd_J:N|A,AG,4ckd_AG_u_2,4TTG,C
4ckd,4ckd_J:N|A,AG,4ckd_AG_u_3,4TTG,D
4ckd,4ckd_J:N|A,AG,4ckd_AG_u_4,3T09,A
3ulv,3ulv_H:L|A,AG,3ulv_AG_u_0,1ZIW,A
3ulv,3ulv_H:L|A,AG,3ulv_AG_u_1,2A0Z,A
3ulv,3ulv_H:L|A,AB,3ulv_AB_u_0,3NCJ,H:L
3ulv,3ulv_H:L|A,AB,3ulv_AB_u_1,3NA9,H:L
3ulv,3ulv_H:L|A,AB,3ulv_AB_u_2,3NAA,H:L
3ulv,3ulv_H:L|A,AB,3ulv_AB_u_3,3NAC,H:L
3ulv,3ulv_H:L|A,AB,3ulv_AB_u_4,3NAB,H:L
4nco,4nco_H:G|E,AB,4nco_AB_u_0,4JY5,H:L
4d3c,4d3c_H:L|A,AG,4d3c_AG_u_0,3HMS,A
4d3c,4d3c_H:L|A,AG,4d3c_AG_u_1,2QJ2,A
4d3c,4d3c_H:L|A,AG,4d3c_AG_u_2,2QJ2,B
4d3c,4d3c_H:L|A,AG,4d3c_AG_u_3,3SP8,A
4d3c,4d3c_H:L|A,AG,4d3c_AG_u_4,3SP8,B
4rau,4rau_H:G|I,AG,4rau_AG_u_0,1F9Q,A
4rau,4rau_H:G|I,AG,4rau_AG_u_1,1F9Q,B
4rau,4rau_H:G|I,AG,4rau_AG_u_2,1F9Q,C
4rau,4rau_H:G|I,AG,4rau_AG_u_3,1F9Q,D
4rau,4rau_H:G|I,AG,4rau_AG_u_4,4HSV,A
4py8,4py8_I:J|B:A,AG,4py8_AG_u_0,4JUG,B:A
4py8,4py8_I:J|B:A,AG,4py8_AG_u_1,4JUG,D:C
4py8,4py8_I:J|B:A,AG,4py8_AG_u_2,4JUG,F:E
4py8,4py8_I:J|B:A,AG,4py8_AG_u_3,4JUG,H:G
4py8,4py8_I:J|B:A,AG,4py8_AG_u_4,4JUG,J:I
4py8,4py8_I:J|B:A,AB,4py8_AB_u_0,4PY7,A:B
4py8,4py8_I:J|B:A,AB,4py8_AB_u_1,4PY7,I:J
3ifn,3ifn_H:L|P,AG,3ifn_AG_u_0,6NB9,A
3ifn,3ifn_H:L|P,AG,3ifn_AG_u_1,6OIZ,A
3ifn,3ifn_H:L|P,AG,3ifn_AG_u_2,5BUO,A
3ifn,3ifn_H:L|P,AG,3ifn_AG_u_3,5BUO,B
3ifn,3ifn_H:L|P,AG,3ifn_AG_u_4,5OQV,A
5xxy,5xxy_H:L|A,AG,5xxy_AG_u_0,6NP9,A
5xxy,5xxy_H:L|A,AG,5xxy_AG_u_1,5N2F,A
5xxy,5xxy_H:L|A,AG,5xxy_AG_u_2,5N2F,B
5xxy,5xxy_H:L|A,AG,5xxy_AG_u_3,4Z18,A
5xxy,5xxy_H:L|A,AG,5xxy_AG_u_4,4Z18,B
4xx1,4xx1_M:O|J,AG,4xx1_AG_u_0,6MVD,A
4xx1,4xx1_M:O|J,AG,4xx1_AG_u_1,6MVD,B
4xx1,4xx1_M:O|J,AG,4xx1_AG_u_2,5TXF,A
4xx1,4xx1_M:O|J,AG,4xx1_AG_u_3,5TXF,B
4xx1,4xx1_M:O|J,AG,4xx1_AG_u_4,5TXF,C
6jfh,6jfh_M:N|C,AG,6jfh_AG_u_0,5JHM,A
6jfh,6jfh_M:N|C,AG,6jfh_AG_u_1,5JHM,B
6jfh,6jfh_M:N|C,AG,6jfh_AG_u_2,5LBV,A
6jfh,6jfh_M:N|C,AG,6jfh_AG_u_3,5LBV,B
6jfh,6jfh_M:N|C,AG,6jfh_AG_u_4,5OMZ,A
2otu,2otu_B:A|P,AB,2otu_AB_u_0,2GSG,B:A
2otu,2otu_B:A|P,AB,2otu_AB_u_1,2GSG,D:C
5dhy,5dhy_H:L|M,AG,5dhy_AG_u_0,6BSY,A
5dhy,5dhy_H:L|M,AG,5dhy_AG_u_1,6BSY,B
5dhy,5dhy_H:L|M,AG,5dhy_AG_u_2,3LPH,A
5dhy,5dhy_H:L|M,AG,5dhy_AG_u_3,3LPH,B
5dhy,5dhy_H:L|M,AG,5dhy_AG_u_4,3LPH,C
5wdu,5wdu_T:S|Q,AB,5wdu_AB_u_0,4JY5,H:L
1r0a,1r0a_H:L|B,AG,1r0a_AG_u_0,6ECL,A
1r0a,1r0a_H:L|B,AG,1r0a_AG_u_1,6ECL,B
3ixx,3ixx_G:H|A,AG,3ixx_AG_u_0,2P5P,A
3ixx,3ixx_G:H|A,AG,3ixx_AG_u_1,2P5P,B
3ixx,3ixx_G:H|A,AG,3ixx_AG_u_2,2P5P,C
3ixx,3ixx_G:H|A,AG,3ixx_AG_u_3,2HG0,A
3ixx,3ixx_G:H|A,AG,3ixx_AG_u_4,2I69,A
5ken,5ken_Q:P|K,AG,5ken_AG_u_0,6G9I,A
5ken,5ken_Q:P|K,AG,5ken_AG_u_1,6G95,A
5vkd,5vkd_H:L|A,AG,5vkd_AG_u_0,5DSD,A
1hh9,1hh9_B:A|C,AB,1hh9_AB_u_0,1CFQ,B:A
6k5i,6k5i_C:D|A,AG,6k5i_AG_u_0,3NMO,A
6k5i,6k5i_C:D|A,AG,6k5i_AG_u_1,4FTP,A
6k5i,6k5i_C:D|A,AG,6k5i_AG_u_2,1KPK,A
6k5i,6k5i_C:D|A,AG,6k5i_AG_u_3,1KPK,B
6k5i,6k5i_C:D|A,AG,6k5i_AG_u_4,1KPK,C
5njg,5njg_C:D|B,AG,5njg_AG_u_0,6HBU,A
5njg,5njg_C:D|B,AG,5njg_AG_u_1,6HBU,B
5njg,5njg_C:D|B,AG,5njg_AG_u_2,6HZM,A
5njg,5njg_C:D|B,AG,5njg_AG_u_3,6HZM,B
5njg,5njg_C:D|B,AG,5njg_AG_u_4,6HIJ,A
5njg,5njg_C:D|B,AB,5njg_AB_u_0,5NIV,B:A
5y0a,5y0a_F:G|B,AG,5y0a_AG_u_0,5JHM,A
5y0a,5y0a_F:G|B,AG,5y0a_AG_u_1,5JHM,B
5y0a,5y0a_F:G|B,AG,5y0a_AG_u_2,5LBV,A
5y0a,5y0a_F:G|B,AG,5y0a_AG_u_3,5LBV,B
5y0a,5y0a_F:G|B,AG,5y0a_AG_u_4,5OMZ,A
6b7z,6b7z_C:D|A,AG,6b7z_AG_u_0,4PFC,A
6b7z,6b7z_C:D|A,AG,6b7z_AG_u_1,4PFC,B
6b7z,6b7z_C:D|A,AG,6b7z_AG_u_2,4PF7,A
6b7z,6b7z_C:D|A,AG,6b7z_AG_u_3,4PF7,B
6b7z,6b7z_C:D|A,AG,6b7z_AG_u_4,4PF9,A
6mdt,6mdt_H:L|G,AB,6mdt_AB_u_0,5CEY,B:A
6mdt,6mdt_H:L|G,AB,6mdt_AB_u_1,5CEY,D:C
6mdt,6mdt_H:L|G,AB,6mdt_AB_u_2,4R26,H:L
6ccb,6ccb_D:E|C,AB,6ccb_AB_u_0,4FQ2,H:L
6b0n,6b0n_D:E|G,AB,6b0n_AB_u_0,6AVN,H:L
2exw,2exw_E:F|B,AG,2exw_AG_u_0,3NMO,A
2exw,2exw_E:F|B,AG,2exw_AG_u_1,4FTP,A
2exw,2exw_E:F|B,AG,2exw_AG_u_2,1KPK,A
2exw,2exw_E:F|B,AG,2exw_AG_u_3,1KPK,B
2exw,2exw_E:F|B,AG,2exw_AG_u_4,1KPK,C
5i8h,5i8h_G:H|D,AB,5i8h_AB_u_0,5I8E,A:B
5i8h,5i8h_G:H|D,AB,5i8h_AB_u_1,5I8E,C:D
6ad8,6ad8_C:D|A,AG,6ad8_AG_u_0,3NMO,A
6ad8,6ad8_C:D|A,AG,6ad8_AG_u_1,4FTP,A
6ad8,6ad8_C:D|A,AG,6ad8_AG_u_2,1KPK,A
6ad8,6ad8_C:D|A,AG,6ad8_AG_u_3,1KPK,B
6ad8,6ad8_C:D|A,AG,6ad8_AG_u_4,1KPK,C
2hvk,2hvk_A:B|C,AG,2hvk_AG_u_0,2QTO,A
2hvk,2hvk_A:B|C,AG,2hvk_AG_u_1,2QTO,B
2hvk,2hvk_A:B|C,AG,2hvk_AG_u_2,2QTO,C
2hvk,2hvk_A:B|C,AG,2hvk_AG_u_3,2QTO,D
2hvk,2hvk_A:B|C,AG,2hvk_AG_u_4,3IFX,A
6dzl,6dzl_H:K|E:B:F,AB,6dzl_AB_u_0,6DZN,H:L
5ig7,5ig7_A:B|C,AB,5ig7_AB_u_0,5IHZ,A:B
5ig7,5ig7_A:B|C,AB,5ig7_AB_u_1,5IHZ,C:D
5ig7,5ig7_A:B|C,AB,5ig7_AB_u_2,5IHZ,E:F
5ig7,5ig7_A:B|C,AB,5ig7_AB_u_3,5IHZ,H:L
3a6c,3a6c_H:L|Y,AG,3a6c_AG_u_0,6F2I,A
3a6c,3a6c_H:L|Y,AG,3a6c_AG_u_1,6F9Z,A
3a6c,3a6c_H:L|Y,AG,3a6c_AG_u_2,6HY8,A
3a6c,3a6c_H:L|Y,AG,3a6c_AG_u_3,6GNL,A
3a6c,3a6c_H:L|Y,AG,3a6c_AG_u_4,6F9X,A
3idm,3idm_B:A|C,AB,3idm_AB_u_0,2PR4,H:L
5xf1,5xf1_C:D|A,AG,5xf1_AG_u_0,5JWV,A
5xf1,5xf1_C:D|A,AG,5xf1_AG_u_1,5KHZ,A
5xf1,5xf1_C:D|A,AG,5xf1_AG_u_2,5G27,A
5xf1,5xf1_C:D|A,AG,5xf1_AG_u_3,5KIO,A
5xf1,5xf1_C:D|A,AG,5xf1_AG_u_4,5V7F,A
2yss,2yss_B:A|C,AG,2yss_AG_u_0,6F2I,A
2yss,2yss_B:A|C,AG,2yss_AG_u_1,6F9Z,A
2yss,2yss_B:A|C,AG,2yss_AG_u_2,6HY8,A
2yss,2yss_B:A|C,AG,2yss_AG_u_3,6GNL,A
2yss,2yss_B:A|C,AG,2yss_AG_u_4,6F9X,A
5uea,5uea_H:L|D,AG,5uea_AG_u_0,1ROC,A
5uea,5uea_H:L|D,AG,5uea_AG_u_1,2IDC,A
5uea,5uea_H:L|D,AG,5uea_AG_u_2,1WG3,A
1r3k,1r3k_B:A|C,AG,1r3k_AG_u_0,2QTO,A
1r3k,1r3k_B:A|C,AG,1r3k_AG_u_1,2QTO,B
1r3k,1r3k_B:A|C,AG,1r3k_AG_u_2,2QTO,C
1r3k,1r3k_B:A|C,AG,1r3k_AG_u_3,2QTO,D
1r3k,1r3k_B:A|C,AG,1r3k_AG_u_4,3IFX,A
3p0y,3p0y_H:L|A,AB,3p0y_AB_u_0,3P0V,H:L
3p0y,3p0y_H:L|A,AB,3p0y_AB_u_1,3P0V,I:M
6u0l,6u0l_I:J|B,AB,6u0l_AB_u_0,1RZF,H:L
3q3g,3q3g_D:C|G,AG,3q3g_AG_u_0,1MF7,A
3q3g,3q3g_D:C|G,AG,3q3g_AG_u_1,1NA5,A
3q3g,3q3g_D:C|G,AG,3q3g_AG_u_2,1IDO,A
3q3g,3q3g_D:C|G,AG,3q3g_AG_u_3,4XW2,A
3q3g,3q3g_D:C|G,AG,3q3g_AG_u_4,1JLM,A
3whe,3whe_12H,AG,3whe_AG_u_0,6GOL,A
3whe,3whe_12H,AG,3whe_AG_u_1,6BKT,B
3whe,3whe_12H,AG,3whe_AG_u_2,6BKS,B
3whe,3whe_12H,AG,3whe_AG_u_3,6BKN,B
3whe,3whe_12H,AG,3whe_AG_u_4,6BKO,B
1z3g,1z3g_I:M|B,AG,1z3g_AG_u_0,1Z1Y,A
1z3g,1z3g_I:M|B,AG,1z3g_AG_u_1,1Z1Y,B
1z3g,1z3g_I:M|B,AG,1z3g_AG_u_2,1Z27,A
5kvf,5kvf_H:L|E,AG,5kvf_AG_u_0,5JHM,A
5kvf,5kvf_H:L|E,AG,5kvf_AG_u_1,5JHM,B
5kvf,5kvf_H:L|E,AG,5kvf_AG_u_2,5LBV,A
5kvf,5kvf_H:L|E,AG,5kvf_AG_u_3,5LBV,B
5kvf,5kvf_H:L|E,AG,5kvf_AG_u_4,5OMZ,A
6o3g,6o3g_E:F|G,AB,6o3g_AB_u_0,6O3D,H:L
6fxn,6fxn_H:I|C,AG,6fxn_AG_u_0,1KXG,A
6fxn,6fxn_H:I|C,AG,6fxn_AG_u_1,1KXG,B
6fxn,6fxn_H:I|C,AG,6fxn_AG_u_2,1KXG,C
6fxn,6fxn_H:I|C,AG,6fxn_AG_u_3,1KXG,D
6fxn,6fxn_H:I|C,AG,6fxn_AG_u_4,1KXG,E
6fxn,6fxn_H:I|C,AB,6fxn_AB_u_0,5Y9K,H:L
5w9o,5w9o_H:I|G,AG,5w9o_AG_u_0,4NCU,A
5w9o,5w9o_H:I|G,AG,5w9o_AG_u_1,4NCW,A
5w9o,5w9o_H:I|G,AG,5w9o_AG_u_2,4NCW,B
5w9o,5w9o_H:I|G,AG,5w9o_AG_u_3,4NCW,C
5w9o,5w9o_H:I|G,AG,5w9o_AG_u_4,5X4R,A
5w9o,5w9o_H:I|G,AB,5w9o_AB_u_0,5VZR,A:B
5w9o,5w9o_H:I|G,AB,5w9o_AB_u_1,5VZR,H:L
3ztj,3ztj_G:H|B:A,AG,3ztj_AG_u_0,6BKM,B:A
3ztj,3ztj_G:H|B:A,AG,3ztj_AG_u_1,6BKM,D:C
3ztj,3ztj_G:H|B:A,AG,3ztj_AG_u_2,6BKM,F:E
3ztj,3ztj_G:H|B:A,AG,3ztj_AG_u_3,6BKQ,B:A
3ztj,3ztj_G:H|B:A,AG,3ztj_AG_u_4,6BKQ,D:C
5anm,5anm_H:L|F,AG,5anm_AG_u_0,5MOL,A
5anm,5anm_H:L|F,AG,5anm_AG_u_1,5MOL,B
5anm,5anm_H:L|F,AG,5anm_AG_u_2,2WQR,A
5anm,5anm_H:L|F,AG,5anm_AG_u_3,2WQR,B
5anm,5anm_H:L|F,AG,5anm_AG_u_4,1FP5,A
3wlw,3wlw_C:D|A,AG,3wlw_AG_u_0,2A91,A
3whe,3whe_56J,AG,3whe_AG_u_0,6GOL,A
3whe,3whe_56J,AG,3whe_AG_u_1,6BKT,B
3whe,3whe_56J,AG,3whe_AG_u_2,6BKS,B
3whe,3whe_56J,AG,3whe_AG_u_3,6BKN,B
3whe,3whe_56J,AG,3whe_AG_u_4,6BKO,B
5e8d,5e8d_H:L|A,AG,5e8d_AG_u_0,1K37,A
5e8d,5e8d_H:L|A,AG,5e8d_AG_u_1,1K36,A
5e8d,5e8d_H:L|A,AB,5e8d_AB_u_0,5AZ2,H:L
5i8h,5i8h_I:J|A,AB,5i8h_AB_u_0,4JY5,H:L
5ush,5ush_H:L|X,AG,5ush_AG_u_0,4E9O,X
2x7l,2x7l_C:D|P,AG,2x7l_AG_u_0,6BSY,A
2x7l,2x7l_C:D|P,AG,2x7l_AG_u_1,6BSY,B
2x7l,2x7l_C:D|P,AG,2x7l_AG_u_2,3LPH,A
2x7l,2x7l_C:D|P,AG,2x7l_AG_u_3,3LPH,B
2x7l,2x7l_C:D|P,AG,2x7l_AG_u_4,3LPH,C
4fqy,4fqy_H:L|B:A,AG,4fqy_AG_u_0,6BKM,B:A
4fqy,4fqy_H:L|B:A,AG,4fqy_AG_u_1,6BKM,D:C
4fqy,4fqy_H:L|B:A,AG,4fqy_AG_u_2,6BKM,F:E
4fqy,4fqy_H:L|B:A,AG,4fqy_AG_u_3,6BKQ,B:A
4fqy,4fqy_H:L|B:A,AG,4fqy_AG_u_4,6BKQ,D:C
4fqy,4fqy_H:L|B:A,AB,4fqy_AB_u_0,4FQH,A:B
4fqy,4fqy_H:L|B:A,AB,4fqy_AB_u_1,4FQH,H:L
3fb5,3fb5_A:B|C,AG,3fb5_AG_u_0,2QTO,A
3fb5,3fb5_A:B|C,AG,3fb5_AG_u_1,2QTO,B
3fb5,3fb5_A:B|C,AG,3fb5_AG_u_2,2QTO,C
3fb5,3fb5_A:B|C,AG,3fb5_AG_u_3,2QTO,D
3fb5,3fb5_A:B|C,AG,3fb5_AG_u_4,3IFX,A
5h32,5h32_I:M|C,AG,5h32_AG_u_0,5JHM,A
5h32,5h32_I:M|C,AG,5h32_AG_u_1,5JHM,B
5h32,5h32_I:M|C,AG,5h32_AG_u_2,5LBV,A
5h32,5h32_I:M|C,AG,5h32_AG_u_3,5LBV,B
5h32,5h32_I:M|C,AG,5h32_AG_u_4,5OMZ,A
4lsu,4lsu_H:L|G,AG,4lsu_AG_u_0,6ONF,A
4lsu,4lsu_H:L|G,AG,4lsu_AG_u_1,6ONE,A
4lsu,4lsu_H:L|G,AG,4lsu_AG_u_2,6ONH,A
4lsu,4lsu_H:L|G,AG,4lsu_AG_u_3,6P9N,A
4lsu,4lsu_H:L|G,AG,4lsu_AG_u_4,6ONV,A
6pzf,6pzf_F:E|B,AG,6pzf_AG_u_0,6PZD,A
6pzf,6pzf_F:E|B,AG,6pzf_AG_u_1,4MWX,A
6pzf,6pzf_F:E|B,AG,6pzf_AG_u_2,4MWU,A
6pzf,6pzf_F:E|B,AG,6pzf_AG_u_3,4MWY,A
6pzf,6pzf_F:E|B,AG,6pzf_AG_u_4,4MWL,A
5mo9,5mo9_H:L|X,AG,5mo9_AG_u_0,1WWB,X
5f3h,5f3h_G:H|K,AG,5f3h_AG_u_0,5JI1,A
5f3h,5f3h_G:H|K,AG,5f3h_AG_u_1,5JI1,B
5f3h,5f3h_G:H|K,AG,5f3h_AG_u_2,5NTU,A
5f3h,5f3h_G:H|K,AG,5f3h_AG_u_3,5NTU,B
5f3h,5f3h_G:H|K,AG,5f3h_AG_u_4,5NXS,A
3kj4,3kj4_H:L|A,AG,3kj4_AG_u_0,5O0M,A
3kj4,3kj4_H:L|A,AG,3kj4_AG_u_1,5O0M,B
3kj4,3kj4_H:L|A,AG,3kj4_AG_u_2,5O0P,A
3kj4,3kj4_H:L|A,AG,3kj4_AG_u_3,5O0P,B
3kj4,3kj4_H:L|A,AG,3kj4_AG_u_4,5O0O,A
6bf7,6bf7_C:D|A,AG,6bf7_AG_u_0,4PFC,A
6bf7,6bf7_C:D|A,AG,6bf7_AG_u_1,4PFC,B
6bf7,6bf7_C:D|A,AG,6bf7_AG_u_2,4PF7,A
6bf7,6bf7_C:D|A,AG,6bf7_AG_u_3,4PF7,B
6bf7,6bf7_C:D|A,AG,6bf7_AG_u_4,4PF9,A
5w9p,5w9p_F:G|J,AG,5w9p_AG_u_0,4NCU,A
5w9p,5w9p_F:G|J,AG,5w9p_AG_u_1,4NCW,A
5w9p,5w9p_F:G|J,AG,5w9p_AG_u_2,4NCW,B
5w9p,5w9p_F:G|J,AG,5w9p_AG_u_3,4NCW,C
5w9p,5w9p_F:G|J,AG,5w9p_AG_u_4,5X4R,A
5w9p,5w9p_F:G|J,AB,5w9p_AB_u_0,5VZR,A:B
5w9p,5w9p_F:G|J,AB,5w9p_AB_u_1,5VZR,H:L
1xgq,1xgq_B:A|C,AG,1xgq_AG_u_0,6F2I,A
1xgq,1xgq_B:A|C,AG,1xgq_AG_u_1,6F9Z,A
1xgq,1xgq_B:A|C,AG,1xgq_AG_u_2,6HY8,A
1xgq,1xgq_B:A|C,AG,1xgq_AG_u_3,6GNL,A
1xgq,1xgq_B:A|C,AG,1xgq_AG_u_4,6F9X,A
1xgq,1xgq_B:A|C,AB,1xgq_AB_u_0,1DQQ,B:A
1xgq,1xgq_B:A|C,AB,1xgq_AB_u_1,1DQQ,D:C
1xgq,1xgq_B:A|C,AB,1xgq_AB_u_2,1DQM,H:L
5i5k,5i5k_H:L|B,AG,5i5k_AG_u_0,3HQA,A
5i5k,5i5k_H:L|B,AG,5i5k_AG_u_1,3HQA,B
5i5k,5i5k_H:L|B,AG,5i5k_AG_u_2,3CU7,A
5i5k,5i5k_H:L|B,AG,5i5k_AG_u_3,3CU7,B
5i5k,5i5k_H:L|B,AG,5i5k_AG_u_4,3HQB,A
5v7j,5v7j_D:E|B,AB,5v7j_AB_u_0,4TOY,H:L
6oc3,6oc3_C:D|E,AG,6oc3_AG_u_0,6CHX,A
6oc3,6oc3_C:D|E,AG,6oc3_AG_u_1,6CHX,B
6oc3,6oc3_C:D|E,AG,6oc3_AG_u_2,4EDB,A
6oc3,6oc3_C:D|E,AG,6oc3_AG_u_3,4EDB,C
6oc3,6oc3_C:D|E,AG,6oc3_AG_u_4,4EDB,E
3ixt,3ixt_H:L|P,AG,3ixt_AG_u_0,6Q0S,F
3ixt,3ixt_H:L|P,AG,3ixt_AG_u_1,5C69,A
3ixt,3ixt_H:L|P,AG,3ixt_AG_u_2,5EA4,F
3ixt,3ixt_H:L|P,AG,3ixt_AG_u_3,5C6B,F
3ixt,3ixt_H:L|P,AG,3ixt_AG_u_4,5KWW,F
2osl,2osl_H:L|P,AB,2osl_AB_u_0,4KAQ,H:L
3wlw,3wlw_H:L|B,AG,3wlw_AG_u_0,2A91,A
6okp,6okp_K:L|E,AB,6okp_AB_u_0,4FQ2,H:L
5jxe,5jxe_G:F|A,AG,5jxe_AG_u_0,6UMU,A
5jxe,5jxe_G:F|A,AG,5jxe_AG_u_1,6UMV,A
5jxe,5jxe_G:F|A,AG,5jxe_AG_u_2,3RRQ,A
5jxe,5jxe_G:F|A,AG,5jxe_AG_u_3,2M2D,A
5jxe,5jxe_G:F|A,AB,5jxe_AB_u_0,5DK3,B:A
5jxe,5jxe_G:F|A,AB,5jxe_AB_u_1,5DK3,G:F
3eo1,3eo1_B:A|C,AG,3eo1_AG_u_0,1TGJ,A
3eo1,3eo1_B:A|C,AG,3eo1_AG_u_1,1TGK,A
3eo1,3eo1_B:A|C,AB,3eo1_AB_u_0,3EO0,B:A
3eo1,3eo1_B:A|C,AB,3eo1_AB_u_1,3EO0,D:C
2fjh,2fjh_H:L|V,AG,2fjh_AG_u_0,1MKK,A
2fjh,2fjh_H:L|V,AG,2fjh_AG_u_1,1MKK,B
2fjh,2fjh_H:L|V,AG,2fjh_AG_u_2,4KZN,A
2fjh,2fjh_H:L|V,AG,2fjh_AG_u_3,3QTK,A
2fjh,2fjh_H:L|V,AG,2fjh_AG_u_4,3QTK,B
2htl,2htl_E:F|B,AG,2htl_AG_u_0,3NMO,A
2htl,2htl_E:F|B,AG,2htl_AG_u_1,4FTP,A
2htl,2htl_E:F|B,AG,2htl_AG_u_2,1KPK,A
2htl,2htl_E:F|B,AG,2htl_AG_u_3,1KPK,B
2htl,2htl_E:F|B,AG,2htl_AG_u_4,1KPK,C
6s3t,6s3t_D:C|S,AG,6s3t_AG_u_0,6RUX,A
6s3t,6s3t_D:C|S,AG,6s3t_AG_u_1,6RUX,B
6s3t,6s3t_D:C|S,AG,6s3t_AG_u_2,6RUX,C
6s3t,6s3t_D:C|S,AG,6s3t_AG_u_3,6RQG,A
6s3t,6s3t_D:C|S,AG,6s3t_AG_u_4,6RQG,B
6s3t,6s3t_D:C|S,AB,6s3t_AB_u_0,6RNN,D:C
6s3t,6s3t_D:C|S,AB,6s3t_AB_u_1,6RNN,H:L
4nhh,4nhh_M:K|B,AG,4nhh_AG_u_0,5HSF,A
4nhh,4nhh_M:K|B,AG,4nhh_AG_u_1,5HSF,B
4nhh,4nhh_M:K|B,AG,4nhh_AG_u_2,3DJ9,A
4nhh,4nhh_M:K|B,AG,4nhh_AG_u_3,4B53,A
4nhh,4nhh_M:K|B,AG,4nhh_AG_u_4,4B53,B
2w9e,2w9e_H:L|A,AG,2w9e_AG_u_0,3HAK,A
2w9e,2w9e_H:L|A,AG,2w9e_AG_u_1,3HEQ,A
2w9e,2w9e_H:L|A,AG,2w9e_AG_u_2,3HEQ,B
2w9e,2w9e_H:L|A,AG,2w9e_AG_u_3,3HER,A
2w9e,2w9e_H:L|A,AG,2w9e_AG_u_4,3HER,B
2w9e,2w9e_H:L|A,AB,2w9e_AB_u_0,2W9D,H:L
4y5x,4y5x_A:B|C,AG,4y5x_AG_u_0,1ERN,A
4y5x,4y5x_A:B|C,AG,4y5x_AG_u_1,1ERN,B
4ttd,4ttd_H:L|A,AG,4ttd_AG_u_0,6F2I,A
4ttd,4ttd_H:L|A,AG,4ttd_AG_u_1,6F9Z,A
4ttd,4ttd_H:L|A,AG,4ttd_AG_u_2,6HY8,A
4ttd,4ttd_H:L|A,AG,4ttd_AG_u_3,6GNL,A
4ttd,4ttd_H:L|A,AG,4ttd_AG_u_4,6F9X,A
6eyo,6eyo_H:L|A,AG,6eyo_AG_u_0,5MOL,A
6eyo,6eyo_H:L|A,AG,6eyo_AG_u_1,5MOL,B
6eyo,6eyo_H:L|A,AG,6eyo_AG_u_2,2WQR,A
6eyo,6eyo_H:L|A,AG,6eyo_AG_u_3,2WQR,B
6eyo,6eyo_H:L|A,AG,6eyo_AG_u_4,5MOK,A
6eyo,6eyo_H:L|A,AB,6eyo_AB_u_0,6EYN,B:A
6eyo,6eyo_H:L|A,AB,6eyo_AB_u_1,6EYN,D:C
6eyo,6eyo_H:L|A,AB,6eyo_AB_u_2,6EYN,H:L
2f5b,2f5b_H:L|P,AB,2f5b_AB_u_0,2PR4,H:L
5utz,5utz_F:G|E,AG,5utz_AG_u_0,4NEJ,A
5utz,5utz_F:G|E,AG,5utz_AG_u_1,4NEM,A
5utz,5utz_F:G|E,AG,5utz_AG_u_2,1M48,A
5utz,5utz_F:G|E,AG,5utz_AG_u_3,1M48,B
5utz,5utz_F:G|E,AG,5utz_AG_u_4,1M47,A
3qa3,3qa3_D:C|G,AG,3qa3_AG_u_0,1MF7,A
3qa3,3qa3_D:C|G,AG,3qa3_AG_u_1,1NA5,A
3qa3,3qa3_D:C|G,AG,3qa3_AG_u_2,1IDO,A
3qa3,3qa3_D:C|G,AG,3qa3_AG_u_3,4XW2,A
3qa3,3qa3_D:C|G,AG,3qa3_AG_u_4,1JLM,A
5n0a,5n0a_I:M|B,AG,5n0a_AG_u_0,1OK8,A
5n0a,5n0a_I:M|B,AG,5n0a_AG_u_1,1OKE,A
5n0a,5n0a_I:M|B,AG,5n0a_AG_u_2,1OKE,B
5n0a,5n0a_I:M|B,AG,5n0a_AG_u_3,1TG8,A
5n0a,5n0a_I:M|B,AG,5n0a_AG_u_4,1OAN,A
5n0a,5n0a_I:M|B,AB,5n0a_AB_u_0,4UT7,H
6iw2,6iw2_N:O|M,AG,6iw2_AG_u_0,6IW4,A
6iw2,6iw2_N:O|M,AG,6iw2_AG_u_1,6IW4,B
6iw2,6iw2_N:O|M,AG,6iw2_AG_u_2,6IW1,A
6iw2,6iw2_N:O|M,AG,6iw2_AG_u_3,6IW1,B
6iw2,6iw2_N:O|M,AG,6iw2_AG_u_4,6IW1,C
6bpe,6bpe_H:I|G,AG,6bpe_AG_u_0,5W53,A
6bpe,6bpe_H:I|G,AG,6bpe_AG_u_1,5W53,B
5vn3,5vn3_M:O|J,AB,5vn3_AB_u_0,1RZ8,B:A
5vn3,5vn3_M:O|J,AB,5vn3_AB_u_1,1RZ8,D:C
6feq,6feq_F:E|A,AG,6feq_AG_u_0,6HBU,A
6feq,6feq_F:E|A,AG,6feq_AG_u_1,6HBU,B
6feq,6feq_F:E|A,AG,6feq_AG_u_2,6HZM,A
6feq,6feq_F:E|A,AG,6feq_AG_u_3,6HZM,B
6feq,6feq_F:E|A,AG,6feq_AG_u_4,6HIJ,A
6feq,6feq_F:E|A,AB,6feq_AB_u_0,5NIV,B:A
3mod,3mod_H:L|P,AB,3mod_AB_u_0,2PR4,H:L
6u02,6u02_D:C|B,AG,6u02_AG_u_0,6PZD,A
6u02,6u02_D:C|B,AG,6u02_AG_u_1,5L18,A
6u02,6u02_D:C|B,AG,6u02_AG_u_2,4MWU,A
6u02,6u02_D:C|B,AG,6u02_AG_u_3,4MWR,A
6u02,6u02_D:C|B,AG,6u02_AG_u_4,4MWX,A
1hi6,1hi6_B:A|C,AB,1hi6_AB_u_0,1CFQ,B:A
5d1z,5d1z_D:C|I,AG,5d1z_AG_u_0,2MOQ,A
1nmc,1nmc_H:L|N,AG,1nmc_AG_u_0,6HFC,A
1nmc,1nmc_H:L|N,AG,1nmc_AG_u_1,6HG0,A
1nmc,1nmc_H:L|N,AG,1nmc_AG_u_2,6HCX,A
1nmc,1nmc_H:L|N,AG,1nmc_AG_u_3,6D3B,A
1nmc,1nmc_H:L|N,AG,1nmc_AG_u_4,1F8D,A
5cus,5cus_I:M|B,AG,5cus_AG_u_0,1M6B,A
5cus,5cus_I:M|B,AG,5cus_AG_u_1,1M6B,B
1u8m,1u8m_B:A|C,AB,1u8m_AB_u_0,2PR4,H:L
4tuk,4tuk_H:L|I,AB,4tuk_AB_u_0,4TRP,H:L
4tuk,4tuk_H:L|I,AB,4tuk_AB_u_1,4TUO,A:B
4tuk,4tuk_H:L|I,AB,4tuk_AB_u_2,4TUO,C:D
2vxs,2vxs_H:L|B,AG,2vxs_AG_u_0,4HR9,A
2vxs,2vxs_H:L|B,AG,2vxs_AG_u_1,4HR9,B
4hg4,4hg4_J:K|A,AG,4hg4_AG_u_0,3QQI,A
4hg4,4hg4_J:K|A,AG,4hg4_AG_u_1,3QQI,B
4hg4,4hg4_J:K|A,AG,4hg4_AG_u_2,3QQB,A
4hg4,4hg4_J:K|A,AG,4hg4_AG_u_3,3QQE,A
4hg4,4hg4_J:K|A,AG,4hg4_AG_u_4,2WR7,A
4g7v,4g7v_H:L|S,AG,4g7v_AG_u_0,3V0D,A
4g7v,4g7v_H:L|S,AG,4g7v_AG_u_1,3V0D,B
4g7v,4g7v_H:L|S,AG,4g7v_AG_u_2,3V0F,A
4g7v,4g7v_H:L|S,AG,4g7v_AG_u_3,3V0F,B
4g7v,4g7v_H:L|S,AG,4g7v_AG_u_4,3V0G,A
5occ,5occ_H:L|A,AG,5occ_AG_u_0,2FCB,A
5fcu,5fcu_H:L|G,AB,5fcu_AB_u_0,4RFE,A:B
5fcu,5fcu_H:L|G,AB,5fcu_AB_u_1,4RFE,C:D
5fcu,5fcu_H:L|G,AB,5fcu_AB_u_2,4RFE,E:F
5fcu,5fcu_H:L|G,AB,5fcu_AB_u_3,4RFE,H:L
6k68,6k68_F:G|I,AB,6k68_AB_u_0,3MO1,B:A
6k68,6k68_F:G|I,AB,6k68_AB_u_1,3MNV,B:A
6k68,6k68_F:G|I,AB,6k68_AB_u_2,3MNV,D:C
2b2x,2b2x_H:L|A,AG,2b2x_AG_u_0,5HGJ,A
2b2x,2b2x_H:L|A,AG,2b2x_AG_u_1,5HGJ,B
2b2x,2b2x_H:L|A,AG,2b2x_AG_u_2,1CK4,A
2b2x,2b2x_H:L|A,AG,2b2x_AG_u_3,1CK4,B
5kel,5kel_C:D|A,AG,5kel_AG_u_0,6G9I,A
5kel,5kel_C:D|A,AG,5kel_AG_u_1,6G95,A
6ot1,6ot1_Q:R|P,AB,6ot1_AB_u_0,4JY5,H:L
4u1g,4u1g_E:F|D,AG,4u1g_AG_u_0,4WAT,A
5t3x,5t3x_H:L|G,AB,5t3x_AB_u_0,4FQ2,H:L
5wux,5wux_A:B|F,AG,5wux_AG_u_0,5UUI,A
5wux,5wux_A:B|F,AG,5wux_AG_u_1,4TSV,A
5wux,5wux_A:B|F,AG,5wux_AG_u_2,2AZ5,A
5wux,5wux_A:B|F,AG,5wux_AG_u_3,2AZ5,B
5wux,5wux_A:B|F,AG,5wux_AG_u_4,2AZ5,C
5wux,5wux_A:B|F,AB,5wux_AB_u_0,5WUV,H:L
2j6e,2j6e_I:M|B,AG,2j6e_AG_u_0,5HSF,A
2j6e,2j6e_I:M|B,AG,2j6e_AG_u_1,5HSF,B
2j6e,2j6e_I:M|B,AG,2j6e_AG_u_2,5JII,A
2j6e,2j6e_I:M|B,AG,2j6e_AG_u_3,5JII,B
2j6e,2j6e_I:M|B,AG,2j6e_AG_u_4,5HYF,A
1k4c,1k4c_A:B|C,AG,1k4c_AG_u_0,2QTO,A
1k4c,1k4c_A:B|C,AG,1k4c_AG_u_1,2QTO,B
1k4c,1k4c_A:B|C,AG,1k4c_AG_u_2,2QTO,C
1k4c,1k4c_A:B|C,AG,1k4c_AG_u_3,2QTO,D
1k4c,1k4c_A:B|C,AG,1k4c_AG_u_4,3IFX,A
6mb3,6mb3_B:M|E,AG,6mb3_AG_u_0,3VDJ,A
6mb3,6mb3_B:M|E,AG,6mb3_AG_u_1,3VDK,A
6mb3,6mb3_B:M|E,AG,6mb3_AG_u_2,3VDL,A
6mb3,6mb3_B:M|E,AG,6mb3_AG_u_3,3VDL,B
6mb3,6mb3_B:M|E,AG,6mb3_AG_u_4,3VDL,C
4hlz,4hlz_I:J|D:C,AG,4hlz_AG_u_0,3QQB,B:A
4hlz,4hlz_I:J|D:C,AG,4hlz_AG_u_1,3QQE,B:A
4hlz,4hlz_I:J|D:C,AG,4hlz_AG_u_2,2WR7,A:A
4hlz,4hlz_I:J|D:C,AG,4hlz_AG_u_3,2WR7,B:B
4hlz,4hlz_I:J|D:C,AG,4hlz_AG_u_4,2WR7,C:C
2vxq,2vxq_H:L|A,AG,2vxq_AG_u_0,1WHO,A
2vxq,2vxq_H:L|A,AG,2vxq_AG_u_1,1WHP,A
6fy2,6fy2_X:Y|Z,AG,6fy2_AG_u_0,6CMX,A
6fy2,6fy2_X:Y|Z,AG,6fy2_AG_u_1,4Q0C,A
6fy2,6fy2_X:Y|Z,AG,6fy2_AG_u_2,4Q0C,B
6fy2,6fy2_X:Y|Z,AG,6fy2_AG_u_3,4Q0C,C
6fy2,6fy2_X:Y|Z,AG,6fy2_AG_u_4,4Q0C,D
2mpa,2mpa_H:L|P,AB,2mpa_AB_u_0,1MNU,H:L
5bv7,5bv7_H:L|A,AG,5bv7_AG_u_0,6MVD,A
5bv7,5bv7_H:L|A,AG,5bv7_AG_u_1,6MVD,B
5bv7,5bv7_H:L|A,AG,5bv7_AG_u_2,5TXF,A
5bv7,5bv7_H:L|A,AG,5bv7_AG_u_3,5TXF,B
5bv7,5bv7_H:L|A,AG,5bv7_AG_u_4,5TXF,C
4uuj,4uuj_A:B|C,AG,4uuj_AG_u_0,2QTO,A
4uuj,4uuj_A:B|C,AG,4uuj_AG_u_1,2QTO,B
4uuj,4uuj_A:B|C,AG,4uuj_AG_u_2,2QTO,C
4uuj,4uuj_A:B|C,AG,4uuj_AG_u_3,2QTO,D
4uuj,4uuj_A:B|C,AG,4uuj_AG_u_4,3IFX,A
5ec1,5ec1_A:B|C,AG,5ec1_AG_u_0,1JQ1,A
5ec1,5ec1_A:B|C,AG,5ec1_AG_u_1,1JQ1,B
5ec1,5ec1_A:B|C,AG,5ec1_AG_u_2,1JQ1,C
5ec1,5ec1_A:B|C,AG,5ec1_AG_u_3,1JQ1,D
5ec1,5ec1_A:B|C,AG,5ec1_AG_u_4,1JQ2,A
6ieb,6ieb_H:L|A,AG,6ieb_AG_u_0,6F8P,A
6ieb,6ieb_H:L|A,AG,6ieb_AG_u_1,5Y0W,A
6ieb,6ieb_H:L|A,AG,6ieb_AG_u_2,5Y0Y,A
6ieb,6ieb_H:L|A,AG,6ieb_AG_u_3,6F9C,A
6ieb,6ieb_H:L|A,AG,6ieb_AG_u_4,6F9C,C
6n1w,6n1w_Q:R|c,AB,6n1w_AB_u_0,5JXA,H:L
4hcr,4hcr_M:N|B,AG,4hcr_AG_u_0,4HD9,A
4hcr,4hcr_M:N|B,AG,4hcr_AG_u_1,1GSM,A
4hcr,4hcr_M:N|B,AG,4hcr_AG_u_2,1BQS,A
6adb,6adb_C:D|A,AG,6adb_AG_u_0,3NMO,A
6adb,6adb_C:D|A,AG,6adb_AG_u_1,4FTP,A
6adb,6adb_C:D|A,AG,6adb_AG_u_2,1KPK,A
6adb,6adb_C:D|A,AG,6adb_AG_u_3,1KPK,B
6adb,6adb_C:D|A,AG,6adb_AG_u_4,1KPK,C
3l5x,3l5x_H:L|A,AG,3l5x_AG_u_0,1IK0,A
3l5x,3l5x_H:L|A,AG,3l5x_AG_u_1,1GA3,A
3l5x,3l5x_H:L|A,AG,3l5x_AG_u_2,1IJZ,A
3l5x,3l5x_H:L|A,AB,3l5x_AB_u_0,3L7F,B:A
3l5x,3l5x_H:L|A,AB,3l5x_AB_u_1,3L7F,E:D
3l5x,3l5x_H:L|A,AB,3l5x_AB_u_2,3L7F,H:L
5n09,5n09_H:L|A,AG,5n09_AG_u_0,1OK8,A
5n09,5n09_H:L|A,AG,5n09_AG_u_1,1OKE,A
5n09,5n09_H:L|A,AG,5n09_AG_u_2,1OKE,B
5n09,5n09_H:L|A,AG,5n09_AG_u_3,1TG8,A
5n09,5n09_H:L|A,AG,5n09_AG_u_4,1OAN,A
5n09,5n09_H:L|A,AB,5n09_AB_u_0,4UT7,H
5xj4,5xj4_H:L|A,AG,5xj4_AG_u_0,6NP9,A
5xj4,5xj4_H:L|A,AG,5xj4_AG_u_1,5N2F,A
5xj4,5xj4_H:L|A,AG,5xj4_AG_u_2,5N2F,B
5xj4,5xj4_H:L|A,AG,5xj4_AG_u_3,5C3T,A
5xj4,5xj4_H:L|A,AG,5xj4_AG_u_4,4Z18,A
5te6,5te6_H:L|G,AG,5te6_AG_u_0,6ONF,A
5te6,5te6_H:L|G,AG,5te6_AG_u_1,6ONE,A
5te6,5te6_H:L|G,AG,5te6_AG_u_2,6ONH,A
5te6,5te6_H:L|G,AG,5te6_AG_u_3,6P9N,A
5te6,5te6_H:L|G,AG,5te6_AG_u_4,6ONV,A
6nf2,6nf2_E:F|G,AB,6nf2_AB_u_0,4JY5,H:L
5wdu,5wdu_C:B|G,AB,5wdu_AB_u_0,4JY5,H:L
6mb3,6mb3_C:N|E,AG,6mb3_AG_u_0,3VDJ,A
6mb3,6mb3_C:N|E,AG,6mb3_AG_u_1,3VDK,A
6mb3,6mb3_C:N|E,AG,6mb3_AG_u_2,3VDL,A
6mb3,6mb3_C:N|E,AG,6mb3_AG_u_3,3VDL,B
6mb3,6mb3_C:N|E,AG,6mb3_AG_u_4,3VDL,C
4yc2,4yc2_H:L|G,AB,4yc2_AB_u_0,3TNM,A:B
4yc2,4yc2_H:L|G,AB,4yc2_AB_u_1,3TNM,H:L
6rcv,6rcv_H:G|F,AG,6rcv_AG_u_0,4WAT,A
6rcv,6rcv_H:G|F,AB,6rcv_AB_u_0,6RCQ,A:B
4pp1,4pp1_D:C|B,AG,4pp1_AG_u_0,3F5V,A
4pp1,4pp1_D:C|B,AG,4pp1_AG_u_1,3F5V,B
4pp1,4pp1_D:C|B,AG,4pp1_AG_u_2,1XKG,A
4pp1,4pp1_D:C|B,AG,4pp1_AG_u_3,2AS8,A
4pp1,4pp1_D:C|B,AG,4pp1_AG_u_4,2AS8,B
4jo3,4jo3_I:M|Q,AG,4jo3_AG_u_0,1CE4,A
4jo3,4jo3_I:M|Q,AB,4jo3_AB_u_0,4JO4,H:L
4jo3,4jo3_I:M|Q,AB,4jo3_AB_u_1,4JO4,I:M
1xcq,1xcq_D:C|Q:M,AB,1xcq_AB_u_0,1NLB,H:L
3whe,3whe_U:V|E,AG,3whe_AG_u_0,6GOL,A
3whe,3whe_U:V|E,AG,3whe_AG_u_1,6BKT,B
3whe,3whe_U:V|E,AG,3whe_AG_u_2,6BKS,B
3whe,3whe_U:V|E,AG,3whe_AG_u_3,6BKN,B
3whe,3whe_U:V|E,AG,3whe_AG_u_4,6BKO,B
4nzt,4nzt_H:L|M,AB,4nzt_AB_u_0,4FQH,A:B
4nzt,4nzt_H:L|M,AB,4nzt_AB_u_1,4FQH,H:L
5ob5,5ob5_H:L|A,AG,5ob5_AG_u_0,1QNK,A
5ob5,5ob5_H:L|A,AG,5ob5_AG_u_1,1QNK,B
6pi7,6pi7_F:E|D,AG,6pi7_AG_u_0,3FDR,A
6pi7,6pi7_F:E|D,AG,6pi7_AG_u_1,5J39,A
6pi7,6pi7_F:E|D,AG,6pi7_AG_u_2,5J39,B
6pi7,6pi7_F:E|D,AG,6pi7_AG_u_3,2DIQ,A
2fec,2fec_I:L|B,AG,2fec_AG_u_0,3NMO,A
2fec,2fec_I:L|B,AG,2fec_AG_u_1,4FTP,A
2fec,2fec_I:L|B,AG,2fec_AG_u_2,1KPK,A
2fec,2fec_I:L|B,AG,2fec_AG_u_3,1KPK,B
2fec,2fec_I:L|B,AG,2fec_AG_u_4,1KPK,C
5aum,5aum_H:L|C,AG,5aum_AG_u_0,6JJU,A
5aum,5aum_H:L|C,AG,5aum_AG_u_1,5ZTF,A
5xs7,5xs7_H:L|A,AG,5xs7_AG_u_0,5XS4,A
5xs7,5xs7_H:L|A,AG,5xs7_AG_u_1,5XS5,A
5tud,5tud_C:B|A,AG,5tud_AG_u_0,6DYF,A
5tud,5tud_C:B|A,AG,5tud_AG_u_1,6DYF,B
5tud,5tud_C:B|A,AG,5tud_AG_u_2,6DYC,A
5tud,5tud_C:B|A,AG,5tud_AG_u_3,6DYC,B
5tud,5tud_C:B|A,AG,5tud_AG_u_4,5YO4,A
5w9k,5w9k_B:C|A,AG,5w9k_AG_u_0,4NCU,A
5w9k,5w9k_B:C|A,AG,5w9k_AG_u_1,4NCW,A
5w9k,5w9k_B:C|A,AG,5w9k_AG_u_2,4NCW,B
5w9k,5w9k_B:C|A,AG,5w9k_AG_u_3,4NCW,C
5w9k,5w9k_B:C|A,AG,5w9k_AG_u_4,5X4R,A
5w9k,5w9k_B:C|A,AB,5w9k_AB_u_0,5VZR,A:B
5w9k,5w9k_B:C|A,AB,5w9k_AB_u_1,5VZR,H:L
4rgn,4rgn_D:E|A,AG,4rgn_AG_u_0,3SEB,A
4rgn,4rgn_D:E|A,AG,4rgn_AG_u_1,3GP7,A
4rgn,4rgn_D:E|A,AG,4rgn_AG_u_2,3GP7,B
4rgn,4rgn_D:E|A,AG,4rgn_AG_u_3,1SE4,A
4rgn,4rgn_D:E|A,AG,4rgn_AG_u_4,1GOZ,A
5xcv,5xcv_A:B|C,AG,5xcv_AG_u_0,6JJU,A
5xcv,5xcv_A:B|C,AG,5xcv_AG_u_1,5ZTF,A
5xcv,5xcv_A:B|C,AB,5xcv_AB_u_0,4NR2,A:A
5xcv,5xcv_A:B|C,AB,5xcv_AB_u_1,4NR2,B:B
5xcv,5xcv_A:B|C,AB,5xcv_AB_u_2,4NR2,C:C
5xcv,5xcv_A:B|C,AB,5xcv_AB_u_3,4NR2,D:D
5xcv,5xcv_A:B|C,AB,5xcv_AB_u_4,4NR2,E:E
5kem,5kem_I:J|F,AG,5kem_AG_u_0,6G9I,A
5kem,5kem_I:J|F,AG,5kem_AG_u_1,6G95,A
6bfs,6bfs_H:L|C,AG,6bfs_AG_u_0,2GMF,A
6bfs,6bfs_H:L|C,AG,6bfs_AG_u_1,2GMF,B
6bfs,6bfs_H:L|C,AG,6bfs_AG_u_2,1CSG,A
6bfs,6bfs_H:L|C,AG,6bfs_AG_u_3,1CSG,B
5bk2,5bk2_H:L|A,AG,5bk2_AG_u_0,6K7E,A
5bk2,5bk2_H:L|A,AG,5bk2_AG_u_1,6N84,A
5bk2,5bk2_H:L|A,AG,5bk2_AG_u_2,6QGD,A
5bk2,5bk2_H:L|A,AG,5bk2_AG_u_3,6LES,A
5bk2,5bk2_H:L|A,AG,5bk2_AG_u_4,6LES,B
2eiz,2eiz_B:A|C,AG,2eiz_AG_u_0,6F2I,A
2eiz,2eiz_B:A|C,AG,2eiz_AG_u_1,6F9Z,A
2eiz,2eiz_B:A|C,AG,2eiz_AG_u_2,6HY8,A
2eiz,2eiz_B:A|C,AG,2eiz_AG_u_3,6GNL,A
2eiz,2eiz_B:A|C,AG,2eiz_AG_u_4,6F9X,A
5tzu,5tzu_H:L|C,AG,5tzu_AG_u_0,2VSC,A
5tzu,5tzu_H:L|C,AG,5tzu_AG_u_1,2VSC,B
5tzu,5tzu_H:L|C,AG,5tzu_AG_u_2,2VSC,C
5tzu,5tzu_H:L|C,AG,5tzu_AG_u_3,2VSC,D
5w9i,5w9i_C:D|A,AG,5w9i_AG_u_0,4NCU,A
5w9i,5w9i_C:D|A,AG,5w9i_AG_u_1,4NCW,A
5w9i,5w9i_C:D|A,AG,5w9i_AG_u_2,4NCW,B
5w9i,5w9i_C:D|A,AG,5w9i_AG_u_3,4NCW,C
5w9i,5w9i_C:D|A,AG,5w9i_AG_u_4,5X4R,A
5w9i,5w9i_C:D|A,AB,5w9i_AB_u_0,5VZR,A:B
5w9i,5w9i_C:D|A,AB,5w9i_AB_u_1,5VZR,H:L
4k8r,4k8r_D:C|B,AG,4k8r_AG_u_0,6U26,A
4k8r,4k8r_D:C|B,AG,4k8r_AG_u_1,6U26,B
4k8r,4k8r_D:C|B,AG,4k8r_AG_u_2,2P4E,A
4k8r,4k8r_D:C|B,AG,4k8r_AG_u_3,2P4E,P
4k8r,4k8r_D:C|B,AG,4k8r_AG_u_4,6U2P,A
4k8r,4k8r_D:C|B,AB,4k8r_AB_u_0,4LKC,B:A
2j5l,2j5l_C:B|A,AG,2j5l_AG_u_0,4R1A,A
2j5l,2j5l_C:B|A,AG,2j5l_AG_u_1,1HN6,A
2j5l,2j5l_C:B|A,AG,2j5l_AG_u_2,1YXE,A
1tzi,1tzi_B:A|V,AG,1tzi_AG_u_0,1MKK,A
1tzi,1tzi_B:A|V,AG,1tzi_AG_u_1,1MKK,B
1tzi,1tzi_B:A|V,AG,1tzi_AG_u_2,4KZN,A
1tzi,1tzi_B:A|V,AG,1tzi_AG_u_3,3QTK,A
1tzi,1tzi_B:A|V,AG,1tzi_AG_u_4,3QTK,B
5w9m,5w9m_H:I|G,AG,5w9m_AG_u_0,4NCU,A
5w9m,5w9m_H:I|G,AG,5w9m_AG_u_1,4NCW,A
5w9m,5w9m_H:I|G,AG,5w9m_AG_u_2,4NCW,B
5w9m,5w9m_H:I|G,AG,5w9m_AG_u_3,4NCW,C
5w9m,5w9m_H:I|G,AG,5w9m_AG_u_4,5X4R,A
5w9m,5w9m_H:I|G,AB,5w9m_AB_u_0,5VZR,A:B
5w9m,5w9m_H:I|G,AB,5w9m_AB_u_1,5VZR,H:L
5i8c,5i8c_A:B|C,AB,5i8c_AB_u_0,5I8E,A:B
5i8c,5i8c_A:B|C,AB,5i8c_AB_u_1,5I8E,C:D
4lcu,4lcu_A:B|C,AG,4lcu_AG_u_0,2QTO,A
4lcu,4lcu_A:B|C,AG,4lcu_AG_u_1,2QTO,B
4lcu,4lcu_A:B|C,AG,4lcu_AG_u_2,2QTO,C
4lcu,4lcu_A:B|C,AG,4lcu_AG_u_3,2QTO,D
4lcu,4lcu_A:B|C,AG,4lcu_AG_u_4,3IFX,A
2vxs,2vxs_I:M|A,AG,2vxs_AG_u_0,4HR9,A
2vxs,2vxs_I:M|A,AG,2vxs_AG_u_1,4HR9,B
3hi6,3hi6_X:Y|B,AG,3hi6_AG_u_0,1MJN,A
3hi6,3hi6_X:Y|B,AG,3hi6_AG_u_1,2ICA,A
3hi6,3hi6_X:Y|B,AG,3hi6_AG_u_2,3F78,A
3hi6,3hi6_X:Y|B,AG,3hi6_AG_u_3,3F78,B
3hi6,3hi6_X:Y|B,AG,3hi6_AG_u_4,3F78,C
3hi6,3hi6_X:Y|B,AB,3hi6_AB_u_0,3HI5,H:L
6dca,6dca_I:M|Q,AG,6dca_AG_u_0,6NWP,A
6dca,6dca_I:M|Q,AG,6dca_AG_u_1,6NWP,B
6dca,6dca_I:M|Q,AG,6dca_AG_u_2,6NWP,C
6dca,6dca_I:M|Q,AG,6dca_AG_u_3,6NWP,D
6dca,6dca_I:M|Q,AG,6dca_AG_u_4,6NWP,E
5v6l,5v6l_H:L|P,AG,5v6l_AG_u_0,2ESZ,A
5v6l,5v6l_H:L|P,AG,5v6l_AG_u_1,2ESX,A
5v6l,5v6l_H:L|P,AG,5v6l_AG_u_2,1CE4,A
5gs0,5gs0_D:C|A,AG,5gs0_AG_u_0,1ZIW,A
5gs0,5gs0_D:C|A,AG,5gs0_AG_u_1,2A0Z,A
5gs0,5gs0_D:C|A,AB,5gs0_AB_u_0,3ULS,B:A
5gs0,5gs0_D:C|A,AB,5gs0_AB_u_1,3ULS,H:L
4r2g,4r2g_N:M|A,AG,4r2g_AG_u_0,3DNN,A
4r2g,4r2g_N:M|A,AG,4r2g_AG_u_1,3DNN,C
4r2g,4r2g_N:M|A,AG,4r2g_AG_u_2,3DNN,D
4r2g,4r2g_N:M|A,AG,4r2g_AG_u_3,3DNN,F
4r2g,4r2g_N:M|A,AG,4r2g_AG_u_4,3DNN,G
4r2g,4r2g_N:M|A,AB,4r2g_AB_u_0,5CEY,B:A
4r2g,4r2g_N:M|A,AB,4r2g_AB_u_1,5CEY,D:C
4r2g,4r2g_N:M|A,AB,4r2g_AB_u_2,4R26,H:L
6tys,6tys_C:D|B,AG,6tys_AG_u_0,2YNY,A
6tys,6tys_C:D|B,AG,6tys_AG_u_1,2YNY,B
6tys,6tys_C:D|B,AG,6tys_AG_u_2,2YNY,C
6tys,6tys_C:D|B,AG,6tys_AG_u_3,2YNZ,A
6tys,6tys_C:D|B,AG,6tys_AG_u_4,2YNZ,B
6tys,6tys_C:D|B,AB,6tys_AB_u_0,6U1T,H:L
6nf2,6nf2_N:M|A,AB,6nf2_AB_u_0,5JXA,H:L
6cm3,6cm3_K:J|D,AB,6cm3_AB_u_0,1RZ8,B:A
6cm3,6cm3_K:J|D,AB,6cm3_AB_u_1,1RZ8,D:C
6bpc,6bpc_E:F|D,AG,6bpc_AG_u_0,5W53,A
6bpc,6bpc_E:F|D,AG,6bpc_AG_u_1,5W53,B
6bpc,6bpc_E:F|D,AB,6bpc_AB_u_0,6BPB,A:B
6fy2,6fy2_H:L|P,AG,6fy2_AG_u_0,6CMX,A
6fy2,6fy2_H:L|P,AG,6fy2_AG_u_1,4Q0C,A
6fy2,6fy2_H:L|P,AG,6fy2_AG_u_2,4Q0C,B
6fy2,6fy2_H:L|P,AG,6fy2_AG_u_3,4Q0C,C
6fy2,6fy2_H:L|P,AG,6fy2_AG_u_4,4Q0C,D
6by2,6by2_A:B|C,AG,6by2_AG_u_0,2QTO,A
6by2,6by2_A:B|C,AG,6by2_AG_u_1,2QTO,B
6by2,6by2_A:B|C,AG,6by2_AG_u_2,2QTO,C
6by2,6by2_A:B|C,AG,6by2_AG_u_3,2QTO,D
6by2,6by2_A:B|C,AG,6by2_AG_u_4,3IFX,A
5czv,5czv_H:L|A,AG,5czv_AG_u_0,4ZLP,A
5czv,5czv_H:L|A,AG,5czv_AG_u_1,4ZLP,B
5czv,5czv_H:L|A,AG,5czv_AG_u_2,1PB5,A
4kk6,4kk6_C:D|A,AG,4kk6_AG_u_0,3NMO,A
4kk6,4kk6_C:D|A,AG,4kk6_AG_u_1,4FTP,A
4kk6,4kk6_C:D|A,AG,4kk6_AG_u_2,1KPK,A
4kk6,4kk6_C:D|A,AG,4kk6_AG_u_3,1KPK,B
4kk6,4kk6_C:D|A,AG,4kk6_AG_u_4,1KPK,C
2qr0,2qr0_T:S|U,AG,2qr0_AG_u_0,1MKK,A
2qr0,2qr0_T:S|U,AG,2qr0_AG_u_1,1MKK,B
2qr0,2qr0_T:S|U,AG,2qr0_AG_u_2,4KZN,A
2qr0,2qr0_T:S|U,AG,2qr0_AG_u_3,3QTK,A
2qr0,2qr0_T:S|U,AG,2qr0_AG_u_4,3QTK,B
5lsp,5lsp_S:T|P,AG,5lsp_AG_u_0,1SSL,A
5utf,5utf_D:E|B,AB,5utf_AB_u_0,4TOY,H:L
3w11,3w11_C:D|E,AG,3w11_AG_u_0,2HR7,A
3w11,3w11_C:D|E,AG,3w11_AG_u_1,2HR7,B
3w11,3w11_C:D|E,AG,3w11_AG_u_2,4XST,E
3w11,3w11_C:D|E,AG,3w11_AG_u_3,6HN4,E
3w11,3w11_C:D|E,AG,3w11_AG_u_4,6HN4,F
4nm8,4nm8_J:N|F:E,AG,4nm8_AG_u_0,6BKM,B:A
4nm8,4nm8_J:N|F:E,AG,4nm8_AG_u_1,6BKM,D:C
4nm8,4nm8_J:N|F:E,AG,4nm8_AG_u_2,6BKM,F:E
4nm8,4nm8_J:N|F:E,AG,4nm8_AG_u_3,6BKQ,B:A
4nm8,4nm8_J:N|F:E,AG,4nm8_AG_u_4,6BKQ,D:C
4nm8,4nm8_J:N|F:E,AB,4nm8_AB_u_0,4NM4,H:L
4nm8,4nm8_J:N|F:E,AB,4nm8_AB_u_1,4NM4,I:M
1z3g,1z3g_H:L|A,AG,1z3g_AG_u_0,1Z1Y,A
1z3g,1z3g_H:L|A,AG,1z3g_AG_u_1,1Z1Y,B
1z3g,1z3g_H:L|A,AG,1z3g_AG_u_2,1Z27,A
3o6m,3o6m_H:L|C,AB,3o6m_AB_u_0,3O6K,H:L
1dqj,1dqj_B:A|C,AG,1dqj_AG_u_0,6F2I,A
1dqj,1dqj_B:A|C,AG,1dqj_AG_u_1,6F9Z,A
1dqj,1dqj_B:A|C,AG,1dqj_AG_u_2,6HY8,A
1dqj,1dqj_B:A|C,AG,1dqj_AG_u_3,6GNL,A
1dqj,1dqj_B:A|C,AG,1dqj_AG_u_4,6F9X,A
1dqj,1dqj_B:A|C,AB,1dqj_AB_u_0,1DQQ,B:A
1dqj,1dqj_B:A|C,AB,1dqj_AB_u_1,1DQQ,D:C
1dqj,1dqj_B:A|C,AB,1dqj_AB_u_2,1DQM,H:L
4gxu,4gxu_O:P|C,AG,4gxu_AG_u_0,4JUG,A
4gxu,4gxu_O:P|C,AG,4gxu_AG_u_1,4JUG,C
4gxu,4gxu_O:P|C,AG,4gxu_AG_u_2,4JUG,E
4gxu,4gxu_O:P|C,AG,4gxu_AG_u_3,4JUG,G
4gxu,4gxu_O:P|C,AG,4gxu_AG_u_4,4JUG,I
4gxu,4gxu_O:P|C,AB,4gxu_AB_u_0,4GXV,H:L
4gxu,4gxu_O:P|C,AB,4gxu_AB_u_1,4GXV,I:M
4g6f,4g6f_B:D|F,AG,4g6f_AG_u_0,6E8W,A
4g6f,4g6f_B:D|F,AG,4g6f_AG_u_1,6E8W,B
4g6f,4g6f_B:D|F,AG,4g6f_AG_u_2,6E8W,C
4g6f,4g6f_B:D|F,AG,4g6f_AG_u_3,5NWV,A
4g6f,4g6f_B:D|F,AG,4g6f_AG_u_4,5NWU,A
4g6f,4g6f_B:D|F,AB,4g6f_AB_u_0,5JNY,A:B
4g6f,4g6f_B:D|F,AB,4g6f_AB_u_1,5JNY,C:D
4ut6,4ut6_H:L|A,AG,4ut6_AG_u_0,4UTC,A
4ut6,4ut6_H:L|A,AG,4ut6_AG_u_1,4UTC,B
6o3l,6o3l_H:L|D,AB,6o3l_AB_u_0,6O3K,H:L
6o3l,6o3l_H:L|D,AB,6o3l_AB_u_1,6O3U,B:A
6o3l,6o3l_H:L|D,AB,6o3l_AB_u_2,6O3U,D:C
6o3l,6o3l_H:L|D,AB,6o3l_AB_u_3,6O3U,F:E
6o3l,6o3l_H:L|D,AB,6o3l_AB_u_4,6O3U,H:L
5o1r,5o1r_I:M|B,AG,5o1r_AG_u_0,6CUJ,A
5o1r,5o1r_I:M|B,AG,5o1r_AG_u_1,6CUJ,B
5o1r,5o1r_I:M|B,AG,5o1r_AG_u_2,2LFU,A
5o1r,5o1r_I:M|B,AB,5o1r_AB_u_0,5NYX,H:L
5o1r,5o1r_I:M|B,AB,5o1r_AB_u_1,5NYX,M:N
5o1r,5o1r_I:M|B,AB,5o1r_AB_u_2,5NYX,O:P
4lbe,4lbe_A:B|C,AG,4lbe_AG_u_0,2QTO,A
4lbe,4lbe_A:B|C,AG,4lbe_AG_u_1,2QTO,B
4lbe,4lbe_A:B|C,AG,4lbe_AG_u_2,2QTO,C
4lbe,4lbe_A:B|C,AG,4lbe_AG_u_3,2QTO,D
4lbe,4lbe_A:B|C,AG,4lbe_AG_u_4,3IFX,A
4pp1,4pp1_F:E|A,AG,4pp1_AG_u_0,3F5V,A
4pp1,4pp1_F:E|A,AG,4pp1_AG_u_1,3F5V,B
4pp1,4pp1_F:E|A,AG,4pp1_AG_u_2,1XKG,A
4pp1,4pp1_F:E|A,AG,4pp1_AG_u_3,2AS8,A
4pp1,4pp1_F:E|A,AG,4pp1_AG_u_4,2AS8,B
5bjz,5bjz_C:L|A,AG,5bjz_AG_u_0,6K7E,A
5bjz,5bjz_C:L|A,AG,5bjz_AG_u_1,6N84,A
5bjz,5bjz_C:L|A,AG,5bjz_AG_u_2,6QGD,A
5bjz,5bjz_C:L|A,AG,5bjz_AG_u_3,6LES,A
5bjz,5bjz_C:L|A,AG,5bjz_AG_u_4,6LES,B
4xmp,4xmp_H:L|G,AG,4xmp_AG_u_0,3DNN,A
4xmp,4xmp_H:L|G,AG,4xmp_AG_u_1,3DNN,C
4xmp,4xmp_H:L|G,AG,4xmp_AG_u_2,3DNN,D
4xmp,4xmp_H:L|G,AG,4xmp_AG_u_3,3DNN,F
4xmp,4xmp_H:L|G,AG,4xmp_AG_u_4,3DNN,G
1xcq,1xcq_H:G|S,AG,1xcq_AG_u_0,1CWX,A
1xcq,1xcq_H:G|S,AB,1xcq_AB_u_0,1NLB,H:L
5i6z,5i6z_B:C|A,AB,5i6z_AB_u_0,5I66,A:B
5cjo,5cjo_H:L|A,AG,5cjo_AG_u_0,4PFC,A
5cjo,5cjo_H:L|A,AG,5cjo_AG_u_1,4PFC,B
5cjo,5cjo_H:L|A,AG,5cjo_AG_u_2,4PF7,A
5cjo,5cjo_H:L|A,AG,5cjo_AG_u_3,4PF7,B
5cjo,5cjo_H:L|A,AG,5cjo_AG_u_4,4PF9,A
6nip,6nip_A:B|E,AG,6nip_AG_u_0,5JHM,A
6nip,6nip_A:B|E,AG,6nip_AG_u_1,5JHM,B
6nip,6nip_A:B|E,AG,6nip_AG_u_2,5OMZ,A
6nip,6nip_A:B|E,AB,6nip_AB_u_0,6MTX,H:L
6nip,6nip_A:B|E,AB,6nip_AB_u_1,6NIS,H:L
6e5p,6e5p_34E,AB,6e5p_AB_u_0,6N35,H:K
6e5p,6e5p_34E,AB,6e5p_AB_u_1,6N35,M:L
6e5p,6e5p_34E,AB,6e5p_AB_u_2,3OAZ,H:K
6e5p,6e5p_34E,AB,6e5p_AB_u_3,3OAZ,M:L
6e5p,6e5p_34E,AB,6e5p_AB_u_4,4RBP,H:K
6ot1,6ot1_F:I|E,AB,6ot1_AB_u_0,4JY5,H:L
5a1z,5a1z_G:H|A,AG,5a1z_AG_u_0,1OK8,A
5a1z,5a1z_G:H|A,AG,5a1z_AG_u_1,1OKE,A
5a1z,5a1z_G:H|A,AG,5a1z_AG_u_2,1OKE,B
5a1z,5a1z_G:H|A,AG,5a1z_AG_u_3,1TG8,A
5a1z,5a1z_G:H|A,AG,5a1z_AG_u_4,1OAN,A
4z5r,4z5r_B:A|N,AG,4z5r_AG_u_0,1RH2,A
4z5r,4z5r_B:A|N,AG,4z5r_AG_u_1,1RH2,B
4z5r,4z5r_B:A|N,AG,4z5r_AG_u_2,1RH2,C
4z5r,4z5r_B:A|N,AG,4z5r_AG_u_3,1RH2,D
4z5r,4z5r_B:A|N,AG,4z5r_AG_u_4,1RH2,E
4olw,4olw_H:L|G,AG,4olw_AG_u_0,6ONF,A
4olw,4olw_H:L|G,AG,4olw_AG_u_1,6ONE,A
4olw,4olw_H:L|G,AG,4olw_AG_u_2,6ONH,A
4olw,4olw_H:L|G,AG,4olw_AG_u_3,6P9N,A
4olw,4olw_H:L|G,AG,4olw_AG_u_4,6ONV,A
4plk,4plk_I:G|F,AG,4plk_AG_u_0,3GGQ,A
4plk,4plk_I:G|F,AG,4plk_AG_u_1,6LAT,A
4plk,4plk_I:G|F,AG,4plk_AG_u_2,6LB0,A
4plk,4plk_I:G|F,AG,4plk_AG_u_3,2ZZQ,A
4plk,4plk_I:G|F,AG,4plk_AG_u_4,3IYO,A
6j15,6j15_A:B|C,AG,6j15_AG_u_0,6UMV,A
6j15,6j15_A:B|C,AG,6j15_AG_u_1,3RRQ,A
6j15,6j15_A:B|C,AG,6j15_AG_u_2,2M2D,A
6otc,6otc_H:L|A,AG,6otc_AG_u_0,4GH9,A
3ab0,3ab0_E:F|D,AG,3ab0_AG_u_0,2Z5W,A
3ab0,3ab0_E:F|D,AG,3ab0_AG_u_1,1WCK,A
3ab0,3ab0_E:F|D,AG,3ab0_AG_u_2,2R6Q,A
3ab0,3ab0_E:F|D,AG,3ab0_AG_u_3,3TYJ,A
6pzw,6pzw_K:I|D,AG,6pzw_AG_u_0,6PZD,A
6pzw,6pzw_K:I|D,AG,6pzw_AG_u_1,5L18,A
6pzw,6pzw_K:I|D,AG,6pzw_AG_u_2,4MWU,A
6pzw,6pzw_K:I|D,AG,6pzw_AG_u_3,4MWR,A
6pzw,6pzw_K:I|D,AG,6pzw_AG_u_4,4MWX,A
6pzw,6pzw_K:I|D,AB,6pzw_AB_u_0,6PZH,B:A
6pzw,6pzw_K:I|D,AB,6pzw_AB_u_1,6PZH,H:L
6e62,6e62_H:L|P,AB,6e62_AB_u_0,6E64,A:B
6e62,6e62_H:L|P,AB,6e62_AB_u_1,6E64,H:L
4olz,4olz_H:L|G,AG,4olz_AG_u_0,6ONF,A
4olz,4olz_H:L|G,AG,4olz_AG_u_1,6ONE,A
4olz,4olz_H:L|G,AG,4olz_AG_u_2,6ONH,A
4olz,4olz_H:L|G,AG,4olz_AG_u_3,6P9N,A
4olz,4olz_H:L|G,AG,4olz_AG_u_4,6ONV,A
5uwe,5uwe_H:L|G:N,AB,5uwe_AB_u_0,3QEG,H:L
1u91,1u91_B:A|C,AB,1u91_AB_u_0,2PR4,H:L
2jel,2jel_H:L|P,AG,2jel_AG_u_0,3CCD,A
2jel,2jel_H:L|P,AG,2jel_AG_u_1,3CCD,B
2jel,2jel_H:L|P,AG,2jel_AG_u_2,1OPD,A
2jel,2jel_H:L|P,AG,2jel_AG_u_3,1CM3,A
2jel,2jel_H:L|P,AG,2jel_AG_u_4,1CM2,A
2qr0,2qr0_B:A|D,AG,2qr0_AG_u_0,1MKK,A
2qr0,2qr0_B:A|D,AG,2qr0_AG_u_1,1MKK,B
2qr0,2qr0_B:A|D,AG,2qr0_AG_u_2,4KZN,A
2qr0,2qr0_B:A|D,AG,2qr0_AG_u_3,3QTK,A
2qr0,2qr0_B:A|D,AG,2qr0_AG_u_4,3QTK,B
3det,3det_C:D|A,AG,3det_AG_u_0,3NMO,A
3det,3det_C:D|A,AG,3det_AG_u_1,4FTP,A
3det,3det_C:D|A,AG,3det_AG_u_2,1KPK,A
3det,3det_C:D|A,AG,3det_AG_u_3,1KPK,B
3det,3det_C:D|A,AG,3det_AG_u_4,1KPK,C
5usl,5usl_B:C|A,AG,5usl_AG_u_0,4E9O,X
1nsn,1nsn_H:L|S,AG,1nsn_AG_u_0,4KD4,A
1nsn,1nsn_H:L|S,AG,1nsn_AG_u_1,4WOR,A
1nsn,1nsn_H:L|S,AG,1nsn_AG_u_2,4K14,A
1nsn,1nsn_H:L|S,AG,1nsn_AG_u_3,4QB4,A
1nsn,1nsn_H:L|S,AG,1nsn_AG_u_4,4H7B,A
3idi,3idi_B:A|C,AB,3idi_AB_u_0,2PR4,H:L
2r0l,2r0l_H:L|A,AG,2r0l_AG_u_0,1EPT,A
2r0l,2r0l_H:L|A,AG,2r0l_AG_u_1,1YBW,A
2r0l,2r0l_H:L|A,AG,2r0l_AG_u_2,1YBW,B
4tsb,4tsb_H:L|A,AG,4tsb_AG_u_0,6F2I,A
4tsb,4tsb_H:L|A,AG,4tsb_AG_u_1,6F9Z,A
4tsb,4tsb_H:L|A,AG,4tsb_AG_u_2,6HY8,A
4tsb,4tsb_H:L|A,AG,4tsb_AG_u_3,6GNL,A
4tsb,4tsb_H:L|A,AG,4tsb_AG_u_4,6F9X,A
2qr0,2qr0_F:E|C,AG,2qr0_AG_u_0,1MKK,A
2qr0,2qr0_F:E|C,AG,2qr0_AG_u_1,1MKK,B
2qr0,2qr0_F:E|C,AG,2qr0_AG_u_2,4KZN,A
2qr0,2qr0_F:E|C,AG,2qr0_AG_u_3,3QTK,A
2qr0,2qr0_F:E|C,AG,2qr0_AG_u_4,3QTK,B
2nxz,2nxz_D:C|A,AB,2nxz_AB_u_0,1RZ8,B:A
2nxz,2nxz_D:C|A,AB,2nxz_AB_u_1,1RZ8,D:C
6d0u,6d0u_E:F|A,AG,6d0u_AG_u_0,6BKM,A
6d0u,6d0u_E:F|A,AG,6d0u_AG_u_1,6BKM,C
6d0u,6d0u_E:F|A,AG,6d0u_AG_u_2,6BKM,E
6d0u,6d0u_E:F|A,AG,6d0u_AG_u_3,6BKQ,A
6d0u,6d0u_E:F|A,AG,6d0u_AG_u_4,6BKQ,C
6d0u,6d0u_E:F|A,AB,6d0u_AB_u_0,4FNL,H:L
6d0u,6d0u_E:F|A,AB,6d0u_AB_u_1,4FNL,I:M
5uty,5uty_D:E|B,AB,5uty_AB_u_0,4TOY,H:L
6n1w,6n1w_87C,AB,6n1w_AB_u_0,5JXA,H:L
2hlf,2hlf_C:D|A,AG,2hlf_AG_u_0,3NMO,A
2hlf,2hlf_C:D|A,AG,2hlf_AG_u_1,4FTP,A
2hlf,2hlf_C:D|A,AG,2hlf_AG_u_2,1KPK,A
2hlf,2hlf_C:D|A,AG,2hlf_AG_u_3,1KPK,B
2hlf,2hlf_C:D|A,AG,2hlf_AG_u_4,1KPK,C
3o45,3o45_A:B|C,AG,3o45_AG_u_0,6Q0S,F
3o45,3o45_A:B|C,AG,3o45_AG_u_1,5C69,A
3o45,3o45_A:B|C,AG,3o45_AG_u_2,5EA4,F
3o45,3o45_A:B|C,AG,3o45_AG_u_3,5C6B,F
3o45,3o45_A:B|C,AG,3o45_AG_u_4,5KWW,F
5nj3,5nj3_C:D|B,AG,5nj3_AG_u_0,6HBU,A
5nj3,5nj3_C:D|B,AG,5nj3_AG_u_1,6HBU,B
5nj3,5nj3_C:D|B,AG,5nj3_AG_u_2,6HZM,A
5nj3,5nj3_C:D|B,AG,5nj3_AG_u_3,6HZM,B
5nj3,5nj3_C:D|B,AG,5nj3_AG_u_4,6HIJ,A
5nj3,5nj3_C:D|B,AB,5nj3_AB_u_0,5NIV,B:A
4zyp,4zyp_J:L|C,AG,4zyp_AG_u_0,4NCW,A
4zyp,4zyp_J:L|C,AG,4zyp_AG_u_1,4NCW,B
4zyp,4zyp_J:L|C,AG,4zyp_AG_u_2,4NCW,C
4zyp,4zyp_J:L|C,AG,4zyp_AG_u_3,6OJ7,A
4zyp,4zyp_J:L|C,AG,4zyp_AG_u_4,6NTX,A
4uif,4uif_I:J|E,AG,4uif_AG_u_0,1OK8,A
4uif,4uif_I:J|E,AG,4uif_AG_u_1,1OKE,A
4uif,4uif_I:J|E,AG,4uif_AG_u_2,1OKE,B
4uif,4uif_I:J|E,AG,4uif_AG_u_3,1TG8,A
4uif,4uif_I:J|E,AG,4uif_AG_u_4,1OAN,A
1p2c,1p2c_B:A|C,AG,1p2c_AG_u_0,6F2I,A
1p2c,1p2c_B:A|C,AG,1p2c_AG_u_1,6F9Z,A
1p2c,1p2c_B:A|C,AG,1p2c_AG_u_2,6HY8,A
1p2c,1p2c_B:A|C,AG,1p2c_AG_u_3,6GNL,A
1p2c,1p2c_B:A|C,AG,1p2c_AG_u_4,6F9X,A
1p2c,1p2c_B:A|C,AB,1p2c_AB_u_0,2Q76,B:A
1p2c,1p2c_B:A|C,AB,1p2c_AB_u_1,2Q76,D:C
6eti,6eti_F:E|A,AG,6eti_AG_u_0,6HBU,A
6eti,6eti_F:E|A,AG,6eti_AG_u_1,6HBU,B
6eti,6eti_F:E|A,AG,6eti_AG_u_2,6HZM,A
6eti,6eti_F:E|A,AG,6eti_AG_u_3,6HZM,B
6eti,6eti_F:E|A,AG,6eti_AG_u_4,6HIJ,A
6eti,6eti_F:E|A,AB,6eti_AB_u_0,5NIV,B:A
5wdu,5wdu_M:N|J,AB,5wdu_AB_u_0,4TOY,H:L
4dkf,4dkf_I:M|B,AG,4dkf_AG_u_0,4DKC,A
4dkf,4dkf_I:M|B,AG,4dkf_AG_u_1,4DKC,B
4zto,4zto_I:M|Q,AG,4zto_AG_u_0,3TGQ,A
4zto,4zto_I:M|Q,AG,4zto_AG_u_1,3TGQ,B
4zto,4zto_I:M|Q,AG,4zto_AG_u_2,3TGQ,C
4zto,4zto_I:M|Q,AG,4zto_AG_u_3,3TGQ,D
4zto,4zto_I:M|Q,AB,4zto_AB_u_0,4ZTP,H:L
5wdu,5wdu_L:K|F,AB,5wdu_AB_u_0,4JY5,H:L
2ybr,2ybr_D:E|F,AG,2ybr_AG_u_0,1CN2,A
1qfu,1qfu_H:L|A,AG,1qfu_AG_u_0,6BKM,A
1qfu,1qfu_H:L|A,AG,1qfu_AG_u_1,6BKM,C
1qfu,1qfu_H:L|A,AG,1qfu_AG_u_2,6BKM,E
1qfu,1qfu_H:L|A,AG,1qfu_AG_u_3,6BKQ,A
1qfu,1qfu_H:L|A,AG,1qfu_AG_u_4,6BKQ,C
6ewb,6ewb_G:I|C,AG,6ewb_AG_u_0,5J3O,A
6ewb,6ewb_G:I|C,AG,6ewb_AG_u_1,5J3O,B
6ewb,6ewb_G:I|C,AG,6ewb_AG_u_2,5J35,A
6ewb,6ewb_G:I|C,AG,6ewb_AG_u_3,5J35,B
6ewb,6ewb_G:I|C,AG,6ewb_AG_u_4,5KON,A
6bpa,6bpa_E:F|D,AG,6bpa_AG_u_0,5W53,A
6bpa,6bpa_E:F|D,AG,6bpa_AG_u_1,5W53,B
6rcu,6rcu_B:C|A,AG,6rcu_AG_u_0,4WAT,A
6rcu,6rcu_B:C|A,AB,6rcu_AB_u_0,6RCO,A:B
6rcu,6rcu_B:C|A,AB,6rcu_AB_u_1,6RCO,C:D
4oqt,4oqt_H:L|A,AG,4oqt_AG_u_0,2ID5,A
4oqt,4oqt_H:L|A,AG,4oqt_AG_u_1,2ID5,B
4oqt,4oqt_H:L|A,AG,4oqt_AG_u_2,2ID5,C
4oqt,4oqt_H:L|A,AG,4oqt_AG_u_3,2ID5,D
2i9l,2i9l_B:A|I,AG,2i9l_AG_u_0,1YPY,A
2i9l,2i9l_B:A|I,AG,2i9l_AG_u_1,1YPY,B
5xj3,5xj3_A:B|C,AG,5xj3_AG_u_0,3OSK,A
5xj3,5xj3_A:B|C,AG,5xj3_AG_u_1,3OSK,B
5xj3,5xj3_A:B|C,AG,5xj3_AG_u_2,2X44,D
5xj3,5xj3_A:B|C,AG,5xj3_AG_u_3,1AH1,A
5xj3,5xj3_A:B|C,AB,5xj3_AB_u_0,6JC2,H:L
5kw9,5kw9_H:L|A,AG,5kw9_AG_u_0,2ZL7,A
5kw9,5kw9_H:L|A,AG,5kw9_AG_u_1,2ZL7,B
5kw9,5kw9_H:L|A,AG,5kw9_AG_u_2,2ZL6,A
5kw9,5kw9_H:L|A,AG,5kw9_AG_u_3,2ZL6,B
5kw9,5kw9_H:L|A,AG,5kw9_AG_u_4,2ZL5,A
4odx,4odx_A:L|Y,AG,4odx_AG_u_0,3LF6,A
4odx,4odx_A:L|Y,AG,4odx_AG_u_1,3LF6,B
4odx,4odx_A:L|Y,AG,4odx_AG_u_2,3T43,A
4odx,4odx_A:L|Y,AG,4odx_AG_u_3,3T43,B
4odx,4odx_A:L|Y,AB,4odx_AB_u_0,4OB5,H:L
4odx,4odx_A:L|Y,AB,4odx_AB_u_1,4LRN,H:L
3vg9,3vg9_C:B|A,AG,3vg9_AG_u_0,4UG2,A
3vg9,3vg9_C:B|A,AG,3vg9_AG_u_1,4UG2,B
3vg9,3vg9_C:B|A,AG,3vg9_AG_u_2,4UHR,A
3vg9,3vg9_C:B|A,AG,3vg9_AG_u_3,2YDV,A
3vg9,3vg9_C:B|A,AG,3vg9_AG_u_4,2YDO,A
3w12,3w12_C:D|E,AG,3w12_AG_u_0,2HR7,A
3w12,3w12_C:D|E,AG,3w12_AG_u_1,2HR7,B
3w12,3w12_C:D|E,AG,3w12_AG_u_2,4XST,E
3w12,3w12_C:D|E,AG,3w12_AG_u_3,6HN4,E
3w12,3w12_C:D|E,AG,3w12_AG_u_4,6HN4,F
4zs6,4zs6_H:L|A,AG,4zs6_AG_u_0,4L3N,A
4zs6,4zs6_H:L|A,AG,4zs6_AG_u_1,4L3N,B
4zs6,4zs6_H:L|A,AG,4zs6_AG_u_2,6Q04,A
4zs6,4zs6_H:L|A,AG,4zs6_AG_u_3,6Q04,B
4zs6,4zs6_H:L|A,AG,4zs6_AG_u_4,6Q04,C
1bvk,1bvk_B:A|C,AG,1bvk_AG_u_0,6F2I,A
1bvk,1bvk_B:A|C,AG,1bvk_AG_u_1,6F9Z,A
1bvk,1bvk_B:A|C,AG,1bvk_AG_u_2,6HY8,A
1bvk,1bvk_B:A|C,AG,1bvk_AG_u_3,6GNL,A
1bvk,1bvk_B:A|C,AG,1bvk_AG_u_4,6F9X,A
1bvk,1bvk_B:A|C,AB,1bvk_AB_u_0,1BVL,A:B
1bvk,1bvk_B:A|C,AB,1bvk_AB_u_1,1BVL,C:D
4hlz,4hlz_K:L|F:E,AG,4hlz_AG_u_0,3QQB,B:A
4hlz,4hlz_K:L|F:E,AG,4hlz_AG_u_1,3QQE,B:A
4hlz,4hlz_K:L|F:E,AG,4hlz_AG_u_2,2WR7,A:A
4hlz,4hlz_K:L|F:E,AG,4hlz_AG_u_3,2WR7,B:B
4hlz,4hlz_K:L|F:E,AG,4hlz_AG_u_4,2WR7,C:C
6nb7,6nb7_G:I|C,AG,6nb7_AG_u_0,6G9I,B
6nb7,6nb7_G:I|C,AG,6nb7_AG_u_1,5X4S,A
6nb7,6nb7_G:I|C,AG,6nb7_AG_u_2,6G95,B
6nb7,6nb7_G:I|C,AG,6nb7_AG_u_3,6ACC,A
6nb7,6nb7_G:I|C,AG,6nb7_AG_u_4,6ACC,B
6nb7,6nb7_G:I|C,AB,6nb7_AB_u_0,6NB8,H:L
5dhz,5dhz_H:L|M,AG,5dhz_AG_u_0,6BSY,A
5dhz,5dhz_H:L|M,AG,5dhz_AG_u_1,6BSY,B
5dhz,5dhz_H:L|M,AG,5dhz_AG_u_2,3LPH,A
5dhz,5dhz_H:L|M,AG,5dhz_AG_u_3,3LPH,B
5dhz,5dhz_H:L|M,AG,5dhz_AG_u_4,3LPH,C
1nbz,1nbz_B:A|C,AG,1nbz_AG_u_0,6F2I,A
1nbz,1nbz_B:A|C,AG,1nbz_AG_u_1,6F9Z,A
1nbz,1nbz_B:A|C,AG,1nbz_AG_u_2,6HY8,A
1nbz,1nbz_B:A|C,AG,1nbz_AG_u_3,6GNL,A
1nbz,1nbz_B:A|C,AG,1nbz_AG_u_4,6F9X,A
1nbz,1nbz_B:A|C,AB,1nbz_AB_u_0,1DQQ,B:A
1nbz,1nbz_B:A|C,AB,1nbz_AB_u_1,1DQQ,D:C
1nbz,1nbz_B:A|C,AB,1nbz_AB_u_2,1DQM,H:L
6fn4,6fn4_C:B|A,AB,6fn4_AB_u_0,5JUE,H:L
6d9w,6d9w_H:L|A,AG,6d9w_AG_u_0,6D91,A
6d9w,6d9w_H:L|A,AG,6d9w_AG_u_1,6BU5,A
6d9w,6d9w_H:L|A,AG,6d9w_AG_u_2,6C3I,A
6d9w,6d9w_H:L|A,AG,6d9w_AG_u_3,6C3I,B
1oaz,1oaz_H:L|A,AB,1oaz_AB_u_0,1OAQ,H:L
1oaz,1oaz_H:L|A,AB,1oaz_AB_u_1,1OAU,H:L
1oaz,1oaz_H:L|A,AB,1oaz_AB_u_2,1OAU,I:M
1oaz,1oaz_H:L|A,AB,1oaz_AB_u_3,1OAU,J:N
1oaz,1oaz_H:L|A,AB,1oaz_AB_u_4,1OAU,K:O
5t6l,5t6l_A:B|G,AG,5t6l_AG_u_0,3LF6,A
5t6l,5t6l_A:B|G,AG,5t6l_AG_u_1,3LF6,B
5t6l,5t6l_A:B|G,AG,5t6l_AG_u_2,3T43,A
5t6l,5t6l_A:B|G,AG,5t6l_AG_u_3,3T43,B
5t6l,5t6l_A:B|G,AB,5t6l_AB_u_0,5JNY,A:B
5t6l,5t6l_A:B|G,AB,5t6l_AB_u_1,5JNY,C:D
1cz8,1cz8_Y:X|V,AG,1cz8_AG_u_0,1MKK,A
1cz8,1cz8_Y:X|V,AG,1cz8_AG_u_1,1MKK,B
1cz8,1cz8_Y:X|V,AG,1cz8_AG_u_2,4KZN,A
1cz8,1cz8_Y:X|V,AG,1cz8_AG_u_3,3QTK,A
1cz8,1cz8_Y:X|V,AG,1cz8_AG_u_4,3QTK,B
6orn,6orn_F:I|K,AB,6orn_AB_u_0,4FQ2,H:L
3bt2,3bt2_H:L|U,AG,3bt2_AG_u_0,3U74,U
3bt2,3bt2_H:L|U,AB,3bt2_AB_u_0,2FAT,H:L
1rzj,1rzj_H:L|G,AB,1rzj_AB_u_0,1RZ8,B:A
1rzj,1rzj_H:L|G,AB,1rzj_AB_u_1,1RZ8,D:C
6j11,6j11_H:L|A,AG,6j11_AG_u_0,5X4R,A
6j11,6j11_H:L|A,AG,6j11_AG_u_1,5VYH,A
6j11,6j11_H:L|A,AG,6j11_AG_u_2,6Q04,A
6j11,6j11_H:L|A,AG,6j11_AG_u_3,6Q04,B
6j11,6j11_H:L|A,AG,6j11_AG_u_4,6Q04,C
5hys,5hys_E:F|J,AG,5hys_AG_u_0,5MOL,A
5hys,5hys_E:F|J,AG,5hys_AG_u_1,5MOL,B
5hys,5hys_E:F|J,AG,5hys_AG_u_2,2WQR,A
5hys,5hys_E:F|J,AG,5hys_AG_u_3,2WQR,B
5hys,5hys_E:F|J,AG,5hys_AG_u_4,5MOK,A
5hys,5hys_E:F|J,AB,5hys_AB_u_0,2XA8,H:L
5hys,5hys_E:F|J,AB,5hys_AB_u_1,4X7T,A:B
5hys,5hys_E:F|J,AB,5hys_AB_u_2,4X7T,H:L
6dca,6dca_H:L|P,AG,6dca_AG_u_0,6NWP,A
6dca,6dca_H:L|P,AG,6dca_AG_u_1,6NWP,B
6dca,6dca_H:L|P,AG,6dca_AG_u_2,6NWP,C
6dca,6dca_H:L|P,AG,6dca_AG_u_3,6NWP,D
6dca,6dca_H:L|P,AG,6dca_AG_u_4,6NWP,E
4kuc,4kuc_H:D|A,AG,4kuc_AG_u_0,3PX8,X
4kuc,4kuc_H:D|A,AG,4kuc_AG_u_1,2VC4,A
4kuc,4kuc_H:D|A,AG,4kuc_AG_u_2,1UQ5,A
4kuc,4kuc_H:D|A,AG,4kuc_AG_u_3,4MX5,X
4kuc,4kuc_H:D|A,AG,4kuc_AG_u_4,4HUO,X
6mb3,6mb3_D:O|E,AG,6mb3_AG_u_0,3VDJ,A
6mb3,6mb3_D:O|E,AG,6mb3_AG_u_1,3VDK,A
6mb3,6mb3_D:O|E,AG,6mb3_AG_u_2,3VDL,A
6mb3,6mb3_D:O|E,AG,6mb3_AG_u_3,3VDL,B
6mb3,6mb3_D:O|E,AG,6mb3_AG_u_4,3VDL,C
6i8s,6i8s_H:L|D,AG,6i8s_AG_u_0,1LJ5,A
6i8s,6i8s_H:L|D,AG,6i8s_AG_u_1,3CVM,A
6i8s,6i8s_H:L|D,AG,6i8s_AG_u_2,3CVM,B
6i8s,6i8s_H:L|D,AG,6i8s_AG_u_3,1DVN,A
6i8s,6i8s_H:L|D,AG,6i8s_AG_u_4,4G8R,A
4qex,4qex_I:M|B,AG,4qex_AG_u_0,1ZRO,A
4qex,4qex_I:M|B,AG,4qex_AG_u_1,1ZRO,B
4qex,4qex_I:M|B,AG,4qex_AG_u_2,1ZRL,A
5w9i,5w9i_K:L|I,AG,5w9i_AG_u_0,4NCU,A
5w9i,5w9i_K:L|I,AG,5w9i_AG_u_1,4NCW,A
5w9i,5w9i_K:L|I,AG,5w9i_AG_u_2,4NCW,B
5w9i,5w9i_K:L|I,AG,5w9i_AG_u_3,4NCW,C
5w9i,5w9i_K:L|I,AG,5w9i_AG_u_4,5X4R,A
5w9i,5w9i_K:L|I,AB,5w9i_AB_u_0,5VZR,A:B
5w9i,5w9i_K:L|I,AB,5w9i_AB_u_1,5VZR,H:L
1g7j,1g7j_B:A|C,AG,1g7j_AG_u_0,6F2I,A
1g7j,1g7j_B:A|C,AG,1g7j_AG_u_1,6F9Z,A
1g7j,1g7j_B:A|C,AG,1g7j_AG_u_2,6HY8,A
1g7j,1g7j_B:A|C,AG,1g7j_AG_u_3,6GNL,A
1g7j,1g7j_B:A|C,AG,1g7j_AG_u_4,6F9X,A
1g7j,1g7j_B:A|C,AB,1g7j_AB_u_0,1VFA,B:A
1g7j,1g7j_B:A|C,AB,1g7j_AB_u_1,1A7R,H:L
1g7j,1g7j_B:A|C,AB,1g7j_AB_u_2,1A7P,H:L
1g7j,1g7j_B:A|C,AB,1g7j_AB_u_3,1A7N,H:L
1g7j,1g7j_B:A|C,AB,1g7j_AB_u_4,1CIC,D:C
5dmg,5dmg_E:F|X,AG,5dmg_AG_u_0,6NWP,A
5dmg,5dmg_E:F|X,AG,5dmg_AG_u_1,6NWP,B
5dmg,5dmg_E:F|X,AG,5dmg_AG_u_2,6NWP,C
5dmg,5dmg_E:F|X,AG,5dmg_AG_u_3,6NWP,D
5dmg,5dmg_E:F|X,AG,5dmg_AG_u_4,6NWP,E
5ig7,5ig7_D:E|F,AB,5ig7_AB_u_0,5IHZ,A:B
5ig7,5ig7_D:E|F,AB,5ig7_AB_u_1,5IHZ,C:D
5ig7,5ig7_D:E|F,AB,5ig7_AB_u_2,5IHZ,E:F
5ig7,5ig7_D:E|F,AB,5ig7_AB_u_3,5IHZ,H:L
5y0a,5y0a_H:L|C,AG,5y0a_AG_u_0,5JHM,A
5y0a,5y0a_H:L|C,AG,5y0a_AG_u_1,5JHM,B
5y0a,5y0a_H:L|C,AG,5y0a_AG_u_2,5LBV,A
5y0a,5y0a_H:L|C,AG,5y0a_AG_u_3,5LBV,B
5y0a,5y0a_H:L|C,AG,5y0a_AG_u_4,5OMZ,A
4rav,4rav_A:B|E,AG,4rav_AG_u_0,4FEB,A
4rav,4rav_A:B|E,AG,4rav_AG_u_1,4FEB,B
4rav,4rav_A:B|E,AG,4rav_AG_u_2,4FEB,C
4rav,4rav_A:B|E,AG,4rav_AG_u_3,4FED,A
4rav,4rav_A:B|E,AG,4rav_AG_u_4,4FED,B
4k8r,4k8r_H:L|B:A,AG,4k8r_AG_u_0,6U26,A:A
4k8r,4k8r_H:L|B:A,AG,4k8r_AG_u_1,6U26,B:B
4k8r,4k8r_H:L|B:A,AG,4k8r_AG_u_2,2P4E,A:A
4k8r,4k8r_H:L|B:A,AG,4k8r_AG_u_3,2P4E,P:P
4k8r,4k8r_H:L|B:A,AG,4k8r_AG_u_4,6U2P,A:A
6mft,6mft_A:B|C,AG,6mft_AG_u_0,5FA2,A
6mft,6mft_A:B|C,AG,6mft_AG_u_1,5FA2,B
6mft,6mft_A:B|C,AG,6mft_AG_u_2,3DNN,A
6mft,6mft_A:B|C,AG,6mft_AG_u_3,3DNN,D
6mft,6mft_A:B|C,AG,6mft_AG_u_4,3DNN,G
4olx,4olx_H:L|G,AG,4olx_AG_u_0,6ONF,A
4olx,4olx_H:L|G,AG,4olx_AG_u_1,6ONE,A
4olx,4olx_H:L|G,AG,4olx_AG_u_2,6ONH,A
4olx,4olx_H:L|G,AG,4olx_AG_u_3,6P9N,A
4olx,4olx_H:L|G,AG,4olx_AG_u_4,6ONV,A
6i8s,6i8s_E:I|A,AG,6i8s_AG_u_0,1LJ5,A
6i8s,6i8s_E:I|A,AG,6i8s_AG_u_1,3CVM,A
6i8s,6i8s_E:I|A,AG,6i8s_AG_u_2,3CVM,B
6i8s,6i8s_E:I|A,AG,6i8s_AG_u_3,1DVN,A
6i8s,6i8s_E:I|A,AG,6i8s_AG_u_4,4G8R,A
6aod,6aod_B:A|C,AG,6aod_AG_u_0,4CRG,A
6aod,6aod_B:A|C,AG,6aod_AG_u_1,5EXN,A
6aod,6aod_B:A|C,AG,6aod_AG_u_2,5TKS,A
6aod,6aod_B:A|C,AG,6aod_AG_u_3,4D7F,A
6aod,6aod_B:A|C,AG,6aod_AG_u_4,4CRE,A
5yhl,5yhl_H:L|A,AB,5yhl_AB_u_0,5YFI,H:L
5tzt,5tzt_A:B|D,AG,5tzt_AG_u_0,2VSC,A
5tzt,5tzt_A:B|D,AG,5tzt_AG_u_1,2VSC,B
5tzt,5tzt_A:B|D,AG,5tzt_AG_u_2,2VSC,C
5tzt,5tzt_A:B|D,AG,5tzt_AG_u_3,2VSC,D
4am0,4am0_A:B|S,AG,4am0_AG_u_0,3WE1,A
4am0,4am0_A:B|S,AG,4am0_AG_u_1,3WE1,B
4am0,4am0_A:B|S,AG,4am0_AG_u_2,2H0P,A
4xak,4xak_D:E|B,AG,4xak_AG_u_0,4L3N,A
4xak,4xak_D:E|B,AG,4xak_AG_u_1,4L3N,B
4xak,4xak_D:E|B,AG,4xak_AG_u_2,6Q04,A
4xak,4xak_D:E|B,AG,4xak_AG_u_3,6Q04,B
4xak,4xak_D:E|B,AG,4xak_AG_u_4,6Q04,C
3p11,3p11_H:L|A,AG,3p11_AG_u_0,1M6B,A
3p11,3p11_H:L|A,AG,3p11_AG_u_1,1M6B,B
3p11,3p11_H:L|A,AB,3p11_AB_u_0,3P0V,H:L
3p11,3p11_H:L|A,AB,3p11_AB_u_1,3P0V,I:M
6fla,6fla_H:L|I,AG,6fla_AG_u_0,1OK8,A
6fla,6fla_H:L|I,AG,6fla_AG_u_1,1OKE,A
6fla,6fla_H:L|I,AG,6fla_AG_u_2,1OKE,B
6fla,6fla_H:L|I,AG,6fla_AG_u_3,1TG8,A
6fla,6fla_H:L|I,AG,6fla_AG_u_4,1OAN,A
6bli,6bli_G:H|I,AG,6bli_AG_u_0,1KWE,A
6bli,6bli_G:H|I,AG,6bli_AG_u_1,1KWD,A
5d72,5d72_M:N|B,AG,5d72_AG_u_0,2GMF,A
5d72,5d72_M:N|B,AG,5d72_AG_u_1,2GMF,B
5d72,5d72_M:N|B,AG,5d72_AG_u_2,1CSG,A
5d72,5d72_M:N|B,AG,5d72_AG_u_3,1CSG,B
6p8m,6p8m_H:L|C,AG,6p8m_AG_u_0,5FA2,A
6p8m,6p8m_H:L|C,AG,6p8m_AG_u_1,5FA2,B
6p8m,6p8m_H:L|C,AG,6p8m_AG_u_2,3DNN,A
6p8m,6p8m_H:L|C,AG,6p8m_AG_u_3,3DNN,D
6p8m,6p8m_H:L|C,AG,6p8m_AG_u_4,3DNN,G
6k5a,6k5a_E:F|B,AG,6k5a_AG_u_0,3NMO,A
6k5a,6k5a_E:F|B,AG,6k5a_AG_u_1,4FTP,A
6k5a,6k5a_E:F|B,AG,6k5a_AG_u_2,1KPK,A
6k5a,6k5a_E:F|B,AG,6k5a_AG_u_3,1KPK,B
6k5a,6k5a_E:F|B,AG,6k5a_AG_u_4,1KPK,C
6mv5,6mv5_H:L|P,AG,6mv5_AG_u_0,6U26,A
6mv5,6mv5_H:L|P,AG,6mv5_AG_u_1,6U26,B
6mv5,6mv5_H:L|P,AG,6mv5_AG_u_2,2P4E,A
6mv5,6mv5_H:L|P,AG,6mv5_AG_u_3,2P4E,P
6mv5,6mv5_H:L|P,AG,6mv5_AG_u_4,6U2P,A
1ndg,1ndg_B:A|C,AG,1ndg_AG_u_0,6F2I,A
1ndg,1ndg_B:A|C,AG,1ndg_AG_u_1,6F9Z,A
1ndg,1ndg_B:A|C,AG,1ndg_AG_u_2,6HY8,A
1ndg,1ndg_B:A|C,AG,1ndg_AG_u_3,6GNL,A
1ndg,1ndg_B:A|C,AG,1ndg_AG_u_4,6F9X,A
5t80,5t80_H:L|G,AG,5t80_AG_u_0,3LF6,A
5t80,5t80_H:L|G,AG,5t80_AG_u_1,3LF6,B
5t80,5t80_H:L|G,AG,5t80_AG_u_2,3T43,A
5t80,5t80_H:L|G,AG,5t80_AG_u_3,3T43,B
5t80,5t80_H:L|G,AB,5t80_AB_u_0,5JNY,A:B
5t80,5t80_H:L|G,AB,5t80_AB_u_1,5JNY,C:D
2xtj,2xtj_D:B|A,AG,2xtj_AG_u_0,6U26,A
2xtj,2xtj_D:B|A,AG,2xtj_AG_u_1,6U26,B
2xtj,2xtj_D:B|A,AG,2xtj_AG_u_2,2P4E,A
2xtj,2xtj_D:B|A,AG,2xtj_AG_u_3,2P4E,P
2xtj,2xtj_D:B|A,AG,2xtj_AG_u_4,6U2P,A
1r3j,1r3j_B:A|C,AG,1r3j_AG_u_0,2QTO,A
1r3j,1r3j_B:A|C,AG,1r3j_AG_u_1,2QTO,B
1r3j,1r3j_B:A|C,AG,1r3j_AG_u_2,2QTO,C
1r3j,1r3j_B:A|C,AG,1r3j_AG_u_3,2QTO,D
1r3j,1r3j_B:A|C,AG,1r3j_AG_u_4,3IFX,A
1tjg,1tjg_H:L|P,AB,1tjg_AB_u_0,2PR4,H:L
1afv,1afv_K:M|B,AG,1afv_AG_u_0,5JPA,A
1afv,1afv_K:M|B,AG,1afv_AG_u_1,6ES8,A
1afv,1afv_K:M|B,AG,1afv_AG_u_2,6BHS,A
1afv,1afv_K:M|B,AG,1afv_AG_u_3,6B2K,A
1afv,1afv_K:M|B,AG,1afv_AG_u_4,6ERM,A
1qfw,1qfw_I:M|B,AG,1qfw_AG_u_0,1HCN,B
1qfw,1qfw_I:M|B,AG,1qfw_AG_u_1,1HRP,B
2hjf,2hjf_A:B|C,AG,2hjf_AG_u_0,2QTO,A
2hjf,2hjf_A:B|C,AG,2hjf_AG_u_1,2QTO,B
2hjf,2hjf_A:B|C,AG,2hjf_AG_u_2,2QTO,C
2hjf,2hjf_A:B|C,AG,2hjf_AG_u_3,2QTO,D
2hjf,2hjf_A:B|C,AG,2hjf_AG_u_4,3IFX,A
6b70,6b70_E:F|B,AG,6b70_AG_u_0,4PFC,A
6b70,6b70_E:F|B,AG,6b70_AG_u_1,4PFC,B
6b70,6b70_E:F|B,AG,6b70_AG_u_2,4PF7,A
6b70,6b70_E:F|B,AG,6b70_AG_u_3,4PF7,B
6b70,6b70_E:F|B,AG,6b70_AG_u_4,4PF9,A
1acy,1acy_H:L|P,AG,1acy_AG_u_0,1NIZ,A
1acy,1acy_H:L|P,AG,1acy_AG_u_1,1NJ0,A
4rx4,4rx4_A:D|E,AG,4rx4_AG_u_0,3DNN,A
4rx4,4rx4_A:D|E,AG,4rx4_AG_u_1,3DNN,C
4rx4,4rx4_A:D|E,AG,4rx4_AG_u_2,3DNN,D
4rx4,4rx4_A:D|E,AG,4rx4_AG_u_3,3DNN,F
4rx4,4rx4_A:D|E,AG,4rx4_AG_u_4,3DNN,G
5dfv,5dfv_C:D|A,AG,5dfv_AG_u_0,5M33,A
5dfv,5dfv_C:D|A,AG,5dfv_AG_u_1,5M33,B
5dfv,5dfv_C:D|A,AG,5dfv_AG_u_2,1G8Q,A
5dfv,5dfv_C:D|A,AG,5dfv_AG_u_3,1G8Q,B
5dfv,5dfv_C:D|A,AG,5dfv_AG_u_4,3X0E,A
4zff,4zff_A:B|C,AG,4zff_AG_u_0,1MKK,A
4zff,4zff_A:B|C,AG,4zff_AG_u_1,1MKK,B
4zff,4zff_A:B|C,AG,4zff_AG_u_2,4KZN,A
4zff,4zff_A:B|C,AG,4zff_AG_u_3,3QTK,A
4zff,4zff_A:B|C,AG,4zff_AG_u_4,3QTK,B
5t5b,5t5b_H:L|E,AG,5t5b_AG_u_0,3LF6,A
5t5b,5t5b_H:L|E,AG,5t5b_AG_u_1,3LF6,B
5t5b,5t5b_H:L|E,AG,5t5b_AG_u_2,3T43,A
5t5b,5t5b_H:L|E,AG,5t5b_AG_u_3,3T43,B
5t5b,5t5b_H:L|E,AB,5t5b_AB_u_0,5JNY,A:B
5t5b,5t5b_H:L|E,AB,5t5b_AB_u_1,5JNY,C:D
5g64,5g64_I:M|B,AG,5g64_AG_u_0,5MOL,A
5g64,5g64_I:M|B,AG,5g64_AG_u_1,5MOL,B
5g64,5g64_I:M|B,AG,5g64_AG_u_2,2WQR,A
5g64,5g64_I:M|B,AG,5g64_AG_u_3,2WQR,B
5g64,5g64_I:M|B,AG,5g64_AG_u_4,5MOK,A
5g64,5g64_I:M|B,AB,5g64_AB_u_0,2XA8,H:L
5g64,5g64_I:M|B,AB,5g64_AB_u_1,4X7T,A:B
5g64,5g64_I:M|B,AB,5g64_AB_u_2,4X7T,H:L
3ffd,3ffd_A:B|P,AG,3ffd_AG_u_0,1BZG,A
5vjq,5vjq_E:F|K,AG,5vjq_AG_u_0,6D9I,A
5vjq,5vjq_E:F|K,AG,5vjq_AG_u_1,6D9I,B
5vjq,5vjq_E:F|K,AG,5vjq_AG_u_2,5V8G,A
5vjq,5vjq_E:F|K,AG,5vjq_AG_u_3,1IAK,P
3bn9,3bn9_F:E|A,AG,3bn9_AG_u_0,3NCL,A
3bn9,3bn9_F:E|A,AG,3bn9_AG_u_1,3P8G,A
3bn9,3bn9_F:E|A,AG,3bn9_AG_u_2,1EAX,A
3bn9,3bn9_F:E|A,AG,3bn9_AG_u_3,4IS5,A
3bn9,3bn9_F:E|A,AG,3bn9_AG_u_4,4JZ1,A
4xh2,4xh2_E:F|e,AG,4xh2_AG_u_0,2L6F,A
4xh2,4xh2_E:F|e,AG,4xh2_AG_u_1,2L6H,A
2dqf,2dqf_E:D|F,AG,2dqf_AG_u_0,6F2I,A
2dqf,2dqf_E:D|F,AG,2dqf_AG_u_1,6F9Z,A
2dqf,2dqf_E:D|F,AG,2dqf_AG_u_2,6HY8,A
2dqf,2dqf_E:D|F,AG,2dqf_AG_u_3,6GNL,A
2dqf,2dqf_E:D|F,AG,2dqf_AG_u_4,6F9X,A
5xj3,5xj3_G:H|I,AG,5xj3_AG_u_0,3OSK,A
5xj3,5xj3_G:H|I,AG,5xj3_AG_u_1,3OSK,B
5xj3,5xj3_G:H|I,AG,5xj3_AG_u_2,2X44,D
5xj3,5xj3_G:H|I,AG,5xj3_AG_u_3,1AH1,A
5xj3,5xj3_G:H|I,AB,5xj3_AB_u_0,6JC2,H:L
5mo3,5mo3_H:L|A,AG,5mo3_AG_u_0,6NWP,A
5mo3,5mo3_H:L|A,AG,5mo3_AG_u_1,6NWP,B
5mo3,5mo3_H:L|A,AG,5mo3_AG_u_2,6NWP,C
5mo3,5mo3_H:L|A,AG,5mo3_AG_u_3,6NWP,D
5mo3,5mo3_H:L|A,AG,5mo3_AG_u_4,6NWP,E
5mo3,5mo3_H:L|A,AB,5mo3_AB_u_0,5MTH,A:B
5mo3,5mo3_H:L|A,AB,5mo3_AB_u_1,5MTH,H:L
5mo3,5mo3_H:L|A,AB,5mo3_AB_u_2,4OZ4,A:B
5mo3,5mo3_H:L|A,AB,5mo3_AB_u_3,4OZ4,H:L
3ztj,3ztj_K:L|F:E,AG,3ztj_AG_u_0,6BKM,B:A
3ztj,3ztj_K:L|F:E,AG,3ztj_AG_u_1,6BKM,D:C
3ztj,3ztj_K:L|F:E,AG,3ztj_AG_u_2,6BKM,F:E
3ztj,3ztj_K:L|F:E,AG,3ztj_AG_u_3,6BKQ,B:A
3ztj,3ztj_K:L|F:E,AG,3ztj_AG_u_4,6BKQ,D:C
1hin,1hin_H:L|P,AB,1hin_AB_u_0,1HIL,B:A
1hin,1hin_H:L|P,AB,1hin_AB_u_1,1HIL,D:C
6b0n,6b0n_H:L|G,AB,6b0n_AB_u_0,4JY5,H:L
5ghw,5ghw_H:L|P,AG,5ghw_AG_u_0,2PV6,A
5ghw,5ghw_H:L|P,AG,5ghw_AG_u_1,2NCT,A
5ghw,5ghw_H:L|P,AG,5ghw_AG_u_2,2NCS,A
5ghw,5ghw_H:L|P,AG,5ghw_AG_u_3,1JAU,A
5ghw,5ghw_H:L|P,AG,5ghw_AG_u_4,1JAV,A
5ghw,5ghw_H:L|P,AB,5ghw_AB_u_0,5JNY,A:B
5ghw,5ghw_H:L|P,AB,5ghw_AB_u_1,5JNY,C:D
5w9h,5w9h_H:I|G,AG,5w9h_AG_u_0,4NCU,A
5w9h,5w9h_H:I|G,AG,5w9h_AG_u_1,4NCW,A
5w9h,5w9h_H:I|G,AG,5w9h_AG_u_2,4NCW,B
5w9h,5w9h_H:I|G,AG,5w9h_AG_u_3,4NCW,C
5w9h,5w9h_H:I|G,AG,5w9h_AG_u_4,5X4R,A
5w9h,5w9h_H:I|G,AB,5w9h_AB_u_0,5VZR,A:B
5w9h,5w9h_H:I|G,AB,5w9h_AB_u_1,5VZR,H:L
2dqj,2dqj_H:L|Y,AG,2dqj_AG_u_0,6F2I,A
2dqj,2dqj_H:L|Y,AG,2dqj_AG_u_1,6F9Z,A
2dqj,2dqj_H:L|Y,AG,2dqj_AG_u_2,6HY8,A
2dqj,2dqj_H:L|Y,AG,2dqj_AG_u_3,6GNL,A
2dqj,2dqj_H:L|Y,AG,2dqj_AG_u_4,6F9X,A
3mnw,3mnw_B:A|P,AB,3mnw_AB_u_0,3MO1,B:A
3mnw,3mnw_B:A|P,AB,3mnw_AB_u_1,3MNV,B:A
3mnw,3mnw_B:A|P,AB,3mnw_AB_u_2,3MNV,D:C
4nhh,4nhh_I:F|D,AG,4nhh_AG_u_0,5HSF,A
4nhh,4nhh_I:F|D,AG,4nhh_AG_u_1,5HSF,B
4nhh,4nhh_I:F|D,AG,4nhh_AG_u_2,3DJ9,A
4nhh,4nhh_I:F|D,AG,4nhh_AG_u_3,4B53,A
4nhh,4nhh_I:F|D,AG,4nhh_AG_u_4,4B53,B
1fsk,1fsk_I:H|G,AG,1fsk_AG_u_0,4BK7,A
1fsk,1fsk_I:H|G,AG,1fsk_AG_u_1,4BKD,A
1fsk,1fsk_I:H|G,AG,1fsk_AG_u_2,4MNS,A
1fsk,1fsk_I:H|G,AG,1fsk_AG_u_3,4A87,A
1fsk,1fsk_I:H|G,AG,1fsk_AG_u_4,4A85,A
5t5f,5t5f_H:L|A,AG,5t5f_AG_u_0,3KVD,D
5t5f,5t5f_H:L|A,AG,5t5f_AG_u_1,2KC0,A
5t5f,5t5f_H:L|A,AG,5t5f_AG_u_2,1YS5,A
2a0l,2a0l_F:E|B,AG,2a0l_AG_u_0,6UWM,A
2a0l,2a0l_F:E|B,AG,2a0l_AG_u_1,6UWM,B
2a0l,2a0l_F:E|B,AG,2a0l_AG_u_2,6UWM,C
2a0l,2a0l_F:E|B,AG,2a0l_AG_u_3,6UWM,D
2a0l,2a0l_F:E|B,AG,2a0l_AG_u_4,2KYH,A
2nz9,2nz9_F:E|B,AG,2nz9_AG_u_0,4EL4,A
2nz9,2nz9_F:E|B,AG,2nz9_AG_u_1,3BON,A
2nz9,2nz9_F:E|B,AG,2nz9_AG_u_2,3BOK,A
2nz9,2nz9_F:E|B,AG,2nz9_AG_u_3,6F0P,A
2nz9,2nz9_F:E|B,AG,2nz9_AG_u_4,5MK6,A
2nz9,2nz9_F:E|B,AB,2nz9_AB_u_0,2GCY,B:A
1orq,1orq_B:A|C,AG,1orq_AG_u_0,6UWM,A
1orq,1orq_B:A|C,AG,1orq_AG_u_1,6UWM,B
1orq,1orq_B:A|C,AG,1orq_AG_u_2,6UWM,C
1orq,1orq_B:A|C,AG,1orq_AG_u_3,6UWM,D
1orq,1orq_B:A|C,AG,1orq_AG_u_4,2KYH,A
2qql,2qql_H:L|A,AG,2qql_AG_u_0,5DQ0,A
2qql,2qql_H:L|A,AG,2qql_AG_u_1,4QDQ,A
2qql,2qql_H:L|A,AG,2qql_AG_u_2,4QDQ,B
2qql,2qql_H:L|A,AG,2qql_AG_u_3,2QQJ,A
2qql,2qql_H:L|A,AG,2qql_AG_u_4,2QQO,A
4kk9,4kk9_E:F|B,AG,4kk9_AG_u_0,3NMO,A
4kk9,4kk9_E:F|B,AG,4kk9_AG_u_1,4FTP,A
4kk9,4kk9_E:F|B,AG,4kk9_AG_u_2,1KPK,A
4kk9,4kk9_E:F|B,AG,4kk9_AG_u_3,1KPK,B
4kk9,4kk9_E:F|B,AG,4kk9_AG_u_4,1KPK,C
5w9l,5w9l_H:I|G,AG,5w9l_AG_u_0,4NCU,A
5w9l,5w9l_H:I|G,AG,5w9l_AG_u_1,4NCW,A
5w9l,5w9l_H:I|G,AG,5w9l_AG_u_2,4NCW,B
5w9l,5w9l_H:I|G,AG,5w9l_AG_u_3,4NCW,C
5w9l,5w9l_H:I|G,AG,5w9l_AG_u_4,5X4R,A
5w9l,5w9l_H:I|G,AB,5w9l_AB_u_0,5VZR,A:B
5w9l,5w9l_H:I|G,AB,5w9l_AB_u_1,5VZR,H:L
1s78,1s78_D:C|A,AG,1s78_AG_u_0,2A91,A
1s78,1s78_D:C|A,AB,1s78_AB_u_0,1L7I,H:L
1s78,1s78_D:C|A,AB,1s78_AB_u_1,5VSH,A:B
1s78,1s78_D:C|A,AB,1s78_AB_u_2,5VSH,C:D
1s78,1s78_D:C|A,AB,1s78_AB_u_3,5VSH,E:F
1s78,1s78_D:C|A,AB,1s78_AB_u_4,5VSH,H:L
3rvx,3rvx_D:C|A,AG,3rvx_AG_u_0,3F5V,A
3rvx,3rvx_D:C|A,AG,3rvx_AG_u_1,3F5V,B
3rvx,3rvx_D:C|A,AG,3rvx_AG_u_2,1XKG,A
3rvx,3rvx_D:C|A,AG,3rvx_AG_u_3,2AS8,A
3rvx,3rvx_D:C|A,AG,3rvx_AG_u_4,2AS8,B
3rvx,3rvx_D:C|A,AB,3rvx_AB_u_0,3RVT,D:C
3rvx,3rvx_D:C|A,AB,3rvx_AB_u_1,3RVU,D:C
3qg6,3qg6_H:L|C,AB,3qg6_AB_u_0,3QG7,H:L
5umn,5umn_E:F|A,AG,5umn_AG_u_0,6BKM,A
5umn,5umn_E:F|A,AG,5umn_AG_u_1,6BKM,C
5umn,5umn_E:F|A,AG,5umn_AG_u_2,6BKM,E
5umn,5umn_E:F|A,AG,5umn_AG_u_3,6BKQ,A
5umn,5umn_E:F|A,AG,5umn_AG_u_4,6BKQ,C
5nj3,5nj3_E:F|A,AG,5nj3_AG_u_0,6HBU,A
5nj3,5nj3_E:F|A,AG,5nj3_AG_u_1,6HBU,B
5nj3,5nj3_E:F|A,AG,5nj3_AG_u_2,6HZM,A
5nj3,5nj3_E:F|A,AG,5nj3_AG_u_3,6HZM,B
5nj3,5nj3_E:F|A,AG,5nj3_AG_u_4,6HIJ,A
5nj3,5nj3_E:F|A,AB,5nj3_AB_u_0,5NIV,B:A
5h37,5h37_I:M|C,AG,5h37_AG_u_0,5JHM,A
5h37,5h37_I:M|C,AG,5h37_AG_u_1,5JHM,B
5h37,5h37_I:M|C,AG,5h37_AG_u_2,5LBV,A
5h37,5h37_I:M|C,AG,5h37_AG_u_3,5LBV,B
5h37,5h37_I:M|C,AG,5h37_AG_u_4,5OMZ,A
5erw,5erw_A:B|C,AB,5erw_AB_u_0,5ESA,A:B
5jz7,5jz7_H:L|B,AG,5jz7_AG_u_0,4EFV,A
5jz7,5jz7_H:L|B,AG,5jz7_AG_u_1,4EFV,B
5jz7,5jz7_H:L|B,AG,5jz7_AG_u_2,6XUO,A
5vco,5vco_D:C|E,AG,5vco_AG_u_0,3F5V,A
5vco,5vco_D:C|E,AG,5vco_AG_u_1,3F5V,B
5vco,5vco_D:C|E,AG,5vco_AG_u_2,1XKG,A
5vco,5vco_D:C|E,AG,5vco_AG_u_3,2AS8,A
5vco,5vco_D:C|E,AG,5vco_AG_u_4,2AS8,B
5vco,5vco_D:C|E,AB,5vco_AB_u_0,4POZ,D:C
4rfn,4rfn_B:C|A,AG,4rfn_AG_u_0,6ONF,A
4rfn,4rfn_B:C|A,AG,4rfn_AG_u_1,6ONE,A
4rfn,4rfn_B:C|A,AG,4rfn_AG_u_2,6ONH,A
4rfn,4rfn_B:C|A,AG,4rfn_AG_u_3,6P9N,A
4rfn,4rfn_B:C|A,AG,4rfn_AG_u_4,6ONV,A
4rfn,4rfn_B:C|A,AB,4rfn_AB_u_0,4RFE,A:B
4rfn,4rfn_B:C|A,AB,4rfn_AB_u_1,4RFE,C:D
4rfn,4rfn_B:C|A,AB,4rfn_AB_u_2,4RFE,E:F
4rfn,4rfn_B:C|A,AB,4rfn_AB_u_3,4RFE,H:L
4xwo,4xwo_Q:R|N,AG,4xwo_AG_u_0,2WOJ,A
4xwo,4xwo_Q:R|N,AG,4xwo_AG_u_1,2WOJ,B
4xwo,4xwo_Q:R|N,AG,4xwo_AG_u_2,2WOJ,C
4xwo,4xwo_Q:R|N,AG,4xwo_AG_u_3,2WOJ,D
4xwo,4xwo_Q:R|N,AG,4xwo_AG_u_4,3H84,A
4rau,4rau_W:V|X,AG,4rau_AG_u_0,1F9Q,A
4rau,4rau_W:V|X,AG,4rau_AG_u_1,1F9Q,B
4rau,4rau_W:V|X,AG,4rau_AG_u_2,1F9Q,C
4rau,4rau_W:V|X,AG,4rau_AG_u_3,1F9Q,D
4rau,4rau_W:V|X,AG,4rau_AG_u_4,4HSV,A
1u8q,1u8q_B:A|C,AB,1u8q_AB_u_0,2PR4,H:L
3pjs,3pjs_B:A|M:N,AG,3pjs_AG_u_0,2QTO,A:A
3pjs,3pjs_B:A|M:N,AG,3pjs_AG_u_1,2QTO,B:B
3pjs,3pjs_B:A|M:N,AG,3pjs_AG_u_2,2QTO,C:C
3pjs,3pjs_B:A|M:N,AG,3pjs_AG_u_3,2QTO,D:D
3pjs,3pjs_B:A|M:N,AG,3pjs_AG_u_4,3IFX,A:A
3iu3,3iu3_H:L|I,AB,3iu3_AB_u_0,1MIM,H:L
4rau,4rau_T:S|U,AG,4rau_AG_u_0,1F9Q,A
4rau,4rau_T:S|U,AG,4rau_AG_u_1,1F9Q,B
4rau,4rau_T:S|U,AG,4rau_AG_u_2,1F9Q,C
4rau,4rau_T:S|U,AG,4rau_AG_u_3,1F9Q,D
4rau,4rau_T:S|U,AG,4rau_AG_u_4,4HSV,A
5uoe,5uoe_M:N|B,AG,5uoe_AG_u_0,4PFC,A
5uoe,5uoe_M:N|B,AG,5uoe_AG_u_1,4PFC,B
5uoe,5uoe_M:N|B,AG,5uoe_AG_u_2,4PF7,A
5uoe,5uoe_M:N|B,AG,5uoe_AG_u_3,4PF7,B
5uoe,5uoe_M:N|B,AG,5uoe_AG_u_4,4PF9,A
5hi5,5hi5_H:L|B,AG,5hi5_AG_u_0,4HR9,A
5hi5,5hi5_H:L|B,AG,5hi5_AG_u_1,4HR9,B
2wuc,2wuc_H:L|A,AG,2wuc_AG_u_0,1EPT,A
2wuc,2wuc_H:L|A,AG,2wuc_AG_u_1,1YBW,A
2wuc,2wuc_H:L|A,AG,2wuc_AG_u_2,1YBW,B
2p8m,2p8m_B:A|C,AB,2p8m_AB_u_0,2PR4,H:L
3gi9,3gi9_H:L|C,AG,3gi9_AG_u_0,3GIA,A
6pz8,6pz8_H:L|B,AG,6pz8_AG_u_0,5X4R,A
6pz8,6pz8_H:L|B,AG,6pz8_AG_u_1,5VYH,A
6pz8,6pz8_H:L|B,AG,6pz8_AG_u_2,4L3N,A
6pz8,6pz8_H:L|B,AG,6pz8_AG_u_3,4L3N,B
6pz8,6pz8_H:L|B,AG,6pz8_AG_u_4,6Q04,A
6pz8,6pz8_H:L|B,AB,6pz8_AB_u_0,6PXG,A:B
6pz8,6pz8_H:L|B,AB,6pz8_AB_u_1,6PXG,C:D
6pz8,6pz8_H:L|B,AB,6pz8_AB_u_2,6PXG,E:F
6pz8,6pz8_H:L|B,AB,6pz8_AB_u_3,6PXG,H:L
3iu3,3iu3_C:D|J,AB,3iu3_AB_u_0,1MIM,H:L
5dhv,5dhv_A:B|N,AG,5dhv_AG_u_0,6BSY,A
5dhv,5dhv_A:B|N,AG,5dhv_AG_u_1,6BSY,B
5dhv,5dhv_A:B|N,AG,5dhv_AG_u_2,3LPH,A
5dhv,5dhv_A:B|N,AG,5dhv_AG_u_3,3LPH,B
5dhv,5dhv_A:B|N,AG,5dhv_AG_u_4,3LPH,C
5th9,5th9_J:N|C,AG,5th9_AG_u_0,6ESM,A
5th9,5th9_J:N|C,AG,5th9_AG_u_1,4XCT,A
5th9,5th9_J:N|C,AG,5th9_AG_u_2,5I12,A
5th9,5th9_J:N|C,AG,5th9_AG_u_3,4H1Q,A
5th9,5th9_J:N|C,AG,5th9_AG_u_4,4H1Q,B
6mb3,6mb3_J:S|E,AG,6mb3_AG_u_0,3VDJ,A
6mb3,6mb3_J:S|E,AG,6mb3_AG_u_1,3VDK,A
6mb3,6mb3_J:S|E,AG,6mb3_AG_u_2,3VDL,A
6mb3,6mb3_J:S|E,AG,6mb3_AG_u_3,3VDL,B
6mb3,6mb3_J:S|E,AG,6mb3_AG_u_4,3VDL,C
5iq9,5iq9_H:L|P,AG,5iq9_AG_u_0,6E8W,A
5iq9,5iq9_H:L|P,AG,5iq9_AG_u_1,6E8W,B
5iq9,5iq9_H:L|P,AG,5iq9_AG_u_2,6E8W,C
3rvw,3rvw_D:C|A,AG,3rvw_AG_u_0,3F5V,A
3rvw,3rvw_D:C|A,AG,3rvw_AG_u_1,3F5V,B
3rvw,3rvw_D:C|A,AG,3rvw_AG_u_2,1XKG,A
3rvw,3rvw_D:C|A,AG,3rvw_AG_u_3,2AS8,A
3rvw,3rvw_D:C|A,AG,3rvw_AG_u_4,2AS8,B
3rvw,3rvw_D:C|A,AB,3rvw_AB_u_0,3RVT,D:C
3rvw,3rvw_D:C|A,AB,3rvw_AB_u_1,3RVU,D:C
5uoe,5uoe_H:L|A,AG,5uoe_AG_u_0,4PFC,A
5uoe,5uoe_H:L|A,AG,5uoe_AG_u_1,4PFC,B
5uoe,5uoe_H:L|A,AG,5uoe_AG_u_2,4PF7,A
5uoe,5uoe_H:L|A,AG,5uoe_AG_u_3,4PF7,B
5uoe,5uoe_H:L|A,AG,5uoe_AG_u_4,4PF9,A
2qqk,2qqk_H:L|A,AG,2qqk_AG_u_0,5DQ0,A
2qqk,2qqk_H:L|A,AG,2qqk_AG_u_1,4QDQ,A
2qqk,2qqk_H:L|A,AG,2qqk_AG_u_2,4QDQ,B
2qqk,2qqk_H:L|A,AG,2qqk_AG_u_3,2QQJ,A
2qqk,2qqk_H:L|A,AG,2qqk_AG_u_4,2QQO,A
3efd,3efd_H:L|K,AG,3efd_AG_u_0,1F6G,A
3efd,3efd_H:L|K,AG,3efd_AG_u_1,1F6G,B
3efd,3efd_H:L|K,AG,3efd_AG_u_2,1F6G,C
3efd,3efd_H:L|K,AG,3efd_AG_u_3,1F6G,D
3be1,3be1_H:L|A,AG,3be1_AG_u_0,2A91,A
3be1,3be1_H:L|A,AB,3be1_AB_u_0,6MY4,A:B
3be1,3be1_H:L|A,AB,3be1_AB_u_1,6MY4,H:L
3be1,3be1_H:L|A,AB,3be1_AB_u_2,6MY5,A:B
3be1,3be1_H:L|A,AB,3be1_AB_u_3,6MY5,H:L
3be1,3be1_H:L|A,AB,3be1_AB_u_4,6MXS,A:B
4zpv,4zpv_H:L|R,AG,4zpv_AG_u_0,4L3N,A
4zpv,4zpv_H:L|R,AG,4zpv_AG_u_1,4L3N,B
4zpv,4zpv_H:L|R,AG,4zpv_AG_u_2,6Q04,A
4zpv,4zpv_H:L|R,AG,4zpv_AG_u_3,6Q04,B
4zpv,4zpv_H:L|R,AG,4zpv_AG_u_4,6Q04,C
5dmg,5dmg_C:D|Z,AG,5dmg_AG_u_0,6NWP,A
5dmg,5dmg_C:D|Z,AG,5dmg_AG_u_1,6NWP,B
5dmg,5dmg_C:D|Z,AG,5dmg_AG_u_2,6NWP,C
5dmg,5dmg_C:D|Z,AG,5dmg_AG_u_3,6NWP,D
5dmg,5dmg_C:D|Z,AG,5dmg_AG_u_4,6NWP,E
1r3i,1r3i_H:L|C,AG,1r3i_AG_u_0,2QTO,A
1r3i,1r3i_H:L|C,AG,1r3i_AG_u_1,2QTO,B
1r3i,1r3i_H:L|C,AG,1r3i_AG_u_2,2QTO,C
1r3i,1r3i_H:L|C,AG,1r3i_AG_u_3,2QTO,D
1r3i,1r3i_H:L|C,AG,1r3i_AG_u_4,3IFX,A
5esz,5esz_H:L|G,AB,5esz_AB_u_0,3TCL,A:B
5esz,5esz_H:L|G,AB,5esz_AB_u_1,3TCL,H:L
6svl,6svl_O:P|R,AG,6svl_AG_u_0,6SVK,A
6svl,6svl_O:P|R,AG,6svl_AG_u_1,6SVK,B
6svl,6svl_O:P|R,AG,6svl_AG_u_2,6O6W,A
2qr0,2qr0_N:M|O,AG,2qr0_AG_u_0,1MKK,A
2qr0,2qr0_N:M|O,AG,2qr0_AG_u_1,1MKK,B
2qr0,2qr0_N:M|O,AG,2qr0_AG_u_2,4KZN,A
2qr0,2qr0_N:M|O,AG,2qr0_AG_u_3,3QTK,A
2qr0,2qr0_N:M|O,AG,2qr0_AG_u_4,3QTK,B
6iw2,6iw2_B:C|A,AG,6iw2_AG_u_0,6IW4,A
6iw2,6iw2_B:C|A,AG,6iw2_AG_u_1,6IW4,B
6iw2,6iw2_B:C|A,AG,6iw2_AG_u_2,6IW1,A
6iw2,6iw2_B:C|A,AG,6iw2_AG_u_3,6IW1,B
6iw2,6iw2_B:C|A,AG,6iw2_AG_u_4,6IW1,C
5w9j,5w9j_E:F|D,AG,5w9j_AG_u_0,4NCU,A
5w9j,5w9j_E:F|D,AG,5w9j_AG_u_1,4NCW,A
5w9j,5w9j_E:F|D,AG,5w9j_AG_u_2,4NCW,B
5w9j,5w9j_E:F|D,AG,5w9j_AG_u_3,4NCW,C
5w9j,5w9j_E:F|D,AG,5w9j_AG_u_4,5X4R,A
5w9j,5w9j_E:F|D,AB,5w9j_AB_u_0,5VZR,A:B
5w9j,5w9j_E:F|D,AB,5w9j_AB_u_1,5VZR,H:L
1ce1,1ce1_H:L|P,AB,1ce1_AB_u_0,1BEY,H:L
5wux,5wux_H:L|E,AG,5wux_AG_u_0,5UUI,A
5wux,5wux_H:L|E,AG,5wux_AG_u_1,4TSV,A
5wux,5wux_H:L|E,AG,5wux_AG_u_2,2AZ5,A
5wux,5wux_H:L|E,AG,5wux_AG_u_3,2AZ5,B
5wux,5wux_H:L|E,AG,5wux_AG_u_4,2AZ5,C
5wux,5wux_H:L|E,AB,5wux_AB_u_0,5WUV,H:L
2fed,2fed_E:F|B,AG,2fed_AG_u_0,3NMO,A
2fed,2fed_E:F|B,AG,2fed_AG_u_1,4FTP,A
2fed,2fed_E:F|B,AG,2fed_AG_u_2,1KPK,A
2fed,2fed_E:F|B,AG,2fed_AG_u_3,1KPK,B
2fed,2fed_E:F|B,AG,2fed_AG_u_4,1KPK,C
5w23,5w23_J:N|A,AG,5w23_AG_u_0,5KWW,F
5w23,5w23_J:N|A,AG,5w23_AG_u_1,6EAK,F
5w23,5w23_J:N|A,AG,5w23_AG_u_2,6EAM,F
5w23,5w23_J:N|A,AG,5w23_AG_u_3,6EAL,F
5w23,5w23_J:N|A,AG,5w23_AG_u_4,6EAI,A
5w23,5w23_J:N|A,AB,5w23_AB_u_0,5W24,H:L
6svl,6svl_D:E|F,AG,6svl_AG_u_0,6SVK,A
6svl,6svl_D:E|F,AG,6svl_AG_u_1,6SVK,B
6svl,6svl_D:E|F,AG,6svl_AG_u_2,6O6W,A
5d1x,5d1x_B:A|E,AG,5d1x_AG_u_0,3RTL,A
5d1x,5d1x_B:A|E,AG,5d1x_AG_u_1,3RTL,B
5d1x,5d1x_B:A|E,AG,5d1x_AG_u_2,3RTL,C
5d1x,5d1x_B:A|E,AG,5d1x_AG_u_3,3RTL,D
5d1x,5d1x_B:A|E,AG,5d1x_AG_u_4,3RUR,A
1fbi,1fbi_Q:P|Y,AG,1fbi_AG_u_0,1HHL,A
1fbi,1fbi_Q:P|Y,AG,1fbi_AG_u_1,1IAK,P
1fbi,1fbi_Q:P|Y,AG,1fbi_AG_u_2,3ZVQ,A
2jk5,2jk5_A:B|C,AG,2jk5_AG_u_0,2QTO,A
2jk5,2jk5_A:B|C,AG,2jk5_AG_u_1,2QTO,B
2jk5,2jk5_A:B|C,AG,2jk5_AG_u_2,2QTO,C
2jk5,2jk5_A:B|C,AG,2jk5_AG_u_3,2QTO,D
2jk5,2jk5_A:B|C,AG,2jk5_AG_u_4,3IFX,A
4jkp,4jkp_H:L|G,AG,4jkp_AG_u_0,6ONF,A
4jkp,4jkp_H:L|G,AG,4jkp_AG_u_1,6ONE,A
4jkp,4jkp_H:L|G,AG,4jkp_AG_u_2,6ONH,A
4jkp,4jkp_H:L|G,AG,4jkp_AG_u_3,6P9N,A
4jkp,4jkp_H:L|G,AG,4jkp_AG_u_4,6ONV,A
6cxg,6cxg_M:K|C,AB,6cxg_AB_u_0,6N35,H:K
6cxg,6cxg_M:K|C,AB,6cxg_AB_u_1,6N35,M:L
6cxg,6cxg_M:K|C,AB,6cxg_AB_u_2,3OAZ,H:K
6cxg,6cxg_M:K|C,AB,6cxg_AB_u_3,3OAZ,M:L
6cxg,6cxg_M:K|C,AB,6cxg_AB_u_4,4RBP,H:K
2ny5,2ny5_H:L|G,AB,2ny5_AB_u_0,1RZ8,B:A
2ny5,2ny5_H:L|G,AB,2ny5_AB_u_1,1RZ8,D:C
4zpt,4zpt_H:L|S,AG,4zpt_AG_u_0,4L3N,A
4zpt,4zpt_H:L|S,AG,4zpt_AG_u_1,4L3N,B
4zpt,4zpt_H:L|S,AG,4zpt_AG_u_2,6Q04,A
4zpt,4zpt_H:L|S,AG,4zpt_AG_u_3,6Q04,B
4zpt,4zpt_H:L|S,AG,4zpt_AG_u_4,6Q04,C
5gs0,5gs0_F:E|B,AG,5gs0_AG_u_0,1ZIW,A
5gs0,5gs0_F:E|B,AG,5gs0_AG_u_1,2A0Z,A
5gs0,5gs0_F:E|B,AB,5gs0_AB_u_0,3ULS,B:A
5gs0,5gs0_F:E|B,AB,5gs0_AB_u_1,3ULS,H:L
5if0,5if0_A:B|I,AG,5if0_AG_u_0,5IDL,A
5if0,5if0_A:B|I,AB,5if0_AB_u_0,5IFA,H:L
6cuf,6cuf_872,AB,6cuf_AB_u_0,5JXA,H:L
6avq,6avq_H:L|B:A,AB,6avq_AB_u_0,5OPY,H:L
6mb3,6mb3_A:K|E,AG,6mb3_AG_u_0,3VDJ,A
6mb3,6mb3_A:K|E,AG,6mb3_AG_u_1,3VDK,A
6mb3,6mb3_A:K|E,AG,6mb3_AG_u_2,3VDL,A
6mb3,6mb3_A:K|E,AG,6mb3_AG_u_3,3VDL,B
6mb3,6mb3_A:K|E,AG,6mb3_AG_u_4,3VDL,C
4etq,4etq_A:B|X,AG,4etq_AG_u_0,4E9O,X
4etq,4etq_A:B|X,AB,4etq_AB_u_0,4EBQ,H:L
6h3u,6h3u_H:L|B,AG,6h3u_AG_u_0,6H3S,A
6h3u,6h3u_H:L|B,AG,6h3u_AG_u_1,6H3S,B
1gc1,1gc1_H:L|G,AB,1gc1_AB_u_0,1RZ8,B:A
1gc1,1gc1_H:L|G,AB,1gc1_AB_u_1,1RZ8,D:C
6dc9,6dc9_I:M|Q,AG,6dc9_AG_u_0,6NWP,A
6dc9,6dc9_I:M|Q,AG,6dc9_AG_u_1,6NWP,B
6dc9,6dc9_I:M|Q,AG,6dc9_AG_u_2,6NWP,C
6dc9,6dc9_I:M|Q,AG,6dc9_AG_u_3,6NWP,D
6dc9,6dc9_I:M|Q,AG,6dc9_AG_u_4,6NWP,E
3eoa,3eoa_B:A|J,AG,3eoa_AG_u_0,1MJN,A
3eoa,3eoa_B:A|J,AG,3eoa_AG_u_1,2ICA,A
3eoa,3eoa_B:A|J,AG,3eoa_AG_u_2,3F78,A
3eoa,3eoa_B:A|J,AG,3eoa_AG_u_3,3F78,B
3eoa,3eoa_B:A|J,AG,3eoa_AG_u_4,3F78,C
3eoa,3eoa_B:A|J,AB,3eoa_AB_u_0,3EO9,H:L
5cbe,5cbe_A:B|E,AG,5cbe_AG_u_0,4ZAI,A
5cbe,5cbe_A:B|E,AB,5cbe_AB_u_0,5C6W,H:H
5cbe,5cbe_A:B|E,AB,5cbe_AB_u_1,5C6W,J:J
5csz,5csz_A:B|E,AG,5csz_AG_u_0,2LP1,A
1i9r,1i9r_X:Y|C,AG,1i9r_AG_u_0,1ALY,A
1i9r,1i9r_X:Y|C,AG,1i9r_AG_u_1,3LKJ,A
1i9r,1i9r_X:Y|C,AG,1i9r_AG_u_2,3LKJ,B
1i9r,1i9r_X:Y|C,AG,1i9r_AG_u_3,3LKJ,C
1i9r,1i9r_X:Y|C,AB,1i9r_AB_u_0,6BJZ,H:L
6ppg,6ppg_H:L|F,AG,6ppg_AG_u_0,6HGO,A
6ppg,6ppg_H:L|F,AG,6ppg_AG_u_1,6HGO,B
6ppg,6ppg_H:L|F,AG,6ppg_AG_u_2,6HGO,C
6ppg,6ppg_H:L|F,AG,6ppg_AG_u_3,6HGO,D
6ppg,6ppg_H:L|F,AG,6ppg_AG_u_4,1JPY,A
1tpx,1tpx_B:C|A,AG,1tpx_AG_u_0,4HMM,A
1tpx,1tpx_B:C|A,AG,1tpx_AG_u_1,4HMM,B
1tpx,1tpx_B:C|A,AG,1tpx_AG_u_2,3O79,A
1tpx,1tpx_B:C|A,AG,1tpx_AG_u_3,3O79,B
1tpx,1tpx_B:C|A,AG,1tpx_AG_u_4,1UW3,A
3sdy,3sdy_H:L|B:A,AG,3sdy_AG_u_0,6BKM,B:A
3sdy,3sdy_H:L|B:A,AG,3sdy_AG_u_1,6BKM,D:C
3sdy,3sdy_H:L|B:A,AG,3sdy_AG_u_2,6BKM,F:E
3sdy,3sdy_H:L|B:A,AG,3sdy_AG_u_3,6BKQ,B:A
3sdy,3sdy_H:L|B:A,AG,3sdy_AG_u_4,6BKQ,D:C
1ztx,1ztx_H:L|E,AG,1ztx_AG_u_0,2P5P,A
1ztx,1ztx_H:L|E,AG,1ztx_AG_u_1,2P5P,B
1ztx,1ztx_H:L|E,AG,1ztx_AG_u_2,2P5P,C
1ztx,1ztx_H:L|E,AG,1ztx_AG_u_3,2HG0,A
1ztx,1ztx_H:L|E,AG,1ztx_AG_u_4,2I69,A
5ken,5ken_G:H|F,AG,5ken_AG_u_0,2EBO,A
5ken,5ken_G:H|F,AG,5ken_AG_u_1,2EBO,B
5ken,5ken_G:H|F,AG,5ken_AG_u_2,2EBO,C
5ken,5ken_G:H|F,AG,5ken_AG_u_3,6G9I,B
5ken,5ken_G:H|F,AG,5ken_AG_u_4,6G95,B
4o51,4o51_D:C|O,AG,4o51_AG_u_0,6F2Z,A
4o51,4o51_D:C|O,AG,4o51_AG_u_1,6F2Z,B
3hae,3hae_I:G|D:F,AB,3hae_AB_u_0,3GJE,B:A
3hae,3hae_I:G|D:F,AB,3hae_AB_u_1,3GJE,H:L
5bo1,5bo1_H:L|B,AG,5bo1_AG_u_0,4CC0,A
5bo1,5bo1_H:L|B,AG,5bo1_AG_u_1,4CC0,B
5bo1,5bo1_H:L|B,AG,5bo1_AG_u_2,4CBZ,A
5bo1,5bo1_H:L|B,AG,5bo1_AG_u_3,4CBZ,B
5bo1,5bo1_H:L|B,AG,5bo1_AG_u_4,2VJ2,A
6orn,6orn_O:P|R,AB,6orn_AB_u_0,4FQ2,H:L
5kel,5kel_P:T|G,AG,5kel_AG_u_0,2EBO,A
5kel,5kel_P:T|G,AG,5kel_AG_u_1,2EBO,B
5kel,5kel_P:T|G,AG,5kel_AG_u_2,2EBO,C
5kel,5kel_P:T|G,AG,5kel_AG_u_3,6G9I,B
5kel,5kel_P:T|G,AG,5kel_AG_u_4,6G95,B
3nh7,3nh7_I:M|B,AG,3nh7_AG_u_0,2K3G,A
4hcr,4hcr_H:L|A,AG,4hcr_AG_u_0,4HD9,A
4hcr,4hcr_H:L|A,AG,4hcr_AG_u_1,1GSM,A
4hcr,4hcr_H:L|A,AG,4hcr_AG_u_2,1BQS,A
2a0l,2a0l_D:C|A,AG,2a0l_AG_u_0,6UWM,A
2a0l,2a0l_D:C|A,AG,2a0l_AG_u_1,6UWM,B
2a0l,2a0l_D:C|A,AG,2a0l_AG_u_2,6UWM,C
2a0l,2a0l_D:C|A,AG,2a0l_AG_u_3,6UWM,D
2a0l,2a0l_D:C|A,AG,2a0l_AG_u_4,2KYH,A
6hhc,6hhc_H:L|A,AG,6hhc_AG_u_0,4CRG,A
6hhc,6hhc_H:L|A,AG,6hhc_AG_u_1,5EXN,A
6hhc,6hhc_H:L|A,AG,6hhc_AG_u_2,5TKS,A
6hhc,6hhc_H:L|A,AG,6hhc_AG_u_3,4D7F,A
6hhc,6hhc_H:L|A,AG,6hhc_AG_u_4,4CRE,A
5udc,5udc_H:L|F,AG,5udc_AG_u_0,5EA4,F
5udc,5udc_H:L|F,AG,5udc_AG_u_1,5KWW,F
5udc,5udc_H:L|F,AG,5udc_AG_u_2,6EAK,F
5udc,5udc_H:L|F,AG,5udc_AG_u_3,6EAM,F
5udc,5udc_H:L|F,AG,5udc_AG_u_4,6EAL,F
6oy4,6oy4_D:C|A,AG,6oy4_AG_u_0,1KTJ,A
6oy4,6oy4_D:C|A,AG,6oy4_AG_u_1,1KTJ,B
6oy4,6oy4_D:C|A,AG,6oy4_AG_u_2,1A9V,A
4ut9,4ut9_K:O|C,AG,4ut9_AG_u_0,4UTC,A
4ut9,4ut9_K:O|C,AG,4ut9_AG_u_1,4UTC,B
4kk5,4kk5_C:D|A,AG,4kk5_AG_u_0,3NMO,A
4kk5,4kk5_C:D|A,AG,4kk5_AG_u_1,4FTP,A
4kk5,4kk5_C:D|A,AG,4kk5_AG_u_2,1KPK,A
4kk5,4kk5_C:D|A,AG,4kk5_AG_u_3,1KPK,B
4kk5,4kk5_C:D|A,AG,4kk5_AG_u_4,1KPK,C
6n1w,6n1w_qr2,AB,6n1w_AB_u_0,5JXA,H:L
4ffv,4ffv_D:C|B,AG,4ffv_AG_u_0,2GBC,A
4ffv,4ffv_D:C|B,AG,4ffv_AG_u_1,2GBC,B
4ffv,4ffv_D:C|B,AG,4ffv_AG_u_2,2I3Z,A
4ffv,4ffv_D:C|B,AG,4ffv_AG_u_3,2I3Z,B
4ffv,4ffv_D:C|B,AG,4ffv_AG_u_4,2GBG,A
4u6v,4u6v_H:L|A,AG,4u6v_AG_u_0,7AHL,A
4u6v,4u6v_H:L|A,AG,4u6v_AG_u_1,7AHL,B
4u6v,4u6v_H:L|A,AG,4u6v_AG_u_2,7AHL,C
4u6v,4u6v_H:L|A,AG,4u6v_AG_u_3,7AHL,D
4u6v,4u6v_H:L|A,AG,4u6v_AG_u_4,7AHL,E
4m1c,4m1c_C:D|A,AG,4m1c_AG_u_0,4PFC,A
4m1c,4m1c_C:D|A,AG,4m1c_AG_u_1,4PFC,B
4m1c,4m1c_C:D|A,AG,4m1c_AG_u_2,4PF7,A
4m1c,4m1c_C:D|A,AG,4m1c_AG_u_3,4PF7,B
4m1c,4m1c_C:D|A,AG,4m1c_AG_u_4,4PF9,A
5myx,5myx_B:A|E,AG,5myx_AG_u_0,5BUO,A
5myx,5myx_B:A|E,AG,5myx_AG_u_1,5BUO,B
5myx,5myx_B:A|E,AG,5myx_AG_u_2,5OQV,A
5myx,5myx_B:A|E,AG,5myx_AG_u_3,5OQV,B
5myx,5myx_B:A|E,AG,5myx_AG_u_4,5OQV,C
5d1x,5d1x_C:D|E,AG,5d1x_AG_u_0,3RTL,A
5d1x,5d1x_C:D|E,AG,5d1x_AG_u_1,3RTL,B
5d1x,5d1x_C:D|E,AG,5d1x_AG_u_2,3RTL,C
5d1x,5d1x_C:D|E,AG,5d1x_AG_u_3,3RTL,D
5d1x,5d1x_C:D|E,AG,5d1x_AG_u_4,3RUR,A
5vl3,5vl3_E:F|T,AG,5vl3_AG_u_0,5VKJ,A
5vl3,5vl3_E:F|T,AG,5vl3_AG_u_1,5VKM,A
5vl3,5vl3_E:F|T,AB,5vl3_AB_u_0,5VKK,A:B
5vl3,5vl3_E:F|T,AB,5vl3_AB_u_1,5VKK,H:L
5wob,5wob_I:J|A,AG,5wob_AG_u_0,4PFC,A
5wob,5wob_I:J|A,AG,5wob_AG_u_1,4PFC,B
5wob,5wob_I:J|A,AG,5wob_AG_u_2,4PF7,A
5wob,5wob_I:J|A,AG,5wob_AG_u_3,4PF7,B
5wob,5wob_I:J|A,AG,5wob_AG_u_4,4PF9,A
4d9r,4d9r_E:D|B,AG,4d9r_AG_u_0,5NAT,A
4d9r,4d9r_E:D|B,AG,4d9r_AG_u_1,2XW9,A
4d9r,4d9r_E:D|B,AG,4d9r_AG_u_2,5NAW,A
4d9r,4d9r_E:D|B,AG,4d9r_AG_u_3,5MT0,A
4d9r,4d9r_E:D|B,AG,4d9r_AG_u_4,5NB7,A
5h32,5h32_G:H|A,AG,5h32_AG_u_0,5JHM,A
5h32,5h32_G:H|A,AG,5h32_AG_u_1,5JHM,B
5h32,5h32_G:H|A,AG,5h32_AG_u_2,5LBV,A
5h32,5h32_G:H|A,AG,5h32_AG_u_3,5LBV,B
5h32,5h32_G:H|A,AG,5h32_AG_u_4,5OMZ,A
6mjz,6mjz_H:L|C:A:B,AG,6mjz_AG_u_0,6O40,A:A:A
6mjz,6mjz_H:L|C:A:B,AG,6mjz_AG_u_1,1SVF,A:A:A
6mjz,6mjz_H:L|C:A:B,AG,6mjz_AG_u_2,1SVF,C:C:C
6mjz,6mjz_H:L|C:A:B,AG,6mjz_AG_u_3,6OJ7,A:A:A
6mjz,6mjz_H:L|C:A:B,AG,6mjz_AG_u_4,3KPE,A:A:A
1bql,1bql_H:L|Y,AG,1bql_AG_u_0,1HEP,A
1bql,1bql_H:L|Y,AG,1bql_AG_u_1,1HEQ,A
1bql,1bql_H:L|Y,AG,1bql_AG_u_2,1HEM,A
1bql,1bql_H:L|Y,AG,1bql_AG_u_3,1HEN,A
1bql,1bql_H:L|Y,AG,1bql_AG_u_4,1HEO,A
5cd5,5cd5_C:D|A,AG,5cd5_AG_u_0,6ONF,A
5cd5,5cd5_C:D|A,AG,5cd5_AG_u_1,6ONE,A
5cd5,5cd5_C:D|A,AG,5cd5_AG_u_2,6ONH,A
5cd5,5cd5_C:D|A,AG,5cd5_AG_u_3,6P9N,A
5cd5,5cd5_C:D|A,AG,5cd5_AG_u_4,6ONV,A
5cd5,5cd5_C:D|A,AB,5cd5_AB_u_0,5CD3,A:B
5cd5,5cd5_C:D|A,AB,5cd5_AB_u_1,5CD3,C:D
5cd5,5cd5_C:D|A,AB,5cd5_AB_u_2,5CD3,E:F
5cd5,5cd5_C:D|A,AB,5cd5_AB_u_3,5CD3,G:H
3p30,3p30_H:L|A,AG,3p30_AG_u_0,3AHA,C
3p30,3p30_H:L|A,AG,3p30_AG_u_1,3AHA,E
3p30,3p30_H:L|A,AG,3p30_AG_u_2,3AHA,A
3p30,3p30_H:L|A,AG,3p30_AG_u_3,1AIK,N
3p30,3p30_H:L|A,AG,3p30_AG_u_4,2ZZO,N
4xwo,4xwo_O:P|M,AG,4xwo_AG_u_0,2WOJ,A
4xwo,4xwo_O:P|M,AG,4xwo_AG_u_1,2WOJ,B
4xwo,4xwo_O:P|M,AG,4xwo_AG_u_2,2WOJ,C
4xwo,4xwo_O:P|M,AG,4xwo_AG_u_3,2WOJ,D
4xwo,4xwo_O:P|M,AG,4xwo_AG_u_4,3H84,A
4xh2,4xh2_J:K|j,AG,4xh2_AG_u_0,2L6F,A
4xh2,4xh2_J:K|j,AG,4xh2_AG_u_1,2L6H,A
4dke,4dke_H:L|A,AG,4dke_AG_u_0,4DKC,A
4dke,4dke_H:L|A,AG,4dke_AG_u_1,4DKC,B
5vyf,5vyf_B:A|C,AG,5vyf_AG_u_0,2EJN,A
5vyf,5vyf_B:A|C,AG,5vyf_AG_u_1,2EJN,B
5vyf,5vyf_B:A|C,AG,5vyf_AG_u_2,1ZKR,A
5vyf,5vyf_B:A|C,AG,5vyf_AG_u_3,1ZKR,B
5vyf,5vyf_B:A|C,AG,5vyf_AG_u_4,1PUO,A
4k2u,4k2u_I:M|B,AG,4k2u_AG_u_0,1ZRO,A
4k2u,4k2u_I:M|B,AG,4k2u_AG_u_1,1ZRO,B
4k2u,4k2u_I:M|B,AG,4k2u_AG_u_2,1ZRL,A
2qad,2qad_H:G|E,AG,2qad_AG_u_0,3DNN,A
2qad,2qad_H:G|E,AG,2qad_AG_u_1,3DNN,C
2qad,2qad_H:G|E,AG,2qad_AG_u_2,3DNN,D
2qad,2qad_H:G|E,AG,2qad_AG_u_3,3DNN,F
2qad,2qad_H:G|E,AG,2qad_AG_u_4,3DNN,G
2qad,2qad_H:G|E,AB,2qad_AB_u_0,1RZG,A:B
2qad,2qad_H:G|E,AB,2qad_AB_u_1,1RZG,C:D
1kir,1kir_B:A|C,AG,1kir_AG_u_0,6F2I,A
1kir,1kir_B:A|C,AG,1kir_AG_u_1,6F9Z,A
1kir,1kir_B:A|C,AG,1kir_AG_u_2,6HY8,A
1kir,1kir_B:A|C,AG,1kir_AG_u_3,6GNL,A
1kir,1kir_B:A|C,AG,1kir_AG_u_4,6F9X,A
1kir,1kir_B:A|C,AB,1kir_AB_u_0,1VFA,B:A
1kir,1kir_B:A|C,AB,1kir_AB_u_1,1A7R,H:L
1kir,1kir_B:A|C,AB,1kir_AB_u_2,1A7P,H:L
1kir,1kir_B:A|C,AB,1kir_AB_u_3,1A7N,H:L
1kir,1kir_B:A|C,AB,1kir_AB_u_4,1CIC,D:C
6az2,6az2_C:E|D,AG,6az2_AG_u_0,1ROC,A
6az2,6az2_C:E|D,AG,6az2_AG_u_1,2IDC,A
6az2,6az2_C:E|D,AG,6az2_AG_u_2,1WG3,A
5uek,5uek_H:L|A,AG,5uek_AG_u_0,1ROC,A
5uek,5uek_H:L|A,AG,5uek_AG_u_1,2IDC,A
5uek,5uek_H:L|A,AG,5uek_AG_u_2,1WG3,A
3ixy,3ixy_I:J|B,AG,3ixy_AG_u_0,1OK8,A
3ixy,3ixy_I:J|B,AG,3ixy_AG_u_1,1OKE,A
3ixy,3ixy_I:J|B,AG,3ixy_AG_u_2,1OKE,B
3ixy,3ixy_I:J|B,AG,3ixy_AG_u_3,1TG8,A
3ixy,3ixy_I:J|B,AG,3ixy_AG_u_4,1OAN,A
1ic4,1ic4_H:L|Y,AG,1ic4_AG_u_0,6F2I,A
1ic4,1ic4_H:L|Y,AG,1ic4_AG_u_1,6F9Z,A
1ic4,1ic4_H:L|Y,AG,1ic4_AG_u_2,6HY8,A
1ic4,1ic4_H:L|Y,AG,1ic4_AG_u_3,6GNL,A
1ic4,1ic4_H:L|Y,AG,1ic4_AG_u_4,6F9X,A
6qb6,6qb6_H:L|A,AG,6qb6_AG_u_0,6FS1,A
6qb6,6qb6_H:L|A,AG,6qb6_AG_u_1,6FS1,B
6qb6,6qb6_H:L|A,AG,6qb6_AG_u_2,5KU9,A
6qb6,6qb6_H:L|A,AG,6qb6_AG_u_3,5KU9,B
6qb6,6qb6_H:L|A,AG,6qb6_AG_u_4,6FS2,A
6qb6,6qb6_H:L|A,AB,6qb6_AB_u_0,6QBC,H:L
3zkm,3zkm_H:L|A,AG,3zkm_AG_u_0,3ZKG,A
3zkm,3zkm_H:L|A,AG,3zkm_AG_u_1,3ZKG,B
3zkm,3zkm_H:L|A,AG,3zkm_AG_u_2,3ZKI,A
3zkm,3zkm_H:L|A,AG,3zkm_AG_u_3,3ZKI,B
3zkm,3zkm_H:L|A,AG,3zkm_AG_u_4,2EWY,A
5xcr,5xcr_A:B|C,AB,5xcr_AB_u_0,4NR2,A:A
5xcr,5xcr_A:B|C,AB,5xcr_AB_u_1,4NR2,B:B
5xcr,5xcr_A:B|C,AB,5xcr_AB_u_2,4NR2,C:C
5xcr,5xcr_A:B|C,AB,5xcr_AB_u_3,4NR2,D:D
5xcr,5xcr_A:B|C,AB,5xcr_AB_u_4,4NR2,E:E
3hfm,3hfm_H:L|Y,AG,3hfm_AG_u_0,6F2I,A
3hfm,3hfm_H:L|Y,AG,3hfm_AG_u_1,6F9Z,A
3hfm,3hfm_H:L|Y,AG,3hfm_AG_u_2,6HY8,A
3hfm,3hfm_H:L|Y,AG,3hfm_AG_u_3,6GNL,A
3hfm,3hfm_H:L|Y,AG,3hfm_AG_u_4,6F9X,A
2hlf,2hlf_E:F|B,AG,2hlf_AG_u_0,3NMO,A
2hlf,2hlf_E:F|B,AG,2hlf_AG_u_1,4FTP,A
2hlf,2hlf_E:F|B,AG,2hlf_AG_u_2,1KPK,A
2hlf,2hlf_E:F|B,AG,2hlf_AG_u_3,1KPK,B
2hlf,2hlf_E:F|B,AG,2hlf_AG_u_4,1KPK,C
6bf7,6bf7_E:F|B,AG,6bf7_AG_u_0,4PFC,A
6bf7,6bf7_E:F|B,AG,6bf7_AG_u_1,4PFC,B
6bf7,6bf7_E:F|B,AG,6bf7_AG_u_2,4PF7,A
6bf7,6bf7_E:F|B,AG,6bf7_AG_u_3,4PF7,B
6bf7,6bf7_E:F|B,AG,6bf7_AG_u_4,4PF9,A
6a78,6a78_H:L|A,AG,6a78_AG_u_0,5O5I,A
6a78,6a78_H:L|A,AG,6a78_AG_u_1,2EO9,A
6n8d,6n8d_F:E|C,AG,6n8d_AG_u_0,4OOV,A
6n8d,6n8d_F:E|C,AG,6n8d_AG_u_1,4OOV,B
6n8d,6n8d_F:E|C,AG,6n8d_AG_u_2,4OPS,A
6n8d,6n8d_F:E|C,AG,6n8d_AG_u_3,4OPS,B
6n8d,6n8d_F:E|C,AG,6n8d_AG_u_4,4OPV,A
6dfi,6dfi_H:L|E,AG,6dfi_AG_u_0,5JHM,A
6dfi,6dfi_H:L|E,AG,6dfi_AG_u_1,5JHM,B
6dfi,6dfi_H:L|E,AG,6dfi_AG_u_2,5LBV,A
6dfi,6dfi_H:L|E,AG,6dfi_AG_u_3,5LBV,B
6dfi,6dfi_H:L|E,AG,6dfi_AG_u_4,5OMZ,A
3ngb,3ngb_B:C|A,AG,3ngb_AG_u_0,6ONF,A
3ngb,3ngb_B:C|A,AG,3ngb_AG_u_1,6ONE,A
3ngb,3ngb_B:C|A,AG,3ngb_AG_u_2,6ONH,A
3ngb,3ngb_B:C|A,AG,3ngb_AG_u_3,6P9N,A
3ngb,3ngb_B:C|A,AG,3ngb_AG_u_4,6ONV,A
4plk,4plk_H:L|A,AG,4plk_AG_u_0,3GGQ,A
4plk,4plk_H:L|A,AG,4plk_AG_u_1,6LAT,A
4plk,4plk_H:L|A,AG,4plk_AG_u_2,6LB0,A
4plk,4plk_H:L|A,AG,4plk_AG_u_3,2ZZQ,A
4plk,4plk_H:L|A,AG,4plk_AG_u_4,3IYO,A
1ndm,1ndm_B:A|C,AG,1ndm_AG_u_0,6F2I,A
1ndm,1ndm_B:A|C,AG,1ndm_AG_u_1,6F9Z,A
1ndm,1ndm_B:A|C,AG,1ndm_AG_u_2,6HY8,A
1ndm,1ndm_B:A|C,AG,1ndm_AG_u_3,6GNL,A
1ndm,1ndm_B:A|C,AG,1ndm_AG_u_4,6F9X,A
4tsa,4tsa_H:L|A,AG,4tsa_AG_u_0,6F2I,A
4tsa,4tsa_H:L|A,AG,4tsa_AG_u_1,6F9Z,A
4tsa,4tsa_H:L|A,AG,4tsa_AG_u_2,6HY8,A
4tsa,4tsa_H:L|A,AG,4tsa_AG_u_3,6GNL,A
4tsa,4tsa_H:L|A,AG,4tsa_AG_u_4,6F9X,A
4kuc,4kuc_F:E|I,AG,4kuc_AG_u_0,3PX8,X
4kuc,4kuc_F:E|I,AG,4kuc_AG_u_1,2VC4,A
4kuc,4kuc_F:E|I,AG,4kuc_AG_u_2,1UQ5,A
4kuc,4kuc_F:E|I,AG,4kuc_AG_u_3,4MX5,X
4kuc,4kuc_F:E|I,AG,4kuc_AG_u_4,4HUO,X
1p2c,1p2c_E:D|F,AG,1p2c_AG_u_0,6F2I,A
1p2c,1p2c_E:D|F,AG,1p2c_AG_u_1,6F9Z,A
1p2c,1p2c_E:D|F,AG,1p2c_AG_u_2,6HY8,A
1p2c,1p2c_E:D|F,AG,1p2c_AG_u_3,6GNL,A
1p2c,1p2c_E:D|F,AG,1p2c_AG_u_4,6F9X,A
1p2c,1p2c_E:D|F,AB,1p2c_AB_u_0,2Q76,B:A
1p2c,1p2c_E:D|F,AB,1p2c_AB_u_1,2Q76,D:C
4h8w,4h8w_H:L|G,AG,4h8w_AG_u_0,6ONF,A
4h8w,4h8w_H:L|G,AG,4h8w_AG_u_1,6ONE,A
4h8w,4h8w_H:L|G,AG,4h8w_AG_u_2,6ONH,A
4h8w,4h8w_H:L|G,AG,4h8w_AG_u_3,6P9N,A
4h8w,4h8w_H:L|G,AG,4h8w_AG_u_4,6ONV,A
4h8w,4h8w_H:L|G,AB,4h8w_AB_u_0,3TNN,A:B
4h8w,4h8w_H:L|G,AB,4h8w_AB_u_1,3TNN,C:D
4h8w,4h8w_H:L|G,AB,4h8w_AB_u_2,3TNN,E:F
4h8w,4h8w_H:L|G,AB,4h8w_AB_u_3,3TNN,H:L
3o6l,3o6l_H:L|C,AB,3o6l_AB_u_0,3O6K,H:L
4zff,4zff_H:L|D,AG,4zff_AG_u_0,1MKK,A
4zff,4zff_H:L|D,AG,4zff_AG_u_1,1MKK,B
4zff,4zff_H:L|D,AG,4zff_AG_u_2,4KZN,A
4zff,4zff_H:L|D,AG,4zff_AG_u_3,3QTK,A
4zff,4zff_H:L|D,AG,4zff_AG_u_4,3QTK,B
6j11,6j11_D:E|C,AG,6j11_AG_u_0,5X4R,A
6j11,6j11_D:E|C,AG,6j11_AG_u_1,5VYH,A
6j11,6j11_D:E|C,AG,6j11_AG_u_2,6Q04,A
6j11,6j11_D:E|C,AG,6j11_AG_u_3,6Q04,B
6j11,6j11_D:E|C,AG,6j11_AG_u_4,6Q04,C
5wk3,5wk3_Q:P|A,AG,5wk3_AG_u_0,1NR4,A
5wk3,5wk3_Q:P|A,AG,5wk3_AG_u_1,1NR4,B
5wk3,5wk3_Q:P|A,AG,5wk3_AG_u_2,1NR4,C
5wk3,5wk3_Q:P|A,AG,5wk3_AG_u_3,1NR4,D
5wk3,5wk3_Q:P|A,AG,5wk3_AG_u_4,1NR4,E
5wk3,5wk3_Q:P|A,AB,5wk3_AB_u_0,5WK2,H:L
2ny6,2ny6_D:C|A,AB,2ny6_AB_u_0,1RZ8,B:A
2ny6,2ny6_D:C|A,AB,2ny6_AB_u_1,1RZ8,D:C
4i9w,4i9w_E:D|A,AG,4i9w_AG_u_0,4RUE,A
4i9w,4i9w_E:D|A,AG,4i9w_AG_u_1,4RUE,B
4i9w,4i9w_E:D|A,AG,4i9w_AG_u_2,3UM7,A
4i9w,4i9w_E:D|A,AG,4i9w_AG_u_3,3UM7,B
4i9w,4i9w_E:D|A,AG,4i9w_AG_u_4,4RUF,A
5b71,5b71_D:C|F,AG,5b71_AG_u_0,3CU7,A
5b71,5b71_D:C|F,AG,5b71_AG_u_1,3CU7,B
6apd,6apd_H:I|B,AG,6apd_AG_u_0,6EAD,F
6apd,6apd_H:I|B,AG,6apd_AG_u_1,6EAE,F
6apd,6apd_H:I|B,AB,6apd_AB_u_0,6DC4,H:L
4plj,4plj_D:C|B,AG,4plj_AG_u_0,3RKC,A
4plj,4plj_D:C|B,AG,4plj_AG_u_1,3RKC,B
4plj,4plj_D:C|B,AG,4plj_AG_u_2,3HAG,A
5ifj,5ifj_A:B|C,AB,5ifj_AB_u_0,5IHZ,A:B
5ifj,5ifj_A:B|C,AB,5ifj_AB_u_1,5IHZ,C:D
5ifj,5ifj_A:B|C,AB,5ifj_AB_u_2,5IHZ,E:F
5ifj,5ifj_A:B|C,AB,5ifj_AB_u_3,5IHZ,H:L
5a1z,5a1z_I:J|E,AG,5a1z_AG_u_0,1OK8,A
5a1z,5a1z_I:J|E,AG,5a1z_AG_u_1,1OKE,A
5a1z,5a1z_I:J|E,AG,5a1z_AG_u_2,1OKE,B
5a1z,5a1z_I:J|E,AG,5a1z_AG_u_3,1TG8,A
5a1z,5a1z_I:J|E,AG,5a1z_AG_u_4,1OAN,A
3ogc,3ogc_A:B|C,AG,3ogc_AG_u_0,2QTO,A
3ogc,3ogc_A:B|C,AG,3ogc_AG_u_1,2QTO,B
3ogc,3ogc_A:B|C,AG,3ogc_AG_u_2,2QTO,C
3ogc,3ogc_A:B|C,AG,3ogc_AG_u_3,2QTO,D
3ogc,3ogc_A:B|C,AG,3ogc_AG_u_4,3IFX,A
4oii,4oii_I:M|B,AG,4oii_AG_u_0,4OIE,A
4oii,4oii_I:M|B,AG,4oii_AG_u_1,4O6D,A
4oii,4oii_I:M|B,AG,4oii_AG_u_2,4O6D,B
4oii,4oii_I:M|B,AG,4oii_AG_u_3,4O6C,A
4oii,4oii_I:M|B,AG,4oii_AG_u_4,4O6C,B
6h06,6h06_A:B|K,AG,6h06_AG_u_0,6NWP,A
6h06,6h06_A:B|K,AG,6h06_AG_u_1,6NWP,B
6h06,6h06_A:B|K,AG,6h06_AG_u_2,6NWP,C
6h06,6h06_A:B|K,AG,6h06_AG_u_3,6NWP,D
6h06,6h06_A:B|K,AG,6h06_AG_u_4,6NWP,E
6h06,6h06_A:B|K,AB,6h06_AB_u_0,5V7U,H:L
4xwo,4xwo_W:X|T,AG,4xwo_AG_u_0,2WOJ,A
4xwo,4xwo_W:X|T,AG,4xwo_AG_u_1,2WOJ,B
4xwo,4xwo_W:X|T,AG,4xwo_AG_u_2,2WOJ,C
4xwo,4xwo_W:X|T,AG,4xwo_AG_u_3,2WOJ,D
4xwo,4xwo_W:X|T,AG,4xwo_AG_u_4,3H84,A
3cvh,3cvh_H:L|A:C,AB,3cvh_AB_u_0,3CVI,H:L
4olu,4olu_H:L|G,AG,4olu_AG_u_0,6ONF,A
4olu,4olu_H:L|G,AG,4olu_AG_u_1,6ONE,A
4olu,4olu_H:L|G,AG,4olu_AG_u_2,6ONH,A
4olu,4olu_H:L|G,AG,4olu_AG_u_3,6P9N,A
4olu,4olu_H:L|G,AG,4olu_AG_u_4,6ONV,A
4j4p,4j4p_H:L|A,AG,4j4p_AG_u_0,5MOL,A
4j4p,4j4p_H:L|A,AG,4j4p_AG_u_1,5MOL,B
4j4p,4j4p_H:L|A,AG,4j4p_AG_u_2,2WQR,A
4j4p,4j4p_H:L|A,AG,4j4p_AG_u_3,2WQR,B
4j4p,4j4p_H:L|A,AG,4j4p_AG_u_4,5MOK,A
5j3h,5j3h_C:D|E,AG,5j3h_AG_u_0,2HR7,A
5j3h,5j3h_C:D|E,AG,5j3h_AG_u_1,2HR7,B
5j3h,5j3h_C:D|E,AG,5j3h_AG_u_2,4XST,E
5j3h,5j3h_C:D|E,AG,5j3h_AG_u_3,6HN4,E
5j3h,5j3h_C:D|E,AG,5j3h_AG_u_4,6HN4,F
2vxt,2vxt_H:L|I,AG,2vxt_AG_u_0,3WO2,A
2vxt,2vxt_H:L|I,AG,2vxt_AG_u_1,3WO2,B
2vxt,2vxt_H:L|I,AG,2vxt_AG_u_2,3WO2,C
2vxt,2vxt_H:L|I,AG,2vxt_AG_u_3,3WO2,D
2vxt,2vxt_H:L|I,AG,2vxt_AG_u_4,1J0S,A
2vxt,2vxt_H:L|I,AB,2vxt_AB_u_0,2VXU,H:L
2vxt,2vxt_H:L|I,AB,2vxt_AB_u_1,2VXU,I:M
6mb3,6mb3_G:Q|E,AG,6mb3_AG_u_0,3VDJ,A
6mb3,6mb3_G:Q|E,AG,6mb3_AG_u_1,3VDK,A
6mb3,6mb3_G:Q|E,AG,6mb3_AG_u_2,3VDL,A
6mb3,6mb3_G:Q|E,AG,6mb3_AG_u_3,3VDL,B
6mb3,6mb3_G:Q|E,AG,6mb3_AG_u_4,3VDL,C
6sne,6sne_D:C|J,AG,6sne_AG_u_0,3GWO,A
6sne,6sne_D:C|J,AG,6sne_AG_u_1,3GWO,B
6sne,6sne_D:C|J,AG,6sne_AG_u_2,3H01,A
6sne,6sne_D:C|J,AG,6sne_AG_u_3,3H01,B
6sne,6sne_D:C|J,AG,6sne_AG_u_4,2X7R,B
6ch9,6ch9_D:E|B,AG,6ch9_AG_u_0,4HLR,A
6ch9,6ch9_D:E|B,AG,6ch9_AG_u_1,3P7K,A
6ch9,6ch9_D:E|B,AB,6ch9_AB_u_0,4TOY,H:L
4hg4,4hg4_L:M|B,AG,4hg4_AG_u_0,3QQI,A
4hg4,4hg4_L:M|B,AG,4hg4_AG_u_1,3QQI,B
4hg4,4hg4_L:M|B,AG,4hg4_AG_u_2,3QQB,A
4hg4,4hg4_L:M|B,AG,4hg4_AG_u_3,3QQE,A
4hg4,4hg4_L:M|B,AG,4hg4_AG_u_4,2WR7,A
5i74,5i74_B:C|A,AB,5i74_AB_u_0,5I66,A:B
5oca,5oca_H:L|B:A,AG,5oca_AG_u_0,6U26,A:A
5oca,5oca_H:L|B:A,AG,5oca_AG_u_1,6U26,B:B
5oca,5oca_H:L|B:A,AG,5oca_AG_u_2,2P4E,A:A
5oca,5oca_H:L|B:A,AG,5oca_AG_u_3,2P4E,P:P
5oca,5oca_H:L|B:A,AG,5oca_AG_u_4,6U2P,A:A
4bz1,4bz1_H:L|A,AG,4bz1_AG_u_0,3WE1,A
4bz1,4bz1_H:L|A,AG,4bz1_AG_u_1,3WE1,B
4bz1,4bz1_H:L|A,AG,4bz1_AG_u_2,2H0P,A
6apd,6apd_K:M|B,AG,6apd_AG_u_0,6EAD,F
6apd,6apd_K:M|B,AG,6apd_AG_u_1,6EAE,F
5w3l,5w3l_E:G|B:A:C,AG,5w3l_AG_u_0,1RUE,3:1:2
5w3l,5w3l_E:G|B:A:C,AG,5w3l_AG_u_1,1RUD,3:1:2
5w3l,5w3l_E:G|B:A:C,AG,5w3l_AG_u_2,1RUF,3:1:2
5w3l,5w3l_E:G|B:A:C,AG,5w3l_AG_u_3,1RUH,3:1:2
5w3l,5w3l_E:G|B:A:C,AG,5w3l_AG_u_4,1RUI,3:1:2
6svl,6svl_K:M|N,AG,6svl_AG_u_0,6SVK,A
6svl,6svl_K:M|N,AG,6svl_AG_u_1,6SVK,B
6svl,6svl_K:M|N,AG,6svl_AG_u_2,6O6W,A
4yfl,4yfl_H:L|G,AG,4yfl_AG_u_0,6ONF,A
4yfl,4yfl_H:L|G,AG,4yfl_AG_u_1,6ONE,A
4yfl,4yfl_H:L|G,AG,4yfl_AG_u_2,6ONH,A
4yfl,4yfl_H:L|G,AG,4yfl_AG_u_3,6P9N,A
4yfl,4yfl_H:L|G,AG,4yfl_AG_u_4,6ONV,A
3jcb,3jcb_C:B|A,AB,3jcb_AB_u_0,4JY5,H:L
6phc,6phc_A:B|I,AB,6phc_AB_u_0,6PHH,A:B
6phc,6phc_A:B|I,AB,6phc_AB_u_1,6PHH,C:D
5i71,5i71_B:C|A,AB,5i71_AB_u_0,5I66,A:B
4o51,4o51_F:E|P,AG,4o51_AG_u_0,6F2Z,A
4o51,4o51_F:E|P,AG,4o51_AG_u_1,6F2Z,B
6ieb,6ieb_E:F|B,AG,6ieb_AG_u_0,6F8P,A
6ieb,6ieb_E:F|B,AG,6ieb_AG_u_1,5Y0W,A
6ieb,6ieb_E:F|B,AG,6ieb_AG_u_2,5Y0Y,A
6ieb,6ieb_E:F|B,AG,6ieb_AG_u_3,6F9C,A
6ieb,6ieb_E:F|B,AG,6ieb_AG_u_4,6F9C,C
5gmq,5gmq_B:C|A,AG,5gmq_AG_u_0,4L3N,A
5gmq,5gmq_B:C|A,AG,5gmq_AG_u_1,4L3N,B
5gmq,5gmq_B:C|A,AG,5gmq_AG_u_2,6Q04,A
5gmq,5gmq_B:C|A,AG,5gmq_AG_u_3,6Q04,B
5gmq,5gmq_B:C|A,AG,5gmq_AG_u_4,6Q04,C
5mhr,5mhr_R:Q|A,AG,5mhr_AG_u_0,2OJ5,A
5mhr,5mhr_R:Q|A,AG,5mhr_AG_u_1,2OJ5,B
5mhr,5mhr_R:Q|A,AG,5mhr_AG_u_2,2OJ5,C
5mhr,5mhr_R:Q|A,AG,5mhr_AG_u_3,2OJ5,D
5mhr,5mhr_R:Q|A,AG,5mhr_AG_u_4,2OJ5,E
6df1,6df1_H:L|A,AB,6df1_AB_u_0,6DF0,H:L
2x7l,2x7l_E:F|R,AG,2x7l_AG_u_0,6BSY,A
2x7l,2x7l_E:F|R,AG,2x7l_AG_u_1,6BSY,B
2x7l,2x7l_E:F|R,AG,2x7l_AG_u_2,3LPH,A
2x7l,2x7l_E:F|R,AG,2x7l_AG_u_3,3LPH,B
2x7l,2x7l_E:F|R,AG,2x7l_AG_u_4,3LPH,C
4xh2,4xh2_H:L|h,AG,4xh2_AG_u_0,2L6F,A
4xh2,4xh2_H:L|h,AG,4xh2_AG_u_1,2L6H,A
5hj3,5hj3_E:F|H:G,AG,5hj3_AG_u_0,6G9I,B:A
5hj3,5hj3_E:F|H:G,AG,5hj3_AG_u_1,6G95,B:A
5hj3,5hj3_E:F|H:G,AB,5hj3_AB_u_0,3INU,H:L
5hj3,5hj3_E:F|H:G,AB,5hj3_AB_u_1,3INU,M:N
5d1z,5d1z_G:H|J,AG,5d1z_AG_u_0,2MOQ,A
2or9,2or9_H:L|P,AB,2or9_AB_u_0,2ORB,H:L
2or9,2or9_H:L|P,AB,2or9_AB_u_1,2ORB,I:M
5kel,5kel_H:L|B,AG,5kel_AG_u_0,2EBO,A
5kel,5kel_H:L|B,AG,5kel_AG_u_1,2EBO,B
5kel,5kel_H:L|B,AG,5kel_AG_u_2,2EBO,C
5kel,5kel_H:L|B,AG,5kel_AG_u_3,6G9I,B
5kel,5kel_H:L|B,AG,5kel_AG_u_4,6G95,B
4lvh,4lvh_E:F|D,AG,4lvh_AG_u_0,6GOL,A
4lvh,4lvh_E:F|D,AG,4lvh_AG_u_1,3UYW,A
4lvh,4lvh_E:F|D,AG,4lvh_AG_u_2,3UYW,B
4lvh,4lvh_E:F|D,AG,4lvh_AG_u_3,3UYW,C
4lvh,4lvh_E:F|D,AG,4lvh_AG_u_4,3UYW,D
3s37,3s37_H:L|X,AB,3s37_AB_u_0,3S34,H:L
4liq,4liq_H:L|E,AG,4liq_AG_u_0,5QU8,A
4liq,4liq_H:L|E,AG,4liq_AG_u_1,5QU3,A
4liq,4liq_H:L|E,AG,4liq_AG_u_2,5QU3,B
4liq,4liq_H:L|E,AG,4liq_AG_u_3,5QU4,A
4liq,4liq_H:L|E,AG,4liq_AG_u_4,5QU4,B
6mlm,6mlm_F:G|B,AG,6mlm_AG_u_0,3M5G,A
6mlm,6mlm_F:G|B,AG,6mlm_AG_u_1,3M5G,C
6mlm,6mlm_F:G|B,AG,6mlm_AG_u_2,3M5G,E
6mlm,6mlm_F:G|B,AG,6mlm_AG_u_3,3M5J,A
6mlm,6mlm_F:G|B,AG,6mlm_AG_u_4,3M5J,C
4fg6,4fg6_E:F|B,AG,4fg6_AG_u_0,3NMO,A
4fg6,4fg6_E:F|B,AG,4fg6_AG_u_1,4FTP,A
4fg6,4fg6_E:F|B,AG,4fg6_AG_u_2,1KPK,A
4fg6,4fg6_E:F|B,AG,4fg6_AG_u_3,1KPK,B
4fg6,4fg6_E:F|B,AG,4fg6_AG_u_4,1KPK,C
4zs7,4zs7_H:L|A,AG,4zs7_AG_u_0,1ALU,A
4zs7,4zs7_H:L|A,AG,4zs7_AG_u_1,2IL6,A
4zs7,4zs7_H:L|A,AG,4zs7_AG_u_2,1IL6,A
1him,1him_L:H|P,AB,1him_AB_u_0,1HIL,B:A
1him,1him_L:H|P,AB,1him_AB_u_1,1HIL,D:C
6h06,6h06_C:D|G,AG,6h06_AG_u_0,6NWP,A
6h06,6h06_C:D|G,AG,6h06_AG_u_1,6NWP,B
6h06,6h06_C:D|G,AG,6h06_AG_u_2,6NWP,C
6h06,6h06_C:D|G,AG,6h06_AG_u_3,6NWP,D
6h06,6h06_C:D|G,AG,6h06_AG_u_4,6NWP,E
6h06,6h06_C:D|G,AB,6h06_AB_u_0,5V7U,H:L
4yfl,4yfl_F:I|E,AG,4yfl_AG_u_0,6ONF,A
4yfl,4yfl_F:I|E,AG,4yfl_AG_u_1,6ONE,A
4yfl,4yfl_F:I|E,AG,4yfl_AG_u_2,6ONH,A
4yfl,4yfl_F:I|E,AG,4yfl_AG_u_3,6P9N,A
4yfl,4yfl_F:I|E,AG,4yfl_AG_u_4,6ONV,A
1tqc,1tqc_B:C|A,AG,1tqc_AG_u_0,4HLS,A
1tqc,1tqc_B:C|A,AG,1tqc_AG_u_1,4HLS,B
1tqc,1tqc_B:C|A,AG,1tqc_AG_u_2,4HMM,A
1tqc,1tqc_B:C|A,AG,1tqc_AG_u_3,4HMM,B
1tqc,1tqc_B:C|A,AG,1tqc_AG_u_4,4HMR,A
5t5n,5t5n_G:F|E,AG,5t5n_AG_u_0,6N25,A
5t5n,5t5n_G:F|E,AG,5t5n_AG_u_1,6N25,B
5t5n,5t5n_G:F|E,AG,5t5n_AG_u_2,6N25,C
5t5n,5t5n_G:F|E,AG,5t5n_AG_u_3,6N25,D
5t5n,5t5n_G:F|E,AG,5t5n_AG_u_4,6N25,E
6bft,6bft_H:L|C,AG,6bft_AG_u_0,1MKK,A
6bft,6bft_H:L|C,AG,6bft_AG_u_1,1MKK,B
6bft,6bft_H:L|C,AG,6bft_AG_u_2,4KZN,A
6bft,6bft_H:L|C,AG,6bft_AG_u_3,3QTK,A
6bft,6bft_H:L|C,AG,6bft_AG_u_4,3QTK,B
5wdu,5wdu_H:I|A,AB,5wdu_AB_u_0,4TOY,H:L
6ch7,6ch7_D:E|B,AB,6ch7_AB_u_0,4TOY,H:L
6p65,6p65_F:G|E,AB,6p65_AB_u_0,6PEH,A:B
6p65,6p65_F:G|E,AB,6p65_AB_u_1,6PEH,H:L
4jo3,4jo3_H:L|P,AG,4jo3_AG_u_0,1CE4,A
4jo3,4jo3_H:L|P,AB,4jo3_AB_u_0,4JO4,H:L
4jo3,4jo3_H:L|P,AB,4jo3_AB_u_1,4JO4,I:M
5ggr,5ggr_A:B|Y,AG,5ggr_AG_u_0,6UMU,A
5ggr,5ggr_A:B|Y,AG,5ggr_AG_u_1,6UMV,A
5ggr,5ggr_A:B|Y,AG,5ggr_AG_u_2,3RRQ,A
5ggr,5ggr_A:B|Y,AG,5ggr_AG_u_3,2M2D,A
5ggr,5ggr_A:B|Y,AB,5ggr_AB_u_0,5GGQ,H:L
5nj6,5nj6_H:L|A,AG,5nj6_AG_u_0,6DYF,A
5nj6,5nj6_H:L|A,AG,5nj6_AG_u_1,6DYF,B
5nj6,5nj6_H:L|A,AG,5nj6_AG_u_2,5YO6,A
5nj6,5nj6_H:L|A,AG,5nj6_AG_u_3,6DYC,A
5nj6,5nj6_H:L|A,AG,5nj6_AG_u_4,6DYC,B
5bk1,5bk1_H:L|A,AG,5bk1_AG_u_0,6K7E,A
5bk1,5bk1_H:L|A,AG,5bk1_AG_u_1,6N84,A
5bk1,5bk1_H:L|A,AG,5bk1_AG_u_2,6QGD,A
5bk1,5bk1_H:L|A,AG,5bk1_AG_u_3,6LES,A
5bk1,5bk1_H:L|A,AG,5bk1_AG_u_4,6LES,B
4xwo,4xwo_C:D|A,AG,4xwo_AG_u_0,2WOJ,A
4xwo,4xwo_C:D|A,AG,4xwo_AG_u_1,2WOJ,B
4xwo,4xwo_C:D|A,AG,4xwo_AG_u_2,2WOJ,C
4xwo,4xwo_C:D|A,AG,4xwo_AG_u_3,2WOJ,D
4xwo,4xwo_C:D|A,AG,4xwo_AG_u_4,3H84,A
6nfv,6nfv_A:B|C,AG,6nfv_AG_u_0,2QTO,A
6nfv,6nfv_A:B|C,AG,6nfv_AG_u_1,2QTO,B
6nfv,6nfv_A:B|C,AG,6nfv_AG_u_2,2QTO,C
6nfv,6nfv_A:B|C,AG,6nfv_AG_u_3,2QTO,D
6nfv,6nfv_A:B|C,AG,6nfv_AG_u_4,3IFX,A
6sne,6sne_H:L|P,AG,6sne_AG_u_0,3GWO,A
6sne,6sne_H:L|P,AG,6sne_AG_u_1,3GWO,B
6sne,6sne_H:L|P,AG,6sne_AG_u_2,3H01,A
6sne,6sne_H:L|P,AG,6sne_AG_u_3,3H01,B
6sne,6sne_H:L|P,AG,6sne_AG_u_4,2X7R,B
1j1x,1j1x_H:L|Y,AG,1j1x_AG_u_0,6F2I,A
1j1x,1j1x_H:L|Y,AG,1j1x_AG_u_1,6F9Z,A
1j1x,1j1x_H:L|Y,AG,1j1x_AG_u_2,6HY8,A
1j1x,1j1x_H:L|Y,AG,1j1x_AG_u_3,6GNL,A
1j1x,1j1x_H:L|Y,AG,1j1x_AG_u_4,6F9X,A
5xj3,5xj3_D:E|F,AG,5xj3_AG_u_0,3OSK,A
5xj3,5xj3_D:E|F,AG,5xj3_AG_u_1,3OSK,B
5xj3,5xj3_D:E|F,AG,5xj3_AG_u_2,2X44,D
5xj3,5xj3_D:E|F,AG,5xj3_AG_u_3,1AH1,A
5xj3,5xj3_D:E|F,AB,5xj3_AB_u_0,6JC2,H:L
5mhr,5mhr_M:L|D,AG,5mhr_AG_u_0,2OJ5,A
5mhr,5mhr_M:L|D,AG,5mhr_AG_u_1,2OJ5,B
5mhr,5mhr_M:L|D,AG,5mhr_AG_u_2,2OJ5,C
5mhr,5mhr_M:L|D,AG,5mhr_AG_u_3,2OJ5,D
5mhr,5mhr_M:L|D,AG,5mhr_AG_u_4,2OJ5,E
5hhv,5hhv_H:L|A,AG,5hhv_AG_u_0,4HR9,A
5hhv,5hhv_H:L|A,AG,5hhv_AG_u_1,4HR9,B
5kel,5kel_M:O|F,AG,5kel_AG_u_0,6G9I,A
5kel,5kel_M:O|F,AG,5kel_AG_u_1,6G95,A
5x8l,5x8l_F:K|A,AG,5x8l_AG_u_0,6NP9,A
5x8l,5x8l_F:K|A,AG,5x8l_AG_u_1,4Z18,A
5x8l,5x8l_F:K|A,AG,5x8l_AG_u_2,4Z18,B
5x8l,5x8l_F:K|A,AG,5x8l_AG_u_3,5NIU,A
5x8l,5x8l_F:K|A,AG,5x8l_AG_u_4,5NIU,B
6um5,6um5_K:L|I,AB,6um5_AB_u_0,5U15,A:B
6um5,6um5_K:L|I,AB,6um5_AB_u_1,5U15,H:L
4plk,4plk_D:C|B,AG,4plk_AG_u_0,3GGQ,A
4plk,4plk_D:C|B,AG,4plk_AG_u_1,6LAT,A
4plk,4plk_D:C|B,AG,4plk_AG_u_2,6LB0,A
4plk,4plk_D:C|B,AG,4plk_AG_u_3,2ZZQ,A
4plk,4plk_D:C|B,AG,4plk_AG_u_4,3IYO,A
5whk,5whk_H:L|A:B,AB,5whk_AB_u_0,5WHJ,H:L
4dw2,4dw2_H:L|U,AG,4dw2_AG_u_0,5YC6,U
4dw2,4dw2_H:L|U,AG,4dw2_AG_u_1,5Z1C,U
4dw2,4dw2_H:L|U,AG,4dw2_AG_u_2,4FUH,A
4dw2,4dw2_H:L|U,AG,4dw2_AG_u_3,4FU9,A
4dw2,4dw2_H:L|U,AG,4dw2_AG_u_4,5ZA9,U
5k9k,5k9k_H:L|F,AG,5k9k_AG_u_0,6GOL,A
5k9k,5k9k_H:L|F,AG,5k9k_AG_u_1,6BKT,B
5k9k,5k9k_H:L|F,AG,5k9k_AG_u_2,6BKS,B
5k9k,5k9k_H:L|F,AG,5k9k_AG_u_3,6BKN,B
5k9k,5k9k_H:L|F,AG,5k9k_AG_u_4,6BKO,B
5k9k,5k9k_H:L|F,AB,5k9k_AB_u_0,5K9J,H:L
6de7,6de7_H:L|G,AB,6de7_AB_u_0,4JY5,H:L
2htk,2htk_E:F|B,AG,2htk_AG_u_0,3NMO,A
2htk,2htk_E:F|B,AG,2htk_AG_u_1,4FTP,A
2htk,2htk_E:F|B,AG,2htk_AG_u_2,1KPK,A
2htk,2htk_E:F|B,AG,2htk_AG_u_3,1KPK,B
2htk,2htk_E:F|B,AG,2htk_AG_u_4,1KPK,C
6k0y,6k0y_A:B|C,AG,6k0y_AG_u_0,6UMU,A
6k0y,6k0y_A:B|C,AG,6k0y_AG_u_1,6UMV,A
6k0y,6k0y_A:B|C,AG,6k0y_AG_u_2,3RRQ,A
6k0y,6k0y_A:B|C,AG,6k0y_AG_u_3,2M2D,A
4tqe,4tqe_H:L|A,AG,4tqe_AG_u_0,6NWP,A
4tqe,4tqe_H:L|A,AG,4tqe_AG_u_1,6NWP,B
4tqe,4tqe_H:L|A,AG,4tqe_AG_u_2,6NWP,C
4tqe,4tqe_H:L|A,AG,4tqe_AG_u_3,6NWP,D
4tqe,4tqe_H:L|A,AG,4tqe_AG_u_4,6NWP,E
2j4w,2j4w_H:L|D,AG,2j4w_AG_u_0,1W8K,A
2j4w,2j4w_H:L|D,AG,2j4w_AG_u_1,1W81,A
4hc1,4hc1_H:L|A,AG,4hc1_AG_u_0,4HBQ,A
4hc1,4hc1_H:L|A,AG,4hc1_AG_u_1,4HBQ,B
5utz,5utz_H:L|D,AG,5utz_AG_u_0,4NEJ,A
5utz,5utz_H:L|D,AG,5utz_AG_u_1,4NEM,A
5utz,5utz_H:L|D,AG,5utz_AG_u_2,1M48,A
5utz,5utz_H:L|D,AG,5utz_AG_u_3,1M48,B
5utz,5utz_H:L|D,AG,5utz_AG_u_4,1M47,A
2q8b,2q8b_H:L|A,AG,2q8b_AG_u_0,4R1B,A
2q8b,2q8b_H:L|A,AG,2q8b_AG_u_1,4R19,A
2q8b,2q8b_H:L|A,AG,2q8b_AG_u_2,4R19,B
2q8b,2q8b_H:L|A,AG,2q8b_AG_u_3,1Z40,A
2q8b,2q8b_H:L|A,AG,2q8b_AG_u_4,1Z40,E
5k59,5k59_E:F|B,AG,5k59_AG_u_0,4TW1,A
5k59,5k59_E:F|B,AG,5k59_AG_u_1,4TW1,C
5k59,5k59_E:F|B,AG,5k59_AG_u_2,4TW1,E
5k59,5k59_E:F|B,AG,5k59_AG_u_3,4TW1,G
5k59,5k59_E:F|B,AG,5k59_AG_u_4,4TW1,I
3ulv,3ulv_D:C|A,AG,3ulv_AG_u_0,1ZIW,A
3ulv,3ulv_D:C|A,AG,3ulv_AG_u_1,2A0Z,A
3ulv,3ulv_D:C|A,AB,3ulv_AB_u_0,3ULS,B:A
3ulv,3ulv_D:C|A,AB,3ulv_AB_u_1,3ULS,H:L
1ott,1ott_E:F|B,AG,1ott_AG_u_0,3NMO,A
1ott,1ott_E:F|B,AG,1ott_AG_u_1,4FTP,A
1ott,1ott_E:F|B,AG,1ott_AG_u_2,1KPK,A
1ott,1ott_E:F|B,AG,1ott_AG_u_3,1KPK,B
1ott,1ott_E:F|B,AG,1ott_AG_u_4,1KPK,C
6hf1,6hf1_C:B|A,AG,6hf1_AG_u_0,5D8I,A
6hf1,6hf1_C:B|A,AG,6hf1_AG_u_1,5D8I,B
6hf1,6hf1_C:B|A,AG,6hf1_AG_u_2,3T58,A
6hf1,6hf1_C:B|A,AG,6hf1_AG_u_3,3T58,B
6hf1,6hf1_C:B|A,AG,6hf1_AG_u_4,3T58,C
3hi1,3hi1_H:L|G,AG,3hi1_AG_u_0,3DNN,A
3hi1,3hi1_H:L|G,AG,3hi1_AG_u_1,3DNN,C
3hi1,3hi1_H:L|G,AG,3hi1_AG_u_2,3DNN,D
3hi1,3hi1_H:L|G,AG,3hi1_AG_u_3,3DNN,F
3hi1,3hi1_H:L|G,AG,3hi1_AG_u_4,3DNN,G
3hi1,3hi1_H:L|G,AB,3hi1_AB_u_0,1U6A,H:L
6k5d,6k5d_C:D|A,AG,6k5d_AG_u_0,3NMO,A
6k5d,6k5d_C:D|A,AG,6k5d_AG_u_1,4FTP,A
6k5d,6k5d_C:D|A,AG,6k5d_AG_u_2,1KPK,A
6k5d,6k5d_C:D|A,AG,6k5d_AG_u_3,1KPK,B
6k5d,6k5d_C:D|A,AG,6k5d_AG_u_4,1KPK,C
3ldb,3ldb_C:B|A,AG,3ldb_AG_u_0,3K2O,A
3ldb,3ldb_C:B|A,AG,3ldb_AG_u_1,3K2O,B
3ldb,3ldb_C:B|A,AG,3ldb_AG_u_2,6GDY,A
3ldb,3ldb_C:B|A,AG,3ldb_AG_u_3,6GDY,B
3ldb,3ldb_C:B|A,AG,3ldb_AG_u_4,6MEV,A
5dfv,5dfv_E:F|B,AG,5dfv_AG_u_0,5M33,A
5dfv,5dfv_E:F|B,AG,5dfv_AG_u_1,5M33,B
5dfv,5dfv_E:F|B,AG,5dfv_AG_u_2,1G8Q,A
5dfv,5dfv_E:F|B,AG,5dfv_AG_u_3,1G8Q,B
5dfv,5dfv_E:F|B,AG,5dfv_AG_u_4,3X0E,A
5ken,5ken_C:D|B,AG,5ken_AG_u_0,2EBO,A
5ken,5ken_C:D|B,AG,5ken_AG_u_1,2EBO,B
5ken,5ken_C:D|B,AG,5ken_AG_u_2,2EBO,C
5ken,5ken_C:D|B,AG,5ken_AG_u_3,6G9I,B
5ken,5ken_C:D|B,AG,5ken_AG_u_4,6G95,B
4o4y,4o4y_H:L|A,AG,4o4y_AG_u_0,6F2Z,A
4o4y,4o4y_H:L|A,AG,4o4y_AG_u_1,6F2Z,B
4o4y,4o4y_H:L|A,AB,4o4y_AB_u_0,4MA3,B:A
4o4y,4o4y_H:L|A,AB,4o4y_AB_u_1,4MA3,H:L
3gb7,3gb7_A:B|C,AG,3gb7_AG_u_0,2QTO,A
3gb7,3gb7_A:B|C,AG,3gb7_AG_u_1,2QTO,B
3gb7,3gb7_A:B|C,AG,3gb7_AG_u_2,2QTO,C
3gb7,3gb7_A:B|C,AG,3gb7_AG_u_3,2QTO,D
3gb7,3gb7_A:B|C,AG,3gb7_AG_u_4,3IFX,A
5mp3,5mp3_A:B|C,AG,5mp3_AG_u_0,6NWP,A
5mp3,5mp3_A:B|C,AG,5mp3_AG_u_1,6NWP,B
5mp3,5mp3_A:B|C,AG,5mp3_AG_u_2,6NWP,C
5mp3,5mp3_A:B|C,AG,5mp3_AG_u_3,6NWP,D
5mp3,5mp3_A:B|C,AG,5mp3_AG_u_4,6NWP,E
5mp3,5mp3_A:B|C,AB,5mp3_AB_u_0,5MTH,A:B
5mp3,5mp3_A:B|C,AB,5mp3_AB_u_1,5MTH,H:L
5mp3,5mp3_A:B|C,AB,5mp3_AB_u_2,4OZ4,A:B
5mp3,5mp3_A:B|C,AB,5mp3_AB_u_3,4OZ4,H:L
5t3s,5t3s_H:L|G,AB,5t3s_AB_u_0,5CEY,B:A
5t3s,5t3s_H:L|G,AB,5t3s_AB_u_1,5CEY,D:C
5t3s,5t3s_H:L|G,AB,5t3s_AB_u_2,4R26,H:L
6n7j,6n7j_A:B|D,AB,6n7j_AB_u_0,6N7U,A:B
4zxb,4zxb_C:D|E,AG,4zxb_AG_u_0,2HR7,A
4zxb,4zxb_C:D|E,AG,4zxb_AG_u_1,2HR7,B
4zxb,4zxb_C:D|E,AG,4zxb_AG_u_2,4XST,E
4zxb,4zxb_C:D|E,AG,4zxb_AG_u_3,2MFR,A
5fec,5fec_A:B|D,AG,5fec_AG_u_0,5FA2,A
5fec,5fec_A:B|D,AG,5fec_AG_u_1,5FA2,B
5fec,5fec_A:B|D,AG,5fec_AG_u_2,3DNN,A
5fec,5fec_A:B|D,AG,5fec_AG_u_3,3DNN,D
5fec,5fec_A:B|D,AG,5fec_AG_u_4,3DNN,G
5fec,5fec_A:B|D,AB,5fec_AB_u_0,5F7E,H:L
4wv1,4wv1_E:D|F,AG,4wv1_AG_u_0,3CAF,A
4wv1,4wv1_E:D|F,AG,4wv1_AG_u_1,3DAR,A
4wv1,4wv1_E:D|F,AG,4wv1_AG_u_2,3DAR,B
4wv1,4wv1_E:D|F,AG,4wv1_AG_u_3,3EUU,A
4wv1,4wv1_E:D|F,AG,4wv1_AG_u_4,3EUU,B
1s5h,1s5h_B:A|C,AG,1s5h_AG_u_0,2QTO,A
1s5h,1s5h_B:A|C,AG,1s5h_AG_u_1,2QTO,B
1s5h,1s5h_B:A|C,AG,1s5h_AG_u_2,2QTO,C
1s5h,1s5h_B:A|C,AG,1s5h_AG_u_3,2QTO,D
1s5h,1s5h_B:A|C,AG,1s5h_AG_u_4,3IFX,A
6q23,6q23_J:K|B,AG,6q23_AG_u_0,5NZ4,A
6q23,6q23_J:K|B,AG,6q23_AG_u_1,5NZ4,B
6q23,6q23_J:K|B,AG,6q23_AG_u_2,3TI4,A
6q23,6q23_J:K|B,AG,6q23_AG_u_3,3TI4,B
6q23,6q23_J:K|B,AG,6q23_AG_u_4,6G01,A
3iyw,3iyw_K:M|C,AG,3iyw_AG_u_0,2P5P,A
3iyw,3iyw_K:M|C,AG,3iyw_AG_u_1,2P5P,B
3iyw,3iyw_K:M|C,AG,3iyw_AG_u_2,2P5P,C
3iyw,3iyw_K:M|C,AG,3iyw_AG_u_3,2HG0,A
3iyw,3iyw_K:M|C,AG,3iyw_AG_u_4,2I69,A
3iyw,3iyw_K:M|C,AB,3iyw_AB_u_0,3N9G,H:L
6rps,6rps_N:M|B,AG,6rps_AG_u_0,5MSA,A
6rps,6rps_N:M|B,AG,6rps_AG_u_1,5MSA,B
6rps,6rps_N:M|B,AG,6rps_AG_u_2,5MSA,C
6rps,6rps_N:M|B,AG,6rps_AG_u_3,5MSA,D
6rps,6rps_N:M|B,AG,6rps_AG_u_4,6G5L,A
3or6,3or6_A:B|C,AG,3or6_AG_u_0,2QTO,A
3or6,3or6_A:B|C,AG,3or6_AG_u_1,2QTO,B
3or6,3or6_A:B|C,AG,3or6_AG_u_2,2QTO,C
3or6,3or6_A:B|C,AG,3or6_AG_u_3,2QTO,D
3or6,3or6_A:B|C,AG,3or6_AG_u_4,3IFX,A
5wob,5wob_O:P|D,AG,5wob_AG_u_0,4PFC,A
5wob,5wob_O:P|D,AG,5wob_AG_u_1,4PFC,B
5wob,5wob_O:P|D,AG,5wob_AG_u_2,4PF7,A
5wob,5wob_O:P|D,AG,5wob_AG_u_3,4PF7,B
5wob,5wob_O:P|D,AG,5wob_AG_u_4,4PF9,A
4rqs,4rqs_D:C|G,AB,4rqs_AB_u_0,1RZ8,B:A
4rqs,4rqs_D:C|G,AB,4rqs_AB_u_1,1RZ8,D:C
5xcr,5xcr_D:E|F,AB,5xcr_AB_u_0,4NR2,A:A
5xcr,5xcr_D:E|F,AB,5xcr_AB_u_1,4NR2,B:B
5xcr,5xcr_D:E|F,AB,5xcr_AB_u_2,4NR2,C:C
5xcr,5xcr_D:E|F,AB,5xcr_AB_u_3,4NR2,D:D
5xcr,5xcr_D:E|F,AB,5xcr_AB_u_4,4NR2,E:E
6cue,6cue_Q:R|C,AB,6cue_AB_u_0,5JXA,H:L
3ixy,3ixy_G:H|A,AG,3ixy_AG_u_0,1OK8,A
3ixy,3ixy_G:H|A,AG,3ixy_AG_u_1,1OKE,A
3ixy,3ixy_G:H|A,AG,3ixy_AG_u_2,1OKE,B
3ixy,3ixy_G:H|A,AG,3ixy_AG_u_3,1TG8,A
3ixy,3ixy_G:H|A,AG,3ixy_AG_u_4,1OAN,A
4xwo,4xwo_K:L|H,AG,4xwo_AG_u_0,2WOJ,A
4xwo,4xwo_K:L|H,AG,4xwo_AG_u_1,2WOJ,B
4xwo,4xwo_K:L|H,AG,4xwo_AG_u_2,2WOJ,C
4xwo,4xwo_K:L|H,AG,4xwo_AG_u_3,2WOJ,D
4xwo,4xwo_K:L|H,AG,4xwo_AG_u_4,3H84,A
4hlz,4hlz_G:H|B:A,AG,4hlz_AG_u_0,3QQB,B:A
4hlz,4hlz_G:H|B:A,AG,4hlz_AG_u_1,3QQE,B:A
4hlz,4hlz_G:H|B:A,AG,4hlz_AG_u_2,2WR7,A:A
4hlz,4hlz_G:H|B:A,AG,4hlz_AG_u_3,2WR7,B:B
4hlz,4hlz_G:H|B:A,AG,4hlz_AG_u_4,2WR7,C:C
5w9h,5w9h_B:C|A,AG,5w9h_AG_u_0,4NCU,A
5w9h,5w9h_B:C|A,AG,5w9h_AG_u_1,4NCW,A
5w9h,5w9h_B:C|A,AG,5w9h_AG_u_2,4NCW,B
5w9h,5w9h_B:C|A,AG,5w9h_AG_u_3,4NCW,C
5w9h,5w9h_B:C|A,AG,5w9h_AG_u_4,5X4R,A
5w9h,5w9h_B:C|A,AB,5w9h_AB_u_0,5VZR,A:B
5w9h,5w9h_B:C|A,AB,5w9h_AB_u_1,5VZR,H:L
1nmc,1nmc_B:C|A,AG,1nmc_AG_u_0,6HFC,A
1nmc,1nmc_B:C|A,AG,1nmc_AG_u_1,6HG0,A
1nmc,1nmc_B:C|A,AG,1nmc_AG_u_2,6HCX,A
1nmc,1nmc_B:C|A,AG,1nmc_AG_u_3,6D3B,A
1nmc,1nmc_B:C|A,AG,1nmc_AG_u_4,1F8D,A
3kj4,3kj4_C:B|D,AG,3kj4_AG_u_0,5O0M,A
3kj4,3kj4_C:B|D,AG,3kj4_AG_u_1,5O0M,B
3kj4,3kj4_C:B|D,AG,3kj4_AG_u_2,5O0P,A
3kj4,3kj4_C:B|D,AG,3kj4_AG_u_3,5O0P,B
3kj4,3kj4_C:B|D,AG,3kj4_AG_u_4,5O0O,A
3hpl,3hpl_A:B|C,AG,3hpl_AG_u_0,2QTO,A
3hpl,3hpl_A:B|C,AG,3hpl_AG_u_1,2QTO,B
3hpl,3hpl_A:B|C,AG,3hpl_AG_u_2,2QTO,C
3hpl,3hpl_A:B|C,AG,3hpl_AG_u_3,2QTO,D
3hpl,3hpl_A:B|C,AG,3hpl_AG_u_4,1BL8,A
3whe,3whe_W:X|F,AG,3whe_AG_u_0,6GOL,A
3whe,3whe_W:X|F,AG,3whe_AG_u_1,6BKT,B
3whe,3whe_W:X|F,AG,3whe_AG_u_2,6BKS,B
3whe,3whe_W:X|F,AG,3whe_AG_u_3,6BKN,B
3whe,3whe_W:X|F,AG,3whe_AG_u_4,6BKO,B
1yy9,1yy9_D:C|A,AB,1yy9_AB_u_0,5GZ0,B:A
1yy9,1yy9_D:C|A,AB,1yy9_AB_u_1,5GZ0,D:C
1yy9,1yy9_D:C|A,AB,1yy9_AB_u_2,5I76,B:A
1yy9,1yy9_D:C|A,AB,1yy9_AB_u_3,5I76,D:C
1yy9,1yy9_D:C|A,AB,1yy9_AB_u_4,1YY8,B:A
3bkj,3bkj_H:L|A,AG,3bkj_AG_u_0,5BUO,A
3bkj,3bkj_H:L|A,AG,3bkj_AG_u_1,5BUO,B
3bkj,3bkj_H:L|A,AG,3bkj_AG_u_2,5OQV,A
3bkj,3bkj_H:L|A,AG,3bkj_AG_u_3,5OQV,B
3bkj,3bkj_H:L|A,AG,3bkj_AG_u_4,5OQV,C
1fsk,1fsk_L:K|J,AG,1fsk_AG_u_0,4BK7,A
1fsk,1fsk_L:K|J,AG,1fsk_AG_u_1,4BKD,A
1fsk,1fsk_L:K|J,AG,1fsk_AG_u_2,4MNS,A
1fsk,1fsk_L:K|J,AG,1fsk_AG_u_3,4A87,A
1fsk,1fsk_L:K|J,AG,1fsk_AG_u_4,4A85,A
5vk6,5vk6_A:B|C,AG,5vk6_AG_u_0,1JVM,A
5vk6,5vk6_A:B|C,AG,5vk6_AG_u_1,1JVM,B
5vk6,5vk6_A:B|C,AG,5vk6_AG_u_2,1JVM,C
5vk6,5vk6_A:B|C,AG,5vk6_AG_u_3,1JVM,D
5vk6,5vk6_A:B|C,AG,5vk6_AG_u_4,1J95,A
5dur,5dur_B:D|A,AG,5dur_AG_u_0,5DUT,A
5dur,5dur_B:D|A,AG,5dur_AG_u_1,4KWM,A
5dur,5dur_B:D|A,AG,5dur_AG_u_2,4KWM,C
5dur,5dur_B:D|A,AG,5dur_AG_u_3,4KWM,E
5dur,5dur_B:D|A,AG,5dur_AG_u_4,6NTF,A
5d8j,5d8j_H:L|A,AG,5d8j_AG_u_0,1G7N,A
5d8j,5d8j_H:L|A,AG,5d8j_AG_u_1,1LIC,A
5d8j,5d8j_H:L|A,AG,5d8j_AG_u_2,1LIE,A
5d8j,5d8j_H:L|A,AG,5d8j_AG_u_3,1LIF,A
5d8j,5d8j_H:L|A,AG,5d8j_AG_u_4,1ADL,A
4jr9,4jr9_H:L|A,AG,4jr9_AG_u_0,4U4V,A
4jr9,4jr9_H:L|A,AG,4jr9_AG_u_1,4U4W,A
4jr9,4jr9_H:L|A,AG,4jr9_AG_u_2,4U4W,B
4jr9,4jr9_H:L|A,AG,4jr9_AG_u_3,4U4T,A
2exy,2exy_E:F|B,AG,2exy_AG_u_0,3NMO,A
2exy,2exy_E:F|B,AG,2exy_AG_u_1,4FTP,A
2exy,2exy_E:F|B,AG,2exy_AG_u_2,1KPK,A
2exy,2exy_E:F|B,AG,2exy_AG_u_3,1KPK,B
2exy,2exy_E:F|B,AG,2exy_AG_u_4,1KPK,C
5uem,5uem_H:L|G,AG,5uem_AG_u_0,6ONF,A
5uem,5uem_H:L|G,AG,5uem_AG_u_1,6ONE,A
5uem,5uem_H:L|G,AG,5uem_AG_u_2,6ONH,A
5uem,5uem_H:L|G,AG,5uem_AG_u_3,6P9N,A
5uem,5uem_H:L|G,AG,5uem_AG_u_4,6ONV,A
3ztn,3ztn_H:L|B:A,AG,3ztn_AG_u_0,4EDA,B:A
3ztn,3ztn_H:L|B:A,AG,3ztn_AG_u_1,4EDA,D:C
3ztn,3ztn_H:L|B:A,AG,3ztn_AG_u_2,3M6S,B:A
3ztn,3ztn_H:L|B:A,AG,3ztn_AG_u_3,3M6S,D:C
3ztn,3ztn_H:L|B:A,AG,3ztn_AG_u_4,3M6S,F:E
2boc,2boc_A:B|C,AG,2boc_AG_u_0,2QTO,A
2boc,2boc_A:B|C,AG,2boc_AG_u_1,2QTO,B
2boc,2boc_A:B|C,AG,2boc_AG_u_2,2QTO,C
2boc,2boc_A:B|C,AG,2boc_AG_u_3,2QTO,D
2boc,2boc_A:B|C,AG,2boc_AG_u_4,3IFX,A
5wk3,5wk3_U:T|C,AG,5wk3_AG_u_0,1NR4,A
5wk3,5wk3_U:T|C,AG,5wk3_AG_u_1,1NR4,B
5wk3,5wk3_U:T|C,AG,5wk3_AG_u_2,1NR4,C
5wk3,5wk3_U:T|C,AG,5wk3_AG_u_3,1NR4,D
5wk3,5wk3_U:T|C,AG,5wk3_AG_u_4,1NR4,E
5wk3,5wk3_U:T|C,AB,5wk3_AB_u_0,5WK2,H:L
2nr6,2nr6_F:E|B,AG,2nr6_AG_u_0,1YG9,A
2nr6,2nr6_F:E|B,AG,2nr6_AG_u_1,4RLD,A
2nr6,2nr6_F:E|B,AG,2nr6_AG_u_2,4RLD,B
2nr6,2nr6_F:E|B,AG,2nr6_AG_u_3,4RLD,C
2nr6,2nr6_F:E|B,AG,2nr6_AG_u_4,4RLD,D
6flc,6flc_B:A|I,AG,6flc_AG_u_0,1OK8,A
6flc,6flc_B:A|I,AG,6flc_AG_u_1,1OKE,A
6flc,6flc_B:A|I,AG,6flc_AG_u_2,1OKE,B
6flc,6flc_B:A|I,AG,6flc_AG_u_3,1TG8,A
6flc,6flc_B:A|I,AG,6flc_AG_u_4,1OAN,A
3g5v,3g5v_B:A|C,AB,3g5v_AB_u_0,3G5X,B:A
3g5v,3g5v_B:A|C,AB,3g5v_AB_u_1,3G5X,D:C
3g5v,3g5v_B:A|C,AB,3g5v_AB_u_2,3G5Z,B:A
4dvr,4dvr_H:L|G,AB,4dvr_AB_u_0,1RZ7,H:L
5ocy,5ocy_H:L|C,AB,5ocy_AB_u_0,5OD0,H:L
5b3j,5b3j_E:F|C,AG,5b3j_AG_u_0,3JPW,A
5b3j,5b3j_E:F|C,AG,5b3j_AG_u_1,3JPY,A
5w9l,5w9l_E:F|D,AG,5w9l_AG_u_0,4NCU,A
5w9l,5w9l_E:F|D,AG,5w9l_AG_u_1,4NCW,A
5w9l,5w9l_E:F|D,AG,5w9l_AG_u_2,4NCW,B
5w9l,5w9l_E:F|D,AG,5w9l_AG_u_3,4NCW,C
5w9l,5w9l_E:F|D,AG,5w9l_AG_u_4,5X4R,A
5w9l,5w9l_E:F|D,AB,5w9l_AB_u_0,5VZR,A:B
5w9l,5w9l_E:F|D,AB,5w9l_AB_u_1,5VZR,H:L
4rgn,4rgn_H:L|S,AG,4rgn_AG_u_0,3SEB,A
4rgn,4rgn_H:L|S,AG,4rgn_AG_u_1,3GP7,A
4rgn,4rgn_H:L|S,AG,4rgn_AG_u_2,3GP7,B
4rgn,4rgn_H:L|S,AG,4rgn_AG_u_3,1SE4,A
4rgn,4rgn_H:L|S,AG,4rgn_AG_u_4,1GOZ,A
2j6e,2j6e_H:L|A,AG,2j6e_AG_u_0,5HSF,A
2j6e,2j6e_H:L|A,AG,2j6e_AG_u_1,5HSF,B
2j6e,2j6e_H:L|A,AG,2j6e_AG_u_2,5JII,A
2j6e,2j6e_H:L|A,AG,2j6e_AG_u_3,5JII,B
2j6e,2j6e_H:L|A,AG,2j6e_AG_u_4,5HYF,A
3zkm,3zkm_C:D|B,AG,3zkm_AG_u_0,3ZKG,A
3zkm,3zkm_C:D|B,AG,3zkm_AG_u_1,3ZKG,B
3zkm,3zkm_C:D|B,AG,3zkm_AG_u_2,3ZKI,A
3zkm,3zkm_C:D|B,AG,3zkm_AG_u_3,3ZKI,B
3zkm,3zkm_C:D|B,AG,3zkm_AG_u_4,2EWY,A
3lev,3lev_H:L|A,AG,3lev_AG_u_0,3LES,A
3lev,3lev_H:L|A,AG,3lev_AG_u_1,3LES,B
3lev,3lev_H:L|A,AB,3lev_AB_u_0,2PR4,H:L
4rau,4rau_N:M|O,AG,4rau_AG_u_0,1F9Q,A
4rau,4rau_N:M|O,AG,4rau_AG_u_1,1F9Q,B
4rau,4rau_N:M|O,AG,4rau_AG_u_2,1F9Q,C
4rau,4rau_N:M|O,AG,4rau_AG_u_3,1F9Q,D
4rau,4rau_N:M|O,AG,4rau_AG_u_4,4HSV,A
4ffy,4ffy_H:L|A,AG,4ffy_AG_u_0,4GSX,A
4ffy,4ffy_H:L|A,AG,4ffy_AG_u_1,4GSX,B
4ffy,4ffy_H:L|A,AG,4ffy_AG_u_2,3IRC,A
4ffy,4ffy_H:L|A,AG,4ffy_AG_u_3,3G7T,A
4ffy,4ffy_H:L|A,AG,4ffy_AG_u_4,3J05,A
2r29,2r29_H:L|A,AG,2r29_AG_u_0,1OK8,A
2r29,2r29_H:L|A,AG,2r29_AG_u_1,1OKE,A
2r29,2r29_H:L|A,AG,2r29_AG_u_2,1OKE,B
2r29,2r29_H:L|A,AG,2r29_AG_u_3,1TG8,A
2r29,2r29_H:L|A,AG,2r29_AG_u_4,1OAN,A
4qci,4qci_H:L|C,AG,4qci_AG_u_0,1PDG,A
4qci,4qci_H:L|C,AG,4qci_AG_u_1,1PDG,C
4qci,4qci_H:L|C,AG,4qci_AG_u_2,1PDG,B
4edx,4edx_H:L|V,AG,4edx_AG_u_0,4EFV,A
4edx,4edx_H:L|V,AG,4edx_AG_u_1,4EFV,B
4edx,4edx_H:L|V,AG,4edx_AG_u_2,6XUO,A
1mhp,1mhp_X:Y|B,AG,1mhp_AG_u_0,1CK4,A
1mhp,1mhp_X:Y|B,AG,1mhp_AG_u_1,1CK4,B
5udc,5udc_E:G|D,AG,5udc_AG_u_0,5EA4,F
5udc,5udc_E:G|D,AG,5udc_AG_u_1,5KWW,F
5udc,5udc_E:G|D,AG,5udc_AG_u_2,6EAK,F
5udc,5udc_E:G|D,AG,5udc_AG_u_3,6EAM,F
5udc,5udc_E:G|D,AG,5udc_AG_u_4,6EAL,F
1oaz,1oaz_J:N|B,AB,1oaz_AB_u_0,1OAQ,H:L
1oaz,1oaz_J:N|B,AB,1oaz_AB_u_1,1OAU,H:L
1oaz,1oaz_J:N|B,AB,1oaz_AB_u_2,1OAU,I:M
1oaz,1oaz_J:N|B,AB,1oaz_AB_u_3,1OAU,J:N
1oaz,1oaz_J:N|B,AB,1oaz_AB_u_4,1OAU,K:O
4edx,4edx_B:A|W,AG,4edx_AG_u_0,4EFV,A
4edx,4edx_B:A|W,AG,4edx_AG_u_1,4EFV,B
4edx,4edx_B:A|W,AG,4edx_AG_u_2,6XUO,A
6k68,6k68_J:K|L,AB,6k68_AB_u_0,3MO1,B:A
6k68,6k68_J:K|L,AB,6k68_AB_u_1,3MNV,B:A
6k68,6k68_J:K|L,AB,6k68_AB_u_2,3MNV,D:C
6ieq,6ieq_H:L|G,AB,6ieq_AB_u_0,5CEY,B:A
6ieq,6ieq_H:L|G,AB,6ieq_AB_u_1,5CEY,D:C
6ieq,6ieq_H:L|G,AB,6ieq_AB_u_2,4R26,H:L
3ulu,3ulu_H:L|A,AG,3ulu_AG_u_0,1ZIW,A
3ulu,3ulu_H:L|A,AG,3ulu_AG_u_1,2A0Z,A
3ulu,3ulu_H:L|A,AB,3ulu_AB_u_0,3NCJ,H:L
3ulu,3ulu_H:L|A,AB,3ulu_AB_u_1,3NA9,H:L
3ulu,3ulu_H:L|A,AB,3ulu_AB_u_2,3NAA,H:L
3ulu,3ulu_H:L|A,AB,3ulu_AB_u_3,3NAC,H:L
3ulu,3ulu_H:L|A,AB,3ulu_AB_u_4,3NAB,H:L
1ors,1ors_B:A|C,AG,1ors_AG_u_0,6UWM,A
1ors,1ors_B:A|C,AG,1ors_AG_u_1,6UWM,B
1ors,1ors_B:A|C,AG,1ors_AG_u_2,6UWM,C
1ors,1ors_B:A|C,AG,1ors_AG_u_3,6UWM,D
1ors,1ors_B:A|C,AG,1ors_AG_u_4,2KYH,A
5d1z,5d1z_B:A|I,AG,5d1z_AG_u_0,2MOQ,A
5vpg,5vpg_D:C|A,AG,5vpg_AG_u_0,3F5V,A
5vpg,5vpg_D:C|A,AG,5vpg_AG_u_1,3F5V,B
5vpg,5vpg_D:C|A,AG,5vpg_AG_u_2,1XKG,A
5vpg,5vpg_D:C|A,AG,5vpg_AG_u_3,2AS8,A
5vpg,5vpg_D:C|A,AG,5vpg_AG_u_4,2AS8,B
5vpg,5vpg_D:C|A,AB,5vpg_AB_u_0,3RVT,D:C
5vpg,5vpg_D:C|A,AB,5vpg_AB_u_1,3RVU,D:C
2pw2,2pw2_B:A|C,AB,2pw2_AB_u_0,2PR4,H:L
5vjq,5vjq_G:H|L,AG,5vjq_AG_u_0,6D9I,A
5vjq,5vjq_G:H|L,AG,5vjq_AG_u_1,6D9I,B
5vjq,5vjq_G:H|L,AG,5vjq_AG_u_2,5V8G,A
5vjq,5vjq_G:H|L,AG,5vjq_AG_u_3,1IAK,P
5cjq,5cjq_H:L|B:A,AB,5cjq_AB_u_0,4FQH,A:B
5cjq,5cjq_H:L|B:A,AB,5cjq_AB_u_1,4FQH,H:L
5a7x,5a7x_H:G|E,AB,5a7x_AB_u_0,1RZ8,B:A
5a7x,5a7x_H:G|E,AB,5a7x_AB_u_1,1RZ8,D:C
6hf1,6hf1_F:E|D,AG,6hf1_AG_u_0,5D8I,A
6hf1,6hf1_F:E|D,AG,6hf1_AG_u_1,5D8I,B
6hf1,6hf1_F:E|D,AG,6hf1_AG_u_2,3T58,A
6hf1,6hf1_F:E|D,AG,6hf1_AG_u_3,3T58,B
6hf1,6hf1_F:E|D,AG,6hf1_AG_u_4,3T58,C
5ugy,5ugy_H:L|A,AG,5ugy_AG_u_0,6CHX,A
5ugy,5ugy_H:L|A,AG,5ugy_AG_u_1,6CHX,B
5ugy,5ugy_H:L|A,AG,5ugy_AG_u_2,4EDB,A
5ugy,5ugy_H:L|A,AG,5ugy_AG_u_3,4EDB,C
5ugy,5ugy_H:L|A,AG,5ugy_AG_u_4,4EDB,E
5ugy,5ugy_H:L|A,AB,5ugy_AB_u_0,4WUK,H:L
6n5d,6n5d_L:N|K,AG,6n5d_AG_u_0,6BKM,A
6n5d,6n5d_L:N|K,AG,6n5d_AG_u_1,6BKM,C
6n5d,6n5d_L:N|K,AG,6n5d_AG_u_2,6BKM,E
6n5d,6n5d_L:N|K,AG,6n5d_AG_u_3,6BKQ,A
6n5d,6n5d_L:N|K,AG,6n5d_AG_u_4,6BKQ,C
4gaj,4gaj_H:L|P,AB,4gaj_AB_u_0,4GAY,A:B
4gaj,4gaj_H:L|P,AB,4gaj_AB_u_1,4GAY,H:L
5o7p,5o7p_B:A|C,AG,5o7p_AG_u_0,1M6B,A
5o7p,5o7p_B:A|C,AG,5o7p_AG_u_1,1M6B,B
1ken,1ken_H:L|A,AG,1ken_AG_u_0,6BKM,A
1ken,1ken_H:L|A,AG,1ken_AG_u_1,6BKM,C
1ken,1ken_H:L|A,AG,1ken_AG_u_2,6BKM,E
1ken,1ken_H:L|A,AG,1ken_AG_u_3,6BKQ,A
1ken,1ken_H:L|A,AG,1ken_AG_u_4,6BKQ,C
2nlj,2nlj_B:A|C,AG,2nlj_AG_u_0,2QTO,A
2nlj,2nlj_B:A|C,AG,2nlj_AG_u_1,2QTO,B
2nlj,2nlj_B:A|C,AG,2nlj_AG_u_2,2QTO,C
2nlj,2nlj_B:A|C,AG,2nlj_AG_u_3,2QTO,D
2nlj,2nlj_B:A|C,AG,2nlj_AG_u_4,3IFX,A
6apd,6apd_D:E|A,AG,6apd_AG_u_0,6EAD,F
6apd,6apd_D:E|A,AG,6apd_AG_u_1,6EAE,F
6apd,6apd_D:E|A,AB,6apd_AB_u_0,6DC4,H:L
3drt,3drt_B:A|C,AB,3drt_AB_u_0,2PR4,H:L
4i2x,4i2x_B:A|E,AG,4i2x_AG_u_0,2JJW,A
4i2x,4i2x_B:A|E,AB,4i2x_AB_u_0,3DIF,B:A
4i2x,4i2x_B:A|E,AB,4i2x_AB_u_1,3DIF,D:C
6bfq,6bfq_C:D|G,AG,6bfq_AG_u_0,2GMF,A
6bfq,6bfq_C:D|G,AG,6bfq_AG_u_1,2GMF,B
6bfq,6bfq_C:D|G,AG,6bfq_AG_u_2,1CSG,A
6bfq,6bfq_C:D|G,AG,6bfq_AG_u_3,1CSG,B
6sne,6sne_F:E|N,AG,6sne_AG_u_0,3GWO,A
6sne,6sne_F:E|N,AG,6sne_AG_u_1,3GWO,B
6sne,6sne_F:E|N,AG,6sne_AG_u_2,3H01,A
6sne,6sne_F:E|N,AG,6sne_AG_u_3,3H01,B
6sne,6sne_F:E|N,AG,6sne_AG_u_4,2X7R,B
1u8k,1u8k_B:A|C,AB,1u8k_AB_u_0,2PR4,H:L
4hg4,4hg4_V:W|G,AG,4hg4_AG_u_0,3QQI,A
4hg4,4hg4_V:W|G,AG,4hg4_AG_u_1,3QQI,B
4hg4,4hg4_V:W|G,AG,4hg4_AG_u_2,3QQB,A
4hg4,4hg4_V:W|G,AG,4hg4_AG_u_3,3QQE,A
4hg4,4hg4_V:W|G,AG,4hg4_AG_u_4,2WR7,A
5ucb,5ucb_H:L|B,AG,5ucb_AG_u_0,1ROC,A
5ucb,5ucb_H:L|B,AG,5ucb_AG_u_1,2IDC,A
5ucb,5ucb_H:L|B,AG,5ucb_AG_u_2,1WG3,A
3o45,3o45_H:L|P,AG,3o45_AG_u_0,6Q0S,F
3o45,3o45_H:L|P,AG,3o45_AG_u_1,5C69,A
3o45,3o45_H:L|P,AG,3o45_AG_u_2,5EA4,F
3o45,3o45_H:L|P,AG,3o45_AG_u_3,5C6B,F
3o45,3o45_H:L|P,AG,3o45_AG_u_4,5KWW,F
4ydl,4ydl_H:L|G,AG,4ydl_AG_u_0,6ONF,A
4ydl,4ydl_H:L|G,AG,4ydl_AG_u_1,6ONE,A
4ydl,4ydl_H:L|G,AG,4ydl_AG_u_2,6ONH,A
4ydl,4ydl_H:L|G,AG,4ydl_AG_u_3,6P9N,A
4ydl,4ydl_H:L|G,AG,4ydl_AG_u_4,6ONV,A
4uta,4uta_H:L|B,AG,4uta_AG_u_0,4UTC,A
4uta,4uta_H:L|B,AG,4uta_AG_u_1,4UTC,B
5yoy,5yoy_I:F|A,AG,5yoy_AG_u_0,5UUI,A
5yoy,5yoy_I:F|A,AG,5yoy_AG_u_1,4TSV,A
5yoy,5yoy_I:F|A,AG,5yoy_AG_u_2,2AZ5,A
5yoy,5yoy_I:F|A,AG,5yoy_AG_u_3,2AZ5,B
5yoy,5yoy_I:F|A,AG,5yoy_AG_u_4,2AZ5,C
5vpl,5vpl_D:C|A,AG,5vpl_AG_u_0,5VPK,A
5vpl,5vpl_D:C|A,AG,5vpl_AG_u_1,5VPK,B
5vpl,5vpl_D:C|A,AG,5vpl_AG_u_2,5VPK,C
5vpl,5vpl_D:C|A,AG,5vpl_AG_u_3,3D6S,A
5vpl,5vpl_D:C|A,AG,5vpl_AG_u_4,3D6S,B
5vpl,5vpl_D:C|A,AB,5vpl_AB_u_0,3RVT,D:C
5vpl,5vpl_D:C|A,AB,5vpl_AB_u_1,3RVU,D:C
4pp2,4pp2_D:C|E,AG,4pp2_AG_u_0,3F5V,A
4pp2,4pp2_D:C|E,AG,4pp2_AG_u_1,3F5V,B
4pp2,4pp2_D:C|E,AG,4pp2_AG_u_2,1XKG,A
4pp2,4pp2_D:C|E,AG,4pp2_AG_u_3,2AS8,A
4pp2,4pp2_D:C|E,AG,4pp2_AG_u_4,2AS8,B
4pp2,4pp2_D:C|E,AB,4pp2_AB_u_0,4POZ,D:C
5tru,5tru_h:l|c,AG,5tru_AG_u_0,3OSK,A
5tru,5tru_h:l|c,AG,5tru_AG_u_1,3OSK,B
5tru,5tru_h:l|c,AG,5tru_AG_u_2,2X44,D
5tru,5tru_h:l|c,AG,5tru_AG_u_3,1AH1,A
5tru,5tru_h:l|c,AB,5tru_AB_u_0,6JC2,H:L
6niu,6niu_M:N|E,AG,6niu_AG_u_0,5JHM,A
6niu,6niu_M:N|E,AG,6niu_AG_u_1,5JHM,B
6niu,6niu_M:N|E,AG,6niu_AG_u_2,5OMZ,A
6niu,6niu_M:N|E,AB,6niu_AB_u_0,6MTY,H:L
6ocb,6ocb_H:L|A,AG,6ocb_AG_u_0,6BKM,A
6ocb,6ocb_H:L|A,AG,6ocb_AG_u_1,6BKM,C
6ocb,6ocb_H:L|A,AG,6ocb_AG_u_2,6BKM,E
6ocb,6ocb_H:L|A,AG,6ocb_AG_u_3,6BKQ,A
6ocb,6ocb_H:L|A,AG,6ocb_AG_u_4,6BKQ,C
3wd5,3wd5_H:L|A,AG,3wd5_AG_u_0,5UUI,A
3wd5,3wd5_H:L|A,AG,3wd5_AG_u_1,4TSV,A
3wd5,3wd5_H:L|A,AG,3wd5_AG_u_2,2AZ5,A
3wd5,3wd5_H:L|A,AG,3wd5_AG_u_3,2AZ5,B
3wd5,3wd5_H:L|A,AG,3wd5_AG_u_4,2AZ5,C
3wd5,3wd5_H:L|A,AB,3wd5_AB_u_0,4NYL,A:B
3wd5,3wd5_H:L|A,AB,3wd5_AB_u_1,4NYL,C:D
3wd5,3wd5_H:L|A,AB,3wd5_AB_u_2,4NYL,E:F
3wd5,3wd5_H:L|A,AB,3wd5_AB_u_3,4NYL,H:L
6k5f,6k5f_E:F|B,AG,6k5f_AG_u_0,3NMO,A
6k5f,6k5f_E:F|B,AG,6k5f_AG_u_1,4FTP,A
6k5f,6k5f_E:F|B,AG,6k5f_AG_u_2,1KPK,A
6k5f,6k5f_E:F|B,AG,6k5f_AG_u_3,1KPK,B
6k5f,6k5f_E:F|B,AG,6k5f_AG_u_4,1KPK,C
2hrp,2hrp_H:L|P,AG,2hrp_AG_u_0,6IXD,A
2hrp,2hrp_H:L|P,AG,2hrp_AG_u_1,6IXD,B
2hrp,2hrp_H:L|P,AG,2hrp_AG_u_2,6CDJ,A
2hrp,2hrp_H:L|P,AG,2hrp_AG_u_3,6CDJ,B
2hrp,2hrp_H:L|P,AG,2hrp_AG_u_4,6U7P,A
2hrp,2hrp_H:L|P,AB,2hrp_AB_u_0,1MF2,H:L
2hrp,2hrp_H:L|P,AB,2hrp_AB_u_1,1MF2,N:M
4m62,4m62_I:M|T,AG,4m62_AG_u_0,3LF6,A
4m62,4m62_I:M|T,AG,4m62_AG_u_1,3LF6,B
4m62,4m62_I:M|T,AG,4m62_AG_u_2,3T43,A
4m62,4m62_I:M|T,AG,4m62_AG_u_3,3T43,B
4m62,4m62_I:M|T,AB,4m62_AB_u_0,4OB5,H:L
4m62,4m62_I:M|T,AB,4m62_AB_u_1,4LRN,H:L
4z5r,4z5r_M:L|E,AG,4z5r_AG_u_0,1RH2,A
4z5r,4z5r_M:L|E,AG,4z5r_AG_u_1,1RH2,B
4z5r,4z5r_M:L|E,AG,4z5r_AG_u_2,1RH2,C
4z5r,4z5r_M:L|E,AG,4z5r_AG_u_3,1RH2,D
4z5r,4z5r_M:L|E,AG,4z5r_AG_u_4,1RH2,E
5w9j,5w9j_H:I|G,AG,5w9j_AG_u_0,4NCU,A
5w9j,5w9j_H:I|G,AG,5w9j_AG_u_1,4NCW,A
5w9j,5w9j_H:I|G,AG,5w9j_AG_u_2,4NCW,B
5w9j,5w9j_H:I|G,AG,5w9j_AG_u_3,4NCW,C
5w9j,5w9j_H:I|G,AG,5w9j_AG_u_4,5X4R,A
5w9j,5w9j_H:I|G,AB,5w9j_AB_u_0,5VZR,A:B
5w9j,5w9j_H:I|G,AB,5w9j_AB_u_1,5VZR,H:L
5kte,5kte_H:L|A,AG,5kte_AG_u_0,6D91,A
5kte,5kte_H:L|A,AG,5kte_AG_u_1,6BU5,A
5kte,5kte_H:L|A,AG,5kte_AG_u_2,6C3I,A
5kte,5kte_H:L|A,AG,5kte_AG_u_3,6C3I,B
6glw,6glw_H:L|A,AG,6glw_AG_u_0,6GKS,A
6glw,6glw_H:L|A,AG,6glw_AG_u_1,6QRN,A
6glw,6glw_H:L|A,AG,6glw_AG_u_2,5XRG,A
6glw,6glw_H:L|A,AG,6glw_AG_u_3,5XRH,A
6glw,6glw_H:L|A,AG,6glw_AG_u_4,5XRO,A
3f7y,3f7y_A:B|C,AG,3f7y_AG_u_0,2QTO,A
3f7y,3f7y_A:B|C,AG,3f7y_AG_u_1,2QTO,B
3f7y,3f7y_A:B|C,AG,3f7y_AG_u_2,2QTO,C
3f7y,3f7y_A:B|C,AG,3f7y_AG_u_3,2QTO,D
3f7y,3f7y_A:B|C,AG,3f7y_AG_u_4,3IFX,A
6dzm,6dzm_G:H|D:A,AB,6dzm_AB_u_0,6DZN,H:L
2b4c,2b4c_H:L|G:C,AB,2b4c_AB_u_0,1RHH,B:A
2b4c,2b4c_H:L|G:C,AB,2b4c_AB_u_1,1RHH,D:C
5fyl,5fyl_H:L|G,AB,5fyl_AB_u_0,4JY5,H:L
5xct,5xct_A:B|C,AB,5xct_AB_u_0,4NR2,A:A
5xct,5xct_A:B|C,AB,5xct_AB_u_1,4NR2,B:B
5xct,5xct_A:B|C,AB,5xct_AB_u_2,4NR2,C:C
5xct,5xct_A:B|C,AB,5xct_AB_u_3,4NR2,D:D
5xct,5xct_A:B|C,AB,5xct_AB_u_4,4NR2,E:E
3r08,3r08_H:L|E,AG,3r08_AG_u_0,1XMW,A
3r08,3r08_H:L|E,AG,3r08_AG_u_1,1JBJ,A
3r08,3r08_H:L|E,AB,3r08_AB_u_0,3R06,B:A
3r08,3r08_H:L|E,AB,3r08_AB_u_1,3R06,D:C
3r08,3r08_H:L|E,AB,3r08_AB_u_2,3R06,F:E
3r08,3r08_H:L|E,AB,3r08_AB_u_3,3R06,H:L
4hwb,4hwb_H:L|A,AB,4hwb_AB_u_0,4HWE,H:L
5w9o,5w9o_B:C|A,AG,5w9o_AG_u_0,4NCU,A
5w9o,5w9o_B:C|A,AG,5w9o_AG_u_1,4NCW,A
5w9o,5w9o_B:C|A,AG,5w9o_AG_u_2,4NCW,B
5w9o,5w9o_B:C|A,AG,5w9o_AG_u_3,4NCW,C
5w9o,5w9o_B:C|A,AG,5w9o_AG_u_4,5X4R,A
5w9o,5w9o_B:C|A,AB,5w9o_AB_u_0,5VZR,A:B
5w9o,5w9o_B:C|A,AB,5w9o_AB_u_1,5VZR,H:L
5vic,5vic_H:L|E,AG,5vic_AG_u_0,4GSX,A
5vic,5vic_H:L|E,AG,5vic_AG_u_1,4GSX,B
5vic,5vic_H:L|E,AG,5vic_AG_u_2,3IRC,A
5vic,5vic_H:L|E,AG,5vic_AG_u_3,3G7T,A
5vic,5vic_H:L|E,AG,5vic_AG_u_4,3J05,A
1nma,1nma_H:L|N,AG,1nma_AG_u_0,6HFC,A
1nma,1nma_H:L|N,AG,1nma_AG_u_1,6HG0,A
1nma,1nma_H:L|N,AG,1nma_AG_u_2,6HCX,A
1nma,1nma_H:L|N,AG,1nma_AG_u_3,6D3B,A
1nma,1nma_H:L|N,AG,1nma_AG_u_4,1F8D,A
1mpa,1mpa_H:L|P,AB,1mpa_AB_u_0,1MNU,H:L
4ma7,4ma7_H:L|A,AG,4ma7_AG_u_0,2L39,A
4ma7,4ma7_H:L|A,AG,4ma7_AG_u_1,2KU6,A
4ma7,4ma7_H:L|A,AG,4ma7_AG_u_2,2L1K,A
4ma7,4ma7_H:L|A,AG,4ma7_AG_u_3,2KFO,A
4ma7,4ma7_H:L|A,AG,4ma7_AG_u_4,2K56,A
3j6u,3j6u_H:L|C:A,AG,3j6u_AG_u_0,3VTT,A:A
3j6u,3j6u_H:L|C:A,AG,3j6u_AG_u_1,3VTT,B:B
3j6u,3j6u_H:L|C:A,AG,3j6u_AG_u_2,1UZG,A:A
3j6u,3j6u_H:L|C:A,AG,3j6u_AG_u_3,1UZG,B:B
3jcx,3jcx_H:L|A,AG,3jcx_AG_u_0,6OAS,1
3jcx,3jcx_H:L|A,AG,3jcx_AG_u_1,2CAS,A
3jcx,3jcx_H:L|A,AG,3jcx_AG_u_2,1C8F,A
3jcx,3jcx_H:L|A,AG,3jcx_AG_u_3,1C8E,A
3jcx,3jcx_H:L|A,AG,3jcx_AG_u_4,1C8G,A
3jcx,3jcx_H:L|A,AB,3jcx_AB_u_0,3IY6,B:A
4kka,4kka_E:F|B,AG,4kka_AG_u_0,3NMO,A
4kka,4kka_E:F|B,AG,4kka_AG_u_1,4FTP,A
4kka,4kka_E:F|B,AG,4kka_AG_u_2,1KPK,A
4kka,4kka_E:F|B,AG,4kka_AG_u_3,1KPK,B
4kka,4kka_E:F|B,AG,4kka_AG_u_4,1KPK,C
4xwg,4xwg_H:L|A,AG,4xwg_AG_u_0,6MVD,A
4xwg,4xwg_H:L|A,AG,4xwg_AG_u_1,6MVD,B
4xwg,4xwg_H:L|A,AG,4xwg_AG_u_2,5TXF,A
4xwg,4xwg_H:L|A,AG,4xwg_AG_u_3,5TXF,B
4xwg,4xwg_H:L|A,AG,4xwg_AG_u_4,5TXF,C
5i9q,5i9q_B:C|A,AG,5i9q_AG_u_0,5FA2,A
5i9q,5i9q_B:C|A,AG,5i9q_AG_u_1,5FA2,B
5i9q,5i9q_B:C|A,AG,5i9q_AG_u_2,3DNN,A
5i9q,5i9q_B:C|A,AG,5i9q_AG_u_3,3DNN,D
5i9q,5i9q_B:C|A,AG,5i9q_AG_u_4,3DNN,G
5ec2,5ec2_A:B|C,AG,5ec2_AG_u_0,1JQ1,A
5ec2,5ec2_A:B|C,AG,5ec2_AG_u_1,1JQ1,B
5ec2,5ec2_A:B|C,AG,5ec2_AG_u_2,1JQ1,C
5ec2,5ec2_A:B|C,AG,5ec2_AG_u_3,1JQ1,D
5ec2,5ec2_A:B|C,AG,5ec2_AG_u_4,1JQ2,A
4xh2,4xh2_C:D|c,AG,4xh2_AG_u_0,2L6F,A
4xh2,4xh2_C:D|c,AG,4xh2_AG_u_1,2L6H,A
2ybr,2ybr_G:H|I,AG,2ybr_AG_u_0,1CN2,A
3wkm,3wkm_H:L|A,AG,3wkm_AG_u_0,3WKL,A
3n85,3n85_H:L|A,AG,3n85_AG_u_0,2A91,A
5uoe,5uoe_S:T|D,AG,5uoe_AG_u_0,4PFC,A
5uoe,5uoe_S:T|D,AG,5uoe_AG_u_1,4PFC,B
5uoe,5uoe_S:T|D,AG,5uoe_AG_u_2,4PF7,A
5uoe,5uoe_S:T|D,AG,5uoe_AG_u_3,4PF7,B
5uoe,5uoe_S:T|D,AG,5uoe_AG_u_4,4PF9,A
4u6g,4u6g_A:B|C,AB,4u6g_AB_u_0,5JNY,A:B
4u6g,4u6g_A:B|C,AB,4u6g_AB_u_1,5JNY,C:D
5dmg,5dmg_H:L|P,AG,5dmg_AG_u_0,6NWP,A
5dmg,5dmg_H:L|P,AG,5dmg_AG_u_1,6NWP,B
5dmg,5dmg_H:L|P,AG,5dmg_AG_u_2,6NWP,C
5dmg,5dmg_H:L|P,AG,5dmg_AG_u_3,6NWP,D
5dmg,5dmg_H:L|P,AG,5dmg_AG_u_4,6NWP,E
2qr0,2qr0_H:G|J,AG,2qr0_AG_u_0,1MKK,A
2qr0,2qr0_H:G|J,AG,2qr0_AG_u_1,1MKK,B
2qr0,2qr0_H:G|J,AG,2qr0_AG_u_2,4KZN,A
2qr0,2qr0_H:G|J,AG,2qr0_AG_u_3,3QTK,A
2qr0,2qr0_H:G|J,AG,2qr0_AG_u_4,3QTK,B
6mtn,6mtn_D:E|B,AB,6mtn_AB_u_0,4TOY,H:L
1g9n,1g9n_H:L|G,AB,1g9n_AB_u_0,1RZ8,B:A
1g9n,1g9n_H:L|G,AB,1g9n_AB_u_1,1RZ8,D:C
5thr,5thr_O:L|F,AB,5thr_AB_u_0,1RZ8,B:A
5thr,5thr_O:L|F,AB,5thr_AB_u_1,1RZ8,D:C
6cuf,6cuf_q:r|d,AB,6cuf_AB_u_0,5JXA,H:L
1cu4,1cu4_H:L|P,AB,1cu4_AB_u_0,1CR9,H:L
1cft,1cft_B:A|C,AB,1cft_AB_u_0,1CFQ,B:A
6az2,6az2_A:F|B,AG,6az2_AG_u_0,1ROC,A
6az2,6az2_A:F|B,AG,6az2_AG_u_1,2IDC,A
6az2,6az2_A:F|B,AG,6az2_AG_u_2,1WG3,A
4nhh,4nhh_R:P|N,AG,4nhh_AG_u_0,5HSF,A
4nhh,4nhh_R:P|N,AG,4nhh_AG_u_1,5HSF,B
4nhh,4nhh_R:P|N,AG,4nhh_AG_u_2,3DJ9,A
4nhh,4nhh_R:P|N,AG,4nhh_AG_u_3,4B53,A
4nhh,4nhh_R:P|N,AG,4nhh_AG_u_4,4B53,B
5vkh,5vkh_A:B|C,AG,5vkh_AG_u_0,2QTO,A
5vkh,5vkh_A:B|C,AG,5vkh_AG_u_1,2QTO,B
5vkh,5vkh_A:B|C,AG,5vkh_AG_u_2,2QTO,C
5vkh,5vkh_A:B|C,AG,5vkh_AG_u_3,2QTO,D
5vkh,5vkh_A:B|C,AG,5vkh_AG_u_4,1BL8,A
4xnz,4xnz_B:C|A,AG,4xnz_AG_u_0,6ONF,A
4xnz,4xnz_B:C|A,AG,4xnz_AG_u_1,6ONE,A
4xnz,4xnz_B:C|A,AG,4xnz_AG_u_2,6ONH,A
4xnz,4xnz_B:C|A,AG,4xnz_AG_u_3,6P9N,A
4xnz,4xnz_B:C|A,AG,4xnz_AG_u_4,6ONV,A
4lu5,4lu5_I:M|A,AG,4lu5_AG_u_0,3K7B,A
4lu5,4lu5_I:M|A,AG,4lu5_AG_u_1,3K7B,B
3w9e,3w9e_A:B|C,AG,3w9e_AG_u_0,4MYV,A
3w9e,3w9e_A:B|C,AG,3w9e_AG_u_1,4MYV,B
3w9e,3w9e_A:B|C,AB,3w9e_AB_u_0,3W9D,A:B
3w9e,3w9e_A:B|C,AB,3w9e_AB_u_1,3W9D,C:D
5vph,5vph_D:C|A,AG,5vph_AG_u_0,3F5V,A
5vph,5vph_D:C|A,AG,5vph_AG_u_1,3F5V,B
5vph,5vph_D:C|A,AG,5vph_AG_u_2,1XKG,A
5vph,5vph_D:C|A,AG,5vph_AG_u_3,2AS8,A
5vph,5vph_D:C|A,AG,5vph_AG_u_4,2AS8,B
5vph,5vph_D:C|A,AB,5vph_AB_u_0,3RVT,D:C
5vph,5vph_D:C|A,AB,5vph_AB_u_1,3RVU,D:C
3hae,3hae_T:S|P:R,AB,3hae_AB_u_0,3GJE,B:A
3hae,3hae_T:S|P:R,AB,3hae_AB_u_1,3GJE,H:L
2wub,2wub_H:L|A,AG,2wub_AG_u_0,1EPT,A
2wub,2wub_H:L|A,AG,2wub_AG_u_1,1YBW,A
2wub,2wub_H:L|A,AG,2wub_AG_u_2,1YBW,B
4jm2,4jm2_D:C|E,AB,4jm2_AB_u_0,1RZ8,B:A
4jm2,4jm2_D:C|E,AB,4jm2_AB_u_1,1RZ8,D:C
2bdn,2bdn_H:L|A,AG,2bdn_AG_u_0,1DOK,A
2bdn,2bdn_H:L|A,AG,2bdn_AG_u_1,1DOK,B
2bdn,2bdn_H:L|A,AG,2bdn_AG_u_2,3IFD,A
2bdn,2bdn_H:L|A,AG,2bdn_AG_u_3,1DOL,A
2bdn,2bdn_H:L|A,AG,2bdn_AG_u_4,1DON,A
1fe8,1fe8_J:N|C,AG,1fe8_AG_u_0,1ATZ,A
1fe8,1fe8_J:N|C,AG,1fe8_AG_u_1,1ATZ,B
1fe8,1fe8_J:N|C,AG,1fe8_AG_u_2,1AO3,A
1fe8,1fe8_J:N|C,AG,1fe8_AG_u_3,1AO3,B
4kht,4kht_H:L|A,AG,4kht_AG_u_0,5KA5,A
4kht,4kht_H:L|A,AG,4kht_AG_u_1,5KA6,A
4kht,4kht_H:L|A,AG,4kht_AG_u_2,5KA6,B
4kht,4kht_H:L|A,AG,4kht_AG_u_3,5KA6,C
4kht,4kht_H:L|A,AG,4kht_AG_u_4,5CN0,A
5ies,5ies_H:L|C,AG,5ies_AG_u_0,5IDL,A
5ies,5ies_H:L|C,AB,5ies_AB_u_0,5IFA,H:L
6b70,6b70_C:D|A,AG,6b70_AG_u_0,4PFC,A
6b70,6b70_C:D|A,AG,6b70_AG_u_1,4PFC,B
6b70,6b70_C:D|A,AG,6b70_AG_u_2,4PF7,A
6b70,6b70_C:D|A,AG,6b70_AG_u_3,4PF7,B
6b70,6b70_C:D|A,AG,6b70_AG_u_4,4PF9,A
1k4d,1k4d_A:B|C,AG,1k4d_AG_u_0,2QTO,A
1k4d,1k4d_A:B|C,AG,1k4d_AG_u_1,2QTO,B
1k4d,1k4d_A:B|C,AG,1k4d_AG_u_2,2QTO,C
1k4d,1k4d_A:B|C,AG,1k4d_AG_u_3,2QTO,D
1k4d,1k4d_A:B|C,AG,1k4d_AG_u_4,3IFX,A
4j4p,4j4p_C:D|B,AG,4j4p_AG_u_0,5MOL,A
4j4p,4j4p_C:D|B,AG,4j4p_AG_u_1,5MOL,B
4j4p,4j4p_C:D|B,AG,4j4p_AG_u_2,2WQR,A
4j4p,4j4p_C:D|B,AG,4j4p_AG_u_3,2WQR,B
4j4p,4j4p_C:D|B,AG,4j4p_AG_u_4,5MOK,A
5t5n,5t5n_I:H|A,AG,5t5n_AG_u_0,6N25,A
5t5n,5t5n_I:H|A,AG,5t5n_AG_u_1,6N25,B
5t5n,5t5n_I:H|A,AG,5t5n_AG_u_2,6N25,C
5t5n,5t5n_I:H|A,AG,5t5n_AG_u_3,6N25,D
5t5n,5t5n_I:H|A,AG,5t5n_AG_u_4,6N25,E
4lu5,4lu5_H:L|B,AG,4lu5_AG_u_0,3K7B,A
4lu5,4lu5_H:L|B,AG,4lu5_AG_u_1,3K7B,B
1fsk,1fsk_F:E|D,AG,1fsk_AG_u_0,4BK7,A
1fsk,1fsk_F:E|D,AG,1fsk_AG_u_1,4BKD,A
1fsk,1fsk_F:E|D,AG,1fsk_AG_u_2,4MNS,A
1fsk,1fsk_F:E|D,AG,1fsk_AG_u_3,4A87,A
1fsk,1fsk_F:E|D,AG,1fsk_AG_u_4,4A85,A
3q3g,3q3g_H:F|I,AG,3q3g_AG_u_0,1MF7,A
3q3g,3q3g_H:F|I,AG,3q3g_AG_u_1,1NA5,A
3q3g,3q3g_H:F|I,AG,3q3g_AG_u_2,1IDO,A
3q3g,3q3g_H:F|I,AG,3q3g_AG_u_3,4XW2,A
3q3g,3q3g_H:F|I,AG,3q3g_AG_u_4,1JLM,A
5w9o,5w9o_E:F|D,AG,5w9o_AG_u_0,4NCU,A
5w9o,5w9o_E:F|D,AG,5w9o_AG_u_1,4NCW,A
5w9o,5w9o_E:F|D,AG,5w9o_AG_u_2,4NCW,B
5w9o,5w9o_E:F|D,AG,5w9o_AG_u_3,4NCW,C
5w9o,5w9o_E:F|D,AG,5w9o_AG_u_4,5X4R,A
5w9o,5w9o_E:F|D,AB,5w9o_AB_u_0,5VZR,A:B
5w9o,5w9o_E:F|D,AB,5w9o_AB_u_1,5VZR,H:L
5ebm,5ebm_A:B|C,AG,5ebm_AG_u_0,2QTO,A
5ebm,5ebm_A:B|C,AG,5ebm_AG_u_1,2QTO,B
5ebm,5ebm_A:B|C,AG,5ebm_AG_u_2,2QTO,C
5ebm,5ebm_A:B|C,AG,5ebm_AG_u_3,2QTO,D
5ebm,5ebm_A:B|C,AG,5ebm_AG_u_4,3IFX,A
4lsp,4lsp_H:L|G,AG,4lsp_AG_u_0,6ONF,A
4lsp,4lsp_H:L|G,AG,4lsp_AG_u_1,6ONE,A
4lsp,4lsp_H:L|G,AG,4lsp_AG_u_2,6ONH,A
4lsp,4lsp_H:L|G,AG,4lsp_AG_u_3,6P9N,A
4lsp,4lsp_H:L|G,AG,4lsp_AG_u_4,6ONV,A
2jix,2jix_D:G|E,AG,2jix_AG_u_0,1ERN,A
2jix,2jix_D:G|E,AG,2jix_AG_u_1,1ERN,B
6cue,6cue_562,AB,6cue_AB_u_0,4JY5,H:L
5do2,5do2_H:L|A,AG,5do2_AG_u_0,4L3N,A
5do2,5do2_H:L|A,AG,5do2_AG_u_1,4L3N,B
5do2,5do2_H:L|A,AG,5do2_AG_u_2,6Q04,A
5do2,5do2_H:L|A,AG,5do2_AG_u_3,6Q04,B
5do2,5do2_H:L|A,AG,5do2_AG_u_4,6Q04,C
4z5r,4z5r_U:T|I,AG,4z5r_AG_u_0,1RH2,A
4z5r,4z5r_U:T|I,AG,4z5r_AG_u_1,1RH2,B
4z5r,4z5r_U:T|I,AG,4z5r_AG_u_2,1RH2,C
4z5r,4z5r_U:T|I,AG,4z5r_AG_u_3,1RH2,D
4z5r,4z5r_U:T|I,AG,4z5r_AG_u_4,1RH2,E
2otu,2otu_F:E|R,AB,2otu_AB_u_0,2GSG,B:A
2otu,2otu_F:E|R,AB,2otu_AB_u_1,2GSG,D:C
4ywg,4ywg_I:M|Q,AG,4ywg_AG_u_0,6CMX,A
4ywg,4ywg_I:M|Q,AG,4ywg_AG_u_1,4Q0C,A
4ywg,4ywg_I:M|Q,AG,4ywg_AG_u_2,4Q0C,B
4ywg,4ywg_I:M|Q,AG,4ywg_AG_u_3,4Q0C,C
4ywg,4ywg_I:M|Q,AG,4ywg_AG_u_4,4Q0C,D
4rfn,4rfn_H:L|G,AG,4rfn_AG_u_0,6ONF,A
4rfn,4rfn_H:L|G,AG,4rfn_AG_u_1,6ONE,A
4rfn,4rfn_H:L|G,AG,4rfn_AG_u_2,6ONH,A
4rfn,4rfn_H:L|G,AG,4rfn_AG_u_3,6P9N,A
4rfn,4rfn_H:L|G,AG,4rfn_AG_u_4,6ONV,A
4rfn,4rfn_H:L|G,AB,4rfn_AB_u_0,4RFE,A:B
4rfn,4rfn_H:L|G,AB,4rfn_AB_u_1,4RFE,C:D
4rfn,4rfn_H:L|G,AB,4rfn_AB_u_2,4RFE,E:F
4rfn,4rfn_H:L|G,AB,4rfn_AB_u_3,4RFE,H:L
6njm,6njm_L:K|B,AG,6njm_AG_u_0,5N6P,A
2x7l,2x7l_H:L|N,AG,2x7l_AG_u_0,6BSY,A
2x7l,2x7l_H:L|N,AG,2x7l_AG_u_1,6BSY,B
2x7l,2x7l_H:L|N,AG,2x7l_AG_u_2,3LPH,A
2x7l,2x7l_H:L|N,AG,2x7l_AG_u_3,3LPH,B
2x7l,2x7l_H:L|N,AG,2x7l_AG_u_4,3LPH,C
5f9o,5f9o_H:L|G,AG,5f9o_AG_u_0,6ONF,A
5f9o,5f9o_H:L|G,AG,5f9o_AG_u_1,6ONE,A
5f9o,5f9o_H:L|G,AG,5f9o_AG_u_2,6ONH,A
5f9o,5f9o_H:L|G,AG,5f9o_AG_u_3,6P9N,A
5f9o,5f9o_H:L|G,AG,5f9o_AG_u_4,6ONV,A
6hig,6hig_H:L|B,AG,6hig_AG_u_0,6UMU,A
6hig,6hig_H:L|B,AG,6hig_AG_u_1,6UMV,A
6hig,6hig_H:L|B,AG,6hig_AG_u_2,3RRQ,A
6hig,6hig_H:L|B,AG,6hig_AG_u_3,2M2D,A
1ott,1ott_C:D|A,AG,1ott_AG_u_0,3NMO,A
1ott,1ott_C:D|A,AG,1ott_AG_u_1,4FTP,A
1ott,1ott_C:D|A,AG,1ott_AG_u_2,1KPK,A
1ott,1ott_C:D|A,AG,1ott_AG_u_3,1KPK,B
1ott,1ott_C:D|A,AG,1ott_AG_u_4,1KPK,C
6apb,6apb_H:L|C:A,AG,6apb_AG_u_0,6OJ7,A:A
6apb,6apb_H:L|C:A,AG,6apb_AG_u_1,3KPE,A:A
6apb,6apb_H:L|C:A,AG,6apb_AG_u_2,3KPE,B:B
6apb,6apb_H:L|C:A,AG,6apb_AG_u_3,6NTX,A:A
6apb,6apb_H:L|C:A,AG,6apb_AG_u_4,6NTX,B:B
4xwo,4xwo_E:F|B,AG,4xwo_AG_u_0,2WOJ,A
4xwo,4xwo_E:F|B,AG,4xwo_AG_u_1,2WOJ,B
4xwo,4xwo_E:F|B,AG,4xwo_AG_u_2,2WOJ,C
4xwo,4xwo_E:F|B,AG,4xwo_AG_u_3,2WOJ,D
4xwo,4xwo_E:F|B,AG,4xwo_AG_u_4,3H84,A
6h0e,6h0e_A:B|K,AG,6h0e_AG_u_0,6NWP,A
6h0e,6h0e_A:B|K,AG,6h0e_AG_u_1,6NWP,B
6h0e,6h0e_A:B|K,AG,6h0e_AG_u_2,6NWP,C
6h0e,6h0e_A:B|K,AG,6h0e_AG_u_3,6NWP,D
6h0e,6h0e_A:B|K,AG,6h0e_AG_u_4,6NWP,E
6h0e,6h0e_A:B|K,AB,6h0e_AB_u_0,5V7U,H:L
3v6z,3v6z_A:B|F,AG,3v6z_AG_u_0,5T2P,A
3v6z,3v6z_A:B|F,AG,3v6z_AG_u_1,5T2P,B
3v6z,3v6z_A:B|F,AG,3v6z_AG_u_2,5T2P,C
3v6z,3v6z_A:B|F,AG,3v6z_AG_u_3,5T2P,D
3v6z,3v6z_A:B|F,AG,3v6z_AG_u_4,5T2P,E
3v6z,3v6z_A:B|F,AB,3v6z_AB_u_0,3V6F,A:B
3v6z,3v6z_A:B|F,AB,3v6z_AB_u_1,3V6F,C:D
3v6z,3v6z_A:B|F,AB,3v6z_AB_u_2,3V6F,E:F
3v6z,3v6z_A:B|F,AB,3v6z_AB_u_3,3V6F,H:L
5f3h,5f3h_C:D|I,AG,5f3h_AG_u_0,5JI1,A
5f3h,5f3h_C:D|I,AG,5f3h_AG_u_1,5JI1,B
5f3h,5f3h_C:D|I,AG,5f3h_AG_u_2,5NTU,A
5f3h,5f3h_C:D|I,AG,5f3h_AG_u_3,5NTU,B
5f3h,5f3h_C:D|I,AG,5f3h_AG_u_4,5NXS,A
1kc5,1kc5_H:L|P,AB,1kc5_AB_u_0,1KCU,H:L
6adb,6adb_E:F|B,AG,6adb_AG_u_0,3NMO,A
6adb,6adb_E:F|B,AG,6adb_AG_u_1,4FTP,A
6adb,6adb_E:F|B,AG,6adb_AG_u_2,1KPK,A
6adb,6adb_E:F|B,AG,6adb_AG_u_3,1KPK,B
6adb,6adb_E:F|B,AG,6adb_AG_u_4,1KPK,C
2w65,2w65_C:D|F,AB,2w65_AB_u_0,2W60,A:B
4am0,4am0_E:F|Q,AG,4am0_AG_u_0,3WE1,A
4am0,4am0_E:F|Q,AG,4am0_AG_u_1,3WE1,B
4am0,4am0_E:F|Q,AG,4am0_AG_u_2,2H0P,A
3or7,3or7_A:B|C,AG,3or7_AG_u_0,2QTO,A
3or7,3or7_A:B|C,AG,3or7_AG_u_1,2QTO,B
3or7,3or7_A:B|C,AG,3or7_AG_u_2,2QTO,C
3or7,3or7_A:B|C,AG,3or7_AG_u_3,2QTO,D
3or7,3or7_A:B|C,AG,3or7_AG_u_4,3IFX,A
6ccb,6ccb_H:L|G,AB,6ccb_AB_u_0,4FQ2,H:L
3r1g,3r1g_H:L|B,AG,3r1g_AG_u_0,6UWP,A
3r1g,3r1g_H:L|B,AG,3r1g_AG_u_1,6UWP,B
3r1g,3r1g_H:L|B,AG,3r1g_AG_u_2,6EQM,A
3r1g,3r1g_H:L|B,AG,3r1g_AG_u_3,6EJ2,A
3r1g,3r1g_H:L|B,AG,3r1g_AG_u_4,6UWV,A
6njm,6njm_P:O|D,AG,6njm_AG_u_0,5N6P,A
5h32,5h32_K:L|B,AG,5h32_AG_u_0,5JHM,A
5h32,5h32_K:L|B,AG,5h32_AG_u_1,5JHM,B
5h32,5h32_K:L|B,AG,5h32_AG_u_2,5LBV,A
5h32,5h32_K:L|B,AG,5h32_AG_u_3,5LBV,B
5h32,5h32_K:L|B,AG,5h32_AG_u_4,5OMZ,A
5d9q,5d9q_N:M|J,AB,5d9q_AB_u_0,4JY5,H:L
1tet,1tet_H:L|P,AG,1tet_AG_u_0,5ELB,A
1tet,1tet_H:L|P,AG,1tet_AG_u_1,5ELB,B
1tet,1tet_H:L|P,AG,1tet_AG_u_2,5ELB,C
1tet,1tet_H:L|P,AG,1tet_AG_u_3,5ELB,D
1tet,1tet_H:L|P,AG,1tet_AG_u_4,5ELB,E
6apd,6apd_N:O|A,AG,6apd_AG_u_0,6EAD,F
6apd,6apd_N:O|A,AG,6apd_AG_u_1,6EAE,F
5k59,5k59_H:L|A,AG,5k59_AG_u_0,4TW1,A
5k59,5k59_H:L|A,AG,5k59_AG_u_1,4TW1,C
5k59,5k59_H:L|A,AG,5k59_AG_u_2,4TW1,E
5k59,5k59_H:L|A,AG,5k59_AG_u_3,4TW1,G
5k59,5k59_H:L|A,AG,5k59_AG_u_4,4TW1,I
2ht2,2ht2_C:D|A,AG,2ht2_AG_u_0,3NMO,A
2ht2,2ht2_C:D|A,AG,2ht2_AG_u_1,4FTP,A
2ht2,2ht2_C:D|A,AG,2ht2_AG_u_2,1KPK,A
2ht2,2ht2_C:D|A,AG,2ht2_AG_u_3,1KPK,B
2ht2,2ht2_C:D|A,AG,2ht2_AG_u_4,1KPK,C
5vta,5vta_K:J|A,AG,5vta_AG_u_0,2GBC,A
5vta,5vta_K:J|A,AG,5vta_AG_u_1,2GBC,B
5vta,5vta_K:J|A,AG,5vta_AG_u_2,2I3Z,A
5vta,5vta_K:J|A,AG,5vta_AG_u_3,2I3Z,B
5vta,5vta_K:J|A,AG,5vta_AG_u_4,2OAE,A
4nzr,4nzr_H:L|M,AB,4nzr_AB_u_0,4JM4,H:L
2ltq,2ltq_F:E|D,AG,2ltq_AG_u_0,2K73,A
2ltq,2ltq_F:E|D,AG,2ltq_AG_u_1,2L0O,A
2ltq,2ltq_F:E|D,AG,2ltq_AG_u_2,2L0N,A
2ltq,2ltq_F:E|D,AG,2ltq_AG_u_3,2K74,A
1iqd,1iqd_B:A|C,AG,1iqd_AG_u_0,3HNY,M
1iqd,1iqd_B:A|C,AG,1iqd_AG_u_1,3HNB,M
1iqd,1iqd_B:A|C,AG,1iqd_AG_u_2,1D7P,M
1iqd,1iqd_B:A|C,AG,1iqd_AG_u_3,3HOB,A
1iqd,1iqd_B:A|C,AG,1iqd_AG_u_4,3HOB,M
6pdx,6pdx_O:P|C,AG,6pdx_AG_u_0,6GOL,A
6pdx,6pdx_O:P|C,AG,6pdx_AG_u_1,6BKS,B
6pdx,6pdx_O:P|C,AG,6pdx_AG_u_2,6BKT,A
6pdx,6pdx_O:P|C,AG,6pdx_AG_u_3,6BKT,B
6pdx,6pdx_O:P|C,AG,6pdx_AG_u_4,6BKO,B
5o14,5o14_C:D|B,AG,5o14_AG_u_0,3KVD,D
5o14,5o14_C:D|B,AG,5o14_AG_u_1,2KC0,A
5o14,5o14_C:D|B,AG,5o14_AG_u_2,1YS5,A
1fdl,1fdl_H:L|Y,AG,1fdl_AG_u_0,6F1O,A
1fdl,1fdl_H:L|Y,AG,1fdl_AG_u_1,6A10,A
1fdl,1fdl_H:L|Y,AG,1fdl_AG_u_2,6A10,B
1fdl,1fdl_H:L|Y,AG,1fdl_AG_u_3,6A10,C
1fdl,1fdl_H:L|Y,AG,1fdl_AG_u_4,6G8A,C
1fdl,1fdl_H:L|Y,AB,1fdl_AB_u_0,1VFA,B:A
1fdl,1fdl_H:L|Y,AB,1fdl_AB_u_1,1A7Q,H:L
1fdl,1fdl_H:L|Y,AB,1fdl_AB_u_2,1A7R,H:L
1fdl,1fdl_H:L|Y,AB,1fdl_AB_u_3,1A7N,H:L
1fdl,1fdl_H:L|Y,AB,1fdl_AB_u_4,1A7P,H:L
6bli,6bli_J:K|L,AG,6bli_AG_u_0,1KWD,A
6bli,6bli_J:K|L,AG,6bli_AG_u_1,1KWE,A
6h0e,6h0e_E:F|J,AG,6h0e_AG_u_0,6NWP,A
6h0e,6h0e_E:F|J,AG,6h0e_AG_u_1,6NWP,B
6h0e,6h0e_E:F|J,AG,6h0e_AG_u_2,6NWP,C
6h0e,6h0e_E:F|J,AG,6h0e_AG_u_3,6NWP,D
6h0e,6h0e_E:F|J,AG,6h0e_AG_u_4,6NWP,E
6h0e,6h0e_E:F|J,AB,6h0e_AB_u_0,5V7U,H:L
6q1z,6q1z_D:C|B,AG,6q1z_AG_u_0,6PZD,A
6q1z,6q1z_D:C|B,AG,6q1z_AG_u_1,4MWX,A
6q1z,6q1z_D:C|B,AG,6q1z_AG_u_2,4MWY,A
6q1z,6q1z_D:C|B,AG,6q1z_AG_u_3,4MWJ,A
6q1z,6q1z_D:C|B,AG,6q1z_AG_u_4,4MWU,A
5d96,5d96_J:I|D,AG,5d96_AG_u_0,5D8I,A
5d96,5d96_J:I|D,AG,5d96_AG_u_1,5D8I,B
5d96,5d96_J:I|D,AG,5d96_AG_u_2,3T58,A
5d96,5d96_J:I|D,AG,5d96_AG_u_3,3T58,B
5d96,5d96_J:I|D,AG,5d96_AG_u_4,3T58,C
4om0,4om0_H:L|G,AG,4om0_AG_u_0,6ONH,A
4om0,4om0_H:L|G,AG,4om0_AG_u_1,6ONV,A
5v6m,5v6m_H:L|P,AG,5v6m_AG_u_0,1CE4,A
1j5o,1j5o_H:L|B,AG,1j5o_AG_u_0,6ECL,A
1j5o,1j5o_H:L|B,AG,1j5o_AG_u_1,6ECL,B
5y9j,5y9j_H:L|A,AG,5y9j_AG_u_0,1KXG,A
5y9j,5y9j_H:L|A,AG,5y9j_AG_u_1,1KXG,B
5y9j,5y9j_H:L|A,AG,5y9j_AG_u_2,1KXG,C
5y9j,5y9j_H:L|A,AG,5y9j_AG_u_3,1KXG,D
5y9j,5y9j_H:L|A,AG,5y9j_AG_u_4,1KXG,E
5y9j,5y9j_H:L|A,AB,5y9j_AB_u_0,5Y9K,H:L
5otj,5otj_H:L|C,AG,5otj_AG_u_0,5CPS,A
5otj,5otj_H:L|C,AG,5otj_AG_u_1,5CPS,B
5otj,5otj_H:L|C,AG,5otj_AG_u_2,6CGO,A
5otj,5otj_H:L|C,AG,5otj_AG_u_3,6CGO,B
5otj,5otj_H:L|C,AG,5otj_AG_u_4,5CSY,A
4m62,4m62_H:L|S,AG,4m62_AG_u_0,3LF6,A
4m62,4m62_H:L|S,AG,4m62_AG_u_1,3LF6,B
4m62,4m62_H:L|S,AG,4m62_AG_u_2,3T43,A
4m62,4m62_H:L|S,AG,4m62_AG_u_3,3T43,B
4m62,4m62_H:L|S,AB,4m62_AB_u_0,4OB5,H:L
4m62,4m62_H:L|S,AB,4m62_AB_u_1,4LRN,H:L
4ong,4ong_H:L|P,AG,4ong_AG_u_0,6NB9,A
4ong,4ong_H:L|P,AG,4ong_AG_u_1,6OIZ,A
4ong,4ong_H:L|P,AG,4ong_AG_u_2,5BUO,A
4ong,4ong_H:L|P,AG,4ong_AG_u_3,5BUO,B
4ong,4ong_H:L|P,AG,4ong_AG_u_4,5OQV,A
6oe5,6oe5_H:L|A,AG,6oe5_AG_u_0,6EAK,F
6oe5,6oe5_H:L|A,AG,6oe5_AG_u_1,6EAM,F
6oe5,6oe5_H:L|A,AG,6oe5_AG_u_2,6EAL,F
6oe5,6oe5_H:L|A,AG,6oe5_AG_u_3,6EAI,A
6oe5,6oe5_H:L|A,AG,6oe5_AG_u_4,6EAI,B
1bj1,1bj1_K:J|V,AG,1bj1_AG_u_0,1MKK,A
1bj1,1bj1_K:J|V,AG,1bj1_AG_u_1,1MKK,B
1bj1,1bj1_K:J|V,AG,1bj1_AG_u_2,4KZN,A
1bj1,1bj1_K:J|V,AG,1bj1_AG_u_3,3QTK,A
1bj1,1bj1_K:J|V,AG,1bj1_AG_u_4,3QTK,B
5c6t,5c6t_H:L|A,AG,5c6t_AG_u_0,4OSN,A
4g6m,4g6m_H:L|A,AG,4g6m_AG_u_0,2NVH,A
4g6m,4g6m_H:L|A,AG,4g6m_AG_u_1,1L2H,A
4g6m,4g6m_H:L|A,AG,4g6m_AG_u_2,4I1B,A
4g6m,4g6m_H:L|A,AG,4g6m_AG_u_3,31BI,A
4g6m,4g6m_H:L|A,AG,4g6m_AG_u_4,2I1B,A
4g6m,4g6m_H:L|A,AB,4g6m_AB_u_0,4G6K,H:L
4yhp,4yhp_C:D|Q,AG,4yhp_AG_u_0,6U04,A
4yhp,4yhp_C:D|Q,AG,4yhp_AG_u_1,3A1B,A
4yhp,4yhp_C:D|Q,AB,4yhp_AB_u_0,4YHY,B:C
4yhp,4yhp_C:D|Q,AB,4yhp_AB_u_1,4YHY,H:L
5c7x,5c7x_M:N|B,AG,5c7x_AG_u_0,2GMF,A
5c7x,5c7x_M:N|B,AG,5c7x_AG_u_1,2GMF,B
5c7x,5c7x_M:N|B,AG,5c7x_AG_u_2,1CSG,A
5c7x,5c7x_M:N|B,AG,5c7x_AG_u_3,1CSG,B
5c7x,5c7x_M:N|B,AB,5c7x_AB_u_0,5D7S,H:L
2w65,2w65_A:B|E,AB,2w65_AB_u_0,2W60,A:B
4rgo,4rgo_H:L|S,AG,4rgo_AG_u_0,3SEB,A
4rgo,4rgo_H:L|S,AG,4rgo_AG_u_1,3GP7,A
4rgo,4rgo_H:L|S,AG,4rgo_AG_u_2,3GP7,B
4rgo,4rgo_H:L|S,AG,4rgo_AG_u_3,1SE4,A
4rgo,4rgo_H:L|S,AG,4rgo_AG_u_4,1GOZ,A
5do2,5do2_C:D|B,AG,5do2_AG_u_0,4L3N,A
5do2,5do2_C:D|B,AG,5do2_AG_u_1,4L3N,B
5do2,5do2_C:D|B,AG,5do2_AG_u_2,6Q04,A
5do2,5do2_C:D|B,AG,5do2_AG_u_3,6Q04,B
5do2,5do2_C:D|B,AG,5do2_AG_u_4,6Q04,C
1bvk,1bvk_E:D|F,AG,1bvk_AG_u_0,6F1O,A
1bvk,1bvk_E:D|F,AG,1bvk_AG_u_1,6A10,A
1bvk,1bvk_E:D|F,AG,1bvk_AG_u_2,6A10,B
1bvk,1bvk_E:D|F,AG,1bvk_AG_u_3,6A10,C
1bvk,1bvk_E:D|F,AG,1bvk_AG_u_4,6G8A,C
1bvk,1bvk_E:D|F,AB,1bvk_AB_u_0,1BVL,A:B
1bvk,1bvk_E:D|F,AB,1bvk_AB_u_1,1BVL,C:D
4jdt,4jdt_H:L|G,AG,4jdt_AG_u_0,6ONH,A
4jdt,4jdt_H:L|G,AG,4jdt_AG_u_1,6ONV,A
4hg4,4hg4_X:Y|H,AG,4hg4_AG_u_0,3QQI,A
4hg4,4hg4_X:Y|H,AG,4hg4_AG_u_1,3QQI,B
4hg4,4hg4_X:Y|H,AG,4hg4_AG_u_2,3QQB,A
4hg4,4hg4_X:Y|H,AG,4hg4_AG_u_3,3QQE,A
4hg4,4hg4_X:Y|H,AG,4hg4_AG_u_4,2WR7,A
5w9h,5w9h_E:F|D,AG,5w9h_AG_u_0,4NCU,A
5w9h,5w9h_E:F|D,AG,5w9h_AG_u_1,4NCW,A
5w9h,5w9h_E:F|D,AG,5w9h_AG_u_2,4NCW,B
5w9h,5w9h_E:F|D,AG,5w9h_AG_u_3,4NCW,C
5w9h,5w9h_E:F|D,AG,5w9h_AG_u_4,5X4R,A
5w9h,5w9h_E:F|D,AB,5w9h_AB_u_0,5VZR,A:B
5w9h,5w9h_E:F|D,AB,5w9h_AB_u_1,5VZR,H:L
5lbs,5lbs_I:M|B,AG,5lbs_AG_u_0,5JHM,A
5lbs,5lbs_I:M|B,AG,5lbs_AG_u_1,5JHM,B
5lbs,5lbs_I:M|B,AG,5lbs_AG_u_2,5OMZ,A
6al5,6al5_H:L|A,AB,6al5_AB_u_0,6AL4,B:A
6al5,6al5_H:L|A,AB,6al5_AB_u_1,6AL4,D:C
6al5,6al5_H:L|A,AB,6al5_AB_u_2,6AL4,F:E
5kjr,5kjr_H:L|G,AG,5kjr_AG_u_0,6ONH,A
5kjr,5kjr_H:L|G,AG,5kjr_AG_u_1,6ONV,A
6edu,6edu_J:K|F:G,AB,6edu_AB_u_0,3LMJ,H:L
5ezo,5ezo_H:L|A,AG,5ezo_AG_u_0,5EZN,A
5ezo,5ezo_H:L|A,AG,5ezo_AG_u_1,5EZN,B
5ezo,5ezo_H:L|A,AG,5ezo_AG_u_2,5EZN,E
5ezo,5ezo_H:L|A,AG,5ezo_AG_u_3,5EZN,G
5ezo,5ezo_H:L|A,AG,5ezo_AG_u_4,5TIK,A
5ezo,5ezo_H:L|A,AB,5ezo_AB_u_0,5EZI,H:L
5ezo,5ezo_H:L|A,AB,5ezo_AB_u_1,5EZJ,A:B
5ezo,5ezo_H:L|A,AB,5ezo_AB_u_2,5EZL,A:B
5ezo,5ezo_H:L|A,AB,5ezo_AB_u_3,5EZL,H:L
5ug0,5ug0_D:C|A,AG,5ug0_AG_u_0,6CHX,A
5ug0,5ug0_D:C|A,AG,5ug0_AG_u_1,6CHX,B
5ug0,5ug0_D:C|A,AG,5ug0_AG_u_2,4EDB,A
5ug0,5ug0_D:C|A,AG,5ug0_AG_u_3,4EDB,C
5ug0,5ug0_D:C|A,AG,5ug0_AG_u_4,4EDB,E
6icc,6icc_H:L|A,AB,6icc_AB_u_0,4YNY,A:B
6icc,6icc_H:L|A,AB,6icc_AB_u_1,4YNY,C:D
5f96,5f96_H:L|G,AG,5f96_AG_u_0,6ONH,A
5f96,5f96_H:L|G,AG,5f96_AG_u_1,6ONV,A
5b8c,5b8c_H:G|I,AG,5b8c_AG_u_0,6UMU,A
5b8c,5b8c_H:G|I,AG,5b8c_AG_u_1,6UMV,A
5b8c,5b8c_H:G|I,AG,5b8c_AG_u_2,3RRQ,A
5b8c,5b8c_H:G|I,AG,5b8c_AG_u_3,2M2D,A
5b8c,5b8c_H:G|I,AB,5b8c_AB_u_0,5DK3,B:A
5b8c,5b8c_H:G|I,AB,5b8c_AB_u_1,5DK3,G:F
2ltq,2ltq_C:B|A,AG,2ltq_AG_u_0,2K73,A
2ltq,2ltq_C:B|A,AG,2ltq_AG_u_1,2L0O,A
2ltq,2ltq_C:B|A,AG,2ltq_AG_u_2,2L0N,A
2ltq,2ltq_C:B|A,AG,2ltq_AG_u_3,2K74,A
6hjq,6hjq_K:L|F:E,AG,6hjq_AG_u_0,6HJN,B:A
6hjq,6hjq_K:L|F:E,AG,6hjq_AG_u_1,6HJN,D:C
6hjq,6hjq_K:L|F:E,AG,6hjq_AG_u_2,6HJN,F:E
6hjq,6hjq_K:L|F:E,AG,6hjq_AG_u_3,6HJR,B:A
6hjq,6hjq_K:L|F:E,AG,6hjq_AG_u_4,6HJR,D:C
6hjq,6hjq_K:L|F:E,AB,6hjq_AB_u_0,6HKG,A:B
5zxv,5zxv_H:L|A,AG,5zxv_AG_u_0,4L3N,A
5zxv,5zxv_H:L|A,AG,5zxv_AG_u_1,4L3N,B
5zxv,5zxv_H:L|A,AG,5zxv_AG_u_2,6Q04,A
5zxv,5zxv_H:L|A,AG,5zxv_AG_u_3,6Q04,B
5zxv,5zxv_H:L|A,AG,5zxv_AG_u_4,6Q04,C
4u6h,4u6h_C:D|J,AG,4u6h_AG_u_0,1YPY,A
4u6h,4u6h_C:D|J,AG,4u6h_AG_u_1,1YPY,B
3iet,3iet_D:C|Q,AB,3iet_AB_u_0,3IF1,B:A
3iet,3iet_D:C|Q,AB,3iet_AB_u_1,3IF1,D:C
1qfw,1qfw_H:L|A,AG,1qfw_AG_u_0,1HCN,A
1qfw,1qfw_H:L|A,AG,1qfw_AG_u_1,1HRP,A
1qfw,1qfw_H:L|A,AG,1qfw_AG_u_2,1HD4,A
1qfw,1qfw_H:L|A,AG,1qfw_AG_u_3,1DZ7,A
1qfw,1qfw_H:L|A,AG,1qfw_AG_u_4,1E9J,A
6uvo,6uvo_H:L|D,AG,6uvo_AG_u_0,1KWD,A
6uvo,6uvo_H:L|D,AG,6uvo_AG_u_1,1KWE,A
1xcq,1xcq_B:A|P:L,AB,1xcq_AB_u_0,1NLB,H:L
4r2g,4r2g_D:C|O,AG,4r2g_AG_u_0,3DNL,A
4r2g,4r2g_D:C|O,AG,4r2g_AG_u_1,3DNL,C
4r2g,4r2g_D:C|O,AG,4r2g_AG_u_2,3DNL,D
4r2g,4r2g_D:C|O,AG,4r2g_AG_u_3,3DNL,F
4r2g,4r2g_D:C|O,AG,4r2g_AG_u_4,3DNL,G
4r2g,4r2g_D:C|O,AB,4r2g_AB_u_0,5CEY,B:A
4r2g,4r2g_D:C|O,AB,4r2g_AB_u_1,5CEY,D:C
4r2g,4r2g_D:C|O,AB,4r2g_AB_u_2,4R26,H:L
3uc0,3uc0_H:L|A,AG,3uc0_AG_u_0,6H05,A
3uc0,3uc0_H:L|A,AG,3uc0_AG_u_1,6NT3,A
3uc0,3uc0_H:L|A,AG,3uc0_AG_u_2,6JBJ,A
3uc0,3uc0_H:L|A,AG,3uc0_AG_u_3,6JBJ,B
3uc0,3uc0_H:L|A,AG,3uc0_AG_u_4,6VAI,A
1a3r,1a3r_H:L|P,AB,1a3r_AB_u_0,1BBD,H:L
4y5x,4y5x_D:E|F,AG,4y5x_AG_u_0,1ERN,A
4y5x,4y5x_D:E|F,AG,4y5x_AG_u_1,1ERN,B
6mtj,6mtj_D:E|B,AB,6mtj_AB_u_0,4TOY,H:L
4ot1,4ot1_H:L|A,AG,4ot1_AG_u_0,4OSN,A
4ot1,4ot1_H:L|A,AB,4ot1_AB_u_0,4OSU,H:L
5h37,5h37_K:L|B,AG,5h37_AG_u_0,5JHM,A
5h37,5h37_K:L|B,AG,5h37_AG_u_1,5JHM,B
5h37,5h37_K:L|B,AG,5h37_AG_u_2,5LBV,A
5h37,5h37_K:L|B,AG,5h37_AG_u_3,5LBV,B
5h37,5h37_K:L|B,AG,5h37_AG_u_4,5OMZ,A
6pxh,6pxh_H:L|B,AG,6pxh_AG_u_0,5X4R,A
6pxh,6pxh_H:L|B,AG,6pxh_AG_u_1,6Q04,A
6pxh,6pxh_H:L|B,AG,6pxh_AG_u_2,6Q04,B
6pxh,6pxh_H:L|B,AG,6pxh_AG_u_3,6Q04,C
6pxh,6pxh_H:L|B,AG,6pxh_AG_u_4,6Q06,A
6pxh,6pxh_H:L|B,AB,6pxh_AB_u_0,6PXG,A:B
6pxh,6pxh_H:L|B,AB,6pxh_AB_u_1,6PXG,C:D
6pxh,6pxh_H:L|B,AB,6pxh_AB_u_2,6PXG,E:F
6pxh,6pxh_H:L|B,AB,6pxh_AB_u_3,6PXG,H:L
5d72,5d72_H:L|A,AG,5d72_AG_u_0,2GMF,A
5d72,5d72_H:L|A,AG,5d72_AG_u_1,2GMF,B
5d72,5d72_H:L|A,AG,5d72_AG_u_2,1CSG,A
5d72,5d72_H:L|A,AG,5d72_AG_u_3,1CSG,B
3ck0,3ck0_H:L|P,AB,3ck0_AB_u_0,1CK0,H:L
6c5v,6c5v_H:L|A:C:B,AB,6c5v_AB_u_0,6BLA,H:L
1j1p,1j1p_H:L|Y,AG,1j1p_AG_u_0,6F1O,A
1j1p,1j1p_H:L|Y,AG,1j1p_AG_u_1,6A10,A
1j1p,1j1p_H:L|Y,AG,1j1p_AG_u_2,6A10,B
1j1p,1j1p_H:L|Y,AG,1j1p_AG_u_3,6A10,C
1j1p,1j1p_H:L|Y,AG,1j1p_AG_u_4,6G8A,C
5utf,5utf_H:L|G,AB,5utf_AB_u_0,4JY5,H:L
5mhr,5mhr_I:H|B,AG,5mhr_AG_u_0,2OJ5,A
5mhr,5mhr_I:H|B,AG,5mhr_AG_u_1,2OJ5,B
5mhr,5mhr_I:H|B,AG,5mhr_AG_u_2,2OJ5,C
5mhr,5mhr_I:H|B,AG,5mhr_AG_u_3,2OJ5,D
5mhr,5mhr_I:H|B,AG,5mhr_AG_u_4,2OJ5,E
6u0l,6u0l_H:L|A,AB,6u0l_AB_u_0,1RZF,H:L
5w5z,5w5z_H:L|A,AG,5w5z_AG_u_0,5W60,A
5w5z,5w5z_H:L|A,AG,5w5z_AG_u_1,4S0O,A
5w5z,5w5z_H:L|A,AG,5w5z_AG_u_2,4S0O,B
5w5z,5w5z_H:L|A,AG,5w5z_AG_u_3,6EB6,A
5w5z,5w5z_H:L|A,AG,5w5z_AG_u_4,4BD8,A
5nhr,5nhr_H:L|C,AB,5nhr_AB_u_0,5NHW,H:L
1v7n,1v7n_H:L|V,AB,1v7n_AB_u_0,2ZKH,H:L
4nrx,4nrx_H:L|P,AB,4nrx_AB_u_0,4NRY,A:B
4nrx,4nrx_H:L|P,AB,4nrx_AB_u_1,4NRY,H:L
4rrp,4rrp_K:E|Q,AG,4rrp_AG_u_0,1ROC,A
4rrp,4rrp_K:E|Q,AG,4rrp_AG_u_1,2IDC,A
4rrp,4rrp_K:E|Q,AG,4rrp_AG_u_2,1WG3,A
1tzh,1tzh_B:A|W,AG,1tzh_AG_u_0,1MKK,A
1tzh,1tzh_B:A|W,AG,1tzh_AG_u_1,1MKK,B
1tzh,1tzh_B:A|W,AG,1tzh_AG_u_2,4KZN,A
1tzh,1tzh_B:A|W,AG,1tzh_AG_u_3,3QTK,A
1tzh,1tzh_B:A|W,AG,1tzh_AG_u_4,3QTK,B
5n7w,5n7w_H:L|X,AG,5n7w_AG_u_0,4HR9,A
5n7w,5n7w_H:L|X,AG,5n7w_AG_u_1,4HR9,B
4f3f,4f3f_B:A|C,AB,4f3f_AB_u_0,4F33,B:A
4f3f,4f3f_B:A|C,AB,4f3f_AB_u_1,4F33,D:C
4f3f,4f3f_B:A|C,AB,4f3f_AB_u_2,4F33,F:E
4f3f,4f3f_B:A|C,AB,4f3f_AB_u_3,4F33,H:G
6mhg,6mhg_M:W|E,AG,6mhg_AG_u_0,3VDJ,A
6mhg,6mhg_M:W|E,AG,6mhg_AG_u_1,3VDK,A
6mhg,6mhg_M:W|E,AG,6mhg_AG_u_2,3VDL,A
6mhg,6mhg_M:W|E,AG,6mhg_AG_u_3,3VDL,B
6mhg,6mhg_M:W|E,AG,6mhg_AG_u_4,3VDL,C
6u0l,6u0l_P:Q|C,AB,6u0l_AB_u_0,1RZF,H:L
2dqh,2dqh_H:L|Y,AG,2dqh_AG_u_0,6F1O,A
2dqh,2dqh_H:L|Y,AG,2dqh_AG_u_1,6A10,A
2dqh,2dqh_H:L|Y,AG,2dqh_AG_u_2,6A10,B
2dqh,2dqh_H:L|Y,AG,2dqh_AG_u_3,6A10,C
2dqh,2dqh_H:L|Y,AG,2dqh_AG_u_4,6G8A,C
6mft,6mft_H:L|G,AG,6mft_AG_u_0,5FA2,A
6mft,6mft_H:L|G,AG,6mft_AG_u_1,5FA2,B
6mft,6mft_H:L|G,AG,6mft_AG_u_2,3DNL,A
6mft,6mft_H:L|G,AG,6mft_AG_u_3,3DNL,D
6mft,6mft_H:L|G,AG,6mft_AG_u_4,3DNL,G
4kjp,4kjp_C:D|A,AG,4kjp_AG_u_0,3NMO,A
4kjp,4kjp_C:D|A,AG,4kjp_AG_u_1,4FTP,A
4kjp,4kjp_C:D|A,AG,4kjp_AG_u_2,1KPK,A
4kjp,4kjp_C:D|A,AG,4kjp_AG_u_3,1KPK,B
4kjp,4kjp_C:D|A,AG,4kjp_AG_u_4,1KPK,C
4hix,4hix_H:L|A,AG,4hix_AG_u_0,5BUO,A
4hix,4hix_H:L|A,AG,4hix_AG_u_1,5BUO,B
4hix,4hix_H:L|A,AG,4hix_AG_u_2,5OQV,A
4hix,4hix_H:L|A,AG,4hix_AG_u_3,5OQV,B
4hix,4hix_H:L|A,AG,4hix_AG_u_4,5OQV,C
3whe,3whe_Y:Z|G,AG,3whe_AG_u_0,6GOL,A
3whe,3whe_Y:Z|G,AG,3whe_AG_u_1,6BKS,B
3whe,3whe_Y:Z|G,AG,3whe_AG_u_2,6BKT,B
3whe,3whe_Y:Z|G,AG,3whe_AG_u_3,6BKO,B
3whe,3whe_Y:Z|G,AG,3whe_AG_u_4,6BKN,B
6hjp,6hjp_G:H|B:A,AG,6hjp_AG_u_0,6HJN,B:A
6hjp,6hjp_G:H|B:A,AG,6hjp_AG_u_1,6HJN,D:C
6hjp,6hjp_G:H|B:A,AG,6hjp_AG_u_2,6HJN,F:E
6hjp,6hjp_G:H|B:A,AG,6hjp_AG_u_3,6HJR,B:A
6hjp,6hjp_G:H|B:A,AG,6hjp_AG_u_4,6HJR,D:C
6hjp,6hjp_G:H|B:A,AB,6hjp_AB_u_0,6HKG,A:B
6fxn,6fxn_M:N|J,AG,6fxn_AG_u_0,1KXG,A
6fxn,6fxn_M:N|J,AG,6fxn_AG_u_1,1KXG,B
6fxn,6fxn_M:N|J,AG,6fxn_AG_u_2,1KXG,C
6fxn,6fxn_M:N|J,AG,6fxn_AG_u_3,1KXG,D
6fxn,6fxn_M:N|J,AG,6fxn_AG_u_4,1KXG,E
6fxn,6fxn_M:N|J,AB,6fxn_AB_u_0,5Y9K,H:L
4lqf,4lqf_H:L|A,AG,4lqf_AG_u_0,3K7B,A
4lqf,4lqf_H:L|A,AG,4lqf_AG_u_1,3K7B,B
6pe8,6pe8_A:B|U,AB,6pe8_AB_u_0,6PE7,H:L
5xbm,5xbm_E:D|F,AG,5xbm_AG_u_0,4Q4F,A
5xbm,5xbm_E:D|F,AG,5xbm_AG_u_1,4Q4B,A
5xbm,5xbm_E:D|F,AG,5xbm_AG_u_2,4TW2,A
5xbm,5xbm_E:D|F,AG,5xbm_AG_u_3,4TW2,B
5xbm,5xbm_E:D|F,AG,5xbm_AG_u_4,5UPH,A
6njl,6njl_N:M|B,AG,6njl_AG_u_0,5N6P,A
6b0s,6b0s_H:L|C,AG,6b0s_AG_u_0,3VDJ,A
6b0s,6b0s_H:L|C,AG,6b0s_AG_u_1,3VDK,A
6b0s,6b0s_H:L|C,AG,6b0s_AG_u_2,3VDL,A
6b0s,6b0s_H:L|C,AG,6b0s_AG_u_3,3VDL,B
6b0s,6b0s_H:L|C,AG,6b0s_AG_u_4,3VDL,C
6b0s,6b0s_H:L|C,AB,6b0s_AB_u_0,6B0W,H:L
3bsz,3bsz_N:M|E,AG,3bsz_AG_u_0,5NU9,A
3bsz,3bsz_N:M|E,AG,3bsz_AG_u_1,5NU7,A
3bsz,3bsz_N:M|E,AG,3bsz_AG_u_2,5NU2,A
3bsz,3bsz_N:M|E,AG,3bsz_AG_u_3,5NU8,A
3bsz,3bsz_N:M|E,AG,3bsz_AG_u_4,5NUA,A
6mu8,6mu8_D:E|B,AB,6mu8_AB_u_0,4TOY,H:L
6iea,6iea_H:L|A,AG,6iea_AG_u_0,6F8P,A
6iea,6iea_H:L|A,AG,6iea_AG_u_1,5Y0W,A
6iea,6iea_H:L|A,AG,6iea_AG_u_2,5Y0Y,A
6iea,6iea_H:L|A,AG,6iea_AG_u_3,6F9C,A
6iea,6iea_H:L|A,AG,6iea_AG_u_4,6F9C,C
6ppg,6ppg_B:A|G,AG,6ppg_AG_u_0,6HGO,A
6ppg,6ppg_B:A|G,AG,6ppg_AG_u_1,6HGO,B
6ppg,6ppg_B:A|G,AG,6ppg_AG_u_2,6HGO,C
6ppg,6ppg_B:A|G,AG,6ppg_AG_u_3,6HGO,D
6ppg,6ppg_B:A|G,AG,6ppg_AG_u_4,1JPY,A
1oak,1oak_H:L|A,AG,1oak_AG_u_0,5BV8,A
1oak,1oak_H:L|A,AG,1oak_AG_u_1,1IJB,A
1oak,1oak_H:L|A,AG,1oak_AG_u_2,4C29,A
1oak,1oak_H:L|A,AG,1oak_AG_u_3,4C29,B
1oak,1oak_H:L|A,AG,1oak_AG_u_4,1AUQ,A
4lou,4lou_E:F|B,AG,4lou_AG_u_0,3NMO,A
4lou,4lou_E:F|B,AG,4lou_AG_u_1,4FTP,A
4lou,4lou_E:F|B,AG,4lou_AG_u_2,1KPK,A
4lou,4lou_E:F|B,AG,4lou_AG_u_3,1KPK,B
4lou,4lou_E:F|B,AG,4lou_AG_u_4,1KPK,C
1v7m,1v7m_I:M|X,AB,1v7m_AB_u_0,2ZKH,H:L
3csy,3csy_C:D|N:M,AB,3csy_AB_u_0,3INU,H:L
3csy,3csy_C:D|N:M,AB,3csy_AB_u_1,3INU,M:N
3ehb,3ehb_C:D|B,AB,3ehb_AB_u_0,1MQK,H:L
1i9r,1i9r_H:L|A,AG,1i9r_AG_u_0,1ALY,A
1i9r,1i9r_H:L|A,AG,1i9r_AG_u_1,3LKJ,A
1i9r,1i9r_H:L|A,AG,1i9r_AG_u_2,3LKJ,B
1i9r,1i9r_H:L|A,AG,1i9r_AG_u_3,3LKJ,C
6mlk,6mlk_H:L|A,AG,6mlk_AG_u_0,5D3K,A
6mlk,6mlk_H:L|A,AG,6mlk_AG_u_1,5D3Z,A
6mlk,6mlk_H:L|A,AG,6mlk_AG_u_2,1KEZ,A
6mlk,6mlk_H:L|A,AG,6mlk_AG_u_3,1KEZ,B
6mlk,6mlk_H:L|A,AG,6mlk_AG_u_4,1KEZ,C
6ea5,6ea5_H:L|F:A,AB,6ea5_AB_u_0,6DZN,H:L
5h37,5h37_G:H|A,AG,5h37_AG_u_0,5JHM,A
5h37,5h37_G:H|A,AG,5h37_AG_u_1,5JHM,B
5h37,5h37_G:H|A,AG,5h37_AG_u_2,5LBV,A
5h37,5h37_G:H|A,AG,5h37_AG_u_3,5LBV,B
5h37,5h37_G:H|A,AG,5h37_AG_u_4,5OMZ,A
6tys,6tys_F:G|E,AG,6tys_AG_u_0,2YNY,A
6tys,6tys_F:G|E,AG,6tys_AG_u_1,2YNY,B
6tys,6tys_F:G|E,AG,6tys_AG_u_2,2YNY,C
6tys,6tys_F:G|E,AG,6tys_AG_u_3,2YNZ,A
6tys,6tys_F:G|E,AG,6tys_AG_u_4,2YNZ,B
6tys,6tys_F:G|E,AB,6tys_AB_u_0,6U1T,H:L
6mar,6mar_M:N|B:A:F,AB,6mar_AB_u_0,4NUJ,B:A
6mar,6mar_M:N|B:A:F,AB,6mar_AB_u_1,4NUG,H:L
5ken,5ken_N:O|M,AG,5ken_AG_u_0,2EBO,A
5ken,5ken_N:O|M,AG,5ken_AG_u_1,2EBO,B
5ken,5ken_N:O|M,AG,5ken_AG_u_2,2EBO,C
5ken,5ken_N:O|M,AG,5ken_AG_u_3,2RLJ,A
5ken,5ken_N:O|M,AG,5ken_AG_u_4,2LCZ,A
5f3h,5f3h_A:B|J,AG,5f3h_AG_u_0,5JI1,A
5f3h,5f3h_A:B|J,AG,5f3h_AG_u_1,5JI1,B
5f3h,5f3h_A:B|J,AG,5f3h_AG_u_2,5NTU,A
5f3h,5f3h_A:B|J,AG,5f3h_AG_u_3,5NTU,B
5f3h,5f3h_A:B|J,AG,5f3h_AG_u_4,5NXS,A
6dzz,6dzz_B:C|A,AB,6dzz_AB_u_0,6D9G,A:B
6dzz,6dzz_B:C|A,AB,6dzz_AB_u_1,6D9G,C:D
2vir,2vir_B:A|C,AG,2vir_AG_u_0,6BKM,A
2vir,2vir_B:A|C,AG,2vir_AG_u_1,6BKM,C
2vir,2vir_B:A|C,AG,2vir_AG_u_2,6BKM,E
2vir,2vir_B:A|C,AG,2vir_AG_u_3,6BKQ,A
2vir,2vir_B:A|C,AG,2vir_AG_u_4,6BKQ,C
2vir,2vir_B:A|C,AB,2vir_AB_u_0,1GIG,H:L
5w9k,5w9k_E:F|D,AG,5w9k_AG_u_0,4NCU,A
5w9k,5w9k_E:F|D,AG,5w9k_AG_u_1,4NCW,A
5w9k,5w9k_E:F|D,AG,5w9k_AG_u_2,4NCW,B
5w9k,5w9k_E:F|D,AG,5w9k_AG_u_3,4NCW,C
5w9k,5w9k_E:F|D,AG,5w9k_AG_u_4,5X4R,A
5w9k,5w9k_E:F|D,AB,5w9k_AB_u_0,5VZR,A:B
5w9k,5w9k_E:F|D,AB,5w9k_AB_u_1,5VZR,H:L
6dzl,6dzl_G:J|E:A,AB,6dzl_AB_u_0,6DZN,H:L
1tzh,1tzh_H:L|V,AG,1tzh_AG_u_0,1MKK,A
1tzh,1tzh_H:L|V,AG,1tzh_AG_u_1,1MKK,B
1tzh,1tzh_H:L|V,AG,1tzh_AG_u_2,4KZN,A
1tzh,1tzh_H:L|V,AG,1tzh_AG_u_3,3QTK,A
1tzh,1tzh_H:L|V,AG,1tzh_AG_u_4,3QTK,B
1n6q,1n6q_H:L|B,AG,1n6q_AG_u_0,6ECL,A
1n6q,1n6q_H:L|B,AG,1n6q_AG_u_1,6ECL,B
2oqj,2oqj_K:J|L,AB,2oqj_AB_u_0,6N35,H:K
2oqj,2oqj_K:J|L,AB,2oqj_AB_u_1,6N35,M:L
2oqj,2oqj_K:J|L,AB,2oqj_AB_u_2,3OAZ,H:K
2oqj,2oqj_K:J|L,AB,2oqj_AB_u_3,3OAZ,M:L
2oqj,2oqj_K:J|L,AB,2oqj_AB_u_4,4RBP,H:K
2ht4,2ht4_E:F|B,AG,2ht4_AG_u_0,3NMO,A
2ht4,2ht4_E:F|B,AG,2ht4_AG_u_1,4FTP,A
2ht4,2ht4_E:F|B,AG,2ht4_AG_u_2,1KPK,A
2ht4,2ht4_E:F|B,AG,2ht4_AG_u_3,1KPK,B
2ht4,2ht4_E:F|B,AG,2ht4_AG_u_4,1KPK,C
3bgf,3bgf_H:L|S,AG,3bgf_AG_u_0,2GHV,C
3bgf,3bgf_H:L|S,AG,3bgf_AG_u_1,2GHV,E
3bgf,3bgf_H:L|S,AG,3bgf_AG_u_2,6CRV,A
3bgf,3bgf_H:L|S,AG,3bgf_AG_u_3,6CRV,B
3bgf,3bgf_H:L|S,AG,3bgf_AG_u_4,6CRV,C
2i60,2i60_R:Q|P,AB,2i60_AB_u_0,1RZ8,B:A
2i60,2i60_R:Q|P,AB,2i60_AB_u_1,1RZ8,D:C
4yzf,4yzf_I:J|C,AG,4yzf_AG_u_0,4KY9,A
4yzf,4yzf_I:J|C,AG,4yzf_AG_u_1,4KY9,P
4yzf,4yzf_I:J|C,AG,4yzf_AG_u_2,1HYN,P
4yzf,4yzf_I:J|C,AG,4yzf_AG_u_3,1HYN,Q
4yzf,4yzf_I:J|C,AG,4yzf_AG_u_4,1HYN,R
4yzf,4yzf_I:J|C,AB,4yzf_AB_u_0,5A16,A:B
4yzf,4yzf_I:J|C,AB,4yzf_AB_u_1,5A16,C:D
4yzf,4yzf_I:J|C,AB,4yzf_AB_u_2,5A16,E:F
4yzf,4yzf_I:J|C,AB,4yzf_AB_u_3,5A16,G:H
4p59,4p59_H:L|A,AG,4p59_AG_u_0,1M6B,A
4p59,4p59_H:L|A,AG,4p59_AG_u_1,1M6B,B
6snd,6snd_B:A|C,AG,6snd_AG_u_0,2NCS,A
6snd,6snd_B:A|C,AG,6snd_AG_u_1,2NCT,A
4bh7,4bh7_B:A|P,AB,4bh7_AB_u_0,5VGA,B:A
4bh7,4bh7_B:A|P,AB,4bh7_AB_u_1,2A6J,B:A
4bh7,4bh7_B:A|P,AB,4bh7_AB_u_2,2A6J,H:L
6okp,6okp_O:P|E,AB,6okp_AB_u_0,6OKQ,A:B
6okp,6okp_O:P|E,AB,6okp_AB_u_1,6OKQ,D:C
6okp,6okp_O:P|E,AB,6okp_AB_u_2,6OKQ,F:E
5l6y,5l6y_H:L|C,AG,5l6y_AG_u_0,1IJZ,A
5l6y,5l6y_H:L|C,AG,5l6y_AG_u_1,1IK0,A
5l6y,5l6y_H:L|C,AG,5l6y_AG_u_2,1GA3,A
6ii4,6ii4_H:L|A,AG,6ii4_AG_u_0,4BSG,A
6ii4,6ii4_H:L|A,AG,6ii4_AG_u_1,4LN6,A
6ii4,6ii4_H:L|A,AG,6ii4_AG_u_2,4LN6,C
6ii4,6ii4_H:L|A,AG,6ii4_AG_u_3,4LN6,E
6ii4,6ii4_H:L|A,AG,6ii4_AG_u_4,4LN6,G
6me1,6me1_C:D|E,AB,6me1_AB_u_0,5I8E,A:B
6me1,6me1_C:D|E,AB,6me1_AB_u_1,5I8E,C:D
5if0,5if0_H:L|G,AG,5if0_AG_u_0,5IDL,A
5if0,5if0_H:L|G,AB,5if0_AB_u_0,5IFA,H:L
4ogy,4ogy_M:N|B,AG,4ogy_AG_u_0,6I44,A
4ogy,4ogy_M:N|B,AG,4ogy_AG_u_1,2ANY,A
4ogy,4ogy_M:N|B,AG,4ogy_AG_u_2,5TJX,A
4ogy,4ogy_M:N|B,AG,4ogy_AG_u_3,6O1S,E
4ogy,4ogy_M:N|B,AG,4ogy_AG_u_4,2ANW,A
4ogy,4ogy_M:N|B,AB,4ogy_AB_u_0,4PUB,H:L
6qig,6qig_H:L|A,AG,6qig_AG_u_0,3GHM,A
6qig,6qig_H:L|A,AG,6qig_AG_u_1,3VN4,A
6qig,6qig_H:L|A,AG,6qig_AG_u_2,3GHN,A
1rvf,1rvf_HL13,AG,1rvf_AG_u_0,1RUD,1:3
1rvf,1rvf_HL13,AG,1rvf_AG_u_1,1RUF,1:3
1rvf,1rvf_HL13,AG,1rvf_AG_u_2,1RUE,1:3
1rvf,1rvf_HL13,AG,1rvf_AG_u_3,1RUJ,1:3
1rvf,1rvf_HL13,AG,1rvf_AG_u_4,1VRH,1:3
1rvf,1rvf_HL13,AB,1rvf_AB_u_0,1FOR,H:L
4rrp,4rrp_H:B|N,AG,4rrp_AG_u_0,1ROC,A
4rrp,4rrp_H:B|N,AG,4rrp_AG_u_1,2IDC,A
4rrp,4rrp_H:B|N,AG,4rrp_AG_u_2,1WG3,A
6o3g,6o3g_C:D|Q,AB,6o3g_AB_u_0,6O3D,H:L
5xbm,5xbm_B:A|C,AG,5xbm_AG_u_0,4Q4F,A
5xbm,5xbm_B:A|C,AG,5xbm_AG_u_1,4Q4B,A
5xbm,5xbm_B:A|C,AG,5xbm_AG_u_2,4TW2,A
5xbm,5xbm_B:A|C,AG,5xbm_AG_u_3,4TW2,B
5xbm,5xbm_B:A|C,AG,5xbm_AG_u_4,5UPH,A
1qle,1qle_H:L|B,AB,1qle_AB_u_0,1MQK,H:L
4kro,4kro_D:C|A,AB,4kro_AB_u_0,5GZ0,B:A
4kro,4kro_D:C|A,AB,4kro_AB_u_1,5GZ0,D:C
4kro,4kro_D:C|A,AB,4kro_AB_u_2,5I76,B:A
4kro,4kro_D:C|A,AB,4kro_AB_u_3,5I76,D:C
4kro,4kro_D:C|A,AB,4kro_AB_u_4,1YY8,B:A
4jre,4jre_B:C|A,AG,4jre_AG_u_0,4U4V,A
4jre,4jre_B:C|A,AG,4jre_AG_u_1,4U4W,A
4jre,4jre_B:C|A,AG,4jre_AG_u_2,4U4W,B
4jre,4jre_B:C|A,AG,4jre_AG_u_3,4U4T,A
5xjm,5xjm_H:L|A,AG,5xjm_AG_u_0,6DYF,A
5xjm,5xjm_H:L|A,AG,5xjm_AG_u_1,6DYF,B
5xjm,5xjm_H:L|A,AG,5xjm_AG_u_2,5YO6,A
5xjm,5xjm_H:L|A,AG,5xjm_AG_u_3,6DYC,A
5xjm,5xjm_H:L|A,AG,5xjm_AG_u_4,6DYC,B
6bf9,6bf9_C:D|A,AG,6bf9_AG_u_0,4PFC,A
6bf9,6bf9_C:D|A,AG,6bf9_AG_u_1,4PFC,B
6bf9,6bf9_C:D|A,AG,6bf9_AG_u_2,4PF7,A
6bf9,6bf9_C:D|A,AG,6bf9_AG_u_3,4PF7,B
6bf9,6bf9_C:D|A,AG,6bf9_AG_u_4,4PF9,A
5ugy,5ugy_J:N|E,AG,5ugy_AG_u_0,6CHX,A
5ugy,5ugy_J:N|E,AG,5ugy_AG_u_1,6CHX,B
5ugy,5ugy_J:N|E,AG,5ugy_AG_u_2,4EDB,A
5ugy,5ugy_J:N|E,AG,5ugy_AG_u_3,4EDB,C
5ugy,5ugy_J:N|E,AG,5ugy_AG_u_4,4EDB,E
5ugy,5ugy_J:N|E,AB,5ugy_AB_u_0,4WUK,H:L
3zkn,3zkn_C:D|B,AG,3zkn_AG_u_0,3ZKG,A
3zkn,3zkn_C:D|B,AG,3zkn_AG_u_1,3ZKG,B
3zkn,3zkn_C:D|B,AG,3zkn_AG_u_2,3ZKI,A
3zkn,3zkn_C:D|B,AG,3zkn_AG_u_3,3ZKI,B
3zkn,3zkn_C:D|B,AG,3zkn_AG_u_4,2EWY,A
5vta,5vta_H:L|D,AG,5vta_AG_u_0,2GBC,A
5vta,5vta_H:L|D,AG,5vta_AG_u_1,2GBC,B
5vta,5vta_H:L|D,AG,5vta_AG_u_2,2I3Z,A
5vta,5vta_H:L|D,AG,5vta_AG_u_3,2I3Z,B
5vta,5vta_H:L|D,AG,5vta_AG_u_4,2OAE,A
5x8l,5x8l_G:L|B,AG,5x8l_AG_u_0,6NP9,A
5x8l,5x8l_G:L|B,AG,5x8l_AG_u_1,4Z18,A
5x8l,5x8l_G:L|B,AG,5x8l_AG_u_2,4Z18,B
5x8l,5x8l_G:L|B,AG,5x8l_AG_u_3,5NIU,A
5x8l,5x8l_G:L|B,AG,5x8l_AG_u_4,5NIU,B
6s5a,6s5a_H:L|D:A,AG,6s5a_AG_u_0,5GSQ,A:A
6s5a,6s5a_H:L|D:A,AG,6s5a_AG_u_1,5GSQ,B:B
6s5a,6s5a_H:L|D:A,AG,6s5a_AG_u_2,5GSQ,C:C
6s5a,6s5a_H:L|D:A,AG,6s5a_AG_u_3,5GSQ,D:D
6s5a,6s5a_H:L|D:A,AG,6s5a_AG_u_4,5HYE,A:A
4fp8,4fp8_H:L|A,AG,4fp8_AG_u_0,6BKM,A
4fp8,4fp8_H:L|A,AG,4fp8_AG_u_1,6BKM,C
4fp8,4fp8_H:L|A,AG,4fp8_AG_u_2,6BKM,E
4fp8,4fp8_H:L|A,AG,4fp8_AG_u_3,6BKQ,A
4fp8,4fp8_H:L|A,AG,4fp8_AG_u_4,6BKQ,C
4fp8,4fp8_H:L|A,AB,4fp8_AB_u_0,4FNL,H:L
4fp8,4fp8_H:L|A,AB,4fp8_AB_u_1,4FNL,I:M
6pzz,6pzz_H:L|A,AG,6pzz_AG_u_0,6PZD,A
6pzz,6pzz_H:L|A,AG,6pzz_AG_u_1,5L18,A
6pzz,6pzz_H:L|A,AG,6pzz_AG_u_2,4MWX,A
6pzz,6pzz_H:L|A,AG,6pzz_AG_u_3,4MWU,A
6pzz,6pzz_H:L|A,AG,6pzz_AG_u_4,4MWL,A
6pzz,6pzz_H:L|A,AB,6pzz_AB_u_0,6PZG,H:L
4jfz,4jfz_H:L|P,AB,4jfz_AB_u_0,4JFY,B:A
4jfz,4jfz_H:L|P,AB,4jfz_AB_u_1,4JFY,H:L
4gxu,4gxu_Q:R|E,AG,4gxu_AG_u_0,4JUG,A
4gxu,4gxu_Q:R|E,AG,4gxu_AG_u_1,4JUG,C
4gxu,4gxu_Q:R|E,AG,4gxu_AG_u_2,4JUG,E
4gxu,4gxu_Q:R|E,AG,4gxu_AG_u_3,4JUG,G
4gxu,4gxu_Q:R|E,AG,4gxu_AG_u_4,4JUG,I
4gxu,4gxu_Q:R|E,AB,4gxu_AB_u_0,4GXV,H:L
4gxu,4gxu_Q:R|E,AB,4gxu_AB_u_1,4GXV,I:M
1otu,1otu_C:D|A,AG,1otu_AG_u_0,3NMO,A
1otu,1otu_C:D|A,AG,1otu_AG_u_1,4FTP,A
1otu,1otu_C:D|A,AG,1otu_AG_u_2,1KPK,A
1otu,1otu_C:D|A,AG,1otu_AG_u_3,1KPK,B
1otu,1otu_C:D|A,AG,1otu_AG_u_4,1KPK,C
2zuq,2zuq_F:E|D,AG,2zuq_AG_u_0,2K73,A
2zuq,2zuq_F:E|D,AG,2zuq_AG_u_1,2L0O,A
2zuq,2zuq_F:E|D,AG,2zuq_AG_u_2,2L0N,A
2zuq,2zuq_F:E|D,AG,2zuq_AG_u_3,2K74,A
4oga,4oga_C:D|E,AG,4oga_AG_u_0,2HR7,A
4oga,4oga_C:D|E,AG,4oga_AG_u_1,2HR7,B
4oga,4oga_C:D|E,AG,4oga_AG_u_2,4XST,E
4oga,4oga_C:D|E,AG,4oga_AG_u_3,6HN4,E
4oga,4oga_C:D|E,AG,4oga_AG_u_4,6HN4,F
1xf5,1xf5_D:C|Q,AG,1xf5_AG_u_0,1CWX,A
1xf5,1xf5_D:C|Q,AB,1xf5_AB_u_0,1NLB,H:L
1ua6,1ua6_H:L|Y,AG,1ua6_AG_u_0,6F1O,A
1ua6,1ua6_H:L|Y,AG,1ua6_AG_u_1,6A10,A
1ua6,1ua6_H:L|Y,AG,1ua6_AG_u_2,6A10,B
1ua6,1ua6_H:L|Y,AG,1ua6_AG_u_3,6A10,C
1ua6,1ua6_H:L|Y,AG,1ua6_AG_u_4,6G8A,C
6osy,6osy_M:N|K,AB,6osy_AB_u_0,4JY5,H:L
4cni,4cni_H:L|C,AG,4cni_AG_u_0,1ALU,A
4cni,4cni_H:L|C,AG,4cni_AG_u_1,2IL6,A
4cni,4cni_H:L|C,AG,4cni_AG_u_2,1IL6,A
6h0e,6h0e_H:L|I,AG,6h0e_AG_u_0,6NWP,A
6h0e,6h0e_H:L|I,AG,6h0e_AG_u_1,6NWP,B
6h0e,6h0e_H:L|I,AG,6h0e_AG_u_2,6NWP,C
6h0e,6h0e_H:L|I,AG,6h0e_AG_u_3,6NWP,D
6h0e,6h0e_H:L|I,AG,6h0e_AG_u_4,6NWP,E
6h0e,6h0e_H:L|I,AB,6h0e_AB_u_0,5V7U,H:L
4f37,4f37_H:L|A,AG,4f37_AG_u_0,1AYI,A
4f37,4f37_H:L|A,AG,4f37_AG_u_1,7CEI,A
4f37,4f37_H:L|A,AG,4f37_AG_u_2,2BP4,A
4f37,4f37_H:L|A,AG,4f37_AG_u_3,1AMB,A
3mnz,3mnz_B:A|P,AB,3mnz_AB_u_0,3MO1,B:A
3mnz,3mnz_B:A|P,AB,3mnz_AB_u_1,3MNV,B:A
3mnz,3mnz_B:A|P,AB,3mnz_AB_u_2,3MNV,D:C
5ngv,5ngv_H:L|A,AB,5ngv_AB_u_0,5NHW,H:L
3o41,3o41_H:L|P,AG,3o41_AG_u_0,6Q0S,F
3o41,3o41_H:L|P,AG,3o41_AG_u_1,5EA4,F
3o41,3o41_H:L|P,AG,3o41_AG_u_2,5C69,A
3o41,3o41_H:L|P,AG,3o41_AG_u_3,5C6B,F
3o41,3o41_H:L|P,AG,3o41_AG_u_4,5KWW,F
6hx4,6hx4_I:M|A,AG,6hx4_AG_u_0,3NDD,A
6hx4,6hx4_I:M|A,AG,6hx4_AG_u_1,3NDD,B
6hx4,6hx4_I:M|A,AG,6hx4_AG_u_2,5NBU,A
6hx4,6hx4_I:M|A,AG,6hx4_AG_u_3,5NBV,A
6hx4,6hx4_I:M|A,AG,6hx4_AG_u_4,3NE4,A
6hx4,6hx4_I:M|A,AB,6hx4_AB_u_0,6GXX,H:L
6c6y,6c6y_A:B|S,AG,6c6y_AG_u_0,4L3N,A
6c6y,6c6y_A:B|S,AG,6c6y_AG_u_1,4L3N,B
6c6y,6c6y_A:B|S,AG,6c6y_AG_u_2,6Q04,A
6c6y,6c6y_A:B|S,AG,6c6y_AG_u_3,6Q04,B
6c6y,6c6y_A:B|S,AG,6c6y_AG_u_4,6Q04,C
6c6y,6c6y_A:B|S,AB,6c6y_AB_u_0,6C6X,A:B
6c6y,6c6y_A:B|S,AB,6c6y_AB_u_1,6C6X,C:D
6c6y,6c6y_A:B|S,AB,6c6y_AB_u_2,6C6X,E:F
6c6y,6c6y_A:B|S,AB,6c6y_AB_u_3,6C6X,H:L
5wb9,5wb9_H:L|G,AG,5wb9_AG_u_0,6ONH,A
5wb9,5wb9_H:L|G,AG,5wb9_AG_u_1,6ONV,A
6a67,6a67_H:L|A,AG,6a67_AG_u_0,4BH4,A
6a67,6a67_H:L|A,AG,6a67_AG_u_1,4BH3,A
6a67,6a67_H:L|A,AG,6a67_AG_u_2,6CF5,A
6a67,6a67_H:L|A,AG,6a67_AG_u_3,6CF5,C
6a67,6a67_H:L|A,AG,6a67_AG_u_4,6CF5,E
6cue,6cue_m:n|c,AB,6cue_AB_u_0,4JY5,H:L
3qa3,3qa3_H:F|I,AG,3qa3_AG_u_0,1MF7,A
3qa3,3qa3_H:F|I,AG,3qa3_AG_u_1,1NA5,A
3qa3,3qa3_H:F|I,AG,3qa3_AG_u_2,1IDO,A
3qa3,3qa3_H:F|I,AG,3qa3_AG_u_3,4XW2,A
3qa3,3qa3_H:F|I,AG,3qa3_AG_u_4,1JLM,A
5hj3,5hj3_I:J|D:C,AB,5hj3_AB_u_0,3INU,H:L
5hj3,5hj3_I:J|D:C,AB,5hj3_AB_u_1,3INU,M:N
6rcu,6rcu_E:D|A,AG,6rcu_AG_u_0,4WAT,A
6rcu,6rcu_E:D|A,AB,6rcu_AB_u_0,6RCS,A:B
5cus,5cus_H:L|A,AG,5cus_AG_u_0,1M6B,A
5cus,5cus_H:L|A,AG,5cus_AG_u_1,1M6B,B
4ybl,4ybl_H:L|G,AB,4ybl_AB_u_0,3TNM,A:B
4ybl,4ybl_H:L|G,AB,4ybl_AB_u_1,3TNM,H:L
3fmg,3fmg_H:L|A,AG,3fmg_AG_u_0,3GZT,B
3fmg,3fmg_H:L|A,AG,3fmg_AG_u_1,3GZT,F
3fmg,3fmg_H:L|A,AG,3fmg_AG_u_2,3GZT,G
3fmg,3fmg_H:L|A,AG,3fmg_AG_u_3,3GZT,H
3fmg,3fmg_H:L|A,AG,3fmg_AG_u_4,3GZT,I
6b9j,6b9j_A:B|Y,AG,6b9j_AG_u_0,4E9O,X
6ion,6ion_H:L|A,AG,6ion_AG_u_0,6IOM,A
6ion,6ion_H:L|A,AG,6ion_AG_u_1,6IOM,B
6nb4,6nb4_H:L|A,AG,6nb4_AG_u_0,5X4R,A
6nb4,6nb4_H:L|A,AG,6nb4_AG_u_1,6Q04,A
6nb4,6nb4_H:L|A,AG,6nb4_AG_u_2,6Q04,B
6nb4,6nb4_H:L|A,AG,6nb4_AG_u_3,6Q04,C
6nb4,6nb4_H:L|A,AG,6nb4_AG_u_4,6Q06,A
6nb4,6nb4_H:L|A,AB,6nb4_AB_u_0,6NB5,H:L
6nb4,6nb4_H:L|A,AB,6nb4_AB_u_1,6NB5,I:M
6iek,6iek_E:F|D,AG,6iek_AG_u_0,6F8P,A
6iek,6iek_E:F|D,AG,6iek_AG_u_1,5Y0W,A
6iek,6iek_E:F|D,AG,6iek_AG_u_2,5Y0Y,A
6iek,6iek_E:F|D,AG,6iek_AG_u_3,6F9C,A
6iek,6iek_E:F|D,AG,6iek_AG_u_4,6F9C,C
4o51,4o51_H:L|M,AG,4o51_AG_u_0,6F2Z,A
4o51,4o51_H:L|M,AG,4o51_AG_u_1,6F2Z,B
5d1z,5d1z_F:E|J,AG,5d1z_AG_u_0,2MOQ,A
6u02,6u02_G:F|E,AG,6u02_AG_u_0,6PZD,A
6u02,6u02_G:F|E,AG,6u02_AG_u_1,5L18,A
6u02,6u02_G:F|E,AG,6u02_AG_u_2,4MWX,A
6u02,6u02_G:F|E,AG,6u02_AG_u_3,4MWU,A
6u02,6u02_G:F|E,AG,6u02_AG_u_4,4MWL,A
3vrl,3vrl_H:L|C,AG,3vrl_AG_u_0,1A8O,A
3vrl,3vrl_H:L|C,AG,3vrl_AG_u_1,1AUM,A
3vrl,3vrl_H:L|C,AG,3vrl_AG_u_2,4ARG,A
3vrl,3vrl_H:L|C,AG,3vrl_AG_u_3,4ARG,C
3vrl,3vrl_H:L|C,AG,3vrl_AG_u_4,5MD6,A
3l95,3l95_B:A|X,AG,3l95_AG_u_0,3I08,B
3l95,3l95_B:A|X,AG,3l95_AG_u_1,3I08,D
3l95,3l95_B:A|X,AG,3l95_AG_u_2,1PB5,A
3tt1,3tt1_I:M|A,AG,3tt1_AG_u_0,2Q72,A
3tt1,3tt1_I:M|A,AG,3tt1_AG_u_1,3F3E,A
3tt1,3tt1_I:M|A,AG,3tt1_AG_u_2,2Q6H,A
3tt1,3tt1_I:M|A,AG,3tt1_AG_u_3,3F48,A
3tt1,3tt1_I:M|A,AG,3tt1_AG_u_4,2QB4,A
4ut9,4ut9_I:M|B,AG,4ut9_AG_u_0,4UTC,A
4ut9,4ut9_I:M|B,AG,4ut9_AG_u_1,4UTC,B
3lh2,3lh2_J:N|U,AB,3lh2_AB_u_0,4LLV,A:B
3lh2,3lh2_J:N|U,AB,3lh2_AB_u_1,4LLV,C:D
3lh2,3lh2_J:N|U,AB,3lh2_AB_u_2,4LLV,E:F
3lh2,3lh2_J:N|U,AB,3lh2_AB_u_3,4LLV,H:L
3lh2,3lh2_J:N|U,AB,3lh2_AB_u_4,5CIP,A:B
6fn1,6fn1_C:B|A,AB,6fn1_AB_u_0,5JUE,H:L
4tsc,4tsc_H:L|A,AG,4tsc_AG_u_0,6F1O,A
4tsc,4tsc_H:L|A,AG,4tsc_AG_u_1,6A10,A
4tsc,4tsc_H:L|A,AG,4tsc_AG_u_2,6A10,B
4tsc,4tsc_H:L|A,AG,4tsc_AG_u_3,6A10,C
4tsc,4tsc_H:L|A,AG,4tsc_AG_u_4,6G8A,C
4edw,4edw_H:L|V,AG,4edw_AG_u_0,4EFV,A
4edw,4edw_H:L|V,AG,4edw_AG_u_1,4EFV,B
4edw,4edw_H:L|V,AG,4edw_AG_u_2,6XUO,A
3eob,3eob_B:A|J,AG,3eob_AG_u_0,1MJN,A
3eob,3eob_B:A|J,AG,3eob_AG_u_1,2ICA,A
3eob,3eob_B:A|J,AG,3eob_AG_u_2,3F78,A
3eob,3eob_B:A|J,AG,3eob_AG_u_3,3F78,B
3eob,3eob_B:A|J,AG,3eob_AG_u_4,3F78,C
3eob,3eob_B:A|J,AB,3eob_AB_u_0,3EO9,H:L
6mug,6mug_D:E|B,AG,6mug_AG_u_0,3U91,A
6mug,6mug_D:E|B,AG,6mug_AG_u_1,4HLR,A
6mug,6mug_D:E|B,AB,6mug_AB_u_0,4TOY,H:L
1yyl,1yyl_H:L|G,AB,1yyl_AB_u_0,1RZ8,B:A
1yyl,1yyl_H:L|G,AB,1yyl_AB_u_1,1RZ8,D:C
4i18,4i18_A:B|R,AG,4i18_AG_u_0,2LFG,A
4xmk,4xmk_I:M|Q,AB,4xmk_AB_u_0,4XML,H:L
6hco,6hco_F:E|A,AG,6hco_AG_u_0,6HZM,A
6hco,6hco_F:E|A,AG,6hco_AG_u_1,6HZM,B
6hco,6hco_F:E|A,AG,6hco_AG_u_2,6HBU,A
6hco,6hco_F:E|A,AG,6hco_AG_u_3,6HBU,B
6hco,6hco_F:E|A,AG,6hco_AG_u_4,6FFC,A
6hco,6hco_F:E|A,AB,6hco_AB_u_0,5NIV,B:A
6pzy,6pzy_G:J|B,AG,6pzy_AG_u_0,6PZD,A
6pzy,6pzy_G:J|B,AG,6pzy_AG_u_1,5L18,A
6pzy,6pzy_G:J|B,AG,6pzy_AG_u_2,4MWX,A
6pzy,6pzy_G:J|B,AG,6pzy_AG_u_3,4MWU,A
6pzy,6pzy_G:J|B,AG,6pzy_AG_u_4,4MWL,A
4kjw,4kjw_E:F|B,AG,4kjw_AG_u_0,3NMO,A
4kjw,4kjw_E:F|B,AG,4kjw_AG_u_1,4FTP,A
4kjw,4kjw_E:F|B,AG,4kjw_AG_u_2,1KPK,A
4kjw,4kjw_E:F|B,AG,4kjw_AG_u_3,1KPK,B
4kjw,4kjw_E:F|B,AG,4kjw_AG_u_4,1KPK,C
4hg4,4hg4_T:U|F:c,AG,4hg4_AG_u_0,3QQB,A:B
4hg4,4hg4_T:U|F:c,AG,4hg4_AG_u_1,3QQE,A:B
4hg4,4hg4_T:U|F:c,AG,4hg4_AG_u_2,2WR7,A:A
4hg4,4hg4_T:U|F:c,AG,4hg4_AG_u_3,2WR7,B:B
4hg4,4hg4_T:U|F:c,AG,4hg4_AG_u_4,2WR7,C:C
2ht2,2ht2_E:F|B,AG,2ht2_AG_u_0,3NMO,A
2ht2,2ht2_E:F|B,AG,2ht2_AG_u_1,4FTP,A
2ht2,2ht2_E:F|B,AG,2ht2_AG_u_2,1KPK,A
2ht2,2ht2_E:F|B,AG,2ht2_AG_u_3,1KPK,B
2ht2,2ht2_E:F|B,AG,2ht2_AG_u_4,1KPK,C
6u38,6u38_H:L|B,AG,6u38_AG_u_0,6U26,A
6u38,6u38_H:L|B,AG,6u38_AG_u_1,6U26,B
6u38,6u38_H:L|B,AG,6u38_AG_u_2,6U2P,A
6u38,6u38_H:L|B,AG,6u38_AG_u_3,6U2P,B
6u38,6u38_H:L|B,AG,6u38_AG_u_4,6U2N,A
4qxu,4qxu_H:L|K,AB,4qxu_AB_u_0,4OUU,B:A
4qxu,4qxu_H:L|K,AB,4qxu_AB_u_1,4OUU,H:L
5wob,5wob_W:X|H,AG,5wob_AG_u_0,4PFC,A
5wob,5wob_W:X|H,AG,5wob_AG_u_1,4PFC,B
5wob,5wob_W:X|H,AG,5wob_AG_u_2,4PF7,A
5wob,5wob_W:X|H,AG,5wob_AG_u_3,4PF7,B
5wob,5wob_W:X|H,AG,5wob_AG_u_4,4PF9,A
3nh7,3nh7_J:N|C,AG,3nh7_AG_u_0,2K3G,A
3u4e,3u4e_H:L|G,AG,3u4e_AG_u_0,6CMX,A
3u4e,3u4e_H:L|G,AG,3u4e_AG_u_1,4Q0C,A
3u4e,3u4e_H:L|G,AG,3u4e_AG_u_2,4Q0C,B
3u4e,3u4e_H:L|G,AG,3u4e_AG_u_3,4Q0C,C
3u4e,3u4e_H:L|G,AG,3u4e_AG_u_4,4Q0C,D
3u4e,3u4e_H:L|G,AB,3u4e_AB_u_0,3U36,A:B
3u4e,3u4e_H:L|G,AB,3u4e_AB_u_1,3U36,C:D
3u4e,3u4e_H:L|G,AB,3u4e_AB_u_2,3U36,E:F
3u4e,3u4e_H:L|G,AB,3u4e_AB_u_3,3U36,H:L
1wej,1wej_H:L|F,AG,1wej_AG_u_0,2B4Z,A
1wej,1wej_H:L|F,AG,1wej_AG_u_1,6FF5,A
1wej,1wej_H:L|F,AG,1wej_AG_u_2,3WUI,A
1wej,1wej_H:L|F,AG,1wej_AG_u_3,3WC8,A
1wej,1wej_H:L|F,AG,1wej_AG_u_4,3NBT,A
1wej,1wej_H:L|F,AB,1wej_AB_u_0,1QBL,H:L
1wej,1wej_H:L|F,AB,1wej_AB_u_1,1QBM,H:L
1cfn,1cfn_B:A|C,AB,1cfn_AB_u_0,1CFQ,B:A
6mej,6mej_H:L|C,AB,6mej_AB_u_0,6MED,A:B
6mej,6mej_H:L|C,AB,6mej_AB_u_1,6MED,C:D
6mej,6mej_H:L|C,AB,6mej_AB_u_2,6MED,G:I
4zyp,4zyp_D:E|C,AG,4zyp_AG_u_0,5C69,A
3u2s,3u2s_H:L|G,AG,3u2s_AG_u_0,6CMX,A
3u2s,3u2s_H:L|G,AG,3u2s_AG_u_1,4Q0C,A
3u2s,3u2s_H:L|G,AG,3u2s_AG_u_2,4Q0C,B
3u2s,3u2s_H:L|G,AG,3u2s_AG_u_3,4Q0C,C
3u2s,3u2s_H:L|G,AG,3u2s_AG_u_4,4Q0C,D
3u2s,3u2s_H:L|G,AB,3u2s_AB_u_0,3U36,A:B
3u2s,3u2s_H:L|G,AB,3u2s_AB_u_1,3U36,C:D
3u2s,3u2s_H:L|G,AB,3u2s_AB_u_2,3U36,E:F
3u2s,3u2s_H:L|G,AB,3u2s_AB_u_3,3U36,H:L
6iec,6iec_F:G|E,AG,6iec_AG_u_0,6F8P,A
6iec,6iec_F:G|E,AG,6iec_AG_u_1,5Y0W,A
6iec,6iec_F:G|E,AG,6iec_AG_u_2,5Y0Y,A
6iec,6iec_F:G|E,AG,6iec_AG_u_3,6F9C,A
6iec,6iec_F:G|E,AG,6iec_AG_u_4,6F9C,C
1bog,1bog_B:A|C,AB,1bog_AB_u_0,1CFQ,B:A
4jb9,4jb9_H:L|G,AG,4jb9_AG_u_0,6ONH,A
4jb9,4jb9_H:L|G,AG,4jb9_AG_u_1,6ONV,A
4rav,4rav_C:D|F,AG,4rav_AG_u_0,4FEB,A
4rav,4rav_C:D|F,AG,4rav_AG_u_1,4FEB,B
4rav,4rav_C:D|F,AG,4rav_AG_u_2,4FEB,C
4rav,4rav_C:D|F,AG,4rav_AG_u_3,4FED,A
4rav,4rav_C:D|F,AG,4rav_AG_u_4,4FED,B
5b71,5b71_B:A|E,AG,5b71_AG_u_0,3CU7,A
5b71,5b71_B:A|E,AG,5b71_AG_u_1,3CU7,B
4dag,4dag_H:L|A,AG,4dag_AG_u_0,3KPE,A
4dag,4dag_H:L|A,AG,4dag_AG_u_1,1G2C,A
4dag,4dag_H:L|A,AG,4dag_AG_u_2,1G2C,B
4dag,4dag_H:L|A,AG,4dag_AG_u_3,1G2C,C
4dag,4dag_H:L|A,AG,4dag_AG_u_4,1G2C,D
1tqb,1tqb_B:C|A,AG,1tqb_AG_u_0,4HLS,A
1tqb,1tqb_B:C|A,AG,1tqb_AG_u_1,4HLS,B
1tqb,1tqb_B:C|A,AG,1tqb_AG_u_2,4HMM,A
1tqb,1tqb_B:C|A,AG,1tqb_AG_u_3,4HMM,B
1tqb,1tqb_B:C|A,AG,1tqb_AG_u_4,4HMR,A
1mvu,1mvu_B:A|P,AG,1mvu_AG_u_0,6S7P,A
1mvu,1mvu_B:A|P,AG,1mvu_AG_u_1,5KO2,A
1mvu,1mvu_B:A|P,AG,1mvu_AG_u_2,5KO2,B
1mvu,1mvu_B:A|P,AG,1mvu_AG_u_3,5KPD,A
1mvu,1mvu_B:A|P,AG,1mvu_AG_u_4,5KPD,B
1mvu,1mvu_B:A|P,AB,1mvu_AB_u_0,1AP2,B:A
1mvu,1mvu_B:A|P,AB,1mvu_AB_u_1,1AP2,D:C
2uzi,2uzi_H:L|R,AG,2uzi_AG_u_0,5WDQ,A
2uzi,2uzi_H:L|R,AG,2uzi_AG_u_1,5P21,A
2uzi,2uzi_H:L|R,AG,2uzi_AG_u_2,5WDP,A
2uzi,2uzi_H:L|R,AG,2uzi_AG_u_3,821P,A
2uzi,2uzi_H:L|R,AG,2uzi_AG_u_4,5B2Z,A
6p65,6p65_H:L|A,AB,6p65_AB_u_0,6PEH,A:B
6p65,6p65_H:L|A,AB,6p65_AB_u_1,6PEH,H:L
2x7l,2x7l_J:K|Q,AG,2x7l_AG_u_0,6BSY,A
2x7l,2x7l_J:K|Q,AG,2x7l_AG_u_1,6BSY,B
2x7l,2x7l_J:K|Q,AG,2x7l_AG_u_2,3LPH,A
2x7l,2x7l_J:K|Q,AG,2x7l_AG_u_3,3LPH,B
2x7l,2x7l_J:K|Q,AG,2x7l_AG_u_4,3LPH,C
5bk1,5bk1_C:D|B,AG,5bk1_AG_u_0,6N84,A
5bk1,5bk1_C:D|B,AG,5bk1_AG_u_1,6QGD,A
5bk1,5bk1_C:D|B,AG,5bk1_AG_u_2,6K7F,A
5bk1,5bk1_C:D|B,AG,5bk1_AG_u_3,6LES,A
5bk1,5bk1_C:D|B,AG,5bk1_AG_u_4,6LES,B
5w9n,5w9n_B:C|A,AG,5w9n_AG_u_0,4NCU,A
5w9n,5w9n_B:C|A,AG,5w9n_AG_u_1,4NCW,A
5w9n,5w9n_B:C|A,AG,5w9n_AG_u_2,4NCW,B
5w9n,5w9n_B:C|A,AG,5w9n_AG_u_3,4NCW,C
5w9n,5w9n_B:C|A,AG,5w9n_AG_u_4,5X4R,A
5w9n,5w9n_B:C|A,AB,5w9n_AB_u_0,5VZR,A:B
5w9n,5w9n_B:C|A,AB,5w9n_AB_u_1,5VZR,H:L
3i50,3i50_H:L|E,AG,3i50_AG_u_0,2P5P,A
3i50,3i50_H:L|E,AG,3i50_AG_u_1,2P5P,B
3i50,3i50_H:L|E,AG,3i50_AG_u_2,2P5P,C
3i50,3i50_H:L|E,AG,3i50_AG_u_3,2HG0,A
3i50,3i50_H:L|E,AG,3i50_AG_u_4,2I69,A
5h35,5h35_A:B|C,AG,5h35_AG_u_0,5WTR,A
5h35,5h35_A:B|C,AG,5h35_AG_u_1,5WTR,B
5h35,5h35_A:B|C,AG,5h35_AG_u_2,5WTR,C
5h35,5h35_A:B|C,AG,5h35_AG_u_3,5WTR,F
5h35,5h35_A:B|C,AG,5h35_AG_u_4,5WTR,G
2fec,2fec_J:O|A,AG,2fec_AG_u_0,3NMO,A
2fec,2fec_J:O|A,AG,2fec_AG_u_1,4FTP,A
2fec,2fec_J:O|A,AG,2fec_AG_u_2,1KPK,A
2fec,2fec_J:O|A,AG,2fec_AG_u_3,1KPK,B
2fec,2fec_J:O|A,AG,2fec_AG_u_4,1KPK,C
6fxn,6fxn_Q:R|K,AG,6fxn_AG_u_0,1KXG,A
6fxn,6fxn_Q:R|K,AG,6fxn_AG_u_1,1KXG,B
6fxn,6fxn_Q:R|K,AG,6fxn_AG_u_2,1KXG,C
6fxn,6fxn_Q:R|K,AG,6fxn_AG_u_3,1KXG,D
6fxn,6fxn_Q:R|K,AG,6fxn_AG_u_4,1KXG,E
6fxn,6fxn_Q:R|K,AB,6fxn_AB_u_0,5Y9K,H:L
4r8w,4r8w_H:L|B:A,AG,4r8w_AG_u_0,4LN6,B:A
4r8w,4r8w_H:L|B:A,AG,4r8w_AG_u_1,4LN6,D:C
4r8w,4r8w_H:L|B:A,AG,4r8w_AG_u_2,4LN6,F:E
4r8w,4r8w_H:L|B:A,AG,4r8w_AG_u_3,4LN6,H:G
4r8w,4r8w_H:L|B:A,AG,4r8w_AG_u_4,4LN6,J:I
3det,3det_E:F|B,AG,3det_AG_u_0,3NMO,A
3det,3det_E:F|B,AG,3det_AG_u_1,4FTP,A
3det,3det_E:F|B,AG,3det_AG_u_2,1KPK,A
3det,3det_E:F|B,AG,3det_AG_u_3,1KPK,B
3det,3det_E:F|B,AG,3det_AG_u_4,1KPK,C
6cuf,6cuf_562,AB,6cuf_AB_u_0,4JY5,H:L
1pkq,1pkq_G:F|J,AG,1pkq_AG_u_0,1PKO,A
1pkq,1pkq_G:F|J,AG,1pkq_AG_u_1,3CSP,A
1pkq,1pkq_G:F|J,AG,1pkq_AG_u_2,1PY9,A
2r69,2r69_H:L|A,AG,2r69_AG_u_0,1OK8,A
2r69,2r69_H:L|A,AG,2r69_AG_u_1,1OKE,A
2r69,2r69_H:L|A,AG,2r69_AG_u_2,1OKE,B
2r69,2r69_H:L|A,AG,2r69_AG_u_3,1TG8,A
2r69,2r69_H:L|A,AG,2r69_AG_u_4,1OAN,A
5utz,5utz_B:C|A,AG,5utz_AG_u_0,4NEJ,A
5utz,5utz_B:C|A,AG,5utz_AG_u_1,4NEM,A
5utz,5utz_B:C|A,AG,5utz_AG_u_2,1M48,A
5utz,5utz_B:C|A,AG,5utz_AG_u_3,1M48,B
5utz,5utz_B:C|A,AG,5utz_AG_u_4,1M47,A
2r0k,2r0k_H:L|A,AG,2r0k_AG_u_0,1EPT,A
2r0k,2r0k_H:L|A,AG,2r0k_AG_u_1,1YBW,A
2r0k,2r0k_H:L|A,AG,2r0k_AG_u_2,1YBW,B
5eu7,5eu7_F:D|B,AG,5eu7_AG_u_0,5KRT,A
5eu7,5eu7_F:D|B,AG,5eu7_AG_u_1,5KRS,A
5eu7,5eu7_F:D|B,AG,5eu7_AG_u_2,5HRN,A
5eu7,5eu7_F:D|B,AG,5eu7_AG_u_3,4LH4,A
5eu7,5eu7_F:D|B,AG,5eu7_AG_u_4,3VQ6,A
6njl,6njl_K:J|D,AG,6njl_AG_u_0,5N6P,A
5w0d,5w0d_B:C|A,AG,5w0d_AG_u_0,6CHX,A
5w0d,5w0d_B:C|A,AG,5w0d_AG_u_1,6CHX,B
5w0d,5w0d_B:C|A,AG,5w0d_AG_u_2,4EDB,A
5w0d,5w0d_B:C|A,AG,5w0d_AG_u_3,4EDB,C
5w0d,5w0d_B:C|A,AG,5w0d_AG_u_4,4EDB,E
4hf5,4hf5_H:L|A,AG,4hf5_AG_u_0,3QQI,A
4hf5,4hf5_H:L|A,AG,4hf5_AG_u_1,3QQI,B
4hf5,4hf5_H:L|A,AG,4hf5_AG_u_2,3QQB,A
4hf5,4hf5_H:L|A,AG,4hf5_AG_u_3,3QQE,A
4hf5,4hf5_H:L|A,AG,4hf5_AG_u_4,2WR7,A
4jo1,4jo1_I:M|Q,AG,4jo1_AG_u_0,2ESZ,A
4jo1,4jo1_I:M|Q,AG,4jo1_AG_u_1,2ESX,A
4jo1,4jo1_I:M|Q,AG,4jo1_AG_u_2,1CE4,A
4zpt,4zpt_A:B|R,AG,4zpt_AG_u_0,4L3N,A
4zpt,4zpt_A:B|R,AG,4zpt_AG_u_1,4L3N,B
4zpt,4zpt_A:B|R,AG,4zpt_AG_u_2,6Q04,A
4zpt,4zpt_A:B|R,AG,4zpt_AG_u_3,6Q04,B
4zpt,4zpt_A:B|R,AG,4zpt_AG_u_4,6Q04,C
4ma8,4ma8_H:L|C,AG,4ma8_AG_u_0,2L1K,A
4ma8,4ma8_H:L|C,AG,4ma8_AG_u_1,2L40,A
4ma8,4ma8_H:L|C,AG,4ma8_AG_u_2,2KU5,A
4ma8,4ma8_H:L|C,AG,4ma8_AG_u_3,2L1D,A
4ma8,4ma8_H:L|C,AG,4ma8_AG_u_4,2L1E,A
4nm8,4nm8_I:M|D:C,AG,4nm8_AG_u_0,6BKM,B:A
4nm8,4nm8_I:M|D:C,AG,4nm8_AG_u_1,6BKM,D:C
4nm8,4nm8_I:M|D:C,AG,4nm8_AG_u_2,6BKM,F:E
4nm8,4nm8_I:M|D:C,AG,4nm8_AG_u_3,6BKQ,B:A
4nm8,4nm8_I:M|D:C,AG,4nm8_AG_u_4,6BKQ,D:C
4nm8,4nm8_I:M|D:C,AB,4nm8_AB_u_0,4NM4,H:L
4nm8,4nm8_I:M|D:C,AB,4nm8_AB_u_1,4NM4,I:M
6e56,6e56_G:I|D,AG,6e56_AG_u_0,6BKM,A
6e56,6e56_G:I|D,AG,6e56_AG_u_1,6BKM,C
6e56,6e56_G:I|D,AG,6e56_AG_u_2,6BKM,E
6e56,6e56_G:I|D,AG,6e56_AG_u_3,6BKQ,A
6e56,6e56_G:I|D,AG,6e56_AG_u_4,6BKQ,C
4xtr,4xtr_E:F|A,AG,4xtr_AG_u_0,2WOJ,A
4xtr,4xtr_E:F|A,AG,4xtr_AG_u_1,2WOJ,B
4xtr,4xtr_E:F|A,AG,4xtr_AG_u_2,2WOJ,C
4xtr,4xtr_E:F|A,AG,4xtr_AG_u_3,2WOJ,D
4xtr,4xtr_E:F|A,AG,4xtr_AG_u_4,3H84,A
4kkl,4kkl_C:D|A,AG,4kkl_AG_u_0,3NMO,A
4kkl,4kkl_C:D|A,AG,4kkl_AG_u_1,4FTP,A
4kkl,4kkl_C:D|A,AG,4kkl_AG_u_2,1KPK,A
4kkl,4kkl_C:D|A,AG,4kkl_AG_u_3,1KPK,B
4kkl,4kkl_C:D|A,AG,4kkl_AG_u_4,1KPK,C
4u1g,4u1g_B:C|A,AG,4u1g_AG_u_0,4WAT,A
6al0,6al0_H:L|A,AG,6al0_AG_u_0,6AKQ,A
6al0,6al0_H:L|A,AB,6al0_AB_u_0,4YNY,A:B
6al0,6al0_H:L|A,AB,6al0_AB_u_1,4YNY,C:D
5th9,5th9_H:L|A,AG,5th9_AG_u_0,6ESM,A
5th9,5th9_H:L|A,AG,5th9_AG_u_1,4XCT,A
5th9,5th9_H:L|A,AG,5th9_AG_u_2,5I12,A
5th9,5th9_H:L|A,AG,5th9_AG_u_3,4H1Q,A
5th9,5th9_H:L|A,AG,5th9_AG_u_4,4H1Q,B
6dc3,6dc3_H:L|F,AG,6dc3_AG_u_0,6EAK,F
6dc3,6dc3_H:L|F,AG,6dc3_AG_u_1,6EAM,F
6dc3,6dc3_H:L|F,AG,6dc3_AG_u_2,6EAL,F
6dc3,6dc3_H:L|F,AG,6dc3_AG_u_3,6EAI,A
6dc3,6dc3_H:L|F,AG,6dc3_AG_u_4,6EAI,B
5dd0,5dd0_H:L|P,AB,5dd0_AB_u_0,5DD1,H:L
5dd0,5dd0_H:L|P,AB,5dd0_AB_u_1,5DD6,A:B
5dd0,5dd0_H:L|P,AB,5dd0_AB_u_2,5DD6,H:L
5dd0,5dd0_H:L|P,AB,5dd0_AB_u_3,5DD3,H:L
6cnv,6cnv_H:L|B,AB,6cnv_AB_u_0,4FQH,A:B
6cnv,6cnv_H:L|B,AB,6cnv_AB_u_1,4FQH,H:L
6nb3,6nb3_D:E|A,AG,6nb3_AG_u_0,5X4R,A
6nb3,6nb3_D:E|A,AG,6nb3_AG_u_1,6Q04,A
6nb3,6nb3_D:E|A,AG,6nb3_AG_u_2,6Q04,B
6nb3,6nb3_D:E|A,AG,6nb3_AG_u_3,6Q04,C
6nb3,6nb3_D:E|A,AG,6nb3_AG_u_4,6Q06,A
6nb3,6nb3_D:E|A,AB,6nb3_AB_u_0,6NB5,H:L
6nb3,6nb3_D:E|A,AB,6nb3_AB_u_1,6NB5,I:M
3k2u,3k2u_H:L|A,AG,3k2u_AG_u_0,1EPT,A
3k2u,3k2u_H:L|A,AG,3k2u_AG_u_1,1YBW,A
3k2u,3k2u_H:L|A,AG,3k2u_AG_u_2,1YBW,B
3a67,3a67_H:L|Y,AG,3a67_AG_u_0,6F1O,A
3a67,3a67_H:L|Y,AG,3a67_AG_u_1,6A10,A
3a67,3a67_H:L|Y,AG,3a67_AG_u_2,6A10,B
3a67,3a67_H:L|Y,AG,3a67_AG_u_3,6A10,C
3a67,3a67_H:L|Y,AG,3a67_AG_u_4,6G8A,C
6gv1,6gv1_H:L|A,AG,6gv1_AG_u_0,4ZP0,A
6gv1,6gv1_H:L|A,AG,6gv1_AG_u_1,6EUQ,A
6gv1,6gv1_H:L|A,AG,6gv1_AG_u_2,6OOM,A
6gv1,6gv1_H:L|A,AG,6gv1_AG_u_3,4ZP2,A
6gv1,6gv1_H:L|A,AG,6gv1_AG_u_4,4ZOW,A
2b2x,2b2x_I:M|B,AG,2b2x_AG_u_0,5HGJ,A
2b2x,2b2x_I:M|B,AG,2b2x_AG_u_1,5HGJ,B
2b2x,2b2x_I:M|B,AG,2b2x_AG_u_2,1CK4,A
2b2x,2b2x_I:M|B,AG,2b2x_AG_u_3,1CK4,B
2vit,2vit_B:A|C,AG,2vit_AG_u_0,6BKM,A
2vit,2vit_B:A|C,AG,2vit_AG_u_1,6BKM,C
2vit,2vit_B:A|C,AG,2vit_AG_u_2,6BKM,E
2vit,2vit_B:A|C,AG,2vit_AG_u_3,6BKQ,A
2vit,2vit_B:A|C,AG,2vit_AG_u_4,6BKQ,C
2vit,2vit_B:A|C,AB,2vit_AB_u_0,1GIG,H:L
5mp5,5mp5_H:L|J,AG,5mp5_AG_u_0,6NWP,A
5mp5,5mp5_H:L|J,AG,5mp5_AG_u_1,6NWP,B
5mp5,5mp5_H:L|J,AG,5mp5_AG_u_2,6NWP,C
5mp5,5mp5_H:L|J,AG,5mp5_AG_u_3,6NWP,D
5mp5,5mp5_H:L|J,AG,5mp5_AG_u_4,6NWP,E
5mp5,5mp5_H:L|J,AB,5mp5_AB_u_0,5MTH,A:B
5mp5,5mp5_H:L|J,AB,5mp5_AB_u_1,5MTH,H:L
5mp5,5mp5_H:L|J,AB,5mp5_AB_u_2,4OZ4,A:B
5mp5,5mp5_H:L|J,AB,5mp5_AB_u_3,4OZ4,H:L
1ggi,1ggi_J:M|Q,AB,1ggi_AB_u_0,1GGB,H:L
1ggi,1ggi_J:M|Q,AB,1ggi_AB_u_1,1GGC,H:L
2ih3,2ih3_A:B|C,AG,2ih3_AG_u_0,1JQ2,A
2ih3,2ih3_A:B|C,AG,2ih3_AG_u_1,1JQ2,B
2ih3,2ih3_A:B|C,AG,2ih3_AG_u_2,1JQ2,C
2ih3,2ih3_A:B|C,AG,2ih3_AG_u_3,1JQ2,D
2ih3,2ih3_A:B|C,AG,2ih3_AG_u_4,1JQ1,A
5gjt,5gjt_H:L|B:A,AG,5gjt_AG_u_0,4EDA,B:A
5gjt,5gjt_H:L|B:A,AG,5gjt_AG_u_1,4EDA,D:C
5gjt,5gjt_H:L|B:A,AG,5gjt_AG_u_2,4JU0,B:A
5gjt,5gjt_H:L|B:A,AG,5gjt_AG_u_3,4JU0,D:C
5gjt,5gjt_H:L|B:A,AG,5gjt_AG_u_4,4JU0,F:E
6bpe,6bpe_B:C|A,AG,6bpe_AG_u_0,5W53,A
6bpe,6bpe_B:C|A,AG,6bpe_AG_u_1,5W53,B
6nf2,6nf2_V:U|Q,AB,6nf2_AB_u_0,5JXA,H:L
4z5r,4z5r_Q:P|G,AG,4z5r_AG_u_0,1RH2,A
4z5r,4z5r_Q:P|G,AG,4z5r_AG_u_1,1RH2,B
4z5r,4z5r_Q:P|G,AG,4z5r_AG_u_2,1RH2,C
4z5r,4z5r_Q:P|G,AG,4z5r_AG_u_3,1RH2,D
4z5r,4z5r_Q:P|G,AG,4z5r_AG_u_4,1RH2,E
1n5y,1n5y_H:L|B,AG,1n5y_AG_u_0,6ECL,A
1n5y,1n5y_H:L|B,AG,1n5y_AG_u_1,6ECL,B
6njn,6njn_O:N|D,AG,6njn_AG_u_0,5N6P,A
5kn5,5kn5_A:B|C,AG,5kn5_AG_u_0,4TGF,A
5kn5,5kn5_A:B|C,AG,5kn5_AG_u_1,3TGF,A
5kn5,5kn5_A:B|C,AG,5kn5_AG_u_2,2TGF,A
5kn5,5kn5_A:B|C,AG,5kn5_AG_u_3,1YUG,A
5kn5,5kn5_A:B|C,AG,5kn5_AG_u_4,1YUF,A
4xtr,4xtr_C:D|B,AG,4xtr_AG_u_0,2WOJ,A
4xtr,4xtr_C:D|B,AG,4xtr_AG_u_1,2WOJ,B
4xtr,4xtr_C:D|B,AG,4xtr_AG_u_2,2WOJ,C
4xtr,4xtr_C:D|B,AG,4xtr_AG_u_3,2WOJ,D
4xtr,4xtr_C:D|B,AG,4xtr_AG_u_4,3H84,A
5ikc,5ikc_B:A|M,AG,5ikc_AG_u_0,5IO9,A
5ikc,5ikc_B:A|M,AG,5ikc_AG_u_1,5IO9,B
5ikc,5ikc_B:A|M,AG,5ikc_AG_u_2,2BQQ,A
5ikc,5ikc_B:A|M,AG,5ikc_AG_u_3,5IOI,A
5ikc,5ikc_B:A|M,AG,5ikc_AG_u_4,5IOI,B
6bfq,6bfq_E:F|J,AG,6bfq_AG_u_0,2GMF,A
6bfq,6bfq_E:F|J,AG,6bfq_AG_u_1,2GMF,B
6bfq,6bfq_E:F|J,AG,6bfq_AG_u_2,1CSG,A
6bfq,6bfq_E:F|J,AG,6bfq_AG_u_3,1CSG,B
1fsk,1fsk_C:B|A,AG,1fsk_AG_u_0,4BK7,A
1fsk,1fsk_C:B|A,AG,1fsk_AG_u_1,4BKD,A
1fsk,1fsk_C:B|A,AG,1fsk_AG_u_2,4MNS,A
1fsk,1fsk_C:B|A,AG,1fsk_AG_u_3,4A87,A
1fsk,1fsk_C:B|A,AG,1fsk_AG_u_4,4A85,A
5jz7,5jz7_G:I|F,AG,5jz7_AG_u_0,4EFV,A
5jz7,5jz7_G:I|F,AG,5jz7_AG_u_1,4EFV,B
5jz7,5jz7_G:I|F,AG,5jz7_AG_u_2,6XUO,A
2iff,2iff_H:L|Y,AG,2iff_AG_u_0,6F1O,A
2iff,2iff_H:L|Y,AG,2iff_AG_u_1,6A10,A
2iff,2iff_H:L|Y,AG,2iff_AG_u_2,6A10,B
2iff,2iff_H:L|Y,AG,2iff_AG_u_3,6A10,C
2iff,2iff_H:L|Y,AG,2iff_AG_u_4,6G8A,C
1yym,1yym_R:Q|P,AB,1yym_AB_u_0,1RZ8,B:A
1yym,1yym_R:Q|P,AB,1yym_AB_u_1,1RZ8,D:C
4fqv,4fqv_I:M|F:E,AG,4fqv_AG_u_0,4BSG,B:A
4fqv,4fqv_I:M|F:E,AG,4fqv_AG_u_1,4BSH,B:A
4fqv,4fqv_I:M|F:E,AG,4fqv_AG_u_2,4DJ6,B:A
4fqv,4fqv_I:M|F:E,AG,4fqv_AG_u_3,4DJ6,D:C
4fqv,4fqv_I:M|F:E,AG,4fqv_AG_u_4,4DJ6,F:E
4fqv,4fqv_I:M|F:E,AB,4fqv_AB_u_0,4FQH,A:B
4fqv,4fqv_I:M|F:E,AB,4fqv_AB_u_1,4FQH,H:L
1hys,1hys_D:C|B,AG,1hys_AG_u_0,6ECL,A
1hys,1hys_D:C|B,AG,1hys_AG_u_1,6ECL,B
6glw,6glw_C:D|B,AG,6glw_AG_u_0,6GKS,A
6glw,6glw_C:D|B,AG,6glw_AG_u_1,6QRN,A
6glw,6glw_C:D|B,AG,6glw_AG_u_2,5XRH,A
6glw,6glw_C:D|B,AG,6glw_AG_u_3,5XRG,A
6glw,6glw_C:D|B,AG,6glw_AG_u_4,5XRO,A
6bpa,6bpa_B:C|A,AG,6bpa_AG_u_0,5W53,A
6bpa,6bpa_B:C|A,AG,6bpa_AG_u_1,5W53,B
6oe5,6oe5_B:C|A,AG,6oe5_AG_u_0,6EAK,F
6oe5,6oe5_B:C|A,AG,6oe5_AG_u_1,6EAM,F
6oe5,6oe5_B:C|A,AG,6oe5_AG_u_2,6EAL,F
6oe5,6oe5_B:C|A,AG,6oe5_AG_u_3,6EAI,A
6oe5,6oe5_B:C|A,AG,6oe5_AG_u_4,6EAI,B
3jwd,3jwd_H:L|A,AG,3jwd_AG_u_0,3DNL,A
3jwd,3jwd_H:L|A,AG,3jwd_AG_u_1,3DNL,B
3jwd,3jwd_H:L|A,AG,3jwd_AG_u_2,3DNL,C
3jwd,3jwd_H:L|A,AG,3jwd_AG_u_3,3DNL,D
3jwd,3jwd_H:L|A,AG,3jwd_AG_u_4,3DNL,E
3jwd,3jwd_H:L|A,AB,3jwd_AB_u_0,1RZ7,H:L
4xxd,4xxd_B:A|C,AG,4xxd_AG_u_0,5BUO,A
4xxd,4xxd_B:A|C,AG,4xxd_AG_u_1,5BUO,B
4xxd,4xxd_B:A|C,AG,4xxd_AG_u_2,5OQV,A
4xxd,4xxd_B:A|C,AG,4xxd_AG_u_3,5OQV,B
4xxd,4xxd_B:A|C,AG,4xxd_AG_u_4,5OQV,C
5dhy,5dhy_A:B|C,AG,5dhy_AG_u_0,6BSY,A
5dhy,5dhy_A:B|C,AG,5dhy_AG_u_1,6BSY,B
5dhy,5dhy_A:B|C,AG,5dhy_AG_u_2,3LPH,A
5dhy,5dhy_A:B|C,AG,5dhy_AG_u_3,3LPH,B
5dhy,5dhy_A:B|C,AG,5dhy_AG_u_4,3LPH,C
2a6d,2a6d_B:A|P,AB,2a6d_AB_u_0,5VGA,B:A
2a6d,2a6d_B:A|P,AB,2a6d_AB_u_1,2A6J,B:A
2a6d,2a6d_B:A|P,AB,2a6d_AB_u_2,2A6J,H:L
5ijk,5ijk_A:C|X,AB,5ijk_AB_u_0,5IK3,A:B
5ijk,5ijk_A:C|X,AB,5ijk_AB_u_1,5IK3,C:D
5e94,5e94_B:A|G,AG,5e94_AG_u_0,5VEW,A
5e94,5e94_B:A|G,AG,5e94_AG_u_1,5VEW,B
5e94,5e94_B:A|G,AG,5e94_AG_u_2,6KJV,A
5e94,5e94_B:A|G,AG,5e94_AG_u_3,6KJV,B
5e94,5e94_B:A|G,AG,5e94_AG_u_4,6KK1,A
4q6i,4q6i_E:D|J,AG,4q6i_AG_u_0,3CD4,A
4q6i,4q6i_E:D|J,AG,4q6i_AG_u_1,1CDH,A
4q6i,4q6i_E:D|J,AG,4q6i_AG_u_2,1CDJ,A
4q6i,4q6i_E:D|J,AG,4q6i_AG_u_3,1CDI,A
4q6i,4q6i_E:D|J,AG,4q6i_AG_u_4,1WIO,A
5vjo,5vjo_C:D|F,AG,5vjo_AG_u_0,6D9I,A
5vjo,5vjo_C:D|F,AG,5vjo_AG_u_1,6D9I,B
5vjo,5vjo_C:D|F,AG,5vjo_AG_u_2,5V8G,A
5vjo,5vjo_C:D|F,AG,5vjo_AG_u_3,1IAK,P
3u9p,3u9p_K:M|C,AG,3u9p_AG_u_0,3S26,A
5w5x,5w5x_H:L|A,AG,5w5x_AG_u_0,5W60,A
5w5x,5w5x_H:L|A,AG,5w5x_AG_u_1,4S0O,A
5w5x,5w5x_H:L|A,AG,5w5x_AG_u_2,4S0O,B
5w5x,5w5x_H:L|A,AG,5w5x_AG_u_3,6EB6,A
5w5x,5w5x_H:L|A,AG,5w5x_AG_u_4,4BD8,A
4tvp,4tvp_H:L|G,AB,4tvp_AB_u_0,4JY5,H:L
3l95,3l95_H:L|Y,AG,3l95_AG_u_0,3I08,B
3l95,3l95_H:L|Y,AG,3l95_AG_u_1,3I08,D
3l95,3l95_H:L|Y,AG,3l95_AG_u_2,1PB5,A
4ckd,4ckd_I:M|D,AG,4ckd_AG_u_0,1JZ7,A
4ckd,4ckd_I:M|D,AG,4ckd_AG_u_1,1JZ7,B
4ckd,4ckd_I:M|D,AG,4ckd_AG_u_2,1JZ7,C
4ckd,4ckd_I:M|D,AG,4ckd_AG_u_3,1JZ7,D
4ckd,4ckd_I:M|D,AG,4ckd_AG_u_4,4TTG,A
5jz7,5jz7_C:D|A,AG,5jz7_AG_u_0,4EFV,A
5jz7,5jz7_C:D|A,AG,5jz7_AG_u_1,4EFV,B
5jz7,5jz7_C:D|A,AG,5jz7_AG_u_2,6XUO,A
4xny,4xny_H:L|G,AG,4xny_AG_u_0,3DNN,A
4xny,4xny_H:L|G,AG,4xny_AG_u_1,3DNN,C
4xny,4xny_H:L|G,AG,4xny_AG_u_2,3DNN,D
4xny,4xny_H:L|G,AG,4xny_AG_u_3,3DNN,F
4xny,4xny_H:L|G,AG,4xny_AG_u_4,3DNN,G
5b8c,5b8c_K:J|L,AG,5b8c_AG_u_0,6UMU,A
5b8c,5b8c_K:J|L,AG,5b8c_AG_u_1,6UMV,A
5b8c,5b8c_K:J|L,AG,5b8c_AG_u_2,3RRQ,A
5b8c,5b8c_K:J|L,AG,5b8c_AG_u_3,2M2D,A
5b8c,5b8c_K:J|L,AB,5b8c_AB_u_0,5DK3,B:A
5b8c,5b8c_K:J|L,AB,5b8c_AB_u_1,5DK3,G:F
4tuj,4tuj_A:B|E,AB,4tuj_AB_u_0,4TRP,H:L
4tuj,4tuj_A:B|E,AB,4tuj_AB_u_1,4TUO,A:B
4tuj,4tuj_A:B|E,AB,4tuj_AB_u_2,4TUO,C:D
5lqb,5lqb_H:L|A,AG,5lqb_AG_u_0,4NEJ,A
5lqb,5lqb_H:L|A,AG,5lqb_AG_u_1,4NEM,A
5lqb,5lqb_H:L|A,AG,5lqb_AG_u_2,1M48,A
5lqb,5lqb_H:L|A,AG,5lqb_AG_u_3,1M48,B
5lqb,5lqb_H:L|A,AG,5lqb_AG_u_4,1M47,A
3v6z,3v6z_C:D|E,AG,3v6z_AG_u_0,5T2P,A
3v6z,3v6z_C:D|E,AG,3v6z_AG_u_1,5T2P,B
3v6z,3v6z_C:D|E,AG,3v6z_AG_u_2,5T2P,C
3v6z,3v6z_C:D|E,AG,3v6z_AG_u_3,5T2P,D
3v6z,3v6z_C:D|E,AG,3v6z_AG_u_4,5T2P,E
3v6z,3v6z_C:D|E,AB,3v6z_AB_u_0,3V6F,A:B
3v6z,3v6z_C:D|E,AB,3v6z_AB_u_1,3V6F,C:D
3v6z,3v6z_C:D|E,AB,3v6z_AB_u_2,3V6F,E:F
3v6z,3v6z_C:D|E,AB,3v6z_AB_u_3,3V6F,H:L
5zs0,5zs0_B:A|C,AG,5zs0_AG_u_0,5YS2,A
5zs0,5zs0_B:A|C,AG,5zs0_AG_u_1,5YS2,B
5zs0,5zs0_B:A|C,AG,5zs0_AG_u_2,5YS2,C
5zs0,5zs0_B:A|C,AG,5zs0_AG_u_3,5YS2,D
5zs0,5zs0_B:A|C,AG,5zs0_AG_u_4,5YS2,E
4yhz,4yhz_H:L|P,AG,4yhz_AG_u_0,3A1B,A
4yhz,4yhz_H:L|P,AG,4yhz_AG_u_1,2L43,A
3gjf,3gjf_M:K|D:F,AB,3gjf_AB_u_0,3GJE,B:A
3gjf,3gjf_M:K|D:F,AB,3gjf_AB_u_1,3GJE,H:L
5jhl,5jhl_H:L|A,AG,5jhl_AG_u_0,5JHM,A
5jhl,5jhl_H:L|A,AG,5jhl_AG_u_1,5JHM,B
5jhl,5jhl_H:L|A,AG,5jhl_AG_u_2,5LBV,A
5jhl,5jhl_H:L|A,AG,5jhl_AG_u_3,5LBV,B
5jhl,5jhl_H:L|A,AG,5jhl_AG_u_4,5OMZ,A
4krp,4krp_D:C|A,AB,4krp_AB_u_0,5GZ0,B:A
4krp,4krp_D:C|A,AB,4krp_AB_u_1,5GZ0,D:C
4krp,4krp_D:C|A,AB,4krp_AB_u_2,5I76,B:A
4krp,4krp_D:C|A,AB,4krp_AB_u_3,5I76,D:C
4krp,4krp_D:C|A,AB,4krp_AB_u_4,1YY8,B:A
5w08,5w08_G:H|A,AG,5w08_AG_u_0,4WE8,A
5w08,5w08_G:H|A,AG,5w08_AG_u_1,4WEA,A
5w08,5w08_G:H|A,AG,5w08_AG_u_2,4WE9,A
3whe,3whe_M:N|A,AG,3whe_AG_u_0,6GOL,A
3whe,3whe_M:N|A,AG,3whe_AG_u_1,6BKS,B
3whe,3whe_M:N|A,AG,3whe_AG_u_2,6BKT,B
3whe,3whe_M:N|A,AG,3whe_AG_u_3,6BKN,B
3whe,3whe_M:N|A,AG,3whe_AG_u_4,6BKO,B
3tt1,3tt1_H:L|B,AG,3tt1_AG_u_0,2A65,A
3tt1,3tt1_H:L|B,AG,3tt1_AG_u_1,2Q72,A
3tt1,3tt1_H:L|B,AG,3tt1_AG_u_2,3F3E,A
3tt1,3tt1_H:L|B,AG,3tt1_AG_u_3,3F48,A
3tt1,3tt1_H:L|B,AG,3tt1_AG_u_4,3F4I,A
4xxd,4xxd_E:D|F,AG,4xxd_AG_u_0,5BUO,A
4xxd,4xxd_E:D|F,AG,4xxd_AG_u_1,5BUO,B
4xxd,4xxd_E:D|F,AG,4xxd_AG_u_2,5OQV,A
4xxd,4xxd_E:D|F,AG,4xxd_AG_u_3,5OQV,B
4xxd,4xxd_E:D|F,AG,4xxd_AG_u_4,5OQV,C
6eti,6eti_D:C|B,AG,6eti_AG_u_0,6HZM,A
6eti,6eti_D:C|B,AG,6eti_AG_u_1,6HZM,B
6eti,6eti_D:C|B,AG,6eti_AG_u_2,6HBU,A
6eti,6eti_D:C|B,AG,6eti_AG_u_3,6HBU,B
6eti,6eti_D:C|B,AG,6eti_AG_u_4,6HIJ,A
6eti,6eti_D:C|B,AB,6eti_AB_u_0,5NIV,B:A
3pgf,3pgf_H:L|A,AG,3pgf_AG_u_0,6K7E,A
3pgf,3pgf_H:L|A,AG,3pgf_AG_u_1,6QXJ,A
3pgf,3pgf_H:L|A,AG,3pgf_AG_u_2,6N84,A
3pgf,3pgf_H:L|A,AG,3pgf_AG_u_3,6QGD,A
3pgf,3pgf_H:L|A,AG,3pgf_AG_u_4,6K7F,A
4gms,4gms_I:M|C,AB,4gms_AB_u_0,4GMT,H:L
4gms,4gms_I:M|C,AB,4gms_AB_u_1,4GMT,I:M
6b9j,6b9j_H:L|X,AG,6b9j_AG_u_0,4E9O,X
6al1,6al1_H:L|A,AB,6al1_AB_u_0,4YNY,A:B
6al1,6al1_H:L|A,AB,6al1_AB_u_1,4YNY,C:D
6dc8,6dc8_H:L|P,AG,6dc8_AG_u_0,6NWP,A
6dc8,6dc8_H:L|P,AG,6dc8_AG_u_1,6NWP,B
6dc8,6dc8_H:L|P,AG,6dc8_AG_u_2,6NWP,C
6dc8,6dc8_H:L|P,AG,6dc8_AG_u_3,6NWP,D
6dc8,6dc8_H:L|P,AG,6dc8_AG_u_4,6NWP,E
6dc8,6dc8_H:L|P,AB,6dc8_AB_u_0,6DC7,H:L
6dc8,6dc8_H:L|P,AB,6dc8_AB_u_1,6DC7,I:M
4k94,4k94_H:L|C,AG,4k94_AG_u_0,2EC8,A
2r6p,2r6p_F:G|C,AG,2r6p_AG_u_0,2JSF,A
3o41,3o41_A:B|C,AG,3o41_AG_u_0,6Q0S,F
3o41,3o41_A:B|C,AG,3o41_AG_u_1,5C69,A
3o41,3o41_A:B|C,AG,3o41_AG_u_2,5EA4,F
3o41,3o41_A:B|C,AG,3o41_AG_u_3,5C6B,F
3o41,3o41_A:B|C,AG,3o41_AG_u_4,5KWW,F
4zyp,4zyp_H:I|A,AG,4zyp_AG_u_0,4NCU,A
4zyp,4zyp_H:I|A,AG,4zyp_AG_u_1,5C69,A
6n1v,6n1v_g:i|B,AB,6n1v_AB_u_0,5JXA,H:L
5nh3,5nh3_H:L|A,AG,5nh3_AG_u_0,1BTE,A
5nh3,5nh3_H:L|A,AG,5nh3_AG_u_1,1BTE,B
5nh3,5nh3_H:L|A,AB,5nh3_AB_u_0,5NHW,H:L
6d0u,6d0u_K:L|J,AG,6d0u_AG_u_0,6BKM,A
6d0u,6d0u_K:L|J,AG,6d0u_AG_u_1,6BKM,C
6d0u,6d0u_K:L|J,AG,6d0u_AG_u_2,6BKM,E
6d0u,6d0u_K:L|J,AG,6d0u_AG_u_3,6BKQ,A
6d0u,6d0u_K:L|J,AG,6d0u_AG_u_4,6BKQ,C
6d0u,6d0u_K:L|J,AB,6d0u_AB_u_0,4FNL,H:L
6d0u,6d0u_K:L|J,AB,6d0u_AB_u_1,4FNL,I:M
4xzu,4xzu_A:B|M,AG,4xzu_AG_u_0,3HNY,M
4xzu,4xzu_A:B|M,AG,4xzu_AG_u_1,3HNB,M
4xzu,4xzu_A:B|M,AG,4xzu_AG_u_2,1D7P,M
4xzu,4xzu_A:B|M,AG,4xzu_AG_u_3,3HOB,A
4xzu,4xzu_A:B|M,AG,4xzu_AG_u_4,3HOB,M
5vlp,5vlp_H:L|A,AG,5vlp_AG_u_0,6U26,A
5vlp,5vlp_H:L|A,AG,5vlp_AG_u_1,6U26,B
5vlp,5vlp_H:L|A,AG,5vlp_AG_u_2,2P4E,A
5vlp,5vlp_H:L|A,AG,5vlp_AG_u_3,2P4E,P
5vlp,5vlp_H:L|A,AG,5vlp_AG_u_4,6U2P,A
4zyp,4zyp_F:G|B,AG,4zyp_AG_u_0,4NCU,A
4zyp,4zyp_F:G|B,AG,4zyp_AG_u_1,5C69,A
3t2n,3t2n_I:M|B,AG,3t2n_AG_u_0,1O5E,H
3t2n,3t2n_I:M|B,AG,3t2n_AG_u_1,1O5E,L
3t2n,3t2n_I:M|B,AG,3t2n_AG_u_2,1P57,A
3t2n,3t2n_I:M|B,AG,3t2n_AG_u_3,1P57,B
3t2n,3t2n_I:M|B,AG,3t2n_AG_u_4,1O5F,H
3v7a,3v7a_E:H|A,AG,3v7a_AG_u_0,3Q39,A
3v7a,3v7a_E:H|A,AG,3v7a_AG_u_1,3Q39,B
3v7a,3v7a_E:H|A,AG,3v7a_AG_u_2,3Q38,A
3v7a,3v7a_E:H|A,AG,3v7a_AG_u_3,3Q38,B
3v7a,3v7a_E:H|A,AG,3v7a_AG_u_4,5HZA,A
3u7y,3u7y_H:L|G,AG,3u7y_AG_u_0,6ONH,A
3u7y,3u7y_H:L|G,AG,3u7y_AG_u_1,6P9N,A
3u7y,3u7y_H:L|G,AG,3u7y_AG_u_2,6ONV,A
6nb3,6nb3_H:L|C,AG,6nb3_AG_u_0,6Q04,A
6nb3,6nb3_H:L|C,AG,6nb3_AG_u_1,6Q04,B
6nb3,6nb3_H:L|C,AG,6nb3_AG_u_2,6Q04,C
6nb3,6nb3_H:L|C,AG,6nb3_AG_u_3,6Q06,A
6nb3,6nb3_H:L|C,AG,6nb3_AG_u_4,6Q06,B
6nb3,6nb3_H:L|C,AB,6nb3_AB_u_0,6NB5,H:L
6nb3,6nb3_H:L|C,AB,6nb3_AB_u_1,6NB5,I:M
3c09,3c09_C:B|A,AB,3c09_AB_u_0,5VSI,H:L
3c09,3c09_C:B|A,AB,3c09_AB_u_1,5VR9,A:B
3c09,3c09_C:B|A,AB,3c09_AB_u_2,5VR9,H:L
3c09,3c09_C:B|A,AB,3c09_AB_u_3,3C08,H:L
3vrl,3vrl_E:F|D,AG,3vrl_AG_u_0,1A8O,A
3vrl,3vrl_E:F|D,AG,3vrl_AG_u_1,1AUM,A
3vrl,3vrl_E:F|D,AG,3vrl_AG_u_2,4ARG,A
3vrl,3vrl_E:F|D,AG,3vrl_AG_u_3,4ARG,C
3vrl,3vrl_E:F|D,AG,3vrl_AG_u_4,5MD6,A
5l0q,5l0q_F:E|D,AG,5l0q_AG_u_0,2AO7,A
1xgt,1xgt_B:A|C,AG,1xgt_AG_u_0,6F1O,A
1xgt,1xgt_B:A|C,AG,1xgt_AG_u_1,6F1R,A
1xgt,1xgt_B:A|C,AG,1xgt_AG_u_2,6F9Z,A
1xgt,1xgt_B:A|C,AG,1xgt_AG_u_3,6BO1,A
1xgt,1xgt_B:A|C,AG,1xgt_AG_u_4,6F9X,A
1xgt,1xgt_B:A|C,AB,1xgt_AB_u_0,1DQQ,B:A
1xgt,1xgt_B:A|C,AB,1xgt_AB_u_1,1DQQ,D:C
1xgt,1xgt_B:A|C,AB,1xgt_AB_u_2,1DQM,H:L
6svl,6svl_H:L|Q,AG,6svl_AG_u_0,6SVK,A
6svl,6svl_H:L|Q,AG,6svl_AG_u_1,6SVK,B
6svl,6svl_H:L|Q,AG,6svl_AG_u_2,6O6W,A
5wk3,5wk3_S:R|B,AG,5wk3_AG_u_0,1NR4,A
5wk3,5wk3_S:R|B,AG,5wk3_AG_u_1,1NR4,B
5wk3,5wk3_S:R|B,AG,5wk3_AG_u_2,1NR4,C
5wk3,5wk3_S:R|B,AG,5wk3_AG_u_3,1NR4,D
5wk3,5wk3_S:R|B,AG,5wk3_AG_u_4,1NR4,E
5wk3,5wk3_S:R|B,AB,5wk3_AB_u_0,5WK2,H:L
4lmq,4lmq_H:L|D,AG,4lmq_AG_u_0,3GV3,A
4lmq,4lmq_H:L|D,AG,4lmq_AG_u_1,4UAI,A
4lmq,4lmq_H:L|D,AG,4lmq_AG_u_2,4UAI,B
4lmq,4lmq_H:L|D,AG,4lmq_AG_u_3,2J7Z,A
4lmq,4lmq_H:L|D,AG,4lmq_AG_u_4,2J7Z,B
3q3g,3q3g_B:A|E,AG,3q3g_AG_u_0,1MF7,A
3q3g,3q3g_B:A|E,AG,3q3g_AG_u_1,1NA5,A
3q3g,3q3g_B:A|E,AG,3q3g_AG_u_2,1IDO,A
3q3g,3q3g_B:A|E,AG,3q3g_AG_u_3,4XW2,A
3q3g,3q3g_B:A|E,AG,3q3g_AG_u_4,1JLM,A
4y5y,4y5y_D:E|F,AG,4y5y_AG_u_0,1ERN,A
4y5y,4y5y_D:E|F,AG,4y5y_AG_u_1,1ERN,B
3ngb,3ngb_E:F|D,AG,3ngb_AG_u_0,6ONH,A
3ngb,3ngb_E:F|D,AG,3ngb_AG_u_1,6P9N,A
3ngb,3ngb_E:F|D,AG,3ngb_AG_u_2,6ONV,A
5w08,5w08_M:N|F,AG,5w08_AG_u_0,4WE8,A
5w08,5w08_M:N|F,AG,5w08_AG_u_1,4WEA,A
5w08,5w08_M:N|F,AG,5w08_AG_u_2,4WE9,A
4rgm,4rgm_H:L|S,AG,4rgm_AG_u_0,3SEB,A
4rgm,4rgm_H:L|S,AG,4rgm_AG_u_1,3GP7,A
4rgm,4rgm_H:L|S,AG,4rgm_AG_u_2,3GP7,B
4rgm,4rgm_H:L|S,AG,4rgm_AG_u_3,1SE4,A
4rgm,4rgm_H:L|S,AG,4rgm_AG_u_4,1GOZ,A
4ag4,4ag4_H:L|A,AG,4ag4_AG_u_0,6BRJ,A
4ag4,4ag4_H:L|A,AG,4ag4_AG_u_1,6BSD,A
3liz,3liz_H:L|A,AG,3liz_AG_u_0,1YG9,A
3liz,3liz_H:L|A,AG,3liz_AG_u_1,4RLD,A
3liz,3liz_H:L|A,AG,3liz_AG_u_2,4RLD,B
3liz,3liz_H:L|A,AG,3liz_AG_u_3,4RLD,C
3liz,3liz_H:L|A,AG,3liz_AG_u_4,4RLD,D
6j5g,6j5g_H:L|A,AG,6j5g_AG_u_0,1SVB,A
6j5g,6j5g_H:L|A,AG,6j5g_AG_u_1,1URZ,A
6j5g,6j5g_H:L|A,AG,6j5g_AG_u_2,1URZ,B
6j5g,6j5g_H:L|A,AG,6j5g_AG_u_3,1URZ,C
6j5g,6j5g_H:L|A,AG,6j5g_AG_u_4,1URZ,D
6o39,6o39_B:A|C,AG,6o39_AG_u_0,5URY,A
6o39,6o39_B:A|C,AG,6o39_AG_u_1,5URY,B
6o39,6o39_B:A|C,AG,6o39_AG_u_2,5URZ,A
6o39,6o39_B:A|C,AG,6o39_AG_u_3,5URZ,B
5c0n,5c0n_H:L|A,AG,5c0n_AG_u_0,1G7N,A
5c0n,5c0n_H:L|A,AG,5c0n_AG_u_1,1LIE,A
5c0n,5c0n_H:L|A,AG,5c0n_AG_u_2,1LIC,A
5c0n,5c0n_H:L|A,AG,5c0n_AG_u_3,1ADL,A
5c0n,5c0n_H:L|A,AG,5c0n_AG_u_4,1LIF,A
1ynt,1ynt_D:C|G,AG,1ynt_AG_u_0,1KZQ,A
1ynt,1ynt_D:C|G,AG,1ynt_AG_u_1,1KZQ,B
6o3g,6o3g_A:B|I,AB,6o3g_AB_u_0,6O3D,H:L
5tih,5tih_H:L|A,AG,5tih_AG_u_0,5EZN,A
5tih,5tih_H:L|A,AG,5tih_AG_u_1,5EZN,B
5tih,5tih_H:L|A,AG,5tih_AG_u_2,5EZN,E
5tih,5tih_H:L|A,AG,5tih_AG_u_3,5EZN,G
5tih,5tih_H:L|A,AG,5tih_AG_u_4,5TIK,A
4gms,4gms_H:L|A,AB,4gms_AB_u_0,4GMT,H:L
4gms,4gms_H:L|A,AB,4gms_AB_u_1,4GMT,I:M
5w08,5w08_Q:R|D,AG,5w08_AG_u_0,4WE8,A
5w08,5w08_Q:R|D,AG,5w08_AG_u_1,4WEA,A
5w08,5w08_Q:R|D,AG,5w08_AG_u_2,4WE9,A
3jab,3jab_Q:R|O,AG,3jab_AG_u_0,3JWQ,A
3jab,3jab_Q:R|O,AG,3jab_AG_u_1,3JWQ,B
3jab,3jab_Q:R|O,AG,3jab_AG_u_2,3JWQ,C
3jab,3jab_Q:R|O,AG,3jab_AG_u_3,3JWQ,D
3jab,3jab_Q:R|O,AB,3jab_AB_u_0,12E8,H:L
3jab,3jab_Q:R|O,AB,3jab_AB_u_1,12E8,P:M
2dqg,2dqg_H:L|Y,AG,2dqg_AG_u_0,6F1O,A
2dqg,2dqg_H:L|Y,AG,2dqg_AG_u_1,6F1R,A
2dqg,2dqg_H:L|Y,AG,2dqg_AG_u_2,6F9Z,A
2dqg,2dqg_H:L|Y,AG,2dqg_AG_u_3,6BO1,A
2dqg,2dqg_H:L|Y,AG,2dqg_AG_u_4,6F9X,A
3bgf,3bgf_B:C|A,AG,3bgf_AG_u_0,2GHV,C
3bgf,3bgf_B:C|A,AG,3bgf_AG_u_1,2GHV,E
3bgf,3bgf_B:C|A,AG,3bgf_AG_u_2,6CRV,A
3bgf,3bgf_B:C|A,AG,3bgf_AG_u_3,6CRV,B
3bgf,3bgf_B:C|A,AG,3bgf_AG_u_4,6CRV,C
6mej,6mej_A:B|C,AB,6mej_AB_u_0,6MEG,H:L
2oz4,2oz4_H:L|A,AG,2oz4_AG_u_0,1P53,A
2oz4,2oz4_H:L|A,AG,2oz4_AG_u_1,1P53,B
6cue,6cue_q:r|c,AB,6cue_AB_u_0,5JXA,H:L
6ii9,6ii9_H:L|A,AG,6ii9_AG_u_0,4BSG,A
6ii9,6ii9_H:L|A,AG,6ii9_AG_u_1,4BSH,A
6ii9,6ii9_H:L|A,AG,6ii9_AG_u_2,4BSA,A
6ii9,6ii9_H:L|A,AG,6ii9_AG_u_3,6IDD,A
6ii9,6ii9_H:L|A,AG,6ii9_AG_u_4,6IDD,C
5wdu,5wdu_U:V|R,AB,5wdu_AB_u_0,4TOY,H:L
4kvn,4kvn_H:L|A,AG,4kvn_AG_u_0,6GOL,A
4kvn,4kvn_H:L|A,AG,4kvn_AG_u_1,6BKS,B
4kvn,4kvn_H:L|A,AG,4kvn_AG_u_2,6BKT,A
4kvn,4kvn_H:L|A,AG,4kvn_AG_u_3,6BKT,B
4kvn,4kvn_H:L|A,AG,4kvn_AG_u_4,6BKN,A
6n1v,6n1v_f:h|A,AB,6n1v_AB_u_0,5JXA,H:L
4jm2,4jm2_A:B|E,AB,4jm2_AB_u_0,4JM4,H:L
3wih,3wih_H:L|A,AG,3wih_AG_u_0,4HLJ,A
3wih,3wih_H:L|A,AB,3wih_AB_u_0,3WII,H:L
3wih,3wih_H:L|A,AB,3wih_AB_u_1,3WII,I:M
5t85,5t85_H:L|G,AG,5t85_AG_u_0,3LF6,A
5t85,5t85_H:L|G,AG,5t85_AG_u_1,3LF6,B
5t85,5t85_H:L|G,AG,5t85_AG_u_2,3T43,A
5t85,5t85_H:L|G,AG,5t85_AG_u_3,3T43,B
5t85,5t85_H:L|G,AB,5t85_AB_u_0,5JNY,A:B
5t85,5t85_H:L|G,AB,5t85_AB_u_1,5JNY,C:D
1uj3,1uj3_B:A|C,AG,1uj3_AG_u_0,1BOY,A
1uj3,1uj3_B:A|C,AG,1uj3_AG_u_1,1TFH,A
1uj3,1uj3_B:A|C,AG,1uj3_AG_u_2,1TFH,B
4hfu,4hfu_H:L|A,AG,4hfu_AG_u_0,3QQI,A
4hfu,4hfu_H:L|A,AG,4hfu_AG_u_1,3QQI,B
4hfu,4hfu_H:L|A,AG,4hfu_AG_u_2,3QQB,A
4hfu,4hfu_H:L|A,AG,4hfu_AG_u_3,3QQE,A
4hfu,4hfu_H:L|A,AG,4hfu_AG_u_4,2WR7,A
5i75,5i75_B:C|A,AB,5i75_AB_u_0,5I66,A:B
1ob1,1ob1_E:D|F,AG,1ob1_AG_u_0,1CEJ,A
1him,1him_M:J|R,AB,1him_AB_u_0,1HIL,B:A
1him,1him_M:J|R,AB,1him_AB_u_1,1HIL,D:C
5aco,5aco_I:K|D,AB,5aco_AB_u_0,6B3D,H:L
5uea,5uea_A:B|X,AG,5uea_AG_u_0,1ROC,A
5uea,5uea_A:B|X,AG,5uea_AG_u_1,2IDC,A
5uea,5uea_A:B|X,AG,5uea_AG_u_2,1WG3,A
5v2a,5v2a_H:L|A,AG,5v2a_AG_u_0,4LN6,A
5v2a,5v2a_H:L|A,AG,5v2a_AG_u_1,4LN6,C
5v2a,5v2a_H:L|A,AG,5v2a_AG_u_2,4LN6,E
5v2a,5v2a_H:L|A,AG,5v2a_AG_u_3,4LN6,G
5v2a,5v2a_H:L|A,AG,5v2a_AG_u_4,4LN6,I
6cuf,6cuf_M:N|C,AB,6cuf_AB_u_0,4JY5,H:L
6bf9,6bf9_E:F|B,AG,6bf9_AG_u_0,4PFC,A
6bf9,6bf9_E:F|B,AG,6bf9_AG_u_1,4PFC,B
6bf9,6bf9_E:F|B,AG,6bf9_AG_u_2,4PF7,A
6bf9,6bf9_E:F|B,AG,6bf9_AG_u_3,4PF7,B
6bf9,6bf9_E:F|B,AG,6bf9_AG_u_4,4PF9,A
1xf5,1xf5_B:A|P:L,AB,1xf5_AB_u_0,1NLB,H:L
6jjp,6jjp_A:B|C,AG,6jjp_AG_u_0,6UMV,A
6jjp,6jjp_A:B|C,AG,6jjp_AG_u_1,3RRQ,A
6jjp,6jjp_A:B|C,AG,6jjp_AG_u_2,2M2D,A
4q6i,4q6i_G:F|I,AG,4q6i_AG_u_0,3CD4,A
4q6i,4q6i_G:F|I,AG,4q6i_AG_u_1,1CDH,A
4q6i,4q6i_G:F|I,AG,4q6i_AG_u_2,1CDJ,A
4q6i,4q6i_G:F|I,AG,4q6i_AG_u_3,1CDI,A
4q6i,4q6i_G:F|I,AG,4q6i_AG_u_4,1WIO,A
1u8i,1u8i_B:A|C,AB,1u8i_AB_u_0,2PR4,H:L
4xh2,4xh2_A:B|a,AG,4xh2_AG_u_0,2L6H,A
4xh2,4xh2_A:B|a,AG,4xh2_AG_u_1,2L6F,A
1xct,1xct_B:A|P:L,AB,1xct_AB_u_0,1NLB,H:L
1ahw,1ahw_B:A|C,AG,1ahw_AG_u_0,1BOY,A
1ahw,1ahw_B:A|C,AG,1ahw_AG_u_1,1TFH,A
1ahw,1ahw_B:A|C,AG,1ahw_AG_u_2,1TFH,B
1ahw,1ahw_B:A|C,AB,1ahw_AB_u_0,1FGN,H:L
5f9w,5f9w_H:L|G,AG,5f9w_AG_u_0,6ONH,A
5f9w,5f9w_H:L|G,AG,5f9w_AG_u_1,6P9N,A
5f9w,5f9w_H:L|G,AG,5f9w_AG_u_2,6ONV,A
6c6y,6c6y_H:L|R,AG,6c6y_AG_u_0,4L3N,A
6c6y,6c6y_H:L|R,AG,6c6y_AG_u_1,4L3N,B
6c6y,6c6y_H:L|R,AG,6c6y_AG_u_2,6Q04,A
6c6y,6c6y_H:L|R,AG,6c6y_AG_u_3,6Q04,B
6c6y,6c6y_H:L|R,AG,6c6y_AG_u_4,6Q04,C
3rkd,3rkd_H:L|A,AG,3rkd_AG_u_0,3GGQ,A
3rkd,3rkd_H:L|A,AG,3rkd_AG_u_1,6LAT,A
3rkd,3rkd_H:L|A,AG,3rkd_AG_u_2,6LB0,A
3rkd,3rkd_H:L|A,AG,3rkd_AG_u_3,2ZZQ,A
3rkd,3rkd_H:L|A,AG,3rkd_AG_u_4,3IYO,A
4yzf,4yzf_G:H|B,AG,4yzf_AG_u_0,4KY9,A
4yzf,4yzf_G:H|B,AG,4yzf_AG_u_1,4KY9,P
4yzf,4yzf_G:H|B,AG,4yzf_AG_u_2,1HYN,P
4yzf,4yzf_G:H|B,AG,4yzf_AG_u_3,1HYN,Q
4yzf,4yzf_G:H|B,AG,4yzf_AG_u_4,1HYN,R
4yzf,4yzf_G:H|B,AB,4yzf_AB_u_0,5A16,A:B
4yzf,4yzf_G:H|B,AB,4yzf_AB_u_1,5A16,C:D
4yzf,4yzf_G:H|B,AB,4yzf_AB_u_2,5A16,E:F
4yzf,4yzf_G:H|B,AB,4yzf_AB_u_3,5A16,G:H
5umn,5umn_C:D|B,AG,5umn_AG_u_0,6BKM,A
5umn,5umn_C:D|B,AG,5umn_AG_u_1,6BKM,C
5umn,5umn_C:D|B,AG,5umn_AG_u_2,6BKM,E
5umn,5umn_C:D|B,AG,5umn_AG_u_3,6BKQ,A
5umn,5umn_C:D|B,AG,5umn_AG_u_4,6BKQ,C
1nmb,1nmb_H:L|N,AG,1nmb_AG_u_0,6HFC,A
1nmb,1nmb_H:L|N,AG,1nmb_AG_u_1,6HCX,A
1nmb,1nmb_H:L|N,AG,1nmb_AG_u_2,6HG0,A
1nmb,1nmb_H:L|N,AG,1nmb_AG_u_3,6D3B,A
1nmb,1nmb_H:L|N,AG,1nmb_AG_u_4,1F8E,A
3f5w,3f5w_A:B|C,AG,3f5w_AG_u_0,2QTO,A
3f5w,3f5w_A:B|C,AG,3f5w_AG_u_1,2QTO,B
3f5w,3f5w_A:B|C,AG,3f5w_AG_u_2,2QTO,C
3f5w,3f5w_A:B|C,AG,3f5w_AG_u_3,2QTO,D
3f5w,3f5w_A:B|C,AG,3f5w_AG_u_4,3IFX,A
6jfh,6jfh_H:L|E,AG,6jfh_AG_u_0,5JHM,A
6jfh,6jfh_H:L|E,AG,6jfh_AG_u_1,5JHM,B
6jfh,6jfh_H:L|E,AG,6jfh_AG_u_2,5LBV,A
6jfh,6jfh_H:L|E,AG,6jfh_AG_u_3,5LBV,B
6jfh,6jfh_H:L|E,AG,6jfh_AG_u_4,5OMZ,A
5cba,5cba_C:D|F,AG,5cba_AG_u_0,4ZAI,A
5cba,5cba_C:D|F,AB,5cba_AB_u_0,5C2B,H:H
4r0l,4r0l_A:B|C,AB,4r0l_AB_u_0,4LCI,H:L
5te7,5te7_H:L|G,AG,5te7_AG_u_0,3DNN,A
5te7,5te7_H:L|G,AG,5te7_AG_u_1,3DNN,C
5te7,5te7_H:L|G,AG,5te7_AG_u_2,3DNN,D
5te7,5te7_H:L|G,AG,5te7_AG_u_3,3DNN,F
5te7,5te7_H:L|G,AG,5te7_AG_u_4,3DNN,G
3qo0,3qo0_B:A|C,AB,3qo0_AB_u_0,3QO1,B:A
3ulu,3ulu_F:E|A,AG,3ulu_AG_u_0,1ZIW,A
3ulu,3ulu_F:E|A,AG,3ulu_AG_u_1,2A0Z,A
3ulu,3ulu_F:E|A,AB,3ulu_AB_u_0,3QPQ,D:C
3ulu,3ulu_F:E|A,AB,3ulu_AB_u_1,3QPQ,F:E
3ulu,3ulu_F:E|A,AB,3ulu_AB_u_2,3QPQ,H:I
3ulu,3ulu_F:E|A,AB,3ulu_AB_u_3,3QPQ,J:L
5vag,5vag_C:B|A,AG,5vag_AG_u_0,4LN6,A
5vag,5vag_C:B|A,AG,5vag_AG_u_1,4LN6,C
5vag,5vag_C:B|A,AG,5vag_AG_u_2,4LN6,E
5vag,5vag_C:B|A,AG,5vag_AG_u_3,4LN6,G
5vag,5vag_C:B|A,AG,5vag_AG_u_4,4LN6,I
5u7m,5u7m_H:L|G,AB,5u7m_AB_u_0,4JY5,H:L
1ncc,1ncc_H:L|N,AG,1ncc_AG_u_0,6HFC,A
1ncc,1ncc_H:L|N,AG,1ncc_AG_u_1,6HCX,A
1ncc,1ncc_H:L|N,AG,1ncc_AG_u_2,6HG0,A
1ncc,1ncc_H:L|N,AG,1ncc_AG_u_3,6D3B,A
1ncc,1ncc_H:L|N,AG,1ncc_AG_u_4,1F8E,A
5wna,5wna_H:L|B,AG,5wna_AG_u_0,1KWD,A
5wna,5wna_H:L|B,AG,5wna_AG_u_1,1KWE,A
5cil,5cil_H:L|P,AB,5cil_AB_u_0,4LLV,A:B
5cil,5cil_H:L|P,AB,5cil_AB_u_1,4LLV,C:D
5cil,5cil_H:L|P,AB,5cil_AB_u_2,4LLV,E:F
5cil,5cil_H:L|P,AB,5cil_AB_u_3,4LLV,H:L
5cil,5cil_H:L|P,AB,5cil_AB_u_4,5CIP,A:B
5kqv,5kqv_C:D|E,AG,5kqv_AG_u_0,2HR7,A
5kqv,5kqv_C:D|E,AG,5kqv_AG_u_1,2HR7,B
5kqv,5kqv_C:D|E,AG,5kqv_AG_u_2,4XST,E
5kqv,5kqv_C:D|E,AG,5kqv_AG_u_3,6HN4,E
5kqv,5kqv_C:D|E,AG,5kqv_AG_u_4,6HN4,F
3fb6,3fb6_A:B|C,AG,3fb6_AG_u_0,2QTO,A
3fb6,3fb6_A:B|C,AG,3fb6_AG_u_1,2QTO,B
3fb6,3fb6_A:B|C,AG,3fb6_AG_u_2,2QTO,C
3fb6,3fb6_A:B|C,AG,3fb6_AG_u_3,2QTO,D
3fb6,3fb6_A:B|C,AG,3fb6_AG_u_4,3IFX,A
3ulv,3ulv_F:E|A,AG,3ulv_AG_u_0,1ZIW,A
3ulv,3ulv_F:E|A,AG,3ulv_AG_u_1,2A0Z,A
3ulv,3ulv_F:E|A,AB,3ulv_AB_u_0,3QPQ,D:C
3ulv,3ulv_F:E|A,AB,3ulv_AB_u_1,3QPQ,F:E
3ulv,3ulv_F:E|A,AB,3ulv_AB_u_2,3QPQ,H:I
3ulv,3ulv_F:E|A,AB,3ulv_AB_u_3,3QPQ,J:L
4r2g,4r2g_J:I|K,AG,4r2g_AG_u_0,3DNN,A
4r2g,4r2g_J:I|K,AG,4r2g_AG_u_1,3DNN,C
4r2g,4r2g_J:I|K,AG,4r2g_AG_u_2,3DNN,D
4r2g,4r2g_J:I|K,AG,4r2g_AG_u_3,3DNN,F
4r2g,4r2g_J:I|K,AG,4r2g_AG_u_4,3DNN,G
4r2g,4r2g_J:I|K,AB,4r2g_AB_u_0,5CEY,B:A
4r2g,4r2g_J:I|K,AB,4r2g_AB_u_1,5CEY,D:C
4r2g,4r2g_J:I|K,AB,4r2g_AB_u_2,4R26,H:L
1kiq,1kiq_B:A|C,AG,1kiq_AG_u_0,6F1O,A
1kiq,1kiq_B:A|C,AG,1kiq_AG_u_1,6F1R,A
1kiq,1kiq_B:A|C,AG,1kiq_AG_u_2,6F9Z,A
1kiq,1kiq_B:A|C,AG,1kiq_AG_u_3,6BO1,A
1kiq,1kiq_B:A|C,AG,1kiq_AG_u_4,6F9X,A
5vgj,5vgj_H:L|G,AG,5vgj_AG_u_0,6CMX,A
5vgj,5vgj_H:L|G,AG,5vgj_AG_u_1,4Q0C,A
5vgj,5vgj_H:L|G,AG,5vgj_AG_u_2,4Q0C,B
5vgj,5vgj_H:L|G,AG,5vgj_AG_u_3,4Q0C,C
5vgj,5vgj_H:L|G,AG,5vgj_AG_u_4,4Q0C,D
5vgj,5vgj_H:L|G,AB,5vgj_AB_u_0,5EWI,H:L
2w0f,2w0f_A:B|C,AG,2w0f_AG_u_0,2QTO,A
2w0f,2w0f_A:B|C,AG,2w0f_AG_u_1,2QTO,B
2w0f,2w0f_A:B|C,AG,2w0f_AG_u_2,2QTO,C
2w0f,2w0f_A:B|C,AG,2w0f_AG_u_3,2QTO,D
2w0f,2w0f_A:B|C,AG,2w0f_AG_u_4,3IFX,A
1a14,1a14_H:L|N,AG,1a14_AG_u_0,6HFC,A
1a14,1a14_H:L|N,AG,1a14_AG_u_1,6HCX,A
1a14,1a14_H:L|N,AG,1a14_AG_u_2,6HG0,A
1a14,1a14_H:L|N,AG,1a14_AG_u_3,6D3B,A
1a14,1a14_H:L|N,AG,1a14_AG_u_4,1F8E,A
4uu9,4uu9_H:L|D,AG,4uu9_AG_u_0,4P39,A
4uu9,4uu9_H:L|D,AG,4uu9_AG_u_1,4P39,B
4uu9,4uu9_H:L|D,AG,4uu9_AG_u_2,4P39,C
4uu9,4uu9_H:L|D,AG,4uu9_AG_u_3,4P39,D
4uu9,4uu9_H:L|D,AG,4uu9_AG_u_4,3HQA,A
6k68,6k68_A:B|H,AB,6k68_AB_u_0,3MO1,B:A
6k68,6k68_A:B|H,AB,6k68_AB_u_1,3MNV,B:A
6k68,6k68_A:B|H,AB,6k68_AB_u_2,3MNV,D:C
6icf,6icf_H:L|A,AB,6icf_AB_u_0,4YNY,A:B
6icf,6icf_H:L|A,AB,6icf_AB_u_1,4YNY,C:D
5xez,5xez_C:D|A,AG,5xez_AG_u_0,5JGZ,A
5xez,5xez_C:D|A,AG,5xez_AG_u_1,5KI8,A
5xez,5xez_C:D|A,AG,5xez_AG_u_2,5KIO,A
5xez,5xez_C:D|A,AG,5xez_AG_u_3,5I14,A
5xez,5xez_C:D|A,AG,5xez_AG_u_4,5I14,B
6mb3,6mb3_F:P|E,AG,6mb3_AG_u_0,3VDJ,A
6mb3,6mb3_F:P|E,AG,6mb3_AG_u_1,3VDK,A
6mb3,6mb3_F:P|E,AG,6mb3_AG_u_2,3VDL,A
6mb3,6mb3_F:P|E,AG,6mb3_AG_u_3,3VDL,B
6mb3,6mb3_F:P|E,AG,6mb3_AG_u_4,3VDL,C
6pzz,6pzz_F:E|B,AG,6pzz_AG_u_0,6PZD,A
6pzz,6pzz_F:E|B,AG,6pzz_AG_u_1,5L18,A
6pzz,6pzz_F:E|B,AG,6pzz_AG_u_2,4MWJ,A
6pzz,6pzz_F:E|B,AG,6pzz_AG_u_3,4MWX,A
6pzz,6pzz_F:E|B,AG,6pzz_AG_u_4,4MWY,A
6pzz,6pzz_F:E|B,AB,6pzz_AB_u_0,6PZG,H:L
5d1q,5d1q_C:D|E,AG,5d1q_AG_u_0,3RTL,A
5d1q,5d1q_C:D|E,AG,5d1q_AG_u_1,3RTL,B
5d1q,5d1q_C:D|E,AG,5d1q_AG_u_2,3RTL,C
5d1q,5d1q_C:D|E,AG,5d1q_AG_u_3,3RTL,D
5d1q,5d1q_C:D|E,AG,5d1q_AG_u_4,3RUR,A
4rwy,4rwy_H:L|A,AG,4rwy_AG_u_0,3DNN,C
4rwy,4rwy_H:L|A,AG,4rwy_AG_u_1,3DNN,F
4rwy,4rwy_H:L|A,AG,4rwy_AG_u_2,3DNN,I
6cwt,6cwt_A:B|E,AG,6cwt_AG_u_0,5T2P,A
6cwt,6cwt_A:B|E,AG,6cwt_AG_u_1,5T2P,B
6cwt,6cwt_A:B|E,AG,6cwt_AG_u_2,5T2P,C
6cwt,6cwt_A:B|E,AG,6cwt_AG_u_3,5T2P,D
6cwt,6cwt_A:B|E,AG,6cwt_AG_u_4,5T2P,E
6iap,6iap_E:D|A,AG,6iap_AG_u_0,1OLL,A
6iap,6iap_E:D|A,AG,6iap_AG_u_1,1P6F,A
3u4e,3u4e_A:B|J,AG,3u4e_AG_u_0,6CMX,A
3u4e,3u4e_A:B|J,AG,3u4e_AG_u_1,4Q0C,A
3u4e,3u4e_A:B|J,AG,3u4e_AG_u_2,4Q0C,B
3u4e,3u4e_A:B|J,AG,3u4e_AG_u_3,4Q0C,C
3u4e,3u4e_A:B|J,AG,3u4e_AG_u_4,4Q0C,D
3u4e,3u4e_A:B|J,AB,3u4e_AB_u_0,3U36,A:B
3u4e,3u4e_A:B|J,AB,3u4e_AB_u_1,3U36,C:D
3u4e,3u4e_A:B|J,AB,3u4e_AB_u_2,3U36,E:F
3u4e,3u4e_A:B|J,AB,3u4e_AB_u_3,3U36,H:L
3l5w,3l5w_H:L|I,AG,3l5w_AG_u_0,1IJZ,A
3l5w,3l5w_H:L|I,AG,3l5w_AG_u_1,1GA3,A
3l5w,3l5w_H:L|I,AG,3l5w_AG_u_2,1IK0,A
3l5w,3l5w_H:L|I,AB,3l5w_AB_u_0,3L7E,B:A
3l5w,3l5w_H:L|I,AB,3l5w_AB_u_1,3L7E,H:L
5vjq,5vjq_A:B|I,AG,5vjq_AG_u_0,6D9I,A
5vjq,5vjq_A:B|I,AG,5vjq_AG_u_1,6D9I,B
5vjq,5vjq_A:B|I,AG,5vjq_AG_u_2,5V8G,A
5vjq,5vjq_A:B|I,AG,5vjq_AG_u_3,1IAK,P
4uv7,4uv7_H:L|A,AG,4uv7_AG_u_0,5LV6,A
4uv7,4uv7_H:L|A,AG,4uv7_AG_u_1,5LV6,B
4uv7,4uv7_H:L|A,AG,4uv7_AG_u_2,2M0B,A
4uv7,4uv7_H:L|A,AG,4uv7_AG_u_3,2M0B,B
6pzw,6pzw_H:L|A,AG,6pzw_AG_u_0,6PZD,A
6pzw,6pzw_H:L|A,AG,6pzw_AG_u_1,5L18,A
6pzw,6pzw_H:L|A,AG,6pzw_AG_u_2,4MWJ,A
6pzw,6pzw_H:L|A,AG,6pzw_AG_u_3,4MWX,A
6pzw,6pzw_H:L|A,AG,6pzw_AG_u_4,4MWY,A
6pzw,6pzw_H:L|A,AB,6pzw_AB_u_0,6PZH,B:A
6pzw,6pzw_H:L|A,AB,6pzw_AB_u_1,6PZH,H:L
5jxe,5jxe_D:C|B,AG,5jxe_AG_u_0,6UMU,A
5jxe,5jxe_D:C|B,AG,5jxe_AG_u_1,6UMV,A
5jxe,5jxe_D:C|B,AG,5jxe_AG_u_2,3RRQ,A
5jxe,5jxe_D:C|B,AG,5jxe_AG_u_3,2M2D,A
5jxe,5jxe_D:C|B,AB,5jxe_AB_u_0,5DK3,B:A
5jxe,5jxe_D:C|B,AB,5jxe_AB_u_1,5DK3,G:F
4i9w,4i9w_G:F|B,AG,4i9w_AG_u_0,4RUE,A
4i9w,4i9w_G:F|B,AG,4i9w_AG_u_1,4RUE,B
4i9w,4i9w_G:F|B,AG,4i9w_AG_u_2,3UM7,A
4i9w,4i9w_G:F|B,AG,4i9w_AG_u_3,3UM7,B
4i9w,4i9w_G:F|B,AG,4i9w_AG_u_4,4RUF,A
5u8r,5u8r_H:L|A,AG,5u8r_AG_u_0,1IGR,A
4qci,4qci_B:A|D,AG,4qci_AG_u_0,1PDG,A
4qci,4qci_B:A|D,AG,4qci_AG_u_1,1PDG,C
4qci,4qci_B:A|D,AG,4qci_AG_u_2,1PDG,B
4dtg,4dtg_H:L|K,AG,4dtg_AG_u_0,1ADZ,A
6mu7,6mu7_D:E|B,AB,6mu7_AB_u_0,4TOY,H:L
3v7a,3v7a_F:G|B,AG,3v7a_AG_u_0,3Q39,A
3v7a,3v7a_F:G|B,AG,3v7a_AG_u_1,3Q39,B
3v7a,3v7a_F:G|B,AG,3v7a_AG_u_2,3Q38,A
3v7a,3v7a_F:G|B,AG,3v7a_AG_u_3,3Q38,B
3v7a,3v7a_F:G|B,AG,3v7a_AG_u_4,5HZA,A
6cmi,6cmi_D:C|B,AG,6cmi_AG_u_0,6PD4,A
6cmi,6cmi_D:C|B,AG,6cmi_AG_u_1,6PD4,B
6cmi,6cmi_D:C|B,AG,6cmi_AG_u_2,2X9M,A
6cmi,6cmi_D:C|B,AG,6cmi_AG_u_3,2X9M,B
6cmi,6cmi_D:C|B,AG,6cmi_AG_u_4,2X9M,C
6nij,6nij_H:L|E:A:C,AB,6nij_AB_u_0,3U1S,H:L
5n7w,5n7w_A:B|Y,AG,5n7w_AG_u_0,4HR9,A
5n7w,5n7w_A:B|Y,AG,5n7w_AG_u_1,4HR9,B
4aei,4aei_J:N|C,AG,4aei_AG_u_0,1AHO,A
4aei,4aei_J:N|C,AG,4aei_AG_u_1,1PTX,A
4zxb,4zxb_A:B|E,AG,4zxb_AG_u_0,2HR7,A
4zxb,4zxb_A:B|E,AG,4zxb_AG_u_1,2HR7,B
4zxb,4zxb_A:B|E,AG,4zxb_AG_u_2,4XST,E
4zxb,4zxb_A:B|E,AG,4zxb_AG_u_3,2MFR,A
6ce0,6ce0_H:L|G,AB,6ce0_AB_u_0,5CEY,B:A
6ce0,6ce0_H:L|G,AB,6ce0_AB_u_1,5CEY,D:C
6ce0,6ce0_H:L|G,AB,6ce0_AB_u_2,4R26,H:L
4oii,4oii_H:L|A,AG,4oii_AG_u_0,4OIE,A
4oii,4oii_H:L|A,AG,4oii_AG_u_1,4O6C,A
4oii,4oii_H:L|A,AG,4oii_AG_u_2,4O6C,B
4oii,4oii_H:L|A,AG,4oii_AG_u_3,4O6C,C
4oii,4oii_H:L|A,AG,4oii_AG_u_4,4O6C,D
5vta,5vta_F:E|C,AG,5vta_AG_u_0,2GBC,A
5vta,5vta_F:E|C,AG,5vta_AG_u_1,2GBC,B
5vta,5vta_F:E|C,AG,5vta_AG_u_2,2I3Z,A
5vta,5vta_F:E|C,AG,5vta_AG_u_3,2I3Z,B
5vta,5vta_F:E|C,AG,5vta_AG_u_4,2OAE,A
6cuf,6cuf_Q:R|C,AB,6cuf_AB_u_0,5JXA,H:L
6ea7,6ea7_H:L|B:A:F,AB,6ea7_AB_u_0,6DZN,H:L
4i77,4i77_H:L|Z,AG,4i77_AG_u_0,1IJZ,A
4i77,4i77_H:L|Z,AG,4i77_AG_u_1,1GA3,A
4i77,4i77_H:L|Z,AG,4i77_AG_u_2,1IK0,A
1cfs,1cfs_B:A|C,AB,1cfs_AB_u_0,1CFQ,B:A
6n1v,6n1v_M:N|C,AB,6n1v_AB_u_0,4JY5,H:L
6e56,6e56_H:J|A,AG,6e56_AG_u_0,6BKM,A
6e56,6e56_H:J|A,AG,6e56_AG_u_1,6BKM,C
6e56,6e56_H:J|A,AG,6e56_AG_u_2,6BKM,E
6e56,6e56_H:J|A,AG,6e56_AG_u_3,6BKQ,A
6e56,6e56_H:J|A,AG,6e56_AG_u_4,6BKQ,C
5vn3,5vn3_H:L|G,AB,5vn3_AB_u_0,1RZ8,B:A
5vn3,5vn3_H:L|G,AB,5vn3_AB_u_1,1RZ8,D:C
6bck,6bck_H:L|G,AG,6bck_AG_u_0,6ONH,A
6bck,6bck_H:L|G,AG,6bck_AG_u_1,6P9N,A
6bck,6bck_H:L|G,AG,6bck_AG_u_2,6ONV,A
5i9q,5i9q_H:L|G,AG,5i9q_AG_u_0,5FA2,A
5i9q,5i9q_H:L|G,AG,5i9q_AG_u_1,5FA2,B
5i9q,5i9q_H:L|G,AG,5i9q_AG_u_2,3DNN,A
5i9q,5i9q_H:L|G,AG,5i9q_AG_u_3,3DNN,D
5i9q,5i9q_H:L|G,AG,5i9q_AG_u_4,3DNN,G
4xnq,4xnq_B:A|D,AG,4xnq_AG_u_0,4BH4,A
4xnq,4xnq_B:A|D,AG,4xnq_AG_u_1,4BH3,A
4xnq,4xnq_B:A|D,AG,4xnq_AG_u_2,6CF5,A
4xnq,4xnq_B:A|D,AG,4xnq_AG_u_3,6CF5,C
4xnq,4xnq_B:A|D,AG,4xnq_AG_u_4,6CF5,E
4xnq,4xnq_B:A|D,AB,4xnq_AB_u_0,4GSD,H:L
6u0n,6u0n_P:Q|C,AB,6u0n_AB_u_0,1RZF,H:L
3bdy,3bdy_H:L|V,AG,3bdy_AG_u_0,1MKK,A
3bdy,3bdy_H:L|V,AG,3bdy_AG_u_1,1MKK,B
3bdy,3bdy_H:L|V,AG,3bdy_AG_u_2,4KZN,A
3bdy,3bdy_H:L|V,AG,3bdy_AG_u_3,3QTK,A
3bdy,3bdy_H:L|V,AG,3bdy_AG_u_4,3QTK,B
3bdy,3bdy_H:L|V,AB,3bdy_AB_u_0,6MY4,A:B
3bdy,3bdy_H:L|V,AB,3bdy_AB_u_1,6MY4,H:L
3bdy,3bdy_H:L|V,AB,3bdy_AB_u_2,6MY5,A:B
3bdy,3bdy_H:L|V,AB,3bdy_AB_u_3,6MY5,H:L
3bdy,3bdy_H:L|V,AB,3bdy_AB_u_4,6MXS,A:B
3lh2,3lh2_H:L|S,AB,3lh2_AB_u_0,4LLV,A:B
3lh2,3lh2_H:L|S,AB,3lh2_AB_u_1,4LLV,C:D
3lh2,3lh2_H:L|S,AB,3lh2_AB_u_2,4LLV,E:F
3lh2,3lh2_H:L|S,AB,3lh2_AB_u_3,4LLV,H:L
3lh2,3lh2_H:L|S,AB,3lh2_AB_u_4,5CIP,A:B
6glx,6glx_H:L|A,AG,6glx_AG_u_0,6GKS,A
6glx,6glx_H:L|A,AG,6glx_AG_u_1,6QRN,A
6glx,6glx_H:L|A,AG,6glx_AG_u_2,5XRG,A
6glx,6glx_H:L|A,AG,6glx_AG_u_3,5XRH,A
6glx,6glx_H:L|A,AG,6glx_AG_u_4,5XRO,A
3cvh,3cvh_Q:R|M:O,AB,3cvh_AB_u_0,3CVI,H:L
4m8q,4m8q_H:L|C,AG,4m8q_AG_u_0,3LF6,A
4m8q,4m8q_H:L|C,AG,4m8q_AG_u_1,3LF6,B
4m8q,4m8q_H:L|C,AG,4m8q_AG_u_2,3T43,A
4m8q,4m8q_H:L|C,AG,4m8q_AG_u_3,3T43,B
4m8q,4m8q_H:L|C,AB,4m8q_AB_u_0,4OB5,H:L
4m8q,4m8q_H:L|C,AB,4m8q_AB_u_1,4LRN,H:L
5x8l,5x8l_H:M|C,AG,5x8l_AG_u_0,6NP9,A
5x8l,5x8l_H:M|C,AG,5x8l_AG_u_1,4Z18,A
5x8l,5x8l_H:M|C,AG,5x8l_AG_u_2,4Z18,B
5x8l,5x8l_H:M|C,AG,5x8l_AG_u_3,5NIU,A
5x8l,5x8l_H:M|C,AG,5x8l_AG_u_4,5NIU,B
5d93,5d93_C:B|A,AG,5d93_AG_u_0,5D8I,A
5d93,5d93_C:B|A,AG,5d93_AG_u_1,5D8I,B
5d93,5d93_C:B|A,AG,5d93_AG_u_2,3T58,A
5d93,5d93_C:B|A,AG,5d93_AG_u_3,3T58,B
5d93,5d93_C:B|A,AG,5d93_AG_u_4,3T58,C
6ot1,6ot1_m:n|G,AB,6ot1_AB_u_0,4JY5,H:L
6u02,6u02_K:I|J,AG,6u02_AG_u_0,6PZD,A
6u02,6u02_K:I|J,AG,6u02_AG_u_1,5L18,A
6u02,6u02_K:I|J,AG,6u02_AG_u_2,4MWJ,A
6u02,6u02_K:I|J,AG,6u02_AG_u_3,4MWX,A
6u02,6u02_K:I|J,AG,6u02_AG_u_4,4MWY,A
1fe8,1fe8_I:M|B,AG,1fe8_AG_u_0,1ATZ,A
1fe8,1fe8_I:M|B,AG,1fe8_AG_u_1,1ATZ,B
1fe8,1fe8_I:M|B,AG,1fe8_AG_u_2,1AO3,A
1fe8,1fe8_I:M|B,AG,1fe8_AG_u_3,1AO3,B
4ckd,4ckd_K:O|B,AG,4ckd_AG_u_0,1JZ7,A
4ckd,4ckd_K:O|B,AG,4ckd_AG_u_1,1JZ7,B
4ckd,4ckd_K:O|B,AG,4ckd_AG_u_2,1JZ7,C
4ckd,4ckd_K:O|B,AG,4ckd_AG_u_3,1JZ7,D
4ckd,4ckd_K:O|B,AG,4ckd_AG_u_4,4TTG,A
3f7v,3f7v_A:B|C,AG,3f7v_AG_u_0,2QTO,A
3f7v,3f7v_A:B|C,AG,3f7v_AG_u_1,2QTO,B
3f7v,3f7v_A:B|C,AG,3f7v_AG_u_2,2QTO,C
3f7v,3f7v_A:B|C,AG,3f7v_AG_u_3,2QTO,D
3f7v,3f7v_A:B|C,AG,3f7v_AG_u_4,3IFX,A
5i8h,5i8h_E:F|B,AB,5i8h_AB_u_0,5I8E,A:B
5i8h,5i8h_E:F|B,AB,5i8h_AB_u_1,5I8E,C:D
2dqd,2dqd_H:L|Y,AG,2dqd_AG_u_0,6F1O,A
2dqd,2dqd_H:L|Y,AG,2dqd_AG_u_1,6F1R,A
2dqd,2dqd_H:L|Y,AG,2dqd_AG_u_2,6F9Z,A
2dqd,2dqd_H:L|Y,AG,2dqd_AG_u_3,6BO1,A
2dqd,2dqd_H:L|Y,AG,2dqd_AG_u_4,6F9X,A
6avu,6avu_H:L|B:A,AB,6avu_AB_u_0,5OPY,H:L
6pzy,6pzy_C:D|A,AG,6pzy_AG_u_0,6PZD,A
6pzy,6pzy_C:D|A,AG,6pzy_AG_u_1,5L18,A
6pzy,6pzy_C:D|A,AG,6pzy_AG_u_2,4MWJ,A
6pzy,6pzy_C:D|A,AG,6pzy_AG_u_3,4MWX,A
6pzy,6pzy_C:D|A,AG,6pzy_AG_u_4,4MWY,A
5w3m,5w3m_E:G|B:A:C,AG,5w3m_AG_u_0,1RUD,3:1:2
5w3m,5w3m_E:G|B:A:C,AG,5w3m_AG_u_1,1RUF,3:1:2
5w3m,5w3m_E:G|B:A:C,AG,5w3m_AG_u_2,1RUE,3:1:2
5w3m,5w3m_E:G|B:A:C,AG,5w3m_AG_u_3,1VRH,3:1:2
5w3m,5w3m_E:G|B:A:C,AG,5w3m_AG_u_4,1RUJ,3:1:2
1nfd,1nfd_F:E|B,AG,1nfd_AG_u_0,3Q5Y,A
1nfd,1nfd_F:E|B,AG,1nfd_AG_u_1,3Q5Y,B
1nfd,1nfd_F:E|B,AG,1nfd_AG_u_2,3Q5Y,C
1nfd,1nfd_F:E|B,AG,1nfd_AG_u_3,3Q5Y,D
4o58,4o58_H:L|A,AB,4o58_AB_u_0,4O5L,H:L
6j14,6j14_A:B|G,AG,6j14_AG_u_0,6UMV,A
6j14,6j14_A:B|G,AG,6j14_AG_u_1,3RRQ,A
6j14,6j14_A:B|G,AG,6j14_AG_u_2,2M2D,A
5mp1,5mp1_C:D|B,AG,5mp1_AG_u_0,6NWP,A
5mp1,5mp1_C:D|B,AG,5mp1_AG_u_1,6NWP,B
5mp1,5mp1_C:D|B,AG,5mp1_AG_u_2,6NWP,C
5mp1,5mp1_C:D|B,AG,5mp1_AG_u_3,6NWP,D
5mp1,5mp1_C:D|B,AG,5mp1_AG_u_4,6NWP,E
5mp1,5mp1_C:D|B,AB,5mp1_AB_u_0,5MTH,A:B
5mp1,5mp1_C:D|B,AB,5mp1_AB_u_1,5MTH,H:L
5mp1,5mp1_C:D|B,AB,5mp1_AB_u_2,4OZ4,A:B
5mp1,5mp1_C:D|B,AB,5mp1_AB_u_3,4OZ4,H:L
3ztj,3ztj_I:J|D:C,AG,3ztj_AG_u_0,6BKM,B:A
3ztj,3ztj_I:J|D:C,AG,3ztj_AG_u_1,6BKM,D:C
3ztj,3ztj_I:J|D:C,AG,3ztj_AG_u_2,6BKM,F:E
3ztj,3ztj_I:J|D:C,AG,3ztj_AG_u_3,6BKQ,B:A
3ztj,3ztj_I:J|D:C,AG,3ztj_AG_u_4,6BKQ,D:C
6mb3,6mb3_I:R|E,AG,6mb3_AG_u_0,3VDJ,A
6mb3,6mb3_I:R|E,AG,6mb3_AG_u_1,3VDK,A
6mb3,6mb3_I:R|E,AG,6mb3_AG_u_2,3VDL,A
6mb3,6mb3_I:R|E,AG,6mb3_AG_u_3,3VDL,B
6mb3,6mb3_I:R|E,AG,6mb3_AG_u_4,3VDL,C
3raj,3raj_H:L|A,AG,3raj_AG_u_0,3F6Y,A
3raj,3raj_H:L|A,AG,3raj_AG_u_1,2O3S,A
3raj,3raj_H:L|A,AG,3raj_AG_u_2,2O3S,B
3raj,3raj_H:L|A,AG,3raj_AG_u_3,3DZH,A
3raj,3raj_H:L|A,AG,3raj_AG_u_4,3DZH,B
6o3j,6o3j_A:B|I,AB,6o3j_AB_u_0,6O3D,H:L
5g64,5g64_H:L|A,AG,5g64_AG_u_0,5MOL,A
5g64,5g64_H:L|A,AG,5g64_AG_u_1,5MOL,B
5g64,5g64_H:L|A,AG,5g64_AG_u_2,2WQR,A
5g64,5g64_H:L|A,AG,5g64_AG_u_3,2WQR,B
5g64,5g64_H:L|A,AG,5g64_AG_u_4,5MOK,A
5g64,5g64_H:L|A,AB,5g64_AB_u_0,2XA8,H:L
5g64,5g64_H:L|A,AB,5g64_AB_u_1,4X7T,A:B
5g64,5g64_H:L|A,AB,5g64_AB_u_2,4X7T,H:L
4bh8,4bh8_B:A|P,AB,4bh8_AB_u_0,5VGA,B:A
4bh8,4bh8_B:A|P,AB,4bh8_AB_u_1,2A6J,B:A
4bh8,4bh8_B:A|P,AB,4bh8_AB_u_2,2A6J,H:L
4lst,4lst_H:L|G,AG,4lst_AG_u_0,3DNN,A
4lst,4lst_H:L|G,AG,4lst_AG_u_1,3DNN,C
4lst,4lst_H:L|G,AG,4lst_AG_u_2,3DNN,D
4lst,4lst_H:L|G,AG,4lst_AG_u_3,3DNN,F
4lst,4lst_H:L|G,AG,4lst_AG_u_4,3DNN,G
1egj,1egj_H:L|A,AG,1egj_AG_u_0,2GYS,A
1egj,1egj_H:L|A,AG,1egj_AG_u_1,2GYS,B
1egj,1egj_H:L|A,AG,1egj_AG_u_2,1GH7,A
1egj,1egj_H:L|A,AG,1egj_AG_u_3,1GH7,B
1egj,1egj_H:L|A,AG,1egj_AG_u_4,1C8P,A
4k24,4k24_H:L|U,AG,4k24_AG_u_0,3U74,U
4k24,4k24_H:L|U,AB,4k24_AB_u_0,4K23,H:L
6gku,6gku_H:L|A,AG,6gku_AG_u_0,6GKS,A
6gku,6gku_H:L|A,AG,6gku_AG_u_1,6QRN,A
6gku,6gku_H:L|A,AG,6gku_AG_u_2,5XRG,A
6gku,6gku_H:L|A,AG,6gku_AG_u_3,5XRH,A
6gku,6gku_H:L|A,AG,6gku_AG_u_4,5XRO,A
6s3t,6s3t_E:I|T,AG,6s3t_AG_u_0,6RUX,A
6s3t,6s3t_E:I|T,AG,6s3t_AG_u_1,6RUX,B
6s3t,6s3t_E:I|T,AG,6s3t_AG_u_2,6RUX,C
6s3t,6s3t_E:I|T,AG,6s3t_AG_u_3,6RQG,A
6s3t,6s3t_E:I|T,AG,6s3t_AG_u_4,6RQG,B
6s3t,6s3t_E:I|T,AB,6s3t_AB_u_0,6RNN,D:C
6s3t,6s3t_E:I|T,AB,6s3t_AB_u_1,6RNN,H:L
4mwf,4mwf_H:L|C,AB,4mwf_AB_u_0,6MEF,H:L
3hi1,3hi1_B:A|J,AG,3hi1_AG_u_0,3DNN,A
3hi1,3hi1_B:A|J,AG,3hi1_AG_u_1,3DNN,C
3hi1,3hi1_B:A|J,AG,3hi1_AG_u_2,3DNN,D
3hi1,3hi1_B:A|J,AG,3hi1_AG_u_3,3DNN,F
3hi1,3hi1_B:A|J,AG,3hi1_AG_u_4,3DNN,G
3hi1,3hi1_B:A|J,AB,3hi1_AB_u_0,1U6A,H:L
5ggs,5ggs_A:B|Z,AG,5ggs_AG_u_0,6UMU,A
5ggs,5ggs_A:B|Z,AG,5ggs_AG_u_1,6UMV,A
5ggs,5ggs_A:B|Z,AG,5ggs_AG_u_2,3RRQ,A
5ggs,5ggs_A:B|Z,AG,5ggs_AG_u_3,2M2D,A
5ggs,5ggs_A:B|Z,AB,5ggs_AB_u_0,5DK3,B:A
5ggs,5ggs_A:B|Z,AB,5ggs_AB_u_1,5DK3,G:F
6i9i,6i9i_A:B|C,AG,6i9i_AG_u_0,6F8P,A
6i9i,6i9i_A:B|C,AG,6i9i_AG_u_1,5Y0W,A
6i9i,6i9i_A:B|C,AG,6i9i_AG_u_2,5Y0Y,A
6i9i,6i9i_A:B|C,AG,6i9i_AG_u_3,6F9C,A
6i9i,6i9i_A:B|C,AG,6i9i_AG_u_4,6F9C,C
5o6v,5o6v_I:M|C,AG,5o6v_AG_u_0,1SVB,A
5o6v,5o6v_I:M|C,AG,5o6v_AG_u_1,1URZ,A
5o6v,5o6v_I:M|C,AG,5o6v_AG_u_2,1URZ,B
5o6v,5o6v_I:M|C,AG,5o6v_AG_u_3,1URZ,C
5o6v,5o6v_I:M|C,AG,5o6v_AG_u_4,1URZ,D
5wob,5wob_Q:R|E,AG,5wob_AG_u_0,4PFC,A
5wob,5wob_Q:R|E,AG,5wob_AG_u_1,4PFC,B
5wob,5wob_Q:R|E,AG,5wob_AG_u_2,4PF7,A
5wob,5wob_Q:R|E,AG,5wob_AG_u_3,4PF7,B
5wob,5wob_Q:R|E,AG,5wob_AG_u_4,4PF9,A
1h0d,1h0d_B:A|C,AG,1h0d_AG_u_0,4AOH,A
1h0d,1h0d_B:A|C,AG,1h0d_AG_u_1,5EOP,A
1h0d,1h0d_B:A|C,AG,1h0d_AG_u_2,5M9Q,A
1h0d,1h0d_B:A|C,AG,1h0d_AG_u_3,5M9R,A
1h0d,1h0d_B:A|C,AG,1h0d_AG_u_4,5M9R,B
3se9,3se9_H:L|G,AG,3se9_AG_u_0,6ONH,A
3se9,3se9_H:L|G,AG,3se9_AG_u_1,6P9N,A
3se9,3se9_H:L|G,AG,3se9_AG_u_2,6ONV,A
5w9i,5w9i_G:H|E,AG,5w9i_AG_u_0,4NCU,A
5w9i,5w9i_G:H|E,AG,5w9i_AG_u_1,4NCW,A
5w9i,5w9i_G:H|E,AG,5w9i_AG_u_2,4NCW,B
5w9i,5w9i_G:H|E,AG,5w9i_AG_u_3,4NCW,C
5w9i,5w9i_G:H|E,AG,5w9i_AG_u_4,5X4R,A
5w9i,5w9i_G:H|E,AB,5w9i_AB_u_0,5VZR,A:B
5w9i,5w9i_G:H|E,AB,5w9i_AB_u_1,5VZR,H:L
2pw1,2pw1_B:A|C,AB,2pw1_AB_u_0,2PR4,H:L
5c7x,5c7x_H:L|A,AG,5c7x_AG_u_0,2GMF,A
5c7x,5c7x_H:L|A,AG,5c7x_AG_u_1,2GMF,B
5c7x,5c7x_H:L|A,AG,5c7x_AG_u_2,1CSG,A
5c7x,5c7x_H:L|A,AG,5c7x_AG_u_3,1CSG,B
5c7x,5c7x_H:L|A,AB,5c7x_AB_u_0,5D7S,H:L
1xgu,1xgu_B:A|C,AG,1xgu_AG_u_0,6F1O,A
1xgu,1xgu_B:A|C,AG,1xgu_AG_u_1,6F1R,A
1xgu,1xgu_B:A|C,AG,1xgu_AG_u_2,6F9Z,A
1xgu,1xgu_B:A|C,AG,1xgu_AG_u_3,6BO1,A
1xgu,1xgu_B:A|C,AG,1xgu_AG_u_4,6F9X,A
1xgu,1xgu_B:A|C,AB,1xgu_AB_u_0,1DQQ,B:A
1xgu,1xgu_B:A|C,AB,1xgu_AB_u_1,1DQQ,D:C
1xgu,1xgu_B:A|C,AB,1xgu_AB_u_2,1DQM,H:L
6n5e,6n5e_E:D|A,AG,6n5e_AG_u_0,6BKM,A
6n5e,6n5e_E:D|A,AG,6n5e_AG_u_1,6BKM,C
6n5e,6n5e_E:D|A,AG,6n5e_AG_u_2,6BKM,E
6n5e,6n5e_E:D|A,AG,6n5e_AG_u_3,6BKQ,A
6n5e,6n5e_E:D|A,AG,6n5e_AG_u_4,6BKQ,C
6iw0,6iw0_H:L|A,AG,6iw0_AG_u_0,6IW4,A
6iw0,6iw0_H:L|A,AG,6iw0_AG_u_1,6IW4,B
6iw0,6iw0_H:L|A,AG,6iw0_AG_u_2,6IW1,A
6iw0,6iw0_H:L|A,AG,6iw0_AG_u_3,6IW1,B
6iw0,6iw0_H:L|A,AG,6iw0_AG_u_4,6IW1,C
2fx9,2fx9_I:M|Q,AB,2fx9_AB_u_0,4LLV,A:B
2fx9,2fx9_I:M|Q,AB,2fx9_AB_u_1,4LLV,C:D
2fx9,2fx9_I:M|Q,AB,2fx9_AB_u_2,4LLV,E:F
2fx9,2fx9_I:M|Q,AB,2fx9_AB_u_3,4LLV,H:L
2fx9,2fx9_I:M|Q,AB,2fx9_AB_u_4,5CIP,A:B
4rgn,4rgn_F:G|S,AG,4rgn_AG_u_0,3SEB,A
4rgn,4rgn_F:G|S,AG,4rgn_AG_u_1,3GP7,A
4rgn,4rgn_F:G|S,AG,4rgn_AG_u_2,3GP7,B
4rgn,4rgn_F:G|S,AG,4rgn_AG_u_3,1SE4,A
4rgn,4rgn_F:G|S,AG,4rgn_AG_u_4,1GOZ,A
4xx1,4xx1_E:G|B,AG,4xx1_AG_u_0,6MVD,A
4xx1,4xx1_E:G|B,AG,4xx1_AG_u_1,6MVD,B
4xx1,4xx1_E:G|B,AG,4xx1_AG_u_2,5TXF,A
4xx1,4xx1_E:G|B,AG,4xx1_AG_u_3,5TXF,B
4xx1,4xx1_E:G|B,AG,4xx1_AG_u_4,5TXF,C
4xmk,4xmk_J:N|R,AB,4xmk_AB_u_0,4XML,H:L
4fqv,4fqv_H:L|B:A,AG,4fqv_AG_u_0,4BSG,B:A
4fqv,4fqv_H:L|B:A,AG,4fqv_AG_u_1,4BSH,B:A
4fqv,4fqv_H:L|B:A,AG,4fqv_AG_u_2,4DJ6,B:A
4fqv,4fqv_H:L|B:A,AG,4fqv_AG_u_3,4DJ6,D:C
4fqv,4fqv_H:L|B:A,AG,4fqv_AG_u_4,4DJ6,F:E
4fqv,4fqv_H:L|B:A,AB,4fqv_AB_u_0,4FQH,A:B
4fqv,4fqv_H:L|B:A,AB,4fqv_AB_u_1,4FQH,H:L
4msw,4msw_A:B|C,AG,4msw_AG_u_0,2QTO,A
4msw,4msw_A:B|C,AG,4msw_AG_u_1,2QTO,B
4msw,4msw_A:B|C,AG,4msw_AG_u_2,2QTO,C
4msw,4msw_A:B|C,AG,4msw_AG_u_3,2QTO,D
4msw,4msw_A:B|C,AG,4msw_AG_u_4,3IFX,A
6bb4,6bb4_H:L|P,AG,6bb4_AG_u_0,6NWP,A
6bb4,6bb4_H:L|P,AG,6bb4_AG_u_1,6NWP,B
6bb4,6bb4_H:L|P,AG,6bb4_AG_u_2,6NWP,C
6bb4,6bb4_H:L|P,AG,6bb4_AG_u_3,6NWP,D
6bb4,6bb4_H:L|P,AG,6bb4_AG_u_4,6NWP,E
5anm,5anm_B:A|G,AG,5anm_AG_u_0,5MOL,A
5anm,5anm_B:A|G,AG,5anm_AG_u_1,5MOL,B
5anm,5anm_B:A|G,AG,5anm_AG_u_2,2WQR,A
5anm,5anm_B:A|G,AG,5anm_AG_u_3,2WQR,B
5anm,5anm_B:A|G,AG,5anm_AG_u_4,1FP5,A
5mp3,5mp3_H:L|D,AG,5mp3_AG_u_0,6NWP,A
5mp3,5mp3_H:L|D,AG,5mp3_AG_u_1,6NWP,B
5mp3,5mp3_H:L|D,AG,5mp3_AG_u_2,6NWP,C
5mp3,5mp3_H:L|D,AG,5mp3_AG_u_3,6NWP,D
5mp3,5mp3_H:L|D,AG,5mp3_AG_u_4,6NWP,E
5mp3,5mp3_H:L|D,AB,5mp3_AB_u_0,5MTH,A:B
5mp3,5mp3_H:L|D,AB,5mp3_AB_u_1,5MTH,H:L
5mp3,5mp3_H:L|D,AB,5mp3_AB_u_2,4OZ4,A:B
5mp3,5mp3_H:L|D,AB,5mp3_AB_u_3,4OZ4,H:L
5e94,5e94_D:C|H,AG,5e94_AG_u_0,5VEW,A
5e94,5e94_D:C|H,AG,5e94_AG_u_1,5VEW,B
5e94,5e94_D:C|H,AG,5e94_AG_u_2,6KJV,A
5e94,5e94_D:C|H,AG,5e94_AG_u_3,6KJV,B
5e94,5e94_D:C|H,AG,5e94_AG_u_4,6KK1,A
2itd,2itd_A:B|C,AG,2itd_AG_u_0,2QTO,A
2itd,2itd_A:B|C,AG,2itd_AG_u_1,2QTO,B
2itd,2itd_A:B|C,AG,2itd_AG_u_2,2QTO,C
2itd,2itd_A:B|C,AG,2itd_AG_u_3,2QTO,D
2itd,2itd_A:B|C,AG,2itd_AG_u_4,3IFX,A
4z5r,4z5r_S:R|H,AG,4z5r_AG_u_0,1RH2,A
4z5r,4z5r_S:R|H,AG,4z5r_AG_u_1,1RH2,B
4z5r,4z5r_S:R|H,AG,4z5r_AG_u_2,1RH2,C
4z5r,4z5r_S:R|H,AG,4z5r_AG_u_3,1RH2,D
4z5r,4z5r_S:R|H,AG,4z5r_AG_u_4,1RH2,E
4gag,4gag_H:L|P,AB,4gag_AB_u_0,4GAY,A:B
4gag,4gag_H:L|P,AB,4gag_AB_u_1,4GAY,H:L
2ny4,2ny4_D:C|A,AB,2ny4_AB_u_0,1RZ8,B:A
2ny4,2ny4_D:C|A,AB,2ny4_AB_u_1,1RZ8,D:C
3gi8,3gi8_H:L|C,AG,3gi8_AG_u_0,3GIA,A
6k65,6k65_H:L|A,AG,6k65_AG_u_0,5H7C,A
6k65,6k65_H:L|A,AG,6k65_AG_u_1,5H7C,C
6k65,6k65_H:L|A,AB,6k65_AB_u_0,1P4I,H:L
3bsz,3bsz_H:L|F,AG,3bsz_AG_u_0,5NU7,A
3bsz,3bsz_H:L|F,AG,3bsz_AG_u_1,5NU2,A
3bsz,3bsz_H:L|F,AG,3bsz_AG_u_2,5NU9,A
3bsz,3bsz_H:L|F,AG,3bsz_AG_u_3,5NU8,A
3bsz,3bsz_H:L|F,AG,3bsz_AG_u_4,5NUA,A
3wih,3wih_I:M|B,AG,3wih_AG_u_0,4HLJ,A
3wih,3wih_I:M|B,AB,3wih_AB_u_0,3WII,H:L
3wih,3wih_I:M|B,AB,3wih_AB_u_1,3WII,I:M
5ock,5ock_H:L|A,AG,5ock_AG_u_0,3B97,A
5ock,5ock_H:L|A,AG,5ock_AG_u_1,3B97,B
5ock,5ock_H:L|A,AG,5ock_AG_u_2,3B97,C
5ock,5ock_H:L|A,AG,5ock_AG_u_3,3B97,D
5ock,5ock_H:L|A,AG,5ock_AG_u_4,2PSN,A
3g6d,3g6d_H:L|A,AG,3g6d_AG_u_0,1IJZ,A
3g6d,3g6d_H:L|A,AG,3g6d_AG_u_1,1GA3,A
3g6d,3g6d_H:L|A,AG,3g6d_AG_u_2,1IK0,A
3g6d,3g6d_H:L|A,AB,3g6d_AB_u_0,3G6A,B:A
3g6d,3g6d_H:L|A,AB,3g6d_AB_u_1,3G6A,H:L
3ggw,3ggw_D:C|F,AB,3ggw_AB_u_0,3C6S,B:A
3ggw,3ggw_D:C|F,AB,3ggw_AB_u_1,3C6S,D:C
3ggw,3ggw_D:C|F,AB,3ggw_AB_u_2,3C6S,F:E
3ggw,3ggw_D:C|F,AB,3ggw_AB_u_3,3C6S,H:G
3ggw,3ggw_D:C|F,AB,3ggw_AB_u_4,3BZ4,B:A
3qg6,3qg6_B:A|D,AB,3qg6_AB_u_0,3QG7,H:L
5fyl,5fyl_D:E|B,AB,5fyl_AB_u_0,4TOY,H:L
5u7m,5u7m_D:E|B,AB,5u7m_AB_u_0,4TOY,H:L
6phc,6phc_C:D|E,AB,6phc_AB_u_0,6PHH,A:B
6phc,6phc_C:D|E,AB,6phc_AB_u_1,6PHH,C:D
6ewb,6ewb_E:F|A,AG,6ewb_AG_u_0,5J3O,A
6ewb,6ewb_E:F|A,AG,6ewb_AG_u_1,5J3O,B
6ewb,6ewb_E:F|A,AG,6ewb_AG_u_2,5J35,A
6ewb,6ewb_E:F|A,AG,6ewb_AG_u_3,5J35,B
6ewb,6ewb_E:F|A,AG,6ewb_AG_u_4,5KON,A
4ffw,4ffw_H:L|A,AG,4ffw_AG_u_0,2GBC,A
4ffw,4ffw_H:L|A,AG,4ffw_AG_u_1,2GBC,B
4ffw,4ffw_H:L|A,AG,4ffw_AG_u_2,2I3Z,A
4ffw,4ffw_H:L|A,AG,4ffw_AG_u_3,2I3Z,B
4ffw,4ffw_H:L|A,AG,4ffw_AG_u_4,2OAE,A
2dd8,2dd8_H:L|S,AG,2dd8_AG_u_0,2GHV,C
2dd8,2dd8_H:L|S,AG,2dd8_AG_u_1,2GHV,E
2dd8,2dd8_H:L|S,AG,2dd8_AG_u_2,6CRV,A
2dd8,2dd8_H:L|S,AG,2dd8_AG_u_3,6CRV,B
2dd8,2dd8_H:L|S,AG,2dd8_AG_u_4,6CRV,C
2dd8,2dd8_H:L|S,AB,2dd8_AB_u_0,2G75,A:B
2dd8,2dd8_H:L|S,AB,2dd8_AB_u_1,2G75,C:D
6meh,6meh_H:L|C,AB,6meh_AB_u_0,6MEE,A:B
6meh,6meh_H:L|C,AB,6meh_AB_u_1,6MEE,C:D
6eyo,6eyo_I:M|B,AG,6eyo_AG_u_0,5MOL,A
6eyo,6eyo_I:M|B,AG,6eyo_AG_u_1,5MOL,B
6eyo,6eyo_I:M|B,AG,6eyo_AG_u_2,2WQR,A
6eyo,6eyo_I:M|B,AG,6eyo_AG_u_3,2WQR,B
6eyo,6eyo_I:M|B,AG,6eyo_AG_u_4,5MOK,A
6eyo,6eyo_I:M|B,AB,6eyo_AB_u_0,6EYN,B:A
6eyo,6eyo_I:M|B,AB,6eyo_AB_u_1,6EYN,D:C
6eyo,6eyo_I:M|B,AB,6eyo_AB_u_2,6EYN,H:L
4plk,4plk_J:K|E,AG,4plk_AG_u_0,3GGQ,A
4plk,4plk_J:K|E,AG,4plk_AG_u_1,6LAT,A
4plk,4plk_J:K|E,AG,4plk_AG_u_2,6LB0,A
4plk,4plk_J:K|E,AG,4plk_AG_u_3,2ZZQ,A
4plk,4plk_J:K|E,AG,4plk_AG_u_4,3IYO,A
6n5e,6n5e_H:I|C,AG,6n5e_AG_u_0,6BKM,A
6n5e,6n5e_H:I|C,AG,6n5e_AG_u_1,6BKM,C
6n5e,6n5e_H:I|C,AG,6n5e_AG_u_2,6BKM,E
6n5e,6n5e_H:I|C,AG,6n5e_AG_u_3,6BKQ,A
6n5e,6n5e_H:I|C,AG,6n5e_AG_u_4,6BKQ,C
6ii8,6ii8_G:I|A,AG,6ii8_AG_u_0,4BSG,A
6ii8,6ii8_G:I|A,AG,6ii8_AG_u_1,4BSH,A
6ii8,6ii8_G:I|A,AG,6ii8_AG_u_2,4BSA,A
6ii8,6ii8_G:I|A,AG,6ii8_AG_u_3,6IDD,A
6ii8,6ii8_G:I|A,AG,6ii8_AG_u_4,6IDD,C
5uty,5uty_H:L|G,AB,5uty_AB_u_0,4JY5,H:L
5w6g,5w6g_H:L|A,AG,5w6g_AG_u_0,6CHX,A
5w6g,5w6g_H:L|A,AG,5w6g_AG_u_1,6CHX,B
5w6g,5w6g_H:L|A,AG,5w6g_AG_u_2,6CF7,A
6u0n,6u0n_I:J|B,AB,6u0n_AB_u_0,1RZF,H:L
5kvg,5kvg_H:L|E,AG,5kvg_AG_u_0,5JHM,A
5kvg,5kvg_H:L|E,AG,5kvg_AG_u_1,5JHM,B
5kvg,5kvg_H:L|E,AG,5kvg_AG_u_2,5LBV,A
5kvg,5kvg_H:L|E,AG,5kvg_AG_u_3,5LBV,B
5kvg,5kvg_H:L|E,AG,5kvg_AG_u_4,5OMZ,A
6ewb,6ewb_H:L|B,AG,6ewb_AG_u_0,5J3O,A
6ewb,6ewb_H:L|B,AG,6ewb_AG_u_1,5J3O,B
6ewb,6ewb_H:L|B,AG,6ewb_AG_u_2,5J35,A
6ewb,6ewb_H:L|B,AG,6ewb_AG_u_3,5J35,B
6ewb,6ewb_H:L|B,AG,6ewb_AG_u_4,5KON,A
3wkm,3wkm_I:M|B,AG,3wkm_AG_u_0,3WKL,A
6tys,6tys_H:L|A,AG,6tys_AG_u_0,2YNY,A
6tys,6tys_H:L|A,AG,6tys_AG_u_1,2YNY,B
6tys,6tys_H:L|A,AG,6tys_AG_u_2,2YNY,C
6tys,6tys_H:L|A,AG,6tys_AG_u_3,2YNZ,A
6tys,6tys_H:L|A,AG,6tys_AG_u_4,2YNZ,B
6tys,6tys_H:L|A,AB,6tys_AB_u_0,6U1T,H:L
6bsp,6bsp_A:B|D,AG,6bsp_AG_u_0,1DZL,A
6bsp,6bsp_A:B|D,AG,6bsp_AG_u_1,5KEQ,A
6bsp,6bsp_A:B|D,AG,6bsp_AG_u_2,5KEQ,B
6bsp,6bsp_A:B|D,AG,6bsp_AG_u_3,5KEQ,C
6bsp,6bsp_A:B|D,AG,6bsp_AG_u_4,5KEQ,D
2qqn,2qqn_H:L|A,AG,2qqn_AG_u_0,6FMC,A
2qqn,2qqn_H:L|A,AG,2qqn_AG_u_1,5JGI,A
2qqn,2qqn_H:L|A,AG,2qqn_AG_u_2,5JGI,B
2qqn,2qqn_H:L|A,AG,2qqn_AG_u_3,5C7G,A
2qqn,2qqn_H:L|A,AG,2qqn_AG_u_4,5IJR,A
5w9p,5w9p_K:L|H,AG,5w9p_AG_u_0,4NCU,A
5w9p,5w9p_K:L|H,AG,5w9p_AG_u_1,4NCW,A
5w9p,5w9p_K:L|H,AG,5w9p_AG_u_2,4NCW,B
5w9p,5w9p_K:L|H,AG,5w9p_AG_u_3,4NCW,C
5w9p,5w9p_K:L|H,AG,5w9p_AG_u_4,5X4R,A
5w9p,5w9p_K:L|H,AB,5w9p_AB_u_0,5VZR,A:B
5w9p,5w9p_K:L|H,AB,5w9p_AB_u_1,5VZR,H:L
6flc,6flc_H:L|G,AG,6flc_AG_u_0,1OK8,A
6flc,6flc_H:L|G,AG,6flc_AG_u_1,1OKE,A
6flc,6flc_H:L|G,AG,6flc_AG_u_2,1OKE,B
6flc,6flc_H:L|G,AG,6flc_AG_u_3,1TG8,A
6flc,6flc_H:L|G,AG,6flc_AG_u_4,1OAN,A
2qr0,2qr0_X:W|V,AG,2qr0_AG_u_0,1MKK,A
2qr0,2qr0_X:W|V,AG,2qr0_AG_u_1,1MKK,B
2qr0,2qr0_X:W|V,AG,2qr0_AG_u_2,4KZN,A
2qr0,2qr0_X:W|V,AG,2qr0_AG_u_3,3QTK,A
2qr0,2qr0_X:W|V,AG,2qr0_AG_u_4,3QTK,B
6did,6did_L:H|A:B,AB,6did_AB_u_0,6CJK,B:A
6did,6did_L:H|A:B,AB,6did_AB_u_1,6CJK,D:C
5x8l,5x8l_S:N|D,AG,5x8l_AG_u_0,6NP9,A
5x8l,5x8l_S:N|D,AG,5x8l_AG_u_1,4Z18,A
5x8l,5x8l_S:N|D,AG,5x8l_AG_u_2,4Z18,B
5x8l,5x8l_S:N|D,AG,5x8l_AG_u_3,5NIU,A
5x8l,5x8l_S:N|D,AG,5x8l_AG_u_4,5NIU,B
6mlm,6mlm_K:L|H,AG,6mlm_AG_u_0,3M5G,A
6mlm,6mlm_K:L|H,AG,6mlm_AG_u_1,3M5G,C
6mlm,6mlm_K:L|H,AG,6mlm_AG_u_2,3M5G,E
6mlm,6mlm_K:L|H,AG,6mlm_AG_u_3,3M5J,A
6mlm,6mlm_K:L|H,AG,6mlm_AG_u_4,3M5J,C
2dqe,2dqe_H:L|Y,AG,2dqe_AG_u_0,6F1O,A
2dqe,2dqe_H:L|Y,AG,2dqe_AG_u_1,6F1R,A
2dqe,2dqe_H:L|Y,AG,2dqe_AG_u_2,6F9Z,A
2dqe,2dqe_H:L|Y,AG,2dqe_AG_u_3,6BO1,A
2dqe,2dqe_H:L|Y,AG,2dqe_AG_u_4,6F9X,A
4xrc,4xrc_H:L|C,AG,4xrc_AG_u_0,4BH4,A
4xrc,4xrc_H:L|C,AG,4xrc_AG_u_1,4BH3,A
4xrc,4xrc_H:L|C,AG,4xrc_AG_u_2,6CF5,A
4xrc,4xrc_H:L|C,AG,4xrc_AG_u_3,6CF5,C
4xrc,4xrc_H:L|C,AG,4xrc_AG_u_4,6CF5,E
4xrc,4xrc_H:L|C,AB,4xrc_AB_u_0,4GSD,H:L
6ea7,6ea7_M:N|B:C:D,AB,6ea7_AB_u_0,6DZN,H:L
1cz8,1cz8_H:L|W,AG,1cz8_AG_u_0,1MKK,A
1cz8,1cz8_H:L|W,AG,1cz8_AG_u_1,1MKK,B
1cz8,1cz8_H:L|W,AG,1cz8_AG_u_2,4KZN,A
1cz8,1cz8_H:L|W,AG,1cz8_AG_u_3,3QTK,A
1cz8,1cz8_H:L|W,AG,1cz8_AG_u_4,3QTK,B
4tvp,4tvp_D:E|B,AB,4tvp_AB_u_0,4TOY,H:L
6bgt,6bgt_B:A|C,AG,6bgt_AG_u_0,2A91,A
6bgt,6bgt_B:A|C,AB,6bgt_AB_u_0,5TDO,B:A
6bgt,6bgt_B:A|C,AB,6bgt_AB_u_1,5TDO,D:C
6bgt,6bgt_B:A|C,AB,6bgt_AB_u_2,5TDN,B:A
6bgt,6bgt_B:A|C,AB,6bgt_AB_u_3,5TDN,D:C
6bgt,6bgt_B:A|C,AB,6bgt_AB_u_4,6BI2,H:L
5um8,5um8_D:E|B,AG,5um8_AG_u_0,3U91,A
5um8,5um8_D:E|B,AG,5um8_AG_u_1,4HLR,A
5um8,5um8_D:E|B,AG,5um8_AG_u_2,3H00,A
5um8,5um8_D:E|B,AG,5um8_AG_u_3,3H00,B
5um8,5um8_D:E|B,AG,5um8_AG_u_4,3H00,C
5um8,5um8_D:E|B,AB,5um8_AB_u_0,4TOY,H:L
2ypv,2ypv_H:L|A,AG,2ypv_AG_u_0,3KVD,D
2ypv,2ypv_H:L|A,AG,2ypv_AG_u_1,2KC0,A
2ypv,2ypv_H:L|A,AG,2ypv_AG_u_2,1YS5,A
6p65,6p65_C:D|B,AB,6p65_AB_u_0,6PEH,A:B
6p65,6p65_C:D|B,AB,6p65_AB_u_1,6PEH,H:L
5eu7,5eu7_E:C|A,AG,5eu7_AG_u_0,5KRT,A
5eu7,5eu7_E:C|A,AG,5eu7_AG_u_1,5KRS,A
5eu7,5eu7_E:C|A,AG,5eu7_AG_u_2,5HRN,A
5eu7,5eu7_E:C|A,AG,5eu7_AG_u_3,4LH4,A
5eu7,5eu7_E:C|A,AG,5eu7_AG_u_4,3VQ6,A
4xc3,4xc3_H:L|P,AB,4xc3_AB_u_0,4LLV,A:B
4xc3,4xc3_H:L|P,AB,4xc3_AB_u_1,4LLV,C:D
4xc3,4xc3_H:L|P,AB,4xc3_AB_u_2,4LLV,E:F
4xc3,4xc3_H:L|P,AB,4xc3_AB_u_3,4LLV,H:L
4xc3,4xc3_H:L|P,AB,4xc3_AB_u_4,5CIP,A:B
1ar1,1ar1_C:D|B,AB,1ar1_AB_u_0,1MQK,H:L
5yoy,5yoy_G:D|B,AG,5yoy_AG_u_0,5UUI,A
5yoy,5yoy_G:D|B,AG,5yoy_AG_u_1,4TSV,A
5yoy,5yoy_G:D|B,AG,5yoy_AG_u_2,2AZ5,A
5yoy,5yoy_G:D|B,AG,5yoy_AG_u_3,2AZ5,B
5yoy,5yoy_G:D|B,AG,5yoy_AG_u_4,2AZ5,C
2zuq,2zuq_C:B|A,AG,2zuq_AG_u_0,2K73,A
2zuq,2zuq_C:B|A,AG,2zuq_AG_u_1,2K74,A
2zuq,2zuq_C:B|A,AG,2zuq_AG_u_2,2L0N,A
2zuq,2zuq_C:B|A,AG,2zuq_AG_u_3,2L0O,A
5ijk,5ijk_B:D|Y,AB,5ijk_AB_u_0,5IK3,A:B
5ijk,5ijk_B:D|Y,AB,5ijk_AB_u_1,5IK3,C:D
5mvz,5mvz_A:B|V,AG,5mvz_AG_u_0,2NVH,A
5mvz,5mvz_A:B|V,AG,5mvz_AG_u_1,1L2H,A
5mvz,5mvz_A:B|V,AG,5mvz_AG_u_2,4I1B,A
5mvz,5mvz_A:B|V,AG,5mvz_AG_u_3,31BI,A
5mvz,5mvz_A:B|V,AG,5mvz_AG_u_4,21BI,A
6nn3,6nn3_H:L|A,AG,6nn3_AG_u_0,1S58,A
6rcv,6rcv_C:B|A,AG,6rcv_AG_u_0,4WAT,A
6rcv,6rcv_C:B|A,AB,6rcv_AB_u_0,6RCQ,A:B
6co3,6co3_H:L|Q,AG,6co3_AG_u_0,2LP1,A
6co3,6co3_H:L|Q,AB,6co3_AB_u_0,6CNR,H:L
4y5x,4y5x_J:K|L,AG,4y5x_AG_u_0,1ERN,A
4y5x,4y5x_J:K|L,AG,4y5x_AG_u_1,1ERN,B
3klh,3klh_D:C|B,AG,3klh_AG_u_0,6ECL,A
3klh,3klh_D:C|B,AG,3klh_AG_u_1,6ECL,B
5w06,5w06_H:L|T,AG,5w06_AG_u_0,1BOY,A
5w06,5w06_H:L|T,AG,5w06_AG_u_1,1TFH,A
5w06,5w06_H:L|T,AG,5w06_AG_u_2,1TFH,B
5w06,5w06_H:L|T,AB,5w06_AB_u_0,5W05,H:L
1ken,1ken_T:U|C:E,AG,1ken_AG_u_0,6BKM,A:A
1ken,1ken_T:U|C:E,AG,1ken_AG_u_1,6BKM,C:C
1ken,1ken_T:U|C:E,AG,1ken_AG_u_2,6BKM,E:E
1ken,1ken_T:U|C:E,AG,1ken_AG_u_3,6BKQ,A:A
1ken,1ken_T:U|C:E,AG,1ken_AG_u_4,6BKQ,C:C
2p8p,2p8p_B:A|C,AB,2p8p_AB_u_0,2PR4,H:L
1j1o,1j1o_H:L|Y,AG,1j1o_AG_u_0,6RO3,A
1j1o,1j1o_H:L|Y,AG,1j1o_AG_u_1,6RT3,A
1j1o,1j1o_H:L|Y,AG,1j1o_AG_u_2,6AGN,A
1j1o,1j1o_H:L|Y,AG,1j1o_AG_u_3,6F1P,A
1j1o,1j1o_H:L|Y,AG,1j1o_AG_u_4,6A10,A
5hi3,5hi3_C:D|A,AG,5hi3_AG_u_0,4HR9,A
5hi3,5hi3_C:D|A,AG,5hi3_AG_u_1,4HR9,B
1zwi,1zwi_A:B|C,AG,1zwi_AG_u_0,2QTO,A
1zwi,1zwi_A:B|C,AG,1zwi_AG_u_1,2QTO,B
1zwi,1zwi_A:B|C,AG,1zwi_AG_u_2,2QTO,C
1zwi,1zwi_A:B|C,AG,1zwi_AG_u_3,2QTO,D
1zwi,1zwi_A:B|C,AG,1zwi_AG_u_4,3IFX,A
5wob,5wob_K:L|B,AG,5wob_AG_u_0,4PFC,A
5wob,5wob_K:L|B,AG,5wob_AG_u_1,4PFC,B
5wob,5wob_K:L|B,AG,5wob_AG_u_2,4PF7,A
5wob,5wob_K:L|B,AG,5wob_AG_u_3,4PF7,B
5wob,5wob_K:L|B,AG,5wob_AG_u_4,4PF9,A
4pp2,4pp2_B:A|F,AG,4pp2_AG_u_0,3F5V,A
4pp2,4pp2_B:A|F,AG,4pp2_AG_u_1,3F5V,B
4pp2,4pp2_B:A|F,AG,4pp2_AG_u_2,1XKG,A
4pp2,4pp2_B:A|F,AG,4pp2_AG_u_3,2AS8,A
4pp2,4pp2_B:A|F,AG,4pp2_AG_u_4,2AS8,B
4pp2,4pp2_B:A|F,AB,4pp2_AB_u_0,4POZ,D:C
5x8l,5x8l_J:O|E,AG,5x8l_AG_u_0,6NP9,A
5x8l,5x8l_J:O|E,AG,5x8l_AG_u_1,4Z18,A
5x8l,5x8l_J:O|E,AG,5x8l_AG_u_2,4Z18,B
5x8l,5x8l_J:O|E,AG,5x8l_AG_u_3,5NIU,A
5x8l,5x8l_J:O|E,AG,5x8l_AG_u_4,5NIU,B
5eii,5eii_H:L|G,AG,5eii_AG_u_0,1ROC,A
5eii,5eii_H:L|G,AG,5eii_AG_u_1,2IDC,A
5eii,5eii_H:L|G,AG,5eii_AG_u_2,1WG3,A
3ngb,3ngb_J:K|I,AG,3ngb_AG_u_0,6ONF,A
3ngb,3ngb_J:K|I,AG,3ngb_AG_u_1,6P9N,A
3ngb,3ngb_J:K|I,AG,3ngb_AG_u_2,6ONV,A
6hjq,6hjq_I:J|D:C,AG,6hjq_AG_u_0,6HJN,B:A
6hjq,6hjq_I:J|D:C,AG,6hjq_AG_u_1,6HJN,D:C
6hjq,6hjq_I:J|D:C,AG,6hjq_AG_u_2,6HJN,F:E
6hjq,6hjq_I:J|D:C,AG,6hjq_AG_u_3,6HJR,B:A
6hjq,6hjq_I:J|D:C,AG,6hjq_AG_u_4,6HJR,D:C
6hjq,6hjq_I:J|D:C,AB,6hjq_AB_u_0,6HKG,A:B
4ffz,4ffz_Z:Y|X,AG,4ffz_AG_u_0,4GSX,A
4ffz,4ffz_Z:Y|X,AG,4ffz_AG_u_1,4GSX,B
4ffz,4ffz_Z:Y|X,AG,4ffz_AG_u_2,3IRC,A
4ffz,4ffz_Z:Y|X,AG,4ffz_AG_u_3,4GT0,A
4ffz,4ffz_Z:Y|X,AG,4ffz_AG_u_4,4GT0,B
5o14,5o14_H:L|A,AG,5o14_AG_u_0,3KVD,D
5o14,5o14_H:L|A,AG,5o14_AG_u_1,2KC0,A
5o14,5o14_H:L|A,AG,5o14_AG_u_2,1YS5,A
6c6z,6c6z_H:L|B,AG,6c6z_AG_u_0,4L3N,A
6c6z,6c6z_H:L|B,AG,6c6z_AG_u_1,4L3N,B
6c6z,6c6z_H:L|B,AG,6c6z_AG_u_2,6Q04,A
6c6z,6c6z_H:L|B,AG,6c6z_AG_u_3,6Q04,B
6c6z,6c6z_H:L|B,AG,6c6z_AG_u_4,6Q04,C
4xnq,4xnq_H:L|C,AG,4xnq_AG_u_0,4BH4,A
4xnq,4xnq_H:L|C,AG,4xnq_AG_u_1,4BH3,A
4xnq,4xnq_H:L|C,AG,4xnq_AG_u_2,6CF5,A
4xnq,4xnq_H:L|C,AG,4xnq_AG_u_3,6CF5,C
4xnq,4xnq_H:L|C,AG,4xnq_AG_u_4,6CF5,E
4xnq,4xnq_H:L|C,AB,4xnq_AB_u_0,4GSD,H:L
6c6z,6c6z_C:D|A,AG,6c6z_AG_u_0,4L3N,A
6c6z,6c6z_C:D|A,AG,6c6z_AG_u_1,4L3N,B
6c6z,6c6z_C:D|A,AG,6c6z_AG_u_2,6Q04,A
6c6z,6c6z_C:D|A,AG,6c6z_AG_u_3,6Q04,B
6c6z,6c6z_C:D|A,AG,6c6z_AG_u_4,6Q04,C
5ig7,5ig7_J:K|L,AB,5ig7_AB_u_0,5IHZ,A:B
5ig7,5ig7_J:K|L,AB,5ig7_AB_u_1,5IHZ,C:D
5ig7,5ig7_J:K|L,AB,5ig7_AB_u_2,5IHZ,E:F
5ig7,5ig7_J:K|L,AB,5ig7_AB_u_3,5IHZ,H:L
6nf2,6nf2_J:K|A,AB,6nf2_AB_u_0,4JY5,H:L
3se8,3se8_H:L|G,AG,3se8_AG_u_0,6ONF,A
3se8,3se8_H:L|G,AG,3se8_AG_u_1,6P9N,A
3se8,3se8_H:L|G,AG,3se8_AG_u_2,6ONV,A
5f6j,5f6j_B:A|G,AG,5f6j_AG_u_0,3DNL,A
5f6j,5f6j_B:A|G,AG,5f6j_AG_u_1,3DNL,D
5f6j,5f6j_B:A|G,AG,5f6j_AG_u_2,3DNL,G
5f6j,5f6j_B:A|G,AG,5f6j_AG_u_3,3DNO,A
5f6j,5f6j_B:A|G,AG,5f6j_AG_u_4,3DNO,D
5bvp,5bvp_H:L|I,AG,5bvp_AG_u_0,2NVH,A
5bvp,5bvp_H:L|I,AG,5bvp_AG_u_1,1L2H,A
5bvp,5bvp_H:L|I,AG,5bvp_AG_u_2,4I1B,A
5bvp,5bvp_H:L|I,AG,5bvp_AG_u_3,31BI,A
5bvp,5bvp_H:L|I,AG,5bvp_AG_u_4,21BI,A
5bvp,5bvp_H:L|I,AB,5bvp_AB_u_0,4G5Z,H:L
5bvp,5bvp_H:L|I,AB,5bvp_AB_u_1,5BVJ,B:A
5bvp,5bvp_H:L|I,AB,5bvp_AB_u_2,5BVJ,D:C
5bvp,5bvp_H:L|I,AB,5bvp_AB_u_3,5BVJ,F:E
5bvp,5bvp_H:L|I,AB,5bvp_AB_u_4,5BVJ,H:G
6edu,6edu_N:O|E:H,AB,6edu_AB_u_0,3LMJ,H:L
4kjq,4kjq_C:D|A,AG,4kjq_AG_u_0,3NMO,A
4kjq,4kjq_C:D|A,AG,4kjq_AG_u_1,4FTP,A
4kjq,4kjq_C:D|A,AG,4kjq_AG_u_2,1KPK,A
4kjq,4kjq_C:D|A,AG,4kjq_AG_u_3,1KPK,B
4kjq,4kjq_C:D|A,AG,4kjq_AG_u_4,1KPK,C
6e4z,6e4z_H:L|P,AG,6e4z_AG_u_0,6U26,A
6e4z,6e4z_H:L|P,AG,6e4z_AG_u_1,6U26,B
6e4z,6e4z_H:L|P,AG,6e4z_AG_u_2,2P4E,A
6e4z,6e4z_H:L|P,AG,6e4z_AG_u_3,2P4E,P
6e4z,6e4z_H:L|P,AG,6e4z_AG_u_4,6U2P,A
4al8,4al8_H:L|C,AG,4al8_AG_u_0,4GSX,A
4al8,4al8_H:L|C,AG,4al8_AG_u_1,4GSX,B
4al8,4al8_H:L|C,AG,4al8_AG_u_2,3IRC,A
4al8,4al8_H:L|C,AG,4al8_AG_u_3,4GT0,A
4al8,4al8_H:L|C,AG,4al8_AG_u_4,4GT0,B
6um6,6um6_G:H|E,AB,6um6_AB_u_0,5TQA,A:B
6um6,6um6_G:H|E,AB,6um6_AB_u_1,5TQA,H:L
4hg4,4hg4_R:S|E:b,AG,4hg4_AG_u_0,3QQB,A:B
4hg4,4hg4_R:S|E:b,AG,4hg4_AG_u_1,3QQE,A:B
4hg4,4hg4_R:S|E:b,AG,4hg4_AG_u_2,2WR7,A:A
4hg4,4hg4_R:S|E:b,AG,4hg4_AG_u_3,2WR7,B:B
4hg4,4hg4_R:S|E:b,AG,4hg4_AG_u_4,2WR7,C:C
4kxz,4kxz_J:I|B,AG,4kxz_AG_u_0,2TGI,A
4kxz,4kxz_J:I|B,AG,4kxz_AG_u_1,1TFG,A
4kxz,4kxz_J:I|B,AG,4kxz_AG_u_2,6I9J,A
4kxz,4kxz_J:I|B,AB,4kxz_AB_u_0,3EO0,B:A
4kxz,4kxz_J:I|B,AB,4kxz_AB_u_1,3EO0,D:C
6um6,6um6_C:D|A,AB,6um6_AB_u_0,5TQA,A:B
6um6,6um6_C:D|A,AB,6um6_AB_u_1,5TQA,H:L
4o5i,4o5i_Q:R|E,AG,4o5i_AG_u_0,6BKT,A
4o5i,4o5i_Q:R|E,AG,4o5i_AG_u_1,4WE6,A
4o5i,4o5i_Q:R|E,AG,4o5i_AG_u_2,4WE6,B
4o5i,4o5i_Q:R|E,AG,4o5i_AG_u_3,6BKP,A
4o5i,4o5i_Q:R|E,AG,4o5i_AG_u_4,4WE8,A
4o5i,4o5i_Q:R|E,AB,4o5i_AB_u_0,4O5L,H:L
1adq,1adq_H:L|A,AG,1adq_AG_u_0,5HSF,A
1adq,1adq_H:L|A,AG,1adq_AG_u_1,5HSF,B
1adq,1adq_H:L|A,AG,1adq_AG_u_2,6GFE,H
1adq,1adq_H:L|A,AG,1adq_AG_u_3,6GFE,K
1adq,1adq_H:L|A,AG,1adq_AG_u_4,4B53,A
5jq6,5jq6_H:L|A,AG,5jq6_AG_u_0,1N67,A
6mpg,6mpg_M:N|C,AB,6mpg_AB_u_0,4JY5,H:L
6oc3,6oc3_A:B|F,AG,6oc3_AG_u_0,6CHX,A
6oc3,6oc3_A:B|F,AG,6oc3_AG_u_1,6CHX,B
6oc3,6oc3_A:B|F,AG,6oc3_AG_u_2,4EDB,A
6oc3,6oc3_A:B|F,AG,6oc3_AG_u_3,4EDB,C
6oc3,6oc3_A:B|F,AG,6oc3_AG_u_4,4EDB,E
1rjl,1rjl_B:A|C,AG,1rjl_AG_u_0,1P4P,A
4u6g,4u6g_H:L|P,AB,4u6g_AB_u_0,5JNY,A:B
4u6g,4u6g_H:L|P,AB,4u6g_AB_u_1,5JNY,C:D
5w42,5w42_H:L|A,AG,5w42_AG_u_0,5XRS,A
5w42,5w42_H:L|A,AG,5w42_AG_u_1,5XRS,C
5w42,5w42_H:L|A,AG,5w42_AG_u_2,5XRS,E
5w42,5w42_H:L|A,AG,5w42_AG_u_3,5XRS,G
5w42,5w42_H:L|A,AG,5w42_AG_u_4,5XRT,A
5w42,5w42_H:L|A,AB,5w42_AB_u_0,5XRQ,A:B
5w42,5w42_H:L|A,AB,5w42_AB_u_1,5XRQ,H:L
4kxz,4kxz_H:L|A,AG,4kxz_AG_u_0,2TGI,A
4kxz,4kxz_H:L|A,AG,4kxz_AG_u_1,1TFG,A
4kxz,4kxz_H:L|A,AG,4kxz_AG_u_2,6I9J,A
4kxz,4kxz_H:L|A,AB,4kxz_AB_u_0,3EO0,B:A
4kxz,4kxz_H:L|A,AB,4kxz_AB_u_1,3EO0,D:C
4fp8,4fp8_K:O|D,AG,4fp8_AG_u_0,6BKM,A
4fp8,4fp8_K:O|D,AG,4fp8_AG_u_1,6BKM,C
4fp8,4fp8_K:O|D,AG,4fp8_AG_u_2,6BKM,E
4fp8,4fp8_K:O|D,AG,4fp8_AG_u_3,6BKQ,A
4fp8,4fp8_K:O|D,AG,4fp8_AG_u_4,6BKQ,C
4fp8,4fp8_K:O|D,AB,4fp8_AB_u_0,4FNL,H:L
4fp8,4fp8_K:O|D,AB,4fp8_AB_u_1,4FNL,I:M
2p8l,2p8l_B:A|C,AB,2p8l_AB_u_0,2PR4,H:L
2r56,2r56_H:L|A,AG,2r56_AG_u_0,4CK4,A
2r56,2r56_H:L|A,AG,2r56_AG_u_1,4CK4,B
2r56,2r56_H:L|A,AG,2r56_AG_u_2,4TLJ,A
2r56,2r56_H:L|A,AG,2r56_AG_u_3,4TLJ,B
2r56,2r56_H:L|A,AG,2r56_AG_u_4,4NLJ,A
5u7o,5u7o_D:E|B,AB,5u7o_AB_u_0,4TOY,H:L
5i8h,5i8h_K:L|C,AB,5i8h_AB_u_0,4JY5,H:L
2i9l,2i9l_H:G|L,AG,2i9l_AG_u_0,1YPY,A
2i9l,2i9l_H:G|L,AG,2i9l_AG_u_1,1YPY,B
4f15,4f15_B:C|A,AG,4f15_AG_u_0,6GOL,A
4f15,4f15_B:C|A,AG,4f15_AG_u_1,4EDB,B
4f15,4f15_B:C|A,AG,4f15_AG_u_2,4EDB,D
4f15,4f15_B:C|A,AG,4f15_AG_u_3,4EDB,F
4f15,4f15_B:C|A,AG,4f15_AG_u_4,4JUG,B
5o4o,5o4o_B:A|C,AG,5o4o_AG_u_0,1M6B,A
5o4o,5o4o_B:A|C,AG,5o4o_AG_u_1,1M6B,B
5jw3,5jw3_H:L|B:A,AG,5jw3_AG_u_0,4BSG,B:A
5jw3,5jw3_H:L|B:A,AG,5jw3_AG_u_1,4LN6,B:A
5jw3,5jw3_H:L|B:A,AG,5jw3_AG_u_2,4LN6,D:C
5jw3,5jw3_H:L|B:A,AG,5jw3_AG_u_3,4LN6,F:E
5jw3,5jw3_H:L|B:A,AG,5jw3_AG_u_4,4LN6,H:G
6ii4,6ii4_E:F|C,AG,6ii4_AG_u_0,4BSG,A
6ii4,6ii4_E:F|C,AG,6ii4_AG_u_1,4LN6,A
6ii4,6ii4_E:F|C,AG,6ii4_AG_u_2,4LN6,C
6ii4,6ii4_E:F|C,AG,6ii4_AG_u_3,4LN6,E
6ii4,6ii4_E:F|C,AG,6ii4_AG_u_4,4LN6,G
3pp4,3pp4_H:L|P,AB,3pp4_AB_u_0,3PP3,H:K
3pp4,3pp4_H:L|P,AB,3pp4_AB_u_1,3PP3,I:L
4fp8,4fp8_I:M|B,AG,4fp8_AG_u_0,6BKM,A
4fp8,4fp8_I:M|B,AG,4fp8_AG_u_1,6BKM,C
4fp8,4fp8_I:M|B,AG,4fp8_AG_u_2,6BKM,E
4fp8,4fp8_I:M|B,AG,4fp8_AG_u_3,6BKQ,A
4fp8,4fp8_I:M|B,AG,4fp8_AG_u_4,6BKQ,C
4fp8,4fp8_I:M|B,AB,4fp8_AB_u_0,4FNL,H:L
4fp8,4fp8_I:M|B,AB,4fp8_AB_u_1,4FNL,I:M
6jbt,6jbt_H:L|F,AG,6jbt_AG_u_0,6UMV,A
6jbt,6jbt_H:L|F,AG,6jbt_AG_u_1,3RRQ,A
6jbt,6jbt_H:L|F,AG,6jbt_AG_u_2,2M2D,A
6mar,6mar_H:L|D:C,AB,6mar_AB_u_0,4NUJ,B:A
6mar,6mar_H:L|D:C,AB,6mar_AB_u_1,4NUG,H:L
2otu,2otu_H:G|S,AB,2otu_AB_u_0,2GSG,B:A
2otu,2otu_H:G|S,AB,2otu_AB_u_1,2GSG,D:C
4ydj,4ydj_H:L|G,AG,4ydj_AG_u_0,6ONF,A
4ydj,4ydj_H:L|G,AG,4ydj_AG_u_1,6P9N,A
4ydj,4ydj_H:L|G,AG,4ydj_AG_u_2,6ONV,A
3ejz,3ejz_E:F|B,AG,3ejz_AG_u_0,3NMO,A
3ejz,3ejz_E:F|B,AG,3ejz_AG_u_1,4FTP,A
3ejz,3ejz_E:F|B,AG,3ejz_AG_u_2,1KPK,A
3ejz,3ejz_E:F|B,AG,3ejz_AG_u_3,1KPK,B
3ejz,3ejz_E:F|B,AG,3ejz_AG_u_4,1KPK,C
4fp8,4fp8_J:N|C,AG,4fp8_AG_u_0,6BKM,A
4fp8,4fp8_J:N|C,AG,4fp8_AG_u_1,6BKM,C
4fp8,4fp8_J:N|C,AG,4fp8_AG_u_2,6BKM,E
4fp8,4fp8_J:N|C,AG,4fp8_AG_u_3,6BKQ,A
4fp8,4fp8_J:N|C,AG,4fp8_AG_u_4,6BKQ,C
4fp8,4fp8_J:N|C,AB,4fp8_AB_u_0,4FNL,H:L
4fp8,4fp8_J:N|C,AB,4fp8_AB_u_1,4FNL,I:M
4ywg,4ywg_H:L|G,AG,4ywg_AG_u_0,6CMX,A
4ywg,4ywg_H:L|G,AG,4ywg_AG_u_1,4Q0C,A
4ywg,4ywg_H:L|G,AG,4ywg_AG_u_2,4Q0C,B
4ywg,4ywg_H:L|G,AG,4ywg_AG_u_3,4Q0C,C
4ywg,4ywg_H:L|G,AG,4ywg_AG_u_4,4Q0C,D
2ltq,2ltq_F:E|D,AG,2ltq_AG_u_0,2L0O,A
2ltq,2ltq_F:E|D,AG,2ltq_AG_u_1,2K73,A
2ltq,2ltq_F:E|D,AG,2ltq_AG_u_2,2L0N,A
2ltq,2ltq_F:E|D,AG,2ltq_AG_u_3,2K74,A
4g7y,4g7y_H:L|S,AG,4g7y_AG_u_0,3V0D,A
4g7y,4g7y_H:L|S,AG,4g7y_AG_u_1,3V0D,B
4g7y,4g7y_H:L|S,AG,4g7y_AG_u_2,3V0F,A
4g7y,4g7y_H:L|S,AG,4g7y_AG_u_3,3V0F,B
4g7y,4g7y_H:L|S,AG,4g7y_AG_u_4,3V0G,A
4f37,4f37_F:K|B,AG,4f37_AG_u_0,1CEI,A
4f37,4f37_F:K|B,AG,4f37_AG_u_1,7CEI,A
4f37,4f37_F:K|B,AG,4f37_AG_u_2,2BP4,A
4f37,4f37_F:K|B,AG,4f37_AG_u_3,1NMJ,A
4r2g,4r2g_Q:P|E,AG,4r2g_AG_u_0,3DNL,A
4r2g,4r2g_Q:P|E,AG,4r2g_AG_u_1,3DNL,C
4r2g,4r2g_Q:P|E,AG,4r2g_AG_u_2,3DNL,D
4r2g,4r2g_Q:P|E,AG,4r2g_AG_u_3,3DNL,F
4r2g,4r2g_Q:P|E,AG,4r2g_AG_u_4,3DNL,G
4r2g,4r2g_Q:P|E,AB,4r2g_AB_u_0,5CEY,B:A
4r2g,4r2g_Q:P|E,AB,4r2g_AB_u_1,5CEY,D:C
4r2g,4r2g_Q:P|E,AB,4r2g_AB_u_2,4R26,H:L
6e3h,6e3h_H:L|B:A,AG,6e3h_AG_u_0,4BH4,B:A
6e3h,6e3h_H:L|B:A,AG,6e3h_AG_u_1,4BH3,B:A
6e3h,6e3h_H:L|B:A,AG,6e3h_AG_u_2,6CF5,B:A
6e3h,6e3h_H:L|B:A,AG,6e3h_AG_u_3,6CF5,D:C
6e3h,6e3h_H:L|B:A,AG,6e3h_AG_u_4,6CF5,F:E
4zso,4zso_B:A|E,AG,4zso_AG_u_0,3PV7,A
6ivz,6ivz_H:L|A,AG,6ivz_AG_u_0,6IW5,A
6ivz,6ivz_H:L|A,AG,6ivz_AG_u_1,6IW5,B
6ivz,6ivz_H:L|A,AG,6ivz_AG_u_2,6IW5,C
6ivz,6ivz_H:L|A,AG,6ivz_AG_u_3,6IW5,D
6ivz,6ivz_H:L|A,AG,6ivz_AG_u_4,2JV6,A
6j5d,6j5d_H:L|A,AG,6j5d_AG_u_0,6J5C,A
6gg0,6gg0_HL43,AG,6gg0_AG_u_0,4MJ0,A:A
6gg0,6gg0_HL43,AG,6gg0_AG_u_1,4MJ0,B:B
6gg0,6gg0_HL43,AG,6gg0_AG_u_2,4MJ0,C:C
6gg0,6gg0_HL43,AG,6gg0_AG_u_3,4MJ0,D:D
6gg0,6gg0_HL43,AG,6gg0_AG_u_4,4MJ0,E:E
5h35,5h35_F:G|E,AG,5h35_AG_u_0,5WTR,A
5h35,5h35_F:G|E,AG,5h35_AG_u_1,5WTR,B
5h35,5h35_F:G|E,AG,5h35_AG_u_2,5WTR,C
5h35,5h35_F:G|E,AG,5h35_AG_u_3,5WTR,F
5h35,5h35_F:G|E,AG,5h35_AG_u_4,5WTR,G
3iet,3iet_B:A|X,AB,3iet_AB_u_0,3IF1,B:A
3iet,3iet_B:A|X,AB,3iet_AB_u_1,3IF1,D:C
4y5v,4y5v_A:B|C,AG,4y5v_AG_u_0,1ERN,A
4y5v,4y5v_A:B|C,AG,4y5v_AG_u_1,1ERN,B
5lcv,5lcv_H:L|A:B,AG,5lcv_AG_u_0,5JHM,A:A
5lcv,5lcv_H:L|A:B,AG,5lcv_AG_u_1,5JHM,B:B
5lcv,5lcv_H:L|A:B,AG,5lcv_AG_u_2,5LBV,A:A
5lcv,5lcv_H:L|A:B,AG,5lcv_AG_u_3,5LBV,B:B
5lcv,5lcv_H:L|A:B,AB,5lcv_AB_u_0,4UT7,H
3gbn,3gbn_H:L|B:A,AG,3gbn_AG_u_0,4JUG,B:A
3gbn,3gbn_H:L|B:A,AG,3gbn_AG_u_1,4JUG,D:C
3gbn,3gbn_H:L|B:A,AG,3gbn_AG_u_2,4JUG,F:E
3gbn,3gbn_H:L|B:A,AG,3gbn_AG_u_3,4JUG,H:G
3gbn,3gbn_H:L|B:A,AG,3gbn_AG_u_4,4JUG,J:I
6ii8,6ii8_H:L|C,AG,6ii8_AG_u_0,4BSG,A
6ii8,6ii8_H:L|C,AG,6ii8_AG_u_1,4LN6,A
6ii8,6ii8_H:L|C,AG,6ii8_AG_u_2,4LN6,C
6ii8,6ii8_H:L|C,AG,6ii8_AG_u_3,4LN6,E
6ii8,6ii8_H:L|C,AG,6ii8_AG_u_4,4LN6,G
6okp,6okp_M:N|D,AB,6okp_AB_u_0,6OKQ,A:B
6okp,6okp_M:N|D,AB,6okp_AB_u_1,6OKQ,D:C
6okp,6okp_M:N|D,AB,6okp_AB_u_2,6OKQ,F:E
6e62,6e62_B:C|A,AB,6e62_AB_u_0,6E64,A:B
6e62,6e62_B:C|A,AB,6e62_AB_u_1,6E64,H:L
5xmh,5xmh_D:C|B,AG,5xmh_AG_u_0,5HSF,A
5xmh,5xmh_D:C|B,AG,5xmh_AG_u_1,5HSF,B
5xmh,5xmh_D:C|B,AG,5xmh_AG_u_2,5HYF,A
5xmh,5xmh_D:C|B,AG,5xmh_AG_u_3,6UGW,A
5xmh,5xmh_D:C|B,AG,5xmh_AG_u_4,6UGX,A
4uta,4uta_I:M|A,AG,4uta_AG_u_0,4UTC,A
4uta,4uta_I:M|A,AG,4uta_AG_u_1,4UTC,B
3gbm,3gbm_I:M|D:C,AG,3gbm_AG_u_0,6CF5,B:A
3gbm,3gbm_I:M|D:C,AG,3gbm_AG_u_1,6CF5,D:C
3gbm,3gbm_I:M|D:C,AG,3gbm_AG_u_2,6CF5,F:E
3gbm,3gbm_I:M|D:C,AG,3gbm_AG_u_3,6PCX,A:A
3gbm,3gbm_I:M|D:C,AG,3gbm_AG_u_4,6PD3,A:A
6snc,6snc_H:L|P,AG,6snc_AG_u_0,2NCT,A
6snc,6snc_H:L|P,AG,6snc_AG_u_1,2NCS,A
4olv,4olv_H:L|G,AG,4olv_AG_u_0,6ONF,A
4olv,4olv_H:L|G,AG,4olv_AG_u_1,6P9N,A
4olv,4olv_H:L|G,AG,4olv_AG_u_2,6ONV,A
4jpk,4jpk_H:L|A,AG,4jpk_AG_u_0,4JPJ,A
4jpk,4jpk_H:L|A,AG,4jpk_AG_u_1,4JPJ,B
4jpk,4jpk_H:L|A,AG,4jpk_AG_u_2,4JPJ,C
4jpk,4jpk_H:L|A,AG,4jpk_AG_u_3,4JPJ,D
4jpk,4jpk_H:L|A,AB,4jpk_AB_u_0,4JPI,A:B
4jpk,4jpk_H:L|A,AB,4jpk_AB_u_1,4JPI,H:L
5otj,5otj_B:A|D,AG,5otj_AG_u_0,5CPS,A
5otj,5otj_B:A|D,AG,5otj_AG_u_1,5CPS,B
5otj,5otj_B:A|D,AG,5otj_AG_u_2,6CGO,A
5otj,5otj_B:A|D,AG,5otj_AG_u_3,6CGO,B
5otj,5otj_B:A|D,AG,5otj_AG_u_4,5CSY,A
2hrp,2hrp_N:M|Q,AG,2hrp_AG_u_0,6IXD,A
2hrp,2hrp_N:M|Q,AG,2hrp_AG_u_1,6IXD,B
2hrp,2hrp_N:M|Q,AG,2hrp_AG_u_2,6U7P,A
2hrp,2hrp_N:M|Q,AG,2hrp_AG_u_3,6U7P,B
2hrp,2hrp_N:M|Q,AG,2hrp_AG_u_4,6CDJ,A
2hrp,2hrp_N:M|Q,AB,2hrp_AB_u_0,1MF2,H:L
2hrp,2hrp_N:M|Q,AB,2hrp_AB_u_1,1MF2,N:M
6nb7,6nb7_D:E|B,AG,6nb7_AG_u_0,5X58,A
6nb7,6nb7_D:E|B,AG,6nb7_AG_u_1,5X58,B
6nb7,6nb7_D:E|B,AG,6nb7_AG_u_2,5X58,C
6nb7,6nb7_D:E|B,AG,6nb7_AG_u_3,6ACC,A
6nb7,6nb7_D:E|B,AG,6nb7_AG_u_4,6ACC,B
6nb7,6nb7_D:E|B,AB,6nb7_AB_u_0,6NB8,H:L
5f3b,5f3b_A:B|C,AG,5f3b_AG_u_0,5JI1,A
5f3b,5f3b_A:B|C,AG,5f3b_AG_u_1,5JI1,B
5f3b,5f3b_A:B|C,AG,5f3b_AG_u_2,5NTU,A
5f3b,5f3b_A:B|C,AG,5f3b_AG_u_3,5NTU,B
5f3b,5f3b_A:B|C,AG,5f3b_AG_u_4,5NXS,A
2dqc,2dqc_H:L|Y,AG,2dqc_AG_u_0,6RO3,A
2dqc,2dqc_H:L|Y,AG,2dqc_AG_u_1,6RT3,A
2dqc,2dqc_H:L|Y,AG,2dqc_AG_u_2,6AGN,A
2dqc,2dqc_H:L|Y,AG,2dqc_AG_u_3,6F1P,A
2dqc,2dqc_H:L|Y,AG,2dqc_AG_u_4,6A10,A
4utb,4utb_H:L|A,AG,4utb_AG_u_0,4UTC,A
4utb,4utb_H:L|A,AG,4utb_AG_u_1,4UTC,B
4utb,4utb_H:L|A,AB,4utb_AB_u_0,4UT7,H
2i5y,2i5y_H:L|G,AB,2i5y_AB_u_0,1RZ8,B:A
2i5y,2i5y_H:L|G,AB,2i5y_AB_u_1,1RZ8,D:C
1xgp,1xgp_B:A|C,AG,1xgp_AG_u_0,6RO3,A
1xgp,1xgp_B:A|C,AG,1xgp_AG_u_1,6RT3,A
1xgp,1xgp_B:A|C,AG,1xgp_AG_u_2,6AGN,A
1xgp,1xgp_B:A|C,AG,1xgp_AG_u_3,6F1P,A
1xgp,1xgp_B:A|C,AG,1xgp_AG_u_4,6A10,A
1xgp,1xgp_B:A|C,AB,1xgp_AB_u_0,1DQQ,B:A
1xgp,1xgp_B:A|C,AB,1xgp_AB_u_1,1DQQ,D:C
1xgp,1xgp_B:A|C,AB,1xgp_AB_u_2,1DQM,H:L
4hha,4hha_B:A|P,AB,4hha_AB_u_0,4HH9,B:A
4hha,4hha_B:A|P,AB,4hha_AB_u_1,4HH9,D:C
3tt3,3tt3_H:L|A,AG,3tt3_AG_u_0,2A65,A
3tt3,3tt3_H:L|A,AG,3tt3_AG_u_1,3F3E,A
3tt3,3tt3_H:L|A,AG,3tt3_AG_u_2,2Q6H,A
3tt3,3tt3_H:L|A,AG,3tt3_AG_u_3,3F48,A
3tt3,3tt3_H:L|A,AG,3tt3_AG_u_4,2QB4,A
2j88,2j88_H:L|A,AG,2j88_AG_u_0,1FCQ,A
2j88,2j88_H:L|A,AG,2j88_AG_u_1,1FCU,A
2j88,2j88_H:L|A,AG,2j88_AG_u_2,1FCV,A
6ad7,6ad7_E:F|B,AG,6ad7_AG_u_0,3NMO,A
6ad7,6ad7_E:F|B,AG,6ad7_AG_u_1,4FTP,A
6ad7,6ad7_E:F|B,AG,6ad7_AG_u_2,1KPK,A
6ad7,6ad7_E:F|B,AG,6ad7_AG_u_3,1KPK,B
6ad7,6ad7_E:F|B,AG,6ad7_AG_u_4,1KPK,C
2nr6,2nr6_D:C|A,AG,2nr6_AG_u_0,1YG9,A
2nr6,2nr6_D:C|A,AG,2nr6_AG_u_1,4RLD,A
2nr6,2nr6_D:C|A,AG,2nr6_AG_u_2,4RLD,B
2nr6,2nr6_D:C|A,AG,2nr6_AG_u_3,4RLD,C
2nr6,2nr6_D:C|A,AG,2nr6_AG_u_4,4RLD,D
5hi4,5hi4_H:L|A,AG,5hi4_AG_u_0,4HR9,A
5hi4,5hi4_H:L|A,AG,5hi4_AG_u_1,4HR9,B
6mek,6mek_I:G|A,AB,6mek_AB_u_0,6MEG,H:L
1uac,1uac_H:L|Y,AG,1uac_AG_u_0,1JSE,A
1uac,1uac_H:L|Y,AG,1uac_AG_u_1,1LJN,A
1uac,1uac_H:L|Y,AG,1uac_AG_u_2,135L,A
1uac,1uac_H:L|Y,AG,1uac_AG_u_3,1LZY,A
1uac,1uac_H:L|Y,AG,1uac_AG_u_4,1TEW,A
5utz,5utz_J:K|I,AG,5utz_AG_u_0,4NEJ,A
5utz,5utz_J:K|I,AG,5utz_AG_u_1,4NEM,A
5utz,5utz_J:K|I,AG,5utz_AG_u_2,1M48,A
5utz,5utz_J:K|I,AG,5utz_AG_u_3,1M48,B
5utz,5utz_J:K|I,AG,5utz_AG_u_4,1M47,A
5um8,5um8_H:L|G,AB,5um8_AB_u_0,5CEY,B:A
5um8,5um8_H:L|G,AB,5um8_AB_u_1,5CEY,D:C
5um8,5um8_H:L|G,AB,5um8_AB_u_2,4R26,H:L
5yy5,5yy5_C:D|B,AG,5yy5_AG_u_0,4L3N,A
5yy5,5yy5_C:D|B,AG,5yy5_AG_u_1,4L3N,B
5yy5,5yy5_C:D|B,AG,5yy5_AG_u_2,6Q04,A
5yy5,5yy5_C:D|B,AG,5yy5_AG_u_3,6Q04,B
5yy5,5yy5_C:D|B,AG,5yy5_AG_u_4,6Q04,C
2osl,2osl_A:B|Q,AB,2osl_AB_u_0,4KAQ,H:L
6dzl,6dzl_I:L|D:C,AB,6dzl_AB_u_0,6DZN,H:L
6a4k,6a4k_K:O|D,AG,6a4k_AG_u_0,3UYX,A
6a4k,6a4k_K:O|D,AG,6a4k_AG_u_1,3UYX,B
6a4k,6a4k_K:O|D,AG,6a4k_AG_u_2,3UYW,A
6a4k,6a4k_K:O|D,AG,6a4k_AG_u_3,3UYW,B
6a4k,6a4k_K:O|D,AG,6a4k_AG_u_4,3UYW,C
6a4k,6a4k_K:O|D,AB,6a4k_AB_u_0,6JP7,H:L
3idg,3idg_B:A|C,AB,3idg_AB_u_0,2PR4,H:L
3ngb,3ngb_H:L|G,AG,3ngb_AG_u_0,6ONF,A
3ngb,3ngb_H:L|G,AG,3ngb_AG_u_1,6P9N,A
3ngb,3ngb_H:L|G,AG,3ngb_AG_u_2,6ONV,A
5wob,5wob_M:N|C,AG,5wob_AG_u_0,4PFC,A
5wob,5wob_M:N|C,AG,5wob_AG_u_1,4PFC,B
5wob,5wob_M:N|C,AG,5wob_AG_u_2,4PF7,A
5wob,5wob_M:N|C,AG,5wob_AG_u_3,4PF7,B
5wob,5wob_M:N|C,AG,5wob_AG_u_4,4PF9,A
4ffz,4ffz_H:L|A,AG,4ffz_AG_u_0,4GSX,A
4ffz,4ffz_H:L|A,AG,4ffz_AG_u_1,4GSX,B
4ffz,4ffz_H:L|A,AG,4ffz_AG_u_2,3IRC,A
4ffz,4ffz_H:L|A,AG,4ffz_AG_u_3,4GT0,A
4ffz,4ffz_H:L|A,AG,4ffz_AG_u_4,4GT0,B
6pzy,6pzy_H:K|E,AG,6pzy_AG_u_0,6PZD,A
6pzy,6pzy_H:K|E,AG,6pzy_AG_u_1,5L18,A
6pzy,6pzy_H:K|E,AG,6pzy_AG_u_2,4MWU,A
6pzy,6pzy_H:K|E,AG,6pzy_AG_u_3,4MWY,A
6pzy,6pzy_H:K|E,AG,6pzy_AG_u_4,4MWR,A
4rgm,4rgm_C:B|A,AG,4rgm_AG_u_0,3SEB,A
4rgm,4rgm_C:B|A,AG,4rgm_AG_u_1,3GP7,A
4rgm,4rgm_C:B|A,AG,4rgm_AG_u_2,3GP7,B
4rgm,4rgm_C:B|A,AG,4rgm_AG_u_3,1SE4,A
4rgm,4rgm_C:B|A,AG,4rgm_AG_u_4,1GOZ,A
5o4g,5o4g_B:A|C,AG,5o4g_AG_u_0,2A91,A
3rvv,3rvv_D:C|A,AG,3rvv_AG_u_0,5VPK,A
3rvv,3rvv_D:C|A,AG,3rvv_AG_u_1,5VPK,B
3rvv,3rvv_D:C|A,AG,3rvv_AG_u_2,5VPK,C
3rvv,3rvv_D:C|A,AG,3rvv_AG_u_3,3D6S,A
3rvv,3rvv_D:C|A,AG,3rvv_AG_u_4,3D6S,B
3rvv,3rvv_D:C|A,AB,3rvv_AB_u_0,3RVT,D:C
3rvv,3rvv_D:C|A,AB,3rvv_AB_u_1,3RVU,D:C
4jhw,4jhw_H:L|F,AG,4jhw_AG_u_0,4NCU,A
4jhw,4jhw_H:L|F,AG,4jhw_AG_u_1,5C69,A
5ifj,5ifj_G:H|I,AB,5ifj_AB_u_0,5IHZ,A:B
5ifj,5ifj_G:H|I,AB,5ifj_AB_u_1,5IHZ,C:D
5ifj,5ifj_G:H|I,AB,5ifj_AB_u_2,5IHZ,E:F
5ifj,5ifj_G:H|I,AB,5ifj_AB_u_3,5IHZ,H:L
6rcv,6rcv_E:D|A,AG,6rcv_AG_u_0,4WAT,A
6rcv,6rcv_E:D|A,AB,6rcv_AB_u_0,6RCS,A:B
4uif,4uif_G:H|A,AG,4uif_AG_u_0,1OK8,A
4uif,4uif_G:H|A,AG,4uif_AG_u_1,1OKE,A
4uif,4uif_G:H|A,AG,4uif_AG_u_2,1OKE,B
4uif,4uif_G:H|A,AG,4uif_AG_u_3,1TG8,A
4uif,4uif_G:H|A,AG,4uif_AG_u_4,1OAN,A
2ih1,2ih1_A:B|C,AG,2ih1_AG_u_0,1JQ2,A
2ih1,2ih1_A:B|C,AG,2ih1_AG_u_1,1JQ2,B
2ih1,2ih1_A:B|C,AG,2ih1_AG_u_2,1JQ2,C
2ih1,2ih1_A:B|C,AG,2ih1_AG_u_3,1JQ2,D
2ih1,2ih1_A:B|C,AG,2ih1_AG_u_4,1JQ1,A
3hb3,3hb3_C:D|B,AB,3hb3_AB_u_0,1MQK,H:L
1kip,1kip_B:A|C,AG,1kip_AG_u_0,6RO3,A
1kip,1kip_B:A|C,AG,1kip_AG_u_1,6RT3,A
1kip,1kip_B:A|C,AG,1kip_AG_u_2,6AGN,A
1kip,1kip_B:A|C,AG,1kip_AG_u_3,6F1P,A
1kip,1kip_B:A|C,AG,1kip_AG_u_4,6A10,A
1kip,1kip_B:A|C,AB,1kip_AB_u_0,1VFA,B:A
1kip,1kip_B:A|C,AB,1kip_AB_u_1,1A7R,H:L
1kip,1kip_B:A|C,AB,1kip_AB_u_2,1A7N,H:L
1kip,1kip_B:A|C,AB,1kip_AB_u_3,1A7P,H:L
1kip,1kip_B:A|C,AB,1kip_AB_u_4,1CIC,D:C
5yoy,5yoy_R:O|J,AG,5yoy_AG_u_0,5UUI,A
5yoy,5yoy_R:O|J,AG,5yoy_AG_u_1,4TSV,A
5yoy,5yoy_R:O|J,AG,5yoy_AG_u_2,2AZ5,A
5yoy,5yoy_R:O|J,AG,5yoy_AG_u_3,2AZ5,B
5yoy,5yoy_R:O|J,AG,5yoy_AG_u_4,2AZ5,C
4ngh,4ngh_H:L|P,AB,4ngh_AB_u_0,4LLV,A:B
4ngh,4ngh_H:L|P,AB,4ngh_AB_u_1,4LLV,C:D
4ngh,4ngh_H:L|P,AB,4ngh_AB_u_2,4LLV,E:F
4ngh,4ngh_H:L|P,AB,4ngh_AB_u_3,4LLV,H:L
4ngh,4ngh_H:L|P,AB,4ngh_AB_u_4,5CIP,A:B
5hi3,5hi3_H:L|B,AG,5hi3_AG_u_0,4HR9,A
5hi3,5hi3_H:L|B,AG,5hi3_AG_u_1,4HR9,B
5x0t,5x0t_C:D|F,AG,5x0t_AG_u_0,3I84,A
5x0t,5x0t_C:D|F,AG,5x0t_AG_u_1,3I84,B
5x0t,5x0t_C:D|F,AG,5x0t_AG_u_2,3I85,A
5x0t,5x0t_C:D|F,AG,5x0t_AG_u_3,3I85,B
5x0t,5x0t_C:D|F,AG,5x0t_AG_u_4,3B5H,A
5x0t,5x0t_C:D|F,AB,5x0t_AB_u_0,5X4G,A:B
6mhg,6mhg_C:P|E,AG,6mhg_AG_u_0,3VDJ,A
6mhg,6mhg_C:P|E,AG,6mhg_AG_u_1,3VDK,A
6mhg,6mhg_C:P|E,AG,6mhg_AG_u_2,3VDL,A
6mhg,6mhg_C:P|E,AG,6mhg_AG_u_3,3VDL,B
6mhg,6mhg_C:P|E,AG,6mhg_AG_u_4,3VDL,C
6mhg,6mhg_K:V|E,AG,6mhg_AG_u_0,3VDJ,A
6mhg,6mhg_K:V|E,AG,6mhg_AG_u_1,3VDK,A
6mhg,6mhg_K:V|E,AG,6mhg_AG_u_2,3VDL,A
6mhg,6mhg_K:V|E,AG,6mhg_AG_u_3,3VDL,B
6mhg,6mhg_K:V|E,AG,6mhg_AG_u_4,3VDL,C
4qex,4qex_H:L|A,AG,4qex_AG_u_0,1ZRO,A
4qex,4qex_H:L|A,AG,4qex_AG_u_1,1ZRO,B
4qex,4qex_H:L|A,AG,4qex_AG_u_2,1ZRL,A
1v7m,1v7m_H:L|V,AB,1v7m_AB_u_0,2ZKH,H:L
4xh2,4xh2_G:I|g,AG,4xh2_AG_u_0,2L6F,A
4xh2,4xh2_G:I|g,AG,4xh2_AG_u_1,2L6H,A
6rps,6rps_H:L|A,AG,6rps_AG_u_0,5MSA,A
6rps,6rps_H:L|A,AG,6rps_AG_u_1,5MSA,B
6rps,6rps_H:L|A,AG,6rps_AG_u_2,5MSA,C
6rps,6rps_H:L|A,AG,6rps_AG_u_3,5MSA,D
6rps,6rps_H:L|A,AG,6rps_AG_u_4,6G5L,A
1ymh,1ymh_B:A|E,AB,1ymh_AB_u_0,1NLB,H:L
4xnm,4xnm_H:L|C,AG,4xnm_AG_u_0,4BH4,A
4xnm,4xnm_H:L|C,AG,4xnm_AG_u_1,4BH3,A
4xnm,4xnm_H:L|C,AG,4xnm_AG_u_2,6CF5,A
4xnm,4xnm_H:L|C,AG,4xnm_AG_u_3,6CF5,C
4xnm,4xnm_H:L|C,AG,4xnm_AG_u_4,6CF5,E
4xnm,4xnm_H:L|C,AB,4xnm_AB_u_0,4GSD,H:L
4tuj,4tuj_C:D|F,AB,4tuj_AB_u_0,4TRP,H:L
4tuj,4tuj_C:D|F,AB,4tuj_AB_u_1,4TUO,A:B
4tuj,4tuj_C:D|F,AB,4tuj_AB_u_2,4TUO,C:D
2fd6,2fd6_H:L|U,AG,2fd6_AG_u_0,3U74,U
2fd6,2fd6_H:L|U,AB,2fd6_AB_u_0,2FAT,H:L
3csy,3csy_A:B|J:I,AB,3csy_AB_u_0,3INU,H:L
3csy,3csy_A:B|J:I,AB,3csy_AB_u_1,3INU,M:N
5t6l,5t6l_H:L|I,AG,5t6l_AG_u_0,3LF6,A
5t6l,5t6l_H:L|I,AG,5t6l_AG_u_1,3LF6,B
5t6l,5t6l_H:L|I,AG,5t6l_AG_u_2,3T43,A
5t6l,5t6l_H:L|I,AG,5t6l_AG_u_3,3T43,B
5t6l,5t6l_H:L|I,AB,5t6l_AB_u_0,5JNY,A:B
5t6l,5t6l_H:L|I,AB,5t6l_AB_u_1,5JNY,C:D
5fb8,5fb8_B:A|C,AG,5fb8_AG_u_0,1I16,A
6mu6,6mu6_D:E|B,AB,6mu6_AB_u_0,4TOY,H:L
5t5n,5t5n_K:J|B,AG,5t5n_AG_u_0,6N25,A
5t5n,5t5n_K:J|B,AG,5t5n_AG_u_1,6N25,B
5t5n,5t5n_K:J|B,AG,5t5n_AG_u_2,6N25,C
5t5n,5t5n_K:J|B,AG,5t5n_AG_u_3,6N25,D
5t5n,5t5n_K:J|B,AG,5t5n_AG_u_4,6N25,E
4rrp,4rrp_L:F|R,AG,4rrp_AG_u_0,1ROC,A
4rrp,4rrp_L:F|R,AG,4rrp_AG_u_1,2IDC,A
4rrp,4rrp_L:F|R,AG,4rrp_AG_u_2,1WG3,A
4yk4,4yk4_Z:Y|E,AG,4yk4_AG_u_0,6CHX,A
4yk4,4yk4_Z:Y|E,AG,4yk4_AG_u_1,6CHX,B
4yk4,4yk4_Z:Y|E,AG,4yk4_AG_u_2,4EDB,A
4yk4,4yk4_Z:Y|E,AG,4yk4_AG_u_3,4EDB,C
4yk4,4yk4_Z:Y|E,AG,4yk4_AG_u_4,4EDB,E
5d96,5d96_C:B|A,AG,5d96_AG_u_0,5D8I,A
5d96,5d96_C:B|A,AG,5d96_AG_u_1,5D8I,B
5d96,5d96_C:B|A,AG,5d96_AG_u_2,3T58,A
5d96,5d96_C:B|A,AG,5d96_AG_u_3,3T58,B
5d96,5d96_C:B|A,AG,5d96_AG_u_4,3T58,C
6mek,6mek_H:L|C,AB,6mek_AB_u_0,6MED,A:B
6mek,6mek_H:L|C,AB,6mek_AB_u_1,6MED,C:D
6mek,6mek_H:L|C,AB,6mek_AB_u_2,6MED,G:I
1eo8,1eo8_H:L|A,AG,1eo8_AG_u_0,6BKM,A
1eo8,1eo8_H:L|A,AG,1eo8_AG_u_1,6BKM,C
1eo8,1eo8_H:L|A,AG,1eo8_AG_u_2,6BKM,E
1eo8,1eo8_H:L|A,AG,1eo8_AG_u_3,6BKQ,A
1eo8,1eo8_H:L|A,AG,1eo8_AG_u_4,6BKQ,C
3mj9,3mj9_H:L|A,AB,3mj9_AB_u_0,3MJ8,B:A
3mj9,3mj9_H:L|A,AB,3mj9_AB_u_1,3MJ8,H:L
2igf,2igf_H:L|P,AG,2igf_AG_u_0,2MHR,A
2igf,2igf_H:L|P,AG,2igf_AG_u_1,1A7D,A
2igf,2igf_H:L|P,AG,2igf_AG_u_2,1A7E,A
2igf,2igf_H:L|P,AB,2igf_AB_u_0,1IGF,H:L
2igf,2igf_H:L|P,AB,2igf_AB_u_1,1IGF,J:M
3pnw,3pnw_T:S|U,AG,3pnw_AG_u_0,5YJ8,A
3pnw,3pnw_T:S|U,AG,3pnw_AG_u_1,3S6W,A
3pnw,3pnw_T:S|U,AG,3pnw_AG_u_2,3PMT,A
6q23,6q23_G:I|D,AG,6q23_AG_u_0,5NZ4,A
6q23,6q23_G:I|D,AG,6q23_AG_u_1,5NZ4,B
6q23,6q23_G:I|D,AG,6q23_AG_u_2,3TI4,A
6q23,6q23_G:I|D,AG,6q23_AG_u_3,3TI4,B
6q23,6q23_G:I|D,AG,6q23_AG_u_4,6G01,A
6a79,6a79_I:M|B,AG,6a79_AG_u_0,5O5I,A
6a79,6a79_I:M|B,AG,6a79_AG_u_1,2EO9,A
6oe4,6oe4_B:C|A,AG,6oe4_AG_u_0,3KPE,B
6oe4,6oe4_B:C|A,AG,6oe4_AG_u_1,5EA4,F
6oe4,6oe4_B:C|A,AG,6oe4_AG_u_2,1G2C,B
6oe4,6oe4_B:C|A,AG,6oe4_AG_u_3,1G2C,D
6oe4,6oe4_B:C|A,AG,6oe4_AG_u_4,1G2C,F
6o3g,6o3g_H:L|S,AB,6o3g_AB_u_0,6O3D,H:L
6mhg,6mhg_D:Q|E,AG,6mhg_AG_u_0,3VDJ,A
6mhg,6mhg_D:Q|E,AG,6mhg_AG_u_1,3VDK,A
6mhg,6mhg_D:Q|E,AG,6mhg_AG_u_2,3VDL,A
6mhg,6mhg_D:Q|E,AG,6mhg_AG_u_3,3VDL,B
6mhg,6mhg_D:Q|E,AG,6mhg_AG_u_4,3VDL,C
6mei,6mei_H:L|C,AB,6mei_AB_u_0,6MED,A:B
6mei,6mei_H:L|C,AB,6mei_AB_u_1,6MED,C:D
6mei,6mei_H:L|C,AB,6mei_AB_u_2,6MED,G:I
5jz7,5jz7_J:K|E,AG,5jz7_AG_u_0,4EFV,A
5jz7,5jz7_J:K|E,AG,5jz7_AG_u_1,4EFV,B
5jz7,5jz7_J:K|E,AG,5jz7_AG_u_2,6XUO,A
6k5a,6k5a_C:D|A,AG,6k5a_AG_u_0,3NMO,A
6k5a,6k5a_C:D|A,AG,6k5a_AG_u_1,4FTP,A
6k5a,6k5a_C:D|A,AG,6k5a_AG_u_2,1KPK,A
6k5a,6k5a_C:D|A,AG,6k5a_AG_u_3,1KPK,B
6k5a,6k5a_C:D|A,AG,6k5a_AG_u_4,1KPK,C
5ikc,5ikc_H:L|N,AG,5ikc_AG_u_0,5IO9,A
5ikc,5ikc_H:L|N,AG,5ikc_AG_u_1,5IO9,B
5ikc,5ikc_H:L|N,AG,5ikc_AG_u_2,2BQQ,A
5ikc,5ikc_H:L|N,AG,5ikc_AG_u_3,5IOI,A
5ikc,5ikc_H:L|N,AG,5ikc_AG_u_4,5IOI,B
4hpo,4hpo_H:L|P,AB,4hpo_AB_u_0,4HQQ,H:L
4hpo,4hpo_H:L|P,AB,4hpo_AB_u_1,4RIR,A:B
4hpo,4hpo_H:L|P,AB,4hpo_AB_u_2,4RIR,H:L
6nf2,6nf2_C:D|G,AB,6nf2_AB_u_0,5JXA,H:L
6ck9,6ck9_D:E|B,AG,6ck9_AG_u_0,3U91,A
6ck9,6ck9_D:E|B,AG,6ck9_AG_u_1,4HLR,A
6ck9,6ck9_D:E|B,AB,6ck9_AB_u_0,4TOY,H:L
5xcv,5xcv_D:E|F,AG,5xcv_AG_u_0,6JJU,A
5xcv,5xcv_D:E|F,AG,5xcv_AG_u_1,5ZTF,A
5xcv,5xcv_D:E|F,AB,5xcv_AB_u_0,4NR2,A:A
5xcv,5xcv_D:E|F,AB,5xcv_AB_u_1,4NR2,B:B
5xcv,5xcv_D:E|F,AB,5xcv_AB_u_2,4NR2,C:C
5xcv,5xcv_D:E|F,AB,5xcv_AB_u_3,4NR2,D:D
5xcv,5xcv_D:E|F,AB,5xcv_AB_u_4,4NR2,E:E
5xcu,5xcu_A:B|C,AB,5xcu_AB_u_0,4NR2,A:A
5xcu,5xcu_A:B|C,AB,5xcu_AB_u_1,4NR2,B:B
5xcu,5xcu_A:B|C,AB,5xcu_AB_u_2,4NR2,C:C
5xcu,5xcu_A:B|C,AB,5xcu_AB_u_3,4NR2,D:D
5xcu,5xcu_A:B|C,AB,5xcu_AB_u_4,4NR2,E:E
5d93,5d93_F:E|D,AG,5d93_AG_u_0,5D8I,A
5d93,5d93_F:E|D,AG,5d93_AG_u_1,5D8I,B
5d93,5d93_F:E|D,AG,5d93_AG_u_2,3T58,A
5d93,5d93_F:E|D,AG,5d93_AG_u_3,3T58,B
5d93,5d93_F:E|D,AG,5d93_AG_u_4,3T58,C
6mid,6mid_H:L|E:C,AG,6mid_AG_u_0,5JHM,A:A
6mid,6mid_H:L|E:C,AG,6mid_AG_u_1,5JHM,B:B
6mid,6mid_H:L|E:C,AG,6mid_AG_u_2,5LBV,A:A
6mid,6mid_H:L|E:C,AG,6mid_AG_u_3,5LBV,B:B
6mid,6mid_H:L|E:C,AG,6mid_AG_u_4,5OMZ,A:A
3u2s,3u2s_A:B|C,AG,3u2s_AG_u_0,6CMX,A
3u2s,3u2s_A:B|C,AG,3u2s_AG_u_1,4Q0C,A
3u2s,3u2s_A:B|C,AG,3u2s_AG_u_2,4Q0C,B
3u2s,3u2s_A:B|C,AG,3u2s_AG_u_3,4Q0C,C
3u2s,3u2s_A:B|C,AG,3u2s_AG_u_4,4Q0C,D
3u2s,3u2s_A:B|C,AB,3u2s_AB_u_0,3U36,A:B
3u2s,3u2s_A:B|C,AB,3u2s_AB_u_1,3U36,C:D
3u2s,3u2s_A:B|C,AB,3u2s_AB_u_2,3U36,E:F
3u2s,3u2s_A:B|C,AB,3u2s_AB_u_3,3U36,H:L
6oge,6oge_C:B|A,AG,6oge_AG_u_0,2A91,A
6oge,6oge_C:B|A,AB,6oge_AB_u_0,1L7I,H:L
6oge,6oge_C:B|A,AB,6oge_AB_u_1,5VSH,A:B
6oge,6oge_C:B|A,AB,6oge_AB_u_2,5VSH,C:D
6oge,6oge_C:B|A,AB,6oge_AB_u_3,5VSH,E:F
6oge,6oge_C:B|A,AB,6oge_AB_u_4,5VSH,H:L
6qno,6qno_H:L|A:B:G,AB,6qno_AB_u_0,6QNK,B:A
6qno,6qno_H:L|A:B:G,AB,6qno_AB_u_1,6QNK,D:C
1ots,1ots_C:D|A,AG,1ots_AG_u_0,3NMO,A
1ots,1ots_C:D|A,AG,1ots_AG_u_1,4FTP,A
1ots,1ots_C:D|A,AG,1ots_AG_u_2,1KPK,A
1ots,1ots_C:D|A,AG,1ots_AG_u_3,1KPK,B
1ots,1ots_C:D|A,AG,1ots_AG_u_4,1KPK,C
5h30,5h30_K:L|B,AG,5h30_AG_u_0,5JHM,A
5h30,5h30_K:L|B,AG,5h30_AG_u_1,5JHM,B
5h30,5h30_K:L|B,AG,5h30_AG_u_2,5LBV,A
5h30,5h30_K:L|B,AG,5h30_AG_u_3,5LBV,B
5h30,5h30_K:L|B,AG,5h30_AG_u_4,5OMZ,A
5hys,5hys_C:D|K,AG,5hys_AG_u_0,5MOL,A
5hys,5hys_C:D|K,AG,5hys_AG_u_1,5MOL,B
5hys,5hys_C:D|K,AG,5hys_AG_u_2,2WQR,A
5hys,5hys_C:D|K,AG,5hys_AG_u_3,2WQR,B
5hys,5hys_C:D|K,AG,5hys_AG_u_4,5MOK,A
5hys,5hys_C:D|K,AB,5hys_AB_u_0,2XA8,H:L
5hys,5hys_C:D|K,AB,5hys_AB_u_1,4X7T,A:B
5hys,5hys_C:D|K,AB,5hys_AB_u_2,4X7T,H:L
6adc,6adc_C:D|A,AG,6adc_AG_u_0,3NMO,A
6adc,6adc_C:D|A,AG,6adc_AG_u_1,4FTP,A
6adc,6adc_C:D|A,AG,6adc_AG_u_2,1KPK,A
6adc,6adc_C:D|A,AG,6adc_AG_u_3,1KPK,B
6adc,6adc_C:D|A,AG,6adc_AG_u_4,1KPK,C
4xak,4xak_H:L|A,AG,4xak_AG_u_0,4L3N,A
4xak,4xak_H:L|A,AG,4xak_AG_u_1,4L3N,B
4xak,4xak_H:L|A,AG,4xak_AG_u_2,6Q04,A
4xak,4xak_H:L|A,AG,4xak_AG_u_3,6Q04,B
4xak,4xak_H:L|A,AG,4xak_AG_u_4,6Q04,C
5d70,5d70_H:L|A,AG,5d70_AG_u_0,2GMF,A
5d70,5d70_H:L|A,AG,5d70_AG_u_1,2GMF,B
5d70,5d70_H:L|A,AG,5d70_AG_u_2,1CSG,A
5d70,5d70_H:L|A,AG,5d70_AG_u_3,1CSG,B
4zfg,4zfg_H:L|A,AG,4zfg_AG_u_0,4JZC,A
4zfg,4zfg_H:L|A,AG,4zfg_AG_u_1,1Z3U,A
4zfg,4zfg_H:L|A,AG,4zfg_AG_u_2,1Z3U,B
4zfg,4zfg_H:L|A,AG,4zfg_AG_u_3,1Z3U,C
4zfg,4zfg_H:L|A,AG,4zfg_AG_u_4,1Z3U,D
5vyf,5vyf_H:L|F,AG,5vyf_AG_u_0,2EJN,A
5vyf,5vyf_H:L|F,AG,5vyf_AG_u_1,2EJN,B
5vyf,5vyf_H:L|F,AG,5vyf_AG_u_2,1ZKR,A
5vyf,5vyf_H:L|F,AG,5vyf_AG_u_3,1ZKR,B
5vyf,5vyf_H:L|F,AG,5vyf_AG_u_4,1PUO,A
5sy8,5sy8_H:L|O,AG,5sy8_AG_u_0,3LF6,A
5sy8,5sy8_H:L|O,AG,5sy8_AG_u_1,3LF6,B
5sy8,5sy8_H:L|O,AG,5sy8_AG_u_2,3T43,A
5sy8,5sy8_H:L|O,AG,5sy8_AG_u_3,3T43,B
5sy8,5sy8_H:L|O,AB,5sy8_AB_u_0,5JNY,A:B
5sy8,5sy8_H:L|O,AB,5sy8_AB_u_1,5JNY,C:D
4ps4,4ps4_H:L|A,AG,4ps4_AG_u_0,1IK0,A
4ps4,4ps4_H:L|A,AG,4ps4_AG_u_1,1IJZ,A
4ps4,4ps4_H:L|A,AG,4ps4_AG_u_2,1GA3,A
5kvd,5kvd_H:L|E,AG,5kvd_AG_u_0,5JHM,A
5kvd,5kvd_H:L|E,AG,5kvd_AG_u_1,5JHM,B
5kvd,5kvd_H:L|E,AG,5kvd_AG_u_2,5LBV,A
5kvd,5kvd_H:L|E,AG,5kvd_AG_u_3,5LBV,B
5kvd,5kvd_H:L|E,AG,5kvd_AG_u_4,5OMZ,A
6t3f,6t3f_H:L|F,AG,6t3f_AG_u_0,2YNY,A
6t3f,6t3f_H:L|F,AG,6t3f_AG_u_1,2YNY,B
6t3f,6t3f_H:L|F,AG,6t3f_AG_u_2,2YNY,C
6t3f,6t3f_H:L|F,AG,6t3f_AG_u_3,2YNZ,A
6t3f,6t3f_H:L|F,AG,6t3f_AG_u_4,2YNZ,B
