comp_name,candidate_type,candidate_id,pdb_id_b,ab_chain_ids_b,ag_chain_ids_b,resolution_b,resolution_method_b,ab_pdb_id_u,ab_chain_ids_u,ab_resolution_u,ab_resolution_method_u,ag_pdb_id_u,ag_chain_ids_u,ag_resolution_u,ag_resolution_method_u,ab_mismatches_cnt,ag_mismatches_cnt,small_molecules_message
6kyz_B+C-A,B:U,0,6kyz,B+C,A,1,X-ray,6kyz,B+C,1,X-ray,2IN2,A,100,UNKNOWN,0,0,NA
6kyz_E+F-D,B:U,0,6kyz,E+F,D,1,X-ray,6kyz,E+F,1,X-ray,2IN2,A,100,UNKNOWN,0,0,NA
3qa3_B+A-E,B:U,0,3qa3,B+A,E,3,X-ray,3qa3,B+A,3,X-ray,4XW2,A,2,X-ray,0,0,small molecules with n_atoms > 15 detected
4u3x_A-B,B:U,0,4u3x,A,B,2,X-ray,4u3x,A,2,X-ray,7CDO,A,1,X-ray,0,0,NA
4u3x_A-B,B:U,1,4u3x,A,B,2,X-ray,4u3x,A,2,X-ray,7NKF,A,1,X-ray,0,0,NA
4u3x_A-B,B:U,2,4u3x,A,B,2,X-ray,4u3x,A,2,X-ray,7AC2,A,1,X-ray,0,0,NA
5bk2_C+D-B,B:U,0,5bk2,C+D,B,2,X-ray,5bk2,C+D,2,X-ray,5ZCA,A,1,X-ray,0,5,small molecules with 7 < n_atoms <= 15 detected
5bk2_C+D-B,B:U,1,5bk2,C+D,B,2,X-ray,5bk2,C+D,2,X-ray,6ZIS,A,1,X-ray,0,0,small molecules with n_atoms > 15 detected
5bk2_C+D-B,B:U,2,5bk2,C+D,B,2,X-ray,5bk2,C+D,2,X-ray,4PE2,A,1,X-ray,0,0,NA
5bk2_C+D-B,B:U,3,5bk2,C+D,B,2,X-ray,5bk2,C+D,2,X-ray,5B3Y,A,1,X-ray,0,0,NA
5bk2_C+D-B,B:U,4,5bk2,C+D,B,2,X-ray,5bk2,C+D,2,X-ray,6ZHO,A,1,X-ray,0,0,small molecules with n_atoms > 15 detected
6bdz_H+L-A,B:U,0,6bdz,H+L,A,3,X-ray,6bdz,H+L,3,X-ray,6BE6,A,2,X-ray,0,0,NA
6bdz_H+L-A,B:U,1,6bdz,H+L,A,3,X-ray,6bdz,H+L,3,X-ray,6BE6,B,2,X-ray,0,0,NA
6bdz_H+L-A,B:U,2,6bdz,H+L,A,3,X-ray,6bdz,H+L,3,X-ray,6BE6,C,2,X-ray,0,0,NA
6bdz_H+L-A,B:U,3,6bdz,H+L,A,3,X-ray,6bdz,H+L,3,X-ray,6BE6,D,2,X-ray,0,0,NA
3pnw_W+V-X,B:U,0,3pnw,W+V,X,2,X-ray,3pnw,W+V,2,X-ray,5YJ8,A,1,X-ray,0,0,small molecules with 7 < n_atoms <= 15 detected
3pnw_W+V-X,B:U,1,3pnw,W+V,X,2,X-ray,3pnw,W+V,2,X-ray,3S6W,A,1,X-ray,0,0,NA
3pnw_W+V-X,B:U,2,3pnw,W+V,X,2,X-ray,3pnw,W+V,2,X-ray,3PMT,A,1,X-ray,0,0,small molecules with 7 < n_atoms <= 15 detected
7o0s_A-B,B:U,0,7o0s,A,B,1,X-ray,7o0s,A,1,X-ray,7NWJ,A,100,UNKNOWN,0,0,NA
4xx1_H+L-A,B:U,0,4xx1,H+L,A,3,X-ray,4xx1,H+L,3,X-ray,4X96,A,8,X-ray,0,0,small molecules with 7 < n_atoms <= 15 detected
4xx1_H+L-A,B:U,1,4xx1,H+L,A,3,X-ray,4xx1,H+L,3,X-ray,4X96,B,8,X-ray,0,0,small molecules with 7 < n_atoms <= 15 detected
4xx1_H+L-A,B:U,2,4xx1,H+L,A,3,X-ray,4xx1,H+L,3,X-ray,4X96,C,8,X-ray,0,0,small molecules with 7 < n_atoms <= 15 detected
4xx1_H+L-A,B:U,3,4xx1,H+L,A,3,X-ray,4xx1,H+L,3,X-ray,4X96,D,8,X-ray,0,0,small molecules with 7 < n_atoms <= 15 detected
4xx1_H+L-A,B:U,4,4xx1,H+L,A,3,X-ray,4xx1,H+L,3,X-ray,5TXF,A,3,X-ray,0,0,small molecules with 7 < n_atoms <= 15 detected
4xx1_H+L-A,B:U,5,4xx1,H+L,A,3,X-ray,4xx1,H+L,3,X-ray,5TXF,B,3,X-ray,0,0,NA
4xx1_H+L-A,B:U,6,4xx1,H+L,A,3,X-ray,4xx1,H+L,3,X-ray,5TXF,C,3,X-ray,0,0,NA
4xx1_H+L-A,B:U,7,4xx1,H+L,A,3,X-ray,4xx1,H+L,3,X-ray,5TXF,D,3,X-ray,0,0,small molecules with 7 < n_atoms <= 15 detected
4xx1_H+L-A,B:U,8,4xx1,H+L,A,3,X-ray,4xx1,H+L,3,X-ray,6MVD,A,3,X-ray,0,0,small molecules with n_atoms > 15 detected
4xx1_H+L-A,B:U,9,4xx1,H+L,A,3,X-ray,4xx1,H+L,3,X-ray,6MVD,B,3,X-ray,0,0,small molecules with n_atoms > 15 detected
7mxl_J+K-C,B:U,0,7mxl,J+K,C,3,EM,7mxl,J+K,3,EM,4A87,A,1,X-ray,0,0,small molecules with n_atoms > 15 detected
7mxl_J+K-C,B:U,1,7mxl,J+K,C,3,EM,7mxl,J+K,3,EM,4BTZ,A,1,X-ray,0,0,small molecules with 7 < n_atoms <= 15 detected
7mxl_J+K-C,B:U,2,7mxl,J+K,C,3,EM,7mxl,J+K,3,EM,4A83,A,1,X-ray,0,0,small molecules with n_atoms > 15 detected
7mxl_J+K-C,B:U,3,7mxl,J+K,C,3,EM,7mxl,J+K,3,EM,4A80,A,1,X-ray,0,0,small molecules with n_atoms > 15 detected
7mxl_J+K-C,B:U,4,7mxl,J+K,C,3,EM,7mxl,J+K,3,EM,4A85,A,1,X-ray,0,0,small molecules with n_atoms > 15 detected
6ul6_C-A,B:U,0,6ul6,C,A,2,X-ray,6ul6,C,2,X-ray,3V0C,A,4,X-ray,0,0,NA
4n1c_B-C,B:U,0,4n1c,B,C,1,X-ray,4n1c,B,1,X-ray,7BYP,A,1,X-ray,0,0,NA
4n1c_B-C,B:U,1,4n1c,B,C,1,X-ray,4n1c,B,1,X-ray,7CDO,A,1,X-ray,0,0,NA
4n1c_B-C,B:U,2,4n1c,B,C,1,X-ray,4n1c,B,1,X-ray,7CDM,A,1,X-ray,0,0,NA
1g6v_K-A,U:U,0,1g6v,K,A,3,X-ray,1F2X,K,2,X-ray,6OE0,A,1,X-ray,0,0,small molecules with n_atoms > 15 detected
1g6v_K-A,U:U,1,1g6v,K,A,3,X-ray,1F2X,L,2,X-ray,6OE0,A,1,X-ray,0,0,small molecules with n_atoms > 15 detected
1g6v_K-A,U:U,2,1g6v,K,A,3,X-ray,1F2X,K,2,X-ray,4FU5,A,0,X-ray,0,0,small molecules with 7 < n_atoms <= 15 detected
1g6v_K-A,U:U,3,1g6v,K,A,3,X-ray,1F2X,L,2,X-ray,4FU5,A,0,X-ray,0,0,small molecules with 7 < n_atoms <= 15 detected
1g6v_K-A,U:U,4,1g6v,K,A,3,X-ray,1F2X,K,2,X-ray,4FPT,A,0,X-ray,0,0,small molecules with 7 < n_atoms <= 15 detected
1g6v_K-A,U:U,5,1g6v,K,A,3,X-ray,1F2X,L,2,X-ray,4FPT,A,0,X-ray,0,0,small molecules with 7 < n_atoms <= 15 detected
1g6v_K-A,U:U,6,1g6v,K,A,3,X-ray,1F2X,K,2,X-ray,6T4O,A,1,X-ray,0,0,small molecules with 7 < n_atoms <= 15 detected
1g6v_K-A,U:U,7,1g6v,K,A,3,X-ray,1F2X,L,2,X-ray,6T4O,A,1,X-ray,0,0,small molecules with 7 < n_atoms <= 15 detected
1g6v_K-A,U:U,8,1g6v,K,A,3,X-ray,1F2X,K,2,X-ray,6S9Z,A,0,X-ray,0,0,small molecules with n_atoms > 15 detected
1g6v_K-A,U:U,9,1g6v,K,A,3,X-ray,1F2X,L,2,X-ray,6S9Z,A,0,X-ray,0,0,small molecules with n_atoms > 15 detected
5dup_H+L-A,B:U,0,5dup,H+L,A,3,X-ray,5dup,H+L,3,X-ray,5DUT,A,1,X-ray,0,0,small molecules with 7 < n_atoms <= 15 detected
5fhc_A+B-J,U:U,0,5fhc,A+B,J,6,X-ray,5FHB,H+L,1,X-ray,2LCY,A,100,UNKNOWN,0,0,NA
3ulu_D+C-A,U:U,0,3ulu,D+C,A,3,X-ray,3ULS,H+L,2,X-ray,1ZIW,A,2,X-ray,0,4,small molecules with 7 < n_atoms <= 15 detected
3ulu_D+C-A,U:U,1,3ulu,D+C,A,3,X-ray,3ULS,B+A,2,X-ray,1ZIW,A,2,X-ray,0,4,small molecules with 7 < n_atoms <= 15 detected
3ulu_D+C-A,U:U,2,3ulu,D+C,A,3,X-ray,3ULS,H+L,2,X-ray,2A0Z,A,2,X-ray,0,0,small molecules with 7 < n_atoms <= 15 detected
3ulu_D+C-A,U:U,3,3ulu,D+C,A,3,X-ray,3ULS,B+A,2,X-ray,2A0Z,A,2,X-ray,0,0,small molecules with 7 < n_atoms <= 15 detected
1vfb_B+A-C,U:U,0,1vfb,B+A,C,1,X-ray,1VFA,B+A,1,X-ray,7BYP,A,1,X-ray,0,0,NA
1vfb_B+A-C,U:U,1,1vfb,B+A,C,1,X-ray,1VFA,B+A,1,X-ray,7CDO,A,1,X-ray,0,0,NA
1vfb_B+A-C,U:U,2,1vfb,B+A,C,1,X-ray,1VFA,B+A,1,X-ray,7CDM,A,1,X-ray,0,0,NA
2p42_D-C,B:U,0,2p42,D,C,1,X-ray,2p42,D,1,X-ray,8RAT,A,1,X-ray,0,0,NA
2p42_D-C,B:U,1,2p42,D,C,1,X-ray,2p42,D,1,X-ray,6ETL,A,0,X-ray,0,0,NA
2p42_D-C,B:U,2,2p42,D,C,1,X-ray,2p42,D,1,X-ray,6ETM,A,0,X-ray,0,0,NA
2p42_D-C,B:U,3,2p42,D,C,1,X-ray,2p42,D,1,X-ray,7RSA,A,1,X-ray,0,0,small molecules with 7 < n_atoms <= 15 detected
2p42_D-C,B:U,4,2p42,D,C,1,X-ray,2p42,D,1,X-ray,6ETK,A,0,X-ray,0,0,NA
6rp8_h+l-c,B:U,0,6rp8,h+l,c,2,X-ray,6rp8,h+l,2,X-ray,1AH1,A,100,UNKNOWN,0,0,NA
3k74_B-A,B:U,0,3k74,B,A,1,X-ray,3k74,B,1,X-ray,7LVC,A,1,X-ray,0,0,small molecules with n_atoms > 15 detected
3k74_B-A,B:U,1,3k74,B,A,1,X-ray,3k74,B,1,X-ray,4PSS,A,0,X-ray,0,0,small molecules with n_atoms > 15 detected
3k74_B-A,B:U,2,3k74,B,A,1,X-ray,3k74,B,1,X-ray,4PSY,A,0,X-ray,0,0,small molecules with n_atoms > 15 detected
3k74_B-A,B:U,3,3k74,B,A,1,X-ray,3k74,B,1,X-ray,7D6G,A,1,Multiple methods,0,0,small molecules with n_atoms > 15 detected
3k74_B-A,B:U,4,3k74,B,A,1,X-ray,3k74,B,1,X-ray,4PTH,A,0,X-ray,0,0,small molecules with n_atoms > 15 detected
3opz_I+M-B,B:U,0,3opz,I+M,B,3,X-ray,3opz,I+M,3,X-ray,1MS1,A,1,X-ray,0,0,small molecules with n_atoms > 15 detected
3opz_I+M-B,B:U,1,3opz,I+M,B,3,X-ray,3opz,I+M,3,X-ray,1MS1,B,1,X-ray,0,0,small molecules with n_atoms > 15 detected
3opz_I+M-B,B:U,2,3opz,I+M,B,3,X-ray,3opz,I+M,3,X-ray,2AH2,A,1,X-ray,0,0,small molecules with n_atoms > 15 detected
3opz_I+M-B,B:U,3,3opz,I+M,B,3,X-ray,3opz,I+M,3,X-ray,1MS9,A,1,X-ray,0,0,NA
3opz_I+M-B,B:U,4,3opz,I+M,B,3,X-ray,3opz,I+M,3,X-ray,1MS9,B,1,X-ray,0,0,NA
3opz_I+M-B,B:U,5,3opz,I+M,B,3,X-ray,3opz,I+M,3,X-ray,1MS3,A,1,X-ray,0,0,NA
3opz_I+M-B,B:U,6,3opz,I+M,B,3,X-ray,3opz,I+M,3,X-ray,1MS3,B,1,X-ray,0,0,NA
3opz_I+M-B,B:U,7,3opz,I+M,B,3,X-ray,3opz,I+M,3,X-ray,3B69,A,1,X-ray,0,0,small molecules with n_atoms > 15 detected
6s3t_N+M-A,U:U,0,6s3t,N+M,A,3,X-ray,6RNN,H+L,1,X-ray,6RUX,A,2,X-ray,0,0,NA
6s3t_N+M-A,U:U,1,6s3t,N+M,A,3,X-ray,6RNN,D+C,1,X-ray,6RUX,A,2,X-ray,0,0,NA
6s3t_N+M-A,U:U,2,6s3t,N+M,A,3,X-ray,6RNN,H+L,1,X-ray,6RUX,B,2,X-ray,0,0,NA
6s3t_N+M-A,U:U,3,6s3t,N+M,A,3,X-ray,6RNN,D+C,1,X-ray,6RUX,B,2,X-ray,0,0,NA
6s3t_N+M-A,U:U,4,6s3t,N+M,A,3,X-ray,6RNN,H+L,1,X-ray,6RUX,C,2,X-ray,0,0,NA
6s3t_N+M-A,U:U,5,6s3t,N+M,A,3,X-ray,6RNN,D+C,1,X-ray,6RUX,C,2,X-ray,0,0,NA
6s3t_N+M-A,U:U,6,6s3t,N+M,A,3,X-ray,6RNN,H+L,1,X-ray,6RQG,A,3,X-ray,0,0,NA
6s3t_N+M-A,U:U,7,6s3t,N+M,A,3,X-ray,6RNN,D+C,1,X-ray,6RQG,A,3,X-ray,0,0,NA
6s3t_N+M-A,U:U,8,6s3t,N+M,A,3,X-ray,6RNN,H+L,1,X-ray,6RQG,B,3,X-ray,0,0,NA
6s3t_N+M-A,U:U,9,6s3t,N+M,A,3,X-ray,6RNN,D+C,1,X-ray,6RQG,B,3,X-ray,0,0,NA
6s3t_N+M-A,U:U,10,6s3t,N+M,A,3,X-ray,6RNN,H+L,1,X-ray,6RQG,C,3,X-ray,0,0,NA
6s3t_N+M-A,U:U,11,6s3t,N+M,A,3,X-ray,6RNN,D+C,1,X-ray,6RQG,C,3,X-ray,0,0,NA
6vmj_F+E-Y,B:U,0,6vmj,F+E,Y,2,X-ray,6vmj,F+E,2,X-ray,6FTY,A,1,X-ray,0,0,small molecules with n_atoms > 15 detected
6vmj_F+E-Y,B:U,1,6vmj,F+E,Y,2,X-ray,6vmj,F+E,2,X-ray,6FUT,A,1,X-ray,0,0,small molecules with n_atoms > 15 detected
6vmj_F+E-Y,B:U,2,6vmj,F+E,Y,2,X-ray,6vmj,F+E,2,X-ray,6FUI,A,1,X-ray,0,0,small molecules with n_atoms > 15 detected
6vmj_F+E-Y,B:U,3,6vmj,F+E,Y,2,X-ray,6vmj,F+E,2,X-ray,6QMT,A,1,X-ray,0,0,small molecules with n_atoms > 15 detected
6vmj_F+E-Y,B:U,4,6vmj,F+E,Y,2,X-ray,6vmj,F+E,2,X-ray,6QMT,B,1,X-ray,0,0,small molecules with n_atoms > 15 detected
6vmj_F+E-Y,B:U,5,6vmj,F+E,Y,2,X-ray,6vmj,F+E,2,X-ray,6FUH,A,1,X-ray,0,0,small molecules with n_atoms > 15 detected
6h3t_I+M-B,B:U,0,6h3t,I+M,B,2,X-ray,6h3t,I+M,2,X-ray,6H3S,B,2,X-ray,0,8,small molecules with 7 < n_atoms <= 15 detected
6h3t_I+M-B,B:U,1,6h3t,I+M,B,2,X-ray,6h3t,I+M,2,X-ray,6H3S,A,2,X-ray,0,8,small molecules with 7 < n_atoms <= 15 detected
5uoe_M+N-B,B:U,0,5uoe,M+N,B,3,X-ray,5uoe,M+N,3,X-ray,4IFH,A,3,X-ray,0,0,NA
5uoe_M+N-B,B:U,1,5uoe,M+N,B,3,X-ray,5uoe,M+N,3,X-ray,4IFH,B,3,X-ray,0,0,small molecules with n_atoms > 15 detected
5uoe_M+N-B,B:U,2,5uoe,M+N,B,3,X-ray,5uoe,M+N,3,X-ray,4RE9,A,2,X-ray,0,0,small molecules with n_atoms > 15 detected
5uoe_M+N-B,B:U,3,5uoe,M+N,B,3,X-ray,5uoe,M+N,3,X-ray,4RE9,B,2,X-ray,0,0,small molecules with n_atoms > 15 detected
5ovw_I-B,B:U,0,5ovw,I,B,2,X-ray,5ovw,I,2,X-ray,1N2Z,A,2,X-ray,0,0,small molecules with n_atoms > 15 detected
5ovw_I-B,B:U,1,5ovw,I,B,2,X-ray,5ovw,I,2,X-ray,1N2Z,B,2,X-ray,0,0,small molecules with n_atoms > 15 detected
4ut6_I+M-B,B:U,0,4ut6,I+M,B,3,X-ray,4ut6,I+M,3,X-ray,4UTC,A,3,X-ray,0,0,NA
4ut6_I+M-B,B:U,1,4ut6,I+M,B,3,X-ray,4ut6,I+M,3,X-ray,4UTC,B,3,X-ray,0,0,NA
5m14_C-A,B:U,0,5m14,C,A,1,X-ray,5m14,C,1,X-ray,5B3Y,A,1,X-ray,0,2,NA
5m14_C-A,B:U,1,5m14,C,A,1,X-ray,5m14,C,1,X-ray,6ZHO,A,1,X-ray,0,3,small molecules with n_atoms > 15 detected
5m14_C-A,B:U,2,5m14,C,A,1,X-ray,5m14,C,1,X-ray,6ZIS,A,1,X-ray,0,3,small molecules with n_atoms > 15 detected
5m14_C-A,B:U,3,5m14,C,A,1,X-ray,5m14,C,1,X-ray,5ZCA,A,1,X-ray,0,2,small molecules with 7 < n_atoms <= 15 detected
5m14_C-A,B:U,4,5m14,C,A,1,X-ray,5m14,C,1,X-ray,7MQ7,A,1,X-ray,0,0,NA
4n1e_A-I,B:U,0,4n1e,A,I,2,X-ray,4n1e,A,2,X-ray,7BYP,A,1,X-ray,0,0,NA
4n1e_A-I,B:U,1,4n1e,A,I,2,X-ray,4n1e,A,2,X-ray,7CDO,A,1,X-ray,0,0,NA
4n1e_A-I,B:U,2,4n1e,A,I,2,X-ray,4n1e,A,2,X-ray,7CDM,A,1,X-ray,0,0,NA
4dn4_H+L-M,U:U,0,4dn4,H+L,M,2,X-ray,4DN3,H+L,2,X-ray,1DOL,A,2,X-ray,0,1,NA
5mev_H+L-A,B:U,0,5mev,H+L,A,2,X-ray,5mev,H+L,2,X-ray,6FS1,A,1,X-ray,0,0,small molecules with n_atoms > 15 detected
5mev_H+L-A,B:U,1,5mev,H+L,A,2,X-ray,5mev,H+L,2,X-ray,6FS1,B,1,X-ray,0,0,small molecules with n_atoms > 15 detected
5mev_H+L-A,B:U,2,5mev,H+L,A,2,X-ray,5mev,H+L,2,X-ray,5KU9,A,2,X-ray,0,0,small molecules with n_atoms > 15 detected
5mev_H+L-A,B:U,3,5mev,H+L,A,2,X-ray,5mev,H+L,2,X-ray,5KU9,B,2,X-ray,0,0,small molecules with n_atoms > 15 detected
1mel_A-L,B:U,0,1mel,A,L,2,X-ray,1mel,A,2,X-ray,7BYP,A,1,X-ray,0,0,NA
1mel_A-L,B:U,1,1mel,A,L,2,X-ray,1mel,A,2,X-ray,7CDO,A,1,X-ray,0,0,NA
1mel_A-L,B:U,2,1mel,A,L,2,X-ray,1mel,A,2,X-ray,7CDM,A,1,X-ray,0,0,NA
4i13_B-A,B:U,0,4i13,B,A,1,X-ray,4i13,B,1,X-ray,7LVC,A,1,X-ray,0,0,small molecules with n_atoms > 15 detected
4i13_B-A,B:U,1,4i13,B,A,1,X-ray,4i13,B,1,X-ray,4PSS,A,0,X-ray,0,0,small molecules with n_atoms > 15 detected
4i13_B-A,B:U,2,4i13,B,A,1,X-ray,4i13,B,1,X-ray,4PSY,A,0,X-ray,0,0,small molecules with n_atoms > 15 detected
4i13_B-A,B:U,3,4i13,B,A,1,X-ray,4i13,B,1,X-ray,7D6G,A,1,Multiple methods,0,0,small molecules with n_atoms > 15 detected
4i13_B-A,B:U,4,4i13,B,A,1,X-ray,4i13,B,1,X-ray,4PTH,A,0,X-ray,0,0,small molecules with n_atoms > 15 detected
3iu3_A+B-K,U:U,0,3iu3,A+B,K,2,X-ray,1MIM,H+L,2,X-ray,6VWU,A,3,X-ray,0,0,NA
6obe_B-A,B:U,0,6obe,B,A,1,X-ray,6obe,B,1,X-ray,4HUO,X,1,X-ray,0,0,small molecules with n_atoms > 15 detected
6obe_B-A,B:U,1,6obe,B,A,1,X-ray,6obe,B,1,X-ray,6URX,A,1,X-ray,0,0,small molecules with 7 < n_atoms <= 15 detected
6obe_B-A,B:U,2,6obe,B,A,1,X-ray,6obe,B,1,X-ray,4HV7,X,1,X-ray,0,0,small molecules with n_atoms > 15 detected
6obe_B-A,B:U,3,6obe,B,A,1,X-ray,6obe,B,1,X-ray,4MX5,X,1,X-ray,0,0,small molecules with n_atoms > 15 detected
6obe_B-A,B:U,4,6obe,B,A,1,X-ray,6obe,B,1,X-ray,6URY,A,1,X-ray,0,0,small molecules with n_atoms > 15 detected
6obe_B-A,B:U,5,6obe,B,A,1,X-ray,6obe,B,1,X-ray,6URY,B,1,X-ray,0,0,NA
5vjq_C+D-J,B:U,0,5vjq,C+D,J,1,X-ray,5vjq,C+D,1,X-ray,5V8G,A,1,X-ray,0,0,NA
1jps_H+L-T,U:U,0,1jps,H+L,T,1,X-ray,1JPT,H+L,1,X-ray,1TFH,A,2,X-ray,0,0,NA
1jps_H+L-T,U:U,1,1jps,H+L,T,1,X-ray,1JPT,H+L,1,X-ray,1TFH,B,2,X-ray,0,0,NA
4uao_C+B-A,B:U,0,4uao,C+B,A,3,X-ray,4uao,C+B,3,X-ray,4UV6,A,2,X-ray,0,0,NA
4uao_C+B-A,B:U,1,4uao,C+B,A,3,X-ray,4uao,C+B,3,X-ray,4UV6,B,2,X-ray,0,0,NA
2dqi_H+L-Y,B:U,0,2dqi,H+L,Y,2,X-ray,2dqi,H+L,2,X-ray,7BYP,A,1,X-ray,0,0,NA
2dqi_H+L-Y,B:U,1,2dqi,H+L,Y,2,X-ray,2dqi,H+L,2,X-ray,7CDO,A,1,X-ray,0,0,NA
2dqi_H+L-Y,B:U,2,2dqi,H+L,Y,2,X-ray,2dqi,H+L,2,X-ray,7CDM,A,1,X-ray,0,0,NA
4n1e_B-I,B:U,0,4n1e,B,I,2,X-ray,4n1e,B,2,X-ray,7BYP,A,1,X-ray,0,0,NA
4n1e_B-I,B:U,1,4n1e,B,I,2,X-ray,4n1e,B,2,X-ray,7CDO,A,1,X-ray,0,0,NA
4n1e_B-I,B:U,2,4n1e,B,I,2,X-ray,4n1e,B,2,X-ray,7CDM,A,1,X-ray,0,0,NA
5e5m_D-C,B:U,0,5e5m,D,C,2,X-ray,5e5m,D,2,X-ray,5E56,A,1,X-ray,0,0,NA
6mvl_H+L-A,B:U,0,6mvl,H+L,A,1,X-ray,6mvl,H+L,1,X-ray,6OIL,A,1,X-ray,0,1,small molecules with 7 < n_atoms <= 15 detected
3ogo_G-B,B:U,0,3ogo,G,B,2,X-ray,3ogo,G,2,X-ray,5N9O,A,1,X-ray,0,1,small molecules with n_atoms > 15 detected
3ogo_G-B,B:U,1,3ogo,G,B,2,X-ray,3ogo,G,2,X-ray,4EUL,A,1,X-ray,0,0,NA
3ogo_G-B,B:U,2,3ogo,G,B,2,X-ray,3ogo,G,2,X-ray,2Y0G,A,1,X-ray,0,4,NA
3ogo_G-B,B:U,3,3ogo,G,B,2,X-ray,3ogo,G,2,X-ray,6YLQ,A,1,X-ray,0,4,NA
6pxh_C+D-A,U:U,0,6pxh,C+D,A,2,X-ray,6PXG,A+B,2,X-ray,5X4R,A,1,X-ray,0,1,NA
6pxh_C+D-A,U:U,1,6pxh,C+D,A,2,X-ray,6PXG,C+D,2,X-ray,5X4R,A,1,X-ray,0,1,NA
6pxh_C+D-A,U:U,2,6pxh,C+D,A,2,X-ray,6PXG,E+F,2,X-ray,5X4R,A,1,X-ray,0,1,NA
6pxh_C+D-A,U:U,3,6pxh,C+D,A,2,X-ray,6PXG,A+B,2,X-ray,5VYH,A,2,X-ray,0,1,small molecules with n_atoms > 15 detected
6pxh_C+D-A,U:U,4,6pxh,C+D,A,2,X-ray,6PXG,C+D,2,X-ray,5VYH,A,2,X-ray,0,1,small molecules with n_atoms > 15 detected
6pxh_C+D-A,U:U,5,6pxh,C+D,A,2,X-ray,6PXG,E+F,2,X-ray,5VYH,A,2,X-ray,0,1,small molecules with n_atoms > 15 detected
3so3_C+B-A,B:U,0,3so3,C+B,A,2,X-ray,3so3,C+B,2,X-ray,6T9T,A,1,X-ray,0,0,small molecules with n_atoms > 15 detected
3so3_C+B-A,B:U,1,3so3,C+B,A,2,X-ray,3so3,C+B,2,X-ray,3NCL,A,1,X-ray,0,0,small molecules with n_atoms > 15 detected
5mvz_H+L-U,B:U,0,5mvz,H+L,U,2,X-ray,5mvz,H+L,2,X-ray,5R7W,A,1,X-ray,0,0,NA
5mvz_H+L-U,B:U,1,5mvz,H+L,U,2,X-ray,5mvz,H+L,2,X-ray,5R8F,A,1,X-ray,0,0,small molecules with 7 < n_atoms <= 15 detected
5mvz_H+L-U,B:U,2,5mvz,H+L,U,2,X-ray,5mvz,H+L,2,X-ray,5R8P,A,1,X-ray,0,0,small molecules with 7 < n_atoms <= 15 detected
5mvz_H+L-U,B:U,3,5mvz,H+L,U,2,X-ray,5mvz,H+L,2,X-ray,6Y8M,A,1,X-ray,0,0,small molecules with 7 < n_atoms <= 15 detected
5mvz_H+L-U,B:U,4,5mvz,H+L,U,2,X-ray,5mvz,H+L,2,X-ray,6Y8I,A,1,X-ray,0,0,small molecules with 7 < n_atoms <= 15 detected
5bo1_I+M-A,B:U,0,5bo1,I+M,A,2,X-ray,5bo1,I+M,2,X-ray,4CC0,A,2,X-ray,0,0,small molecules with 7 < n_atoms <= 15 detected
5bo1_I+M-A,B:U,1,5bo1,I+M,A,2,X-ray,5bo1,I+M,2,X-ray,4CC0,B,2,X-ray,0,0,small molecules with 7 < n_atoms <= 15 detected
5bo1_I+M-A,B:U,2,5bo1,I+M,A,2,X-ray,5bo1,I+M,2,X-ray,4CBZ,A,2,X-ray,0,0,small molecules with 7 < n_atoms <= 15 detected
5bo1_I+M-A,B:U,3,5bo1,I+M,A,2,X-ray,5bo1,I+M,2,X-ray,4CBZ,B,2,X-ray,0,0,small molecules with 7 < n_atoms <= 15 detected
5bo1_I+M-A,B:U,4,5bo1,I+M,A,2,X-ray,5bo1,I+M,2,X-ray,2VJ2,A,2,X-ray,0,0,NA
5bo1_I+M-A,B:U,5,5bo1,I+M,A,2,X-ray,5bo1,I+M,2,X-ray,2VJ2,B,2,X-ray,0,0,small molecules with 7 < n_atoms <= 15 detected
5bo1_I+M-A,B:U,6,5bo1,I+M,A,2,X-ray,5bo1,I+M,2,X-ray,4CC1,A,2,X-ray,0,0,small molecules with 7 < n_atoms <= 15 detected
5bo1_I+M-A,B:U,7,5bo1,I+M,A,2,X-ray,5bo1,I+M,2,X-ray,4CC1,B,2,X-ray,0,0,small molecules with 7 < n_atoms <= 15 detected
4om1_H+L-G,B:U,0,4om1,H+L,G,2,X-ray,4om1,H+L,2,X-ray,3TGT,A,1,X-ray,0,0,small molecules with 7 < n_atoms <= 15 detected
1ic5_H+L-Y,B:U,0,1ic5,H+L,Y,2,X-ray,1ic5,H+L,2,X-ray,7BYP,A,1,X-ray,0,0,NA
1ic5_H+L-Y,B:U,1,1ic5,H+L,Y,2,X-ray,1ic5,H+L,2,X-ray,7CDO,A,1,X-ray,0,0,NA
1ic5_H+L-Y,B:U,2,1ic5,H+L,Y,2,X-ray,1ic5,H+L,2,X-ray,7CDM,A,1,X-ray,0,0,NA
6ye3_D+E-F,B:U,0,6ye3,D+E,F,2,X-ray,6ye3,D+E,2,X-ray,1PW6,A,2,X-ray,0,0,small molecules with n_atoms > 15 detected
6ye3_D+E-F,B:U,1,6ye3,D+E,F,2,X-ray,6ye3,D+E,2,X-ray,1PW6,B,2,X-ray,0,0,small molecules with n_atoms > 15 detected
6ye3_D+E-F,B:U,2,6ye3,D+E,F,2,X-ray,6ye3,D+E,2,X-ray,1M4C,A,2,X-ray,0,0,NA
6ye3_D+E-F,B:U,3,6ye3,D+E,F,2,X-ray,6ye3,D+E,2,X-ray,1M4C,B,2,X-ray,0,0,NA
6ye3_D+E-F,B:U,4,6ye3,D+E,F,2,X-ray,6ye3,D+E,2,X-ray,1M49,A,2,X-ray,0,0,small molecules with n_atoms > 15 detected
6ye3_D+E-F,B:U,5,6ye3,D+E,F,2,X-ray,6ye3,D+E,2,X-ray,1M49,B,2,X-ray,0,0,small molecules with n_atoms > 15 detected
6ye3_D+E-F,B:U,6,6ye3,D+E,F,2,X-ray,6ye3,D+E,2,X-ray,1M47,A,1,X-ray,0,0,NA
6ye3_D+E-F,B:U,7,6ye3,D+E,F,2,X-ray,6ye3,D+E,2,X-ray,1M48,A,1,X-ray,0,0,small molecules with n_atoms > 15 detected
6ye3_D+E-F,B:U,8,6ye3,D+E,F,2,X-ray,6ye3,D+E,2,X-ray,1M48,B,1,X-ray,0,0,small molecules with n_atoms > 15 detected
1g7i_B+A-C,B:U,0,1g7i,B+A,C,1,X-ray,1g7i,B+A,1,X-ray,7BYP,A,1,X-ray,0,0,NA
1g7i_B+A-C,B:U,1,1g7i,B+A,C,1,X-ray,1g7i,B+A,1,X-ray,7CDO,A,1,X-ray,0,0,NA
1g7i_B+A-C,B:U,2,1g7i,B+A,C,1,X-ray,1g7i,B+A,1,X-ray,7CDM,A,1,X-ray,0,0,NA
4jre_H+L-D,B:U,0,4jre,H+L,D,2,X-ray,4jre,H+L,2,X-ray,4U4T,A,2,X-ray,0,0,small molecules with n_atoms > 15 detected
4jre_H+L-D,B:U,1,4jre,H+L,D,2,X-ray,4jre,H+L,2,X-ray,4U4W,A,2,X-ray,0,0,small molecules with n_atoms > 15 detected
4jre_H+L-D,B:U,2,4jre,H+L,D,2,X-ray,4jre,H+L,2,X-ray,4U4W,B,2,X-ray,0,0,small molecules with n_atoms > 15 detected
4jre_H+L-D,B:U,3,4jre,H+L,D,2,X-ray,4jre,H+L,2,X-ray,4U4V,A,2,X-ray,0,0,small molecules with 7 < n_atoms <= 15 detected
6i9i_H+L-D,B:U,0,6i9i,H+L,D,1,X-ray,6i9i,H+L,1,X-ray,6F8P,A,1,X-ray,0,0,NA
3sqo_H+L-A,B:U,1,3sqo,H+L,A,2,X-ray,3sqo,H+L,2,X-ray,2P4E,A,1,X-ray,0,0,NA
3sqo_H+L-A,B:U,3,3sqo,H+L,A,2,X-ray,3sqo,H+L,2,X-ray,6U26,B,1,X-ray,0,0,small molecules with n_atoms > 15 detected
5y9j_H+L-A,U:U,0,5y9j,H+L,A,2,X-ray,5Y9K,H+L,1,X-ray,4ZCH,A,2,X-ray,0,2,small molecules with 7 < n_atoms <= 15 detected
5y9j_H+L-A,U:U,1,5y9j,H+L,A,2,X-ray,5Y9K,H+L,1,X-ray,4ZCH,B,2,X-ray,0,2,NA
4yga_B-A,B:U,0,4yga,B,A,2,X-ray,4yga,B,2,X-ray,3I7B,A,1,X-ray,0,3,small molecules with n_atoms > 15 detected
4yga_B-A,B:U,1,4yga,B,A,2,X-ray,4yga,B,2,X-ray,3HX4,A,1,X-ray,0,0,small molecules with n_atoms > 15 detected
4yga_B-A,B:U,2,4yga,B,A,2,X-ray,4yga,B,2,X-ray,4JBV,A,1,X-ray,0,3,small molecules with n_atoms > 15 detected
4yga_B-A,B:U,3,4yga,B,A,2,X-ray,4yga,B,2,X-ray,3NYV,A,1,X-ray,0,3,small molecules with n_atoms > 15 detected
4yga_B-A,B:U,4,4yga,B,A,2,X-ray,4yga,B,2,X-ray,3V51,A,1,X-ray,0,3,small molecules with n_atoms > 15 detected
2vh5_H+L-R,B:U,0,2vh5,H+L,R,2,X-ray,2vh5,H+L,2,X-ray,3OIV,A,1,X-ray,0,0,small molecules with n_atoms > 15 detected
2vh5_H+L-R,B:U,1,2vh5,H+L,R,2,X-ray,2vh5,H+L,2,X-ray,4EFM,A,1,X-ray,0,0,small molecules with n_atoms > 15 detected
2vh5_H+L-R,B:U,2,2vh5,H+L,R,2,X-ray,2vh5,H+L,2,X-ray,1RVD,A,1,X-ray,0,0,small molecules with n_atoms > 15 detected
2vh5_H+L-R,B:U,3,2vh5,H+L,R,2,X-ray,2vh5,H+L,2,X-ray,3OIW,A,1,X-ray,0,0,small molecules with n_atoms > 15 detected
7chz_H+L-I,B:U,0,7chz,H+L,I,2,X-ray,7chz,H+L,2,X-ray,5R7W,A,1,X-ray,0,0,NA
7chz_H+L-I,B:U,1,7chz,H+L,I,2,X-ray,7chz,H+L,2,X-ray,5R8F,A,1,X-ray,0,0,small molecules with 7 < n_atoms <= 15 detected
7chz_H+L-I,B:U,2,7chz,H+L,I,2,X-ray,7chz,H+L,2,X-ray,5R8P,A,1,X-ray,0,0,small molecules with 7 < n_atoms <= 15 detected
7chz_H+L-I,B:U,3,7chz,H+L,I,2,X-ray,7chz,H+L,2,X-ray,6Y8M,A,1,X-ray,0,0,small molecules with 7 < n_atoms <= 15 detected
7chz_H+L-I,B:U,4,7chz,H+L,I,2,X-ray,7chz,H+L,2,X-ray,6Y8I,A,1,X-ray,0,0,small molecules with 7 < n_atoms <= 15 detected
4cmh_B+C-A,B:U,0,4cmh,B+C,A,1,X-ray,4cmh,B+C,1,X-ray,1ZVM,A,2,X-ray,0,0,NA
4cmh_B+C-A,B:U,1,4cmh,B+C,A,1,X-ray,4cmh,B+C,1,X-ray,1ZVM,B,2,X-ray,0,0,NA
4cmh_B+C-A,B:U,2,4cmh,B+C,A,1,X-ray,4cmh,B+C,1,X-ray,1ZVM,C,2,X-ray,0,0,NA
4cmh_B+C-A,B:U,3,4cmh,B+C,A,1,X-ray,4cmh,B+C,1,X-ray,1ZVM,D,2,X-ray,0,0,NA
4cmh_B+C-A,B:U,4,4cmh,B+C,A,1,X-ray,4cmh,B+C,1,X-ray,6EDR,A,2,X-ray,0,0,small molecules with n_atoms > 15 detected
4cmh_B+C-A,B:U,5,4cmh,B+C,A,1,X-ray,4cmh,B+C,1,X-ray,6EDR,B,2,X-ray,0,0,small molecules with n_atoms > 15 detected
4cmh_B+C-A,B:U,6,4cmh,B+C,A,1,X-ray,4cmh,B+C,1,X-ray,4XJS,A,2,X-ray,0,0,small molecules with n_atoms > 15 detected
4cmh_B+C-A,B:U,7,4cmh,B+C,A,1,X-ray,4cmh,B+C,1,X-ray,6VUA,A,1,X-ray,0,0,small molecules with n_atoms > 15 detected
4cmh_B+C-A,B:U,8,4cmh,B+C,A,1,X-ray,4cmh,B+C,1,X-ray,6VUA,B,1,X-ray,0,0,small molecules with n_atoms > 15 detected
6ni2_H+L-B,B:U,0,6ni2,H+L,B,4,EM,6ni2,H+L,4,EM,1ZSH,A,2,X-ray,0,0,small molecules with n_atoms > 15 detected
6ni2_H+L-B,B:U,1,6ni2,H+L,B,4,EM,6ni2,H+L,4,EM,1G4R,A,2,X-ray,0,0,NA
6ni2_H+L-B,B:U,2,6ni2,H+L,B,4,EM,6ni2,H+L,4,EM,1G4M,A,1,X-ray,0,0,NA
6ni2_H+L-B,B:U,3,6ni2,H+L,B,4,EM,6ni2,H+L,4,EM,1G4M,B,1,X-ray,0,0,NA
6ni2_H+L-B,B:U,4,6ni2,H+L,B,4,EM,6ni2,H+L,4,EM,2WTR,A,2,X-ray,0,0,NA
6ni2_H+L-B,B:U,5,6ni2,H+L,B,4,EM,6ni2,H+L,4,EM,1JSY,A,2,X-ray,0,0,NA
5o2u_D-C,B:U,0,5o2u,D,C,2,X-ray,5o2u,D,2,X-ray,4IPY,A,1,X-ray,0,0,NA
5o2u_D-C,B:U,1,5o2u,D,C,2,X-ray,5o2u,D,2,X-ray,4IPY,B,1,X-ray,0,0,NA
5o2u_D-C,B:U,2,5o2u,D,C,2,X-ray,5o2u,D,2,X-ray,4IPY,C,1,X-ray,0,0,NA
5o2u_D-C,B:U,3,5o2u,D,C,2,X-ray,5o2u,D,2,X-ray,4IPY,D,1,X-ray,0,0,NA
4s1r_H+L-G,B:U,0,4s1r,H+L,G,3,X-ray,4s1r,H+L,3,X-ray,3TGT,A,1,X-ray,0,0,small molecules with 7 < n_atoms <= 15 detected
3sob_H+L-B,B:U,0,3sob,H+L,B,1,X-ray,3sob,H+L,1,X-ray,3S94,A,2,X-ray,0,0,small molecules with 7 < n_atoms <= 15 detected
3sob_H+L-B,B:U,1,3sob,H+L,B,1,X-ray,3sob,H+L,1,X-ray,3S94,B,2,X-ray,0,0,NA
3sob_H+L-B,B:U,2,3sob,H+L,B,1,X-ray,3sob,H+L,1,X-ray,4DG6,A,2,X-ray,0,0,NA
3eoa_H+L-I,U:U,0,3eoa,H+L,I,2,X-ray,3EO9,H+L,1,X-ray,1ZON,A,2,X-ray,0,0,NA
3eoa_H+L-I,U:U,1,3eoa,H+L,I,2,X-ray,3EO9,H+L,1,X-ray,1RD4,A,2,X-ray,0,0,small molecules with n_atoms > 15 detected
3eoa_H+L-I,U:U,2,3eoa,H+L,I,2,X-ray,3EO9,H+L,1,X-ray,1RD4,B,2,X-ray,0,0,small molecules with n_atoms > 15 detected
3eoa_H+L-I,U:U,3,3eoa,H+L,I,2,X-ray,3EO9,H+L,1,X-ray,1RD4,C,2,X-ray,0,0,small molecules with n_atoms > 15 detected
3eoa_H+L-I,U:U,4,3eoa,H+L,I,2,X-ray,3EO9,H+L,1,X-ray,1RD4,D,2,X-ray,0,0,small molecules with n_atoms > 15 detected
4q6i_H+L-C,B:U,0,4q6i,H+L,C,3,X-ray,4q6i,H+L,3,X-ray,1WIO,A,3,X-ray,0,0,NA
4q6i_H+L-C,B:U,1,4q6i,H+L,C,3,X-ray,4q6i,H+L,3,X-ray,1WIO,B,3,X-ray,0,0,NA
4q6i_H+L-C,B:U,2,4q6i,H+L,C,3,X-ray,4q6i,H+L,3,X-ray,1CDJ,A,2,X-ray,0,0,NA
4q6i_H+L-C,B:U,3,4q6i,H+L,C,3,X-ray,4q6i,H+L,3,X-ray,1WIP,A,4,X-ray,0,0,NA
4q6i_H+L-C,B:U,4,4q6i,H+L,C,3,X-ray,4q6i,H+L,3,X-ray,1WIP,B,4,X-ray,0,0,NA
6x07_B-A,B:U,0,6x07,B,A,2,X-ray,6x07,B,2,X-ray,2QX5,A,2,X-ray,0,0,NA
6x07_B-A,B:U,1,6x07,B,A,2,X-ray,6x07,B,2,X-ray,2QX5,B,2,X-ray,0,0,NA
6x07_B-A,B:U,2,6x07,B,A,2,X-ray,6x07,B,2,X-ray,2RFO,A,2,X-ray,0,0,NA
6x07_B-A,B:U,3,6x07,B,A,2,X-ray,6x07,B,2,X-ray,2RFO,B,2,X-ray,0,0,NA
3nps_B+C-A,B:U,0,3nps,B+C,A,1,X-ray,3nps,B+C,1,X-ray,6T9T,A,1,X-ray,0,0,small molecules with n_atoms > 15 detected
3nps_B+C-A,B:U,1,3nps,B+C,A,1,X-ray,3nps,B+C,1,X-ray,3NCL,A,1,X-ray,0,0,small molecules with n_atoms > 15 detected
3opz_J+N-C,B:U,0,3opz,J+N,C,3,X-ray,3opz,J+N,3,X-ray,1MS1,A,1,X-ray,0,0,small molecules with n_atoms > 15 detected
3opz_J+N-C,B:U,1,3opz,J+N,C,3,X-ray,3opz,J+N,3,X-ray,1MS1,B,1,X-ray,0,0,small molecules with n_atoms > 15 detected
3opz_J+N-C,B:U,2,3opz,J+N,C,3,X-ray,3opz,J+N,3,X-ray,2AH2,A,1,X-ray,0,0,small molecules with n_atoms > 15 detected
3opz_J+N-C,B:U,3,3opz,J+N,C,3,X-ray,3opz,J+N,3,X-ray,1MS9,A,1,X-ray,0,0,NA
3opz_J+N-C,B:U,4,3opz,J+N,C,3,X-ray,3opz,J+N,3,X-ray,1MS9,B,1,X-ray,0,0,NA
3opz_J+N-C,B:U,5,3opz,J+N,C,3,X-ray,3opz,J+N,3,X-ray,1MS3,A,1,X-ray,0,0,NA
3opz_J+N-C,B:U,6,3opz,J+N,C,3,X-ray,3opz,J+N,3,X-ray,1MS3,B,1,X-ray,0,0,NA
3opz_J+N-C,B:U,7,3opz,J+N,C,3,X-ray,3opz,J+N,3,X-ray,3B69,A,1,X-ray,0,0,small molecules with n_atoms > 15 detected
6fyu_I-H+G,B:U,0,6fyu,I,H+G,2,X-ray,6fyu,I,2,X-ray,4LN8,B+A,2,X-ray,0,0,small molecules with 7 < n_atoms <= 15 detected
6fyu_I-H+G,B:U,1,6fyu,I,H+G,2,X-ray,6fyu,I,2,X-ray,4LN8,D+C,2,X-ray,0,0,small molecules with 7 < n_atoms <= 15 detected
6fyu_I-H+G,B:U,2,6fyu,I,H+G,2,X-ray,6fyu,I,2,X-ray,4LN8,F+E,2,X-ray,0,0,small molecules with 7 < n_atoms <= 15 detected
6fyu_I-H+G,B:U,3,6fyu,I,H+G,2,X-ray,6fyu,I,2,X-ray,4LN8,H+G,2,X-ray,0,0,small molecules with 7 < n_atoms <= 15 detected
6fyu_I-H+G,B:U,4,6fyu,I,H+G,2,X-ray,6fyu,I,2,X-ray,4LN8,J+I,2,X-ray,0,0,small molecules with 7 < n_atoms <= 15 detected
6fyu_I-H+G,B:U,5,6fyu,I,H+G,2,X-ray,6fyu,I,2,X-ray,4LN8,L+K,2,X-ray,0,0,small molecules with 7 < n_atoms <= 15 detected
6fyu_I-H+G,B:U,6,6fyu,I,H+G,2,X-ray,6fyu,I,2,X-ray,4LN6,B+A,2,X-ray,0,0,small molecules with 7 < n_atoms <= 15 detected
6fyu_I-H+G,B:U,7,6fyu,I,H+G,2,X-ray,6fyu,I,2,X-ray,4LN6,D+C,2,X-ray,0,0,small molecules with 7 < n_atoms <= 15 detected
6fyu_I-H+G,B:U,8,6fyu,I,H+G,2,X-ray,6fyu,I,2,X-ray,4LN6,F+E,2,X-ray,0,0,small molecules with 7 < n_atoms <= 15 detected
6fyu_I-H+G,B:U,9,6fyu,I,H+G,2,X-ray,6fyu,I,2,X-ray,4LN6,H+G,2,X-ray,0,0,small molecules with 7 < n_atoms <= 15 detected
6fyu_I-H+G,B:U,10,6fyu,I,H+G,2,X-ray,6fyu,I,2,X-ray,4LN6,J+I,2,X-ray,0,0,small molecules with 7 < n_atoms <= 15 detected
6fyu_I-H+G,B:U,11,6fyu,I,H+G,2,X-ray,6fyu,I,2,X-ray,4LN6,L+K,2,X-ray,0,0,small molecules with 7 < n_atoms <= 15 detected
6qgy_B-A,B:U,0,6qgy,B,A,2,X-ray,6qgy,B,2,X-ray,6FSU,A,2,X-ray,0,0,NA
6qgy_B-A,B:U,1,6qgy,B,A,2,X-ray,6qgy,B,2,X-ray,6FSU,B,2,X-ray,0,0,NA
4n1e_C-J,B:U,0,4n1e,C,J,2,X-ray,4n1e,C,2,X-ray,7BYP,A,1,X-ray,0,0,NA
4n1e_C-J,B:U,1,4n1e,C,J,2,X-ray,4n1e,C,2,X-ray,7CDO,A,1,X-ray,0,0,NA
4n1e_C-J,B:U,2,4n1e,C,J,2,X-ray,4n1e,C,2,X-ray,7CDM,A,1,X-ray,0,0,NA
4xnz_H+L-G,B:U,0,4xnz,H+L,G,3,X-ray,4xnz,H+L,3,X-ray,3TGT,A,1,X-ray,0,0,small molecules with 7 < n_atoms <= 15 detected
2nyy_D+C-A,B:U,0,2nyy,D+C,A,2,X-ray,2nyy,D+C,2,X-ray,3BTA,A,3,X-ray,0,0,NA
6uc6_C-A,B:U,0,6uc6,C,A,2,X-ray,6uc6,C,2,X-ray,1G9A,A,2,X-ray,0,0,small molecules with n_atoms > 15 detected
6uc6_C-A,B:U,1,6uc6,C,A,2,X-ray,6uc6,C,2,X-ray,1S0D,A,2,X-ray,0,0,NA
6uc6_C-A,B:U,2,6uc6,C,A,2,X-ray,6uc6,C,2,X-ray,1G9D,A,2,X-ray,0,0,small molecules with n_atoms > 15 detected
6uc6_C-A,B:U,3,6uc6,C,A,2,X-ray,6uc6,C,2,X-ray,1S0E,A,1,X-ray,0,0,NA
6uc6_C-A,B:U,4,6uc6,C,A,2,X-ray,6uc6,C,2,X-ray,1EPW,A,1,X-ray,0,0,NA
6u36_H+L-B,B:U,1,6u36,H+L,B,2,X-ray,6u36,H+L,2,X-ray,2P4E,A,1,X-ray,0,0,NA
6u36_H+L-B,B:U,3,6u36,H+L,B,2,X-ray,6u36,H+L,2,X-ray,6U26,B,1,X-ray,0,0,small molecules with n_atoms > 15 detected
5cbe_C+D-F,B:U,0,5cbe,C+D,F,2,X-ray,5cbe,C+D,2,X-ray,6VGJ,A,2,X-ray,0,0,NA
5cbe_C+D-F,B:U,1,5cbe,C+D,F,2,X-ray,5cbe,C+D,2,X-ray,6VGJ,B,2,X-ray,0,0,NA
5cbe_C+D-F,B:U,2,5cbe,C+D,F,2,X-ray,5cbe,C+D,2,X-ray,6VGJ,C,2,X-ray,0,0,NA
5cbe_C+D-F,B:U,3,5cbe,C+D,F,2,X-ray,5cbe,C+D,2,X-ray,6VGJ,D,2,X-ray,0,0,NA
5cbe_C+D-F,B:U,4,5cbe,C+D,F,2,X-ray,5cbe,C+D,2,X-ray,6VGJ,E,2,X-ray,0,0,NA
5cbe_C+D-F,B:U,5,5cbe,C+D,F,2,X-ray,5cbe,C+D,2,X-ray,6VGJ,F,2,X-ray,0,0,NA
5cbe_C+D-F,B:U,6,5cbe,C+D,F,2,X-ray,5cbe,C+D,2,X-ray,6VGJ,G,2,X-ray,0,0,NA
5cbe_C+D-F,B:U,7,5cbe,C+D,F,2,X-ray,5cbe,C+D,2,X-ray,7JNY,A,1,X-ray,0,0,NA
3pnw_B+A-C,B:U,0,3pnw,B+A,C,2,X-ray,3pnw,B+A,2,X-ray,3S6W,A,1,X-ray,0,0,NA
6wty_B+C-A,B:U,0,6wty,B+C,A,3,X-ray,6wty,B+C,3,X-ray,5W53,A,1,X-ray,0,0,NA
6wty_B+C-A,B:U,1,6wty,B+C,A,3,X-ray,6wty,B+C,3,X-ray,5W53,B,1,X-ray,0,0,NA
4iof_E+F-B,B:U,0,4iof,E+F,B,3,X-ray,4iof,E+F,3,X-ray,4IFH,A,3,X-ray,0,0,NA
4iof_E+F-B,B:U,1,4iof,E+F,B,3,X-ray,4iof,E+F,3,X-ray,4IFH,B,3,X-ray,0,0,small molecules with n_atoms > 15 detected
4iof_E+F-B,B:U,2,4iof,E+F,B,3,X-ray,4iof,E+F,3,X-ray,4RE9,A,2,X-ray,0,0,small molecules with n_atoms > 15 detected
4iof_E+F-B,B:U,3,4iof,E+F,B,3,X-ray,4iof,E+F,3,X-ray,4RE9,B,2,X-ray,0,0,small molecules with n_atoms > 15 detected
6jep_H+L-E,B:U,0,6jep,H+L,E,2,X-ray,6jep,H+L,2,X-ray,5OMZ,A,100,UNKNOWN,0,0,NA
5n88_A-D,B:U,0,5n88,A,D,1,X-ray,5n88,A,1,X-ray,6EMQ,A,100,UNKNOWN,0,0,NA
5n88_A-D,B:U,1,5n88,A,D,1,X-ray,5n88,A,1,X-ray,6EMO,A,100,UNKNOWN,0,0,NA
4rfo_H+L-G,B:U,0,4rfo,H+L,G,3,X-ray,4rfo,H+L,3,X-ray,4DKO,A,1,X-ray,0,0,small molecules with n_atoms > 15 detected
4rfo_H+L-G,B:U,1,4rfo,H+L,G,3,X-ray,4rfo,H+L,3,X-ray,4DKO,C,1,X-ray,0,0,small molecules with n_atoms > 15 detected
4rfo_H+L-G,B:U,2,4rfo,H+L,G,3,X-ray,4rfo,H+L,3,X-ray,4RZ8,A,1,X-ray,0,0,small molecules with n_atoms > 15 detected
4rfo_H+L-G,B:U,3,4rfo,H+L,G,3,X-ray,4rfo,H+L,3,X-ray,4RZ8,B,1,X-ray,0,0,small molecules with n_atoms > 15 detected
4rfo_H+L-G,B:U,4,4rfo,H+L,G,3,X-ray,4rfo,H+L,3,X-ray,4RZ8,C,1,X-ray,0,0,small molecules with n_atoms > 15 detected
4rfo_H+L-G,B:U,5,4rfo,H+L,G,3,X-ray,4rfo,H+L,3,X-ray,4RZ8,D,1,X-ray,0,0,small molecules with n_atoms > 15 detected
4rfo_H+L-G,B:U,6,4rfo,H+L,G,3,X-ray,4rfo,H+L,3,X-ray,4DVV,A,1,X-ray,0,0,small molecules with n_atoms > 15 detected
4rfo_H+L-G,B:U,7,4rfo,H+L,G,3,X-ray,4rfo,H+L,3,X-ray,4DVV,B,1,X-ray,0,0,small molecules with n_atoms > 15 detected
4rfo_H+L-G,B:U,8,4rfo,H+L,G,3,X-ray,4rfo,H+L,3,X-ray,4DKP,A,1,X-ray,0,0,small molecules with n_atoms > 15 detected
4rfo_H+L-G,B:U,9,4rfo,H+L,G,3,X-ray,4rfo,H+L,3,X-ray,4DKP,C,1,X-ray,0,0,small molecules with n_atoms > 15 detected
4rfo_H+L-G,B:U,10,4rfo,H+L,G,3,X-ray,4rfo,H+L,3,X-ray,4DKQ,A,1,X-ray,0,0,small molecules with n_atoms > 15 detected
1bzq_K-D,B:U,0,1bzq,K,D,2,X-ray,1bzq,K,2,X-ray,8RAT,A,1,X-ray,0,0,NA
1bzq_K-D,B:U,1,1bzq,K,D,2,X-ray,1bzq,K,2,X-ray,6ETL,A,0,X-ray,0,0,NA
1bzq_K-D,B:U,2,1bzq,K,D,2,X-ray,1bzq,K,2,X-ray,6ETM,A,0,X-ray,0,0,NA
1bzq_K-D,B:U,3,1bzq,K,D,2,X-ray,1bzq,K,2,X-ray,7RSA,A,1,X-ray,0,0,small molecules with 7 < n_atoms <= 15 detected
1bzq_K-D,B:U,4,1bzq,K,D,2,X-ray,1bzq,K,2,X-ray,6ETK,A,0,X-ray,0,0,NA
5njd_N+M-K,U:U,0,5njd,N+M,K,3,X-ray,5N2K,B+A,2,X-ray,1F42,A,2,X-ray,0,0,small molecules with 7 < n_atoms <= 15 detected
5njd_N+M-K,U:U,1,5njd,N+M,K,3,X-ray,5N2K,D+C,2,X-ray,1F42,A,2,X-ray,0,0,small molecules with 7 < n_atoms <= 15 detected
5njd_N+M-K,U:U,2,5njd,N+M,K,3,X-ray,5N2K,F+E,2,X-ray,1F42,A,2,X-ray,0,0,small molecules with 7 < n_atoms <= 15 detected
5njd_N+M-K,U:U,3,5njd,N+M,K,3,X-ray,5N2K,H+G,2,X-ray,1F42,A,2,X-ray,0,0,small molecules with 7 < n_atoms <= 15 detected
5njd_N+M-K,U:U,4,5njd,N+M,K,3,X-ray,5N2K,J+I,2,X-ray,1F42,A,2,X-ray,0,0,small molecules with 7 < n_atoms <= 15 detected
5njd_N+M-K,U:U,5,5njd,N+M,K,3,X-ray,5N2K,L+K,2,X-ray,1F42,A,2,X-ray,0,0,small molecules with 7 < n_atoms <= 15 detected
5njd_N+M-K,U:U,6,5njd,N+M,K,3,X-ray,5N2K,N+M,2,X-ray,1F42,A,2,X-ray,0,0,small molecules with 7 < n_atoms <= 15 detected
7kdm_C-B+A,B:U,0,7kdm,C,B+A,2,X-ray,7kdm,C,2,X-ray,3RTI,B+A,2,X-ray,0,0,small molecules with n_atoms > 15 detected
5hgg_T-A,U:U,0,5hgg,T,A,1,X-ray,5HDO,A,2,X-ray,5ZAJ,U,1,X-ray,0,0,small molecules with n_atoms > 15 detected
5hgg_T-A,U:U,1,5hgg,T,A,1,X-ray,5HDO,B,2,X-ray,5ZAJ,U,1,X-ray,0,0,small molecules with n_atoms > 15 detected
5hgg_T-A,U:U,2,5hgg,T,A,1,X-ray,5HDO,C,2,X-ray,5ZAJ,U,1,X-ray,0,0,small molecules with n_atoms > 15 detected
5hgg_T-A,U:U,3,5hgg,T,A,1,X-ray,5HDO,D,2,X-ray,5ZAJ,U,1,X-ray,0,0,small molecules with n_atoms > 15 detected
5hgg_T-A,U:U,4,5hgg,T,A,1,X-ray,5HDO,A,2,X-ray,6AG2,U,1,X-ray,0,0,small molecules with n_atoms > 15 detected
5hgg_T-A,U:U,5,5hgg,T,A,1,X-ray,5HDO,B,2,X-ray,6AG2,U,1,X-ray,0,0,small molecules with n_atoms > 15 detected
5hgg_T-A,U:U,6,5hgg,T,A,1,X-ray,5HDO,C,2,X-ray,6AG2,U,1,X-ray,0,0,small molecules with n_atoms > 15 detected
5hgg_T-A,U:U,7,5hgg,T,A,1,X-ray,5HDO,D,2,X-ray,6AG2,U,1,X-ray,0,0,small molecules with n_atoms > 15 detected
5hgg_T-A,U:U,8,5hgg,T,A,1,X-ray,5HDO,A,2,X-ray,6AG9,U,1,X-ray,0,0,small molecules with n_atoms > 15 detected
5hgg_T-A,U:U,9,5hgg,T,A,1,X-ray,5HDO,B,2,X-ray,6AG9,U,1,X-ray,0,0,small molecules with n_atoms > 15 detected
5hgg_T-A,U:U,10,5hgg,T,A,1,X-ray,5HDO,C,2,X-ray,6AG9,U,1,X-ray,0,0,small molecules with n_atoms > 15 detected
5hgg_T-A,U:U,11,5hgg,T,A,1,X-ray,5HDO,D,2,X-ray,6AG9,U,1,X-ray,0,0,small molecules with n_atoms > 15 detected
5hgg_T-A,U:U,12,5hgg,T,A,1,X-ray,5HDO,A,2,X-ray,5ZA7,U,1,X-ray,0,0,small molecules with n_atoms > 15 detected
5hgg_T-A,U:U,13,5hgg,T,A,1,X-ray,5HDO,B,2,X-ray,5ZA7,U,1,X-ray,0,0,small molecules with n_atoms > 15 detected
5hgg_T-A,U:U,14,5hgg,T,A,1,X-ray,5HDO,C,2,X-ray,5ZA7,U,1,X-ray,0,0,small molecules with n_atoms > 15 detected
5hgg_T-A,U:U,15,5hgg,T,A,1,X-ray,5HDO,D,2,X-ray,5ZA7,U,1,X-ray,0,0,small molecules with n_atoms > 15 detected
5hgg_T-A,U:U,16,5hgg,T,A,1,X-ray,5HDO,A,2,X-ray,6AG7,U,1,X-ray,0,0,small molecules with n_atoms > 15 detected
5hgg_T-A,U:U,17,5hgg,T,A,1,X-ray,5HDO,B,2,X-ray,6AG7,U,1,X-ray,0,0,small molecules with n_atoms > 15 detected
5hgg_T-A,U:U,18,5hgg,T,A,1,X-ray,5HDO,C,2,X-ray,6AG7,U,1,X-ray,0,0,small molecules with n_atoms > 15 detected
5hgg_T-A,U:U,19,5hgg,T,A,1,X-ray,5HDO,D,2,X-ray,6AG7,U,1,X-ray,0,0,small molecules with n_atoms > 15 detected
4lhj_B-A,B:U,0,4lhj,B,A,1,X-ray,4lhj,B,1,X-ray,4HUO,X,1,X-ray,0,0,small molecules with n_atoms > 15 detected
4lhj_B-A,B:U,1,4lhj,B,A,1,X-ray,4lhj,B,1,X-ray,6URX,A,1,X-ray,0,0,small molecules with 7 < n_atoms <= 15 detected
4lhj_B-A,B:U,2,4lhj,B,A,1,X-ray,4lhj,B,1,X-ray,4HV7,X,1,X-ray,0,0,small molecules with n_atoms > 15 detected
4lhj_B-A,B:U,3,4lhj,B,A,1,X-ray,4lhj,B,1,X-ray,4MX5,X,1,X-ray,0,0,small molecules with n_atoms > 15 detected
4lhj_B-A,B:U,4,4lhj,B,A,1,X-ray,4lhj,B,1,X-ray,6URY,A,1,X-ray,0,0,small molecules with n_atoms > 15 detected
4lhj_B-A,B:U,5,4lhj,B,A,1,X-ray,4lhj,B,1,X-ray,6URY,B,1,X-ray,0,0,NA
6gk4_E-D,B:U,0,6gk4,E,D,2,X-ray,6gk4,E,2,X-ray,5TFI,A,1,X-ray,0,0,small molecules with n_atoms > 15 detected
6gk4_E-D,B:U,1,6gk4,E,D,2,X-ray,6gk4,E,2,X-ray,5TFF,A,1,X-ray,0,0,small molecules with n_atoms > 15 detected
6gk4_E-D,B:U,2,6gk4,E,D,2,X-ray,6gk4,E,2,X-ray,5TF7,A,1,X-ray,0,0,small molecules with n_atoms > 15 detected
6gk4_E-D,B:U,3,6gk4,E,D,2,X-ray,6gk4,E,2,X-ray,5TFG,A,1,X-ray,0,0,small molecules with n_atoms > 15 detected
6gk4_E-D,B:U,4,6gk4,E,D,2,X-ray,6gk4,E,2,X-ray,5TFB,A,1,X-ray,0,0,small molecules with n_atoms > 15 detected
5gxb_B-A,B:U,0,5gxb,B,A,3,X-ray,5gxb,B,3,X-ray,4ZYR,A,3,X-ray,0,0,small molecules with n_atoms > 15 detected
5gxb_B-A,B:U,1,5gxb,B,A,3,X-ray,5gxb,B,3,X-ray,4ZYR,B,3,X-ray,0,0,small molecules with n_atoms > 15 detected
4aei_H+L-A,B:U,0,4aei,H+L,A,2,X-ray,4aei,H+L,2,X-ray,1PTX,A,1,X-ray,0,0,NA
4aei_H+L-A,B:U,1,4aei,H+L,A,2,X-ray,4aei,H+L,2,X-ray,1AHO,A,0,X-ray,0,0,NA
5mes_H+L-A,B:U,0,5mes,H+L,A,2,X-ray,5mes,H+L,2,X-ray,6FS1,A,1,X-ray,0,0,small molecules with n_atoms > 15 detected
5mes_H+L-A,B:U,1,5mes,H+L,A,2,X-ray,5mes,H+L,2,X-ray,6FS1,B,1,X-ray,0,0,small molecules with n_atoms > 15 detected
5mes_H+L-A,B:U,2,5mes,H+L,A,2,X-ray,5mes,H+L,2,X-ray,5KU9,A,2,X-ray,0,0,small molecules with n_atoms > 15 detected
5mes_H+L-A,B:U,3,5mes,H+L,A,2,X-ray,5mes,H+L,2,X-ray,5KU9,B,2,X-ray,0,0,small molecules with n_atoms > 15 detected
1ic7_H+L-Y,B:U,0,1ic7,H+L,Y,2,X-ray,1ic7,H+L,2,X-ray,7BYP,A,1,X-ray,0,0,NA
1ic7_H+L-Y,B:U,1,1ic7,H+L,Y,2,X-ray,1ic7,H+L,2,X-ray,7CDO,A,1,X-ray,0,0,NA
1ic7_H+L-Y,B:U,2,1ic7,H+L,Y,2,X-ray,1ic7,H+L,2,X-ray,7CDM,A,1,X-ray,0,0,NA
5w4l_D+E-G,B:U,0,5w4l,D+E,G,2,X-ray,5w4l,D+E,2,X-ray,4DKO,A,1,X-ray,0,0,small molecules with n_atoms > 15 detected
5w4l_D+E-G,B:U,1,5w4l,D+E,G,2,X-ray,5w4l,D+E,2,X-ray,4DKO,C,1,X-ray,0,0,small molecules with n_atoms > 15 detected
5w4l_D+E-G,B:U,2,5w4l,D+E,G,2,X-ray,5w4l,D+E,2,X-ray,4RZ8,A,1,X-ray,0,0,small molecules with n_atoms > 15 detected
5w4l_D+E-G,B:U,3,5w4l,D+E,G,2,X-ray,5w4l,D+E,2,X-ray,4RZ8,B,1,X-ray,0,0,small molecules with n_atoms > 15 detected
5w4l_D+E-G,B:U,4,5w4l,D+E,G,2,X-ray,5w4l,D+E,2,X-ray,4RZ8,C,1,X-ray,0,0,small molecules with n_atoms > 15 detected
5w4l_D+E-G,B:U,5,5w4l,D+E,G,2,X-ray,5w4l,D+E,2,X-ray,4RZ8,D,1,X-ray,0,0,small molecules with n_atoms > 15 detected
5w4l_D+E-G,B:U,6,5w4l,D+E,G,2,X-ray,5w4l,D+E,2,X-ray,4DVV,A,1,X-ray,0,0,small molecules with n_atoms > 15 detected
5w4l_D+E-G,B:U,7,5w4l,D+E,G,2,X-ray,5w4l,D+E,2,X-ray,4DVV,B,1,X-ray,0,0,small molecules with n_atoms > 15 detected
5w4l_D+E-G,B:U,8,5w4l,D+E,G,2,X-ray,5w4l,D+E,2,X-ray,4DKP,A,1,X-ray,0,0,small molecules with n_atoms > 15 detected
5w4l_D+E-G,B:U,9,5w4l,D+E,G,2,X-ray,5w4l,D+E,2,X-ray,4DKP,C,1,X-ray,0,0,small molecules with n_atoms > 15 detected
5w4l_D+E-G,B:U,10,5w4l,D+E,G,2,X-ray,5w4l,D+E,2,X-ray,4DKQ,A,1,X-ray,0,0,small molecules with n_atoms > 15 detected
6did_K+E-G+J,U:U,0,6did,K+E,G+J,4,EM,6CJK,B+A,1,X-ray,6CJK,A+B,1,X-ray,0,0,NA
6did_K+E-G+J,U:U,1,6did,K+E,G+J,4,EM,6CJK,D+C,1,X-ray,6CJK,A+B,1,X-ray,0,0,small molecules with 7 < n_atoms <= 15 detected
6did_K+E-G+J,U:U,2,6did,K+E,G+J,4,EM,6CJK,B+A,1,X-ray,6CJK,C+D,1,X-ray,0,0,small molecules with 7 < n_atoms <= 15 detected
6did_K+E-G+J,U:U,3,6did,K+E,G+J,4,EM,6CJK,D+C,1,X-ray,6CJK,C+D,1,X-ray,0,0,small molecules with 7 < n_atoms <= 15 detected
4ut9_J+N-D,B:U,0,4ut9,J+N,D,3,X-ray,4ut9,J+N,3,X-ray,4UTC,A,3,X-ray,0,0,NA
4ut9_J+N-D,B:U,1,4ut9,J+N,D,3,X-ray,4ut9,J+N,3,X-ray,4UTC,B,3,X-ray,0,0,NA
6gwp_B-A,B:U,0,6gwp,B,A,2,X-ray,6gwp,B,2,X-ray,7AQF,A,1,X-ray,0,0,small molecules with n_atoms > 15 detected
6gwp_B-A,B:U,1,6gwp,B,A,2,X-ray,6gwp,B,2,X-ray,7AQF,B,1,X-ray,0,0,NA
6gwp_B-A,B:U,2,6gwp,B,A,2,X-ray,6gwp,B,2,X-ray,3EOX,A,2,X-ray,0,0,NA
4xnz_B+C-A,B:U,0,4xnz,B+C,A,3,X-ray,4xnz,B+C,3,X-ray,3TGT,A,1,X-ray,0,0,small molecules with 7 < n_atoms <= 15 detected
6iut_H+L-A,B:U,0,6iut,H+L,A,2,X-ray,6iut,H+L,2,X-ray,5DUT,A,1,X-ray,0,0,small molecules with 7 < n_atoms <= 15 detected
4l5f_H+L-E,B:U,0,4l5f,H+L,E,2,X-ray,4l5f,H+L,2,X-ray,3IRC,A,2,X-ray,0,0,NA
2eks_B+A-C,B:U,0,2eks,B+A,C,2,X-ray,2eks,B+A,2,X-ray,7BYP,A,1,X-ray,0,0,NA
2eks_B+A-C,B:U,1,2eks,B+A,C,2,X-ray,2eks,B+A,2,X-ray,7CDO,A,1,X-ray,0,0,NA
2eks_B+A-C,B:U,2,2eks,B+A,C,2,X-ray,2eks,B+A,2,X-ray,7CDM,A,1,X-ray,0,0,NA
3nfp_H+L-I,U:U,0,3nfp,H+L,I,2,X-ray,3NFS,H+L,2,X-ray,6VWU,A,3,X-ray,0,0,NA
6obo_D-B,B:U,0,6obo,D,B,1,X-ray,6obo,D,1,X-ray,4HUO,X,1,X-ray,0,0,small molecules with n_atoms > 15 detected
6obo_D-B,B:U,1,6obo,D,B,1,X-ray,6obo,D,1,X-ray,6URX,A,1,X-ray,0,0,small molecules with 7 < n_atoms <= 15 detected
6obo_D-B,B:U,2,6obo,D,B,1,X-ray,6obo,D,1,X-ray,4HV7,X,1,X-ray,0,0,small molecules with n_atoms > 15 detected
6obo_D-B,B:U,3,6obo,D,B,1,X-ray,6obo,D,1,X-ray,4MX5,X,1,X-ray,0,0,small molecules with n_atoms > 15 detected
6obo_D-B,B:U,4,6obo,D,B,1,X-ray,6obo,D,1,X-ray,6URY,A,1,X-ray,0,0,small molecules with n_atoms > 15 detected
6obo_D-B,B:U,5,6obo,D,B,1,X-ray,6obo,D,1,X-ray,6URY,B,1,X-ray,0,0,NA
4ki5_E+F-M,B:U,0,4ki5,E+F,M,2,X-ray,4ki5,E+F,2,X-ray,3HNY,M,1,X-ray,0,0,NA
4ki5_E+F-M,B:U,1,4ki5,E+F,M,2,X-ray,4ki5,E+F,2,X-ray,6MF2,A,3,X-ray,0,14,NA
4ki5_E+F-M,B:U,2,4ki5,E+F,M,2,X-ray,4ki5,E+F,2,X-ray,3HOB,M,2,X-ray,0,0,NA
4ki5_E+F-M,B:U,3,4ki5,E+F,M,2,X-ray,4ki5,E+F,2,X-ray,3HOB,A,2,X-ray,0,0,NA
4ki5_E+F-M,B:U,4,4ki5,E+F,M,2,X-ray,4ki5,E+F,2,X-ray,6MF0,A,3,X-ray,0,14,NA
4ki5_E+F-M,B:U,5,4ki5,E+F,M,2,X-ray,4ki5,E+F,2,X-ray,3HNB,M,1,X-ray,0,0,small molecules with n_atoms > 15 detected
5e5m_B-A,B:U,0,5e5m,B,A,2,X-ray,5e5m,B,2,X-ray,5E56,A,1,X-ray,0,0,NA
5f21_B-A,B:U,0,5f21,B,A,1,X-ray,5f21,B,1,X-ray,4F46,A,1,X-ray,0,0,small molecules with n_atoms > 15 detected
5f21_B-A,B:U,1,5f21,B,A,1,X-ray,5f21,B,1,X-ray,4F46,B,1,X-ray,0,0,small molecules with n_atoms > 15 detected
5f21_B-A,B:U,2,5f21,B,A,1,X-ray,5f21,B,1,X-ray,3DZI,A,1,X-ray,0,0,small molecules with n_atoms > 15 detected
5f21_B-A,B:U,3,5f21,B,A,1,X-ray,5f21,B,1,X-ray,3DZI,B,1,X-ray,0,0,small molecules with 7 < n_atoms <= 15 detected
5f21_B-A,B:U,4,5f21,B,A,1,X-ray,5f21,B,1,X-ray,3I9M,A,1,X-ray,0,0,small molecules with n_atoms > 15 detected
5f21_B-A,B:U,5,5f21,B,A,1,X-ray,5f21,B,1,X-ray,3I9M,B,1,X-ray,0,0,small molecules with n_atoms > 15 detected
5f21_B-A,B:U,6,5f21,B,A,1,X-ray,5f21,B,1,X-ray,3U4H,A,1,X-ray,0,0,small molecules with n_atoms > 15 detected
5f21_B-A,B:U,7,5f21,B,A,1,X-ray,5f21,B,1,X-ray,3U4H,B,1,X-ray,0,0,small molecules with n_atoms > 15 detected
5f21_B-A,B:U,8,5f21,B,A,1,X-ray,5f21,B,1,X-ray,3DZK,A,1,X-ray,0,0,small molecules with n_atoms > 15 detected
5f21_B-A,B:U,9,5f21,B,A,1,X-ray,5f21,B,1,X-ray,3DZK,B,1,X-ray,0,0,small molecules with n_atoms > 15 detected
5l0q_C+B-A,B:U,0,5l0q,C+B,A,2,X-ray,5l0q,C+B,2,X-ray,2AO7,A,2,X-ray,0,0,small molecules with 7 < n_atoms <= 15 detected
7ahu_B+A-E+F,B:U,0,7ahu,B+A,E+F,2,X-ray,7ahu,B+A,2,X-ray,4Y71,A+B,1,X-ray,0,0,small molecules with n_atoms > 15 detected
7ahu_B+A-E+F,B:U,1,7ahu,B+A,E+F,2,X-ray,7ahu,B+A,2,X-ray,4ZH8,A+B,1,X-ray,0,0,small molecules with n_atoms > 15 detected
7ahu_B+A-E+F,B:U,2,7ahu,B+A,E+F,2,X-ray,7ahu,B+A,2,X-ray,4Y7A,A+B,1,X-ray,0,0,small molecules with n_atoms > 15 detected
7ahu_B+A-E+F,B:U,3,7ahu,B+A,E+F,2,X-ray,7ahu,B+A,2,X-ray,4Y6D,A+B,1,X-ray,0,0,small molecules with n_atoms > 15 detected
7ahu_B+A-E+F,B:U,4,7ahu,B+A,E+F,2,X-ray,7ahu,B+A,2,X-ray,4ZHA,A+B,1,X-ray,0,0,small molecules with n_atoms > 15 detected
5tud_F+E-D,B:U,0,5tud,F+E,D,3,X-ray,5tud,F+E,3,X-ray,6DRX,A,3,X-ray,0,0,small molecules with n_atoms > 15 detected
5tud_F+E-D,B:U,2,5tud,F+E,D,3,X-ray,5tud,F+E,3,X-ray,4IB4,A,2,X-ray,0,0,small molecules with n_atoms > 15 detected
5tud_F+E-D,B:U,3,5tud,F+E,D,3,X-ray,5tud,F+E,3,X-ray,4NC3,A,2,X-ray,0,0,small molecules with n_atoms > 15 detected
4d9r_H+L-A,B:U,0,4d9r,H+L,A,2,X-ray,4d9r,H+L,2,X-ray,6FTY,A,1,X-ray,0,0,small molecules with n_atoms > 15 detected
4d9r_H+L-A,B:U,1,4d9r,H+L,A,2,X-ray,4d9r,H+L,2,X-ray,6FUT,A,1,X-ray,0,0,small molecules with n_atoms > 15 detected
4d9r_H+L-A,B:U,2,4d9r,H+L,A,2,X-ray,4d9r,H+L,2,X-ray,6FUI,A,1,X-ray,0,0,small molecules with n_atoms > 15 detected
4d9r_H+L-A,B:U,3,4d9r,H+L,A,2,X-ray,4d9r,H+L,2,X-ray,6QMT,A,1,X-ray,0,0,small molecules with n_atoms > 15 detected
4d9r_H+L-A,B:U,4,4d9r,H+L,A,2,X-ray,4d9r,H+L,2,X-ray,6QMT,B,1,X-ray,0,0,small molecules with n_atoms > 15 detected
4d9r_H+L-A,B:U,5,4d9r,H+L,A,2,X-ray,4d9r,H+L,2,X-ray,6FUH,A,1,X-ray,0,0,small molecules with n_atoms > 15 detected
7bts_B-A,B:U,0,7bts,B,A,3,X-ray,7bts,B,3,X-ray,7BVQ,A,2,X-ray,0,0,small molecules with n_atoms > 15 detected
7bts_B-A,B:U,1,7bts,B,A,3,X-ray,7bts,B,3,X-ray,7BVQ,B,2,X-ray,0,0,small molecules with n_atoms > 15 detected
6ul4_B-A,B:U,0,6ul4,B,A,3,X-ray,6ul4,B,3,X-ray,1G9A,A,2,X-ray,0,0,small molecules with n_atoms > 15 detected
6ul4_B-A,B:U,1,6ul4,B,A,3,X-ray,6ul4,B,3,X-ray,1S0D,A,2,X-ray,0,0,NA
6ul4_B-A,B:U,2,6ul4,B,A,3,X-ray,6ul4,B,3,X-ray,1G9D,A,2,X-ray,0,0,small molecules with n_atoms > 15 detected
6ul4_B-A,B:U,3,6ul4,B,A,3,X-ray,6ul4,B,3,X-ray,1S0E,A,1,X-ray,0,0,NA
6ul4_B-A,B:U,4,6ul4,B,A,3,X-ray,6ul4,B,3,X-ray,1EPW,A,1,X-ray,0,0,NA
5boz_G-A,B:U,0,5boz,G,A,3,X-ray,5boz,G,3,X-ray,4HUO,X,1,X-ray,0,0,small molecules with n_atoms > 15 detected
5boz_G-A,B:U,1,5boz,G,A,3,X-ray,5boz,G,3,X-ray,6URX,A,1,X-ray,0,0,small molecules with 7 < n_atoms <= 15 detected
5boz_G-A,B:U,2,5boz,G,A,3,X-ray,5boz,G,3,X-ray,4HV7,X,1,X-ray,0,0,small molecules with n_atoms > 15 detected
5boz_G-A,B:U,3,5boz,G,A,3,X-ray,5boz,G,3,X-ray,4MX5,X,1,X-ray,0,0,small molecules with n_atoms > 15 detected
5boz_G-A,B:U,4,5boz,G,A,3,X-ray,5boz,G,3,X-ray,6URY,A,1,X-ray,0,0,small molecules with n_atoms > 15 detected
5boz_G-A,B:U,5,5boz,G,A,3,X-ray,5boz,G,3,X-ray,6URY,B,1,X-ray,0,0,NA
4ydj_A+B-I,B:U,0,4ydj,A+B,I,2,X-ray,4ydj,A+B,2,X-ray,3TGT,A,1,X-ray,0,0,small molecules with n_atoms > 15 detected
6hx4_H+L-B,U:U,0,6hx4,H+L,B,2,X-ray,6GXX,H+L,1,X-ray,3NE4,A,1,X-ray,0,0,NA
6hx4_H+L-B,U:U,1,6hx4,H+L,B,2,X-ray,6GXX,H+L,1,X-ray,2QUG,A,2,X-ray,0,0,NA
6hx4_H+L-B,U:U,2,6hx4,H+L,B,2,X-ray,6GXX,H+L,1,X-ray,1QLP,A,2,X-ray,0,0,NA
6hx4_H+L-B,U:U,3,6hx4,H+L,B,2,X-ray,6GXX,H+L,1,X-ray,3CWM,A,2,X-ray,0,0,small molecules with 7 < n_atoms <= 15 detected
6hx4_H+L-B,U:U,4,6hx4,H+L,B,2,X-ray,6GXX,H+L,1,X-ray,3CWL,A,2,X-ray,0,0,NA
4etq_H+L-C,B:U,0,4etq,H+L,C,2,X-ray,4etq,H+L,2,X-ray,4E9O,X,1,X-ray,0,0,NA
6k7o_F+G-R,B:U,0,6k7o,F+G,R,3,X-ray,6k7o,F+G,3,X-ray,3P2T,A,1,X-ray,0,0,NA
5wob_U+V-G,B:U,0,5wob,U+V,G,3,X-ray,5wob,U+V,3,X-ray,4GS8,A,2,X-ray,0,0,small molecules with n_atoms > 15 detected
5wob_U+V-G,B:U,1,5wob,U+V,G,3,X-ray,5wob,U+V,3,X-ray,4GS8,B,2,X-ray,0,0,small molecules with n_atoms > 15 detected
5wob_U+V-G,B:U,2,5wob,U+V,G,3,X-ray,5wob,U+V,3,X-ray,4GSC,A,2,X-ray,0,0,small molecules with n_atoms > 15 detected
5wob_U+V-G,B:U,3,5wob,U+V,G,3,X-ray,5wob,U+V,3,X-ray,4GSC,B,2,X-ray,0,0,small molecules with n_atoms > 15 detected
5wob_U+V-G,B:U,4,5wob,U+V,G,3,X-ray,5wob,U+V,3,X-ray,4NXO,A,2,X-ray,0,0,small molecules with n_atoms > 15 detected
5wob_U+V-G,B:U,5,5wob,U+V,G,3,X-ray,5wob,U+V,3,X-ray,4NXO,B,2,X-ray,0,0,small molecules with n_atoms > 15 detected
6obo_C-A,B:U,0,6obo,C,A,1,X-ray,6obo,C,1,X-ray,4HUO,X,1,X-ray,0,0,small molecules with n_atoms > 15 detected
6obo_C-A,B:U,1,6obo,C,A,1,X-ray,6obo,C,1,X-ray,6URX,A,1,X-ray,0,0,small molecules with 7 < n_atoms <= 15 detected
6obo_C-A,B:U,2,6obo,C,A,1,X-ray,6obo,C,1,X-ray,4HV7,X,1,X-ray,0,0,small molecules with n_atoms > 15 detected
6obo_C-A,B:U,3,6obo,C,A,1,X-ray,6obo,C,1,X-ray,4MX5,X,1,X-ray,0,0,small molecules with n_atoms > 15 detected
6obo_C-A,B:U,4,6obo,C,A,1,X-ray,6obo,C,1,X-ray,6URY,A,1,X-ray,0,0,small molecules with n_atoms > 15 detected
6obo_C-A,B:U,5,6obo,C,A,1,X-ray,6obo,C,1,X-ray,6URY,B,1,X-ray,0,0,NA
7cz0_F-B,B:U,0,7cz0,F,B,2,X-ray,7cz0,F,2,X-ray,4TZA,C,1,X-ray,0,0,NA
7cz0_F-B,B:U,1,7cz0,F,B,2,X-ray,7cz0,F,2,X-ray,4TZA,A,1,X-ray,0,0,NA
7cz0_F-B,B:U,2,7cz0,F,B,2,X-ray,7cz0,F,2,X-ray,4TZA,B,1,X-ray,0,0,NA
7cz0_F-B,B:U,3,7cz0,F,B,2,X-ray,7cz0,F,2,X-ray,4TZA,D,1,X-ray,0,0,NA
7mem_H+L-E,B:U,0,7mem,H+L,E,3,EM,7mem,H+L,3,EM,3UYW,A,1,X-ray,0,0,NA
7mem_H+L-E,B:U,1,7mem,H+L,E,3,EM,7mem,H+L,3,EM,3UYW,B,1,X-ray,0,0,NA
7mem_H+L-E,B:U,2,7mem,H+L,E,3,EM,7mem,H+L,3,EM,3UYW,C,1,X-ray,0,0,NA
7mem_H+L-E,B:U,3,7mem,H+L,E,3,EM,7mem,H+L,3,EM,3UYW,D,1,X-ray,0,0,NA
1zv5_A-L,B:U,0,1zv5,A,L,2,X-ray,1zv5,A,2,X-ray,7BYP,A,1,X-ray,0,0,NA
1zv5_A-L,B:U,1,1zv5,A,L,2,X-ray,1zv5,A,2,X-ray,7CDO,A,1,X-ray,0,0,NA
1zv5_A-L,B:U,2,1zv5,A,L,2,X-ray,1zv5,A,2,X-ray,7CDM,A,1,X-ray,0,0,NA
5wob_S+T-F,B:U,0,5wob,S+T,F,3,X-ray,5wob,S+T,3,X-ray,4GS8,A,2,X-ray,0,0,small molecules with n_atoms > 15 detected
5wob_S+T-F,B:U,1,5wob,S+T,F,3,X-ray,5wob,S+T,3,X-ray,4GS8,B,2,X-ray,0,0,small molecules with n_atoms > 15 detected
5wob_S+T-F,B:U,2,5wob,S+T,F,3,X-ray,5wob,S+T,3,X-ray,4GSC,A,2,X-ray,0,0,small molecules with n_atoms > 15 detected
5wob_S+T-F,B:U,3,5wob,S+T,F,3,X-ray,5wob,S+T,3,X-ray,4GSC,B,2,X-ray,0,0,small molecules with n_atoms > 15 detected
5wob_S+T-F,B:U,4,5wob,S+T,F,3,X-ray,5wob,S+T,3,X-ray,4NXO,A,2,X-ray,0,0,small molecules with n_atoms > 15 detected
5wob_S+T-F,B:U,5,5wob,S+T,F,3,X-ray,5wob,S+T,3,X-ray,4NXO,B,2,X-ray,0,0,small molecules with n_atoms > 15 detected
6k7o_H+L-A,B:U,0,6k7o,H+L,A,3,X-ray,6k7o,H+L,3,X-ray,3P2T,A,1,X-ray,0,0,NA
4ogx_H+L-A,U:U,0,4ogx,H+L,A,2,X-ray,4PUB,H+L,1,X-ray,6O1S,E,1,X-ray,0,0,small molecules with n_atoms > 15 detected
4ogx_H+L-A,U:U,1,4ogx,H+L,A,2,X-ray,4PUB,H+L,1,X-ray,2ANY,A,1,X-ray,0,0,small molecules with n_atoms > 15 detected
4ogx_H+L-A,U:U,2,4ogx,H+L,A,2,X-ray,4PUB,H+L,1,X-ray,5TJX,A,1,X-ray,0,0,small molecules with n_atoms > 15 detected
2dqd_H+L-Y,B:U,0,2dqd,H+L,Y,1,X-ray,2dqd,H+L,1,X-ray,7BYP,A,1,X-ray,0,0,NA
2dqd_H+L-Y,B:U,1,2dqd,H+L,Y,1,X-ray,2dqd,H+L,1,X-ray,7CDO,A,1,X-ray,0,0,NA
2dqd_H+L-Y,B:U,2,2dqd,H+L,Y,1,X-ray,2dqd,H+L,1,X-ray,7CDM,A,1,X-ray,0,0,NA
4aei_I+M-B,B:U,0,4aei,I+M,B,2,X-ray,4aei,I+M,2,X-ray,1PTX,A,1,X-ray,0,0,NA
4aei_I+M-B,B:U,1,4aei,I+M,B,2,X-ray,4aei,I+M,2,X-ray,1AHO,A,0,X-ray,0,0,NA
2i9l_F+E-K,B:U,0,2i9l,F+E,K,3,X-ray,2i9l,F+E,3,X-ray,1YPY,A,1,X-ray,0,0,NA
2i9l_F+E-K,B:U,1,2i9l,F+E,K,3,X-ray,2i9l,F+E,3,X-ray,1YPY,B,1,X-ray,0,0,NA
6cmg_C+B-A,B:U,0,6cmg,C+B,A,2,X-ray,6cmg,C+B,2,X-ray,6PD4,A,2,X-ray,0,0,small molecules with 7 < n_atoms <= 15 detected
6cmg_C+B-A,B:U,1,6cmg,C+B,A,2,X-ray,6cmg,C+B,2,X-ray,6PD4,B,2,X-ray,0,0,small molecules with 7 < n_atoms <= 15 detected
1g7l_B+A-C,B:U,0,1g7l,B+A,C,2,X-ray,1g7l,B+A,2,X-ray,7BYP,A,1,X-ray,0,0,NA
1g7l_B+A-C,B:U,1,1g7l,B+A,C,2,X-ray,1g7l,B+A,2,X-ray,7CDO,A,1,X-ray,0,0,NA
1g7l_B+A-C,B:U,2,1g7l,B+A,C,2,X-ray,1g7l,B+A,2,X-ray,7CDM,A,1,X-ray,0,0,NA
6rpj_B-A,B:U,0,6rpj,B,A,3,X-ray,6rpj,B,3,X-ray,1AH1,A,100,UNKNOWN,0,0,NA
4oly_H+L-G,B:U,0,4oly,H+L,G,2,X-ray,4oly,H+L,2,X-ray,3TGT,A,1,X-ray,0,0,small molecules with 7 < n_atoms <= 15 detected
6ww2_H+L-R,B:U,0,6ww2,H+L,R,3,EM,6ww2,H+L,3,EM,5YM7,A,1,X-ray,0,0,NA
6ww2_H+L-R,B:U,1,6ww2,H+L,R,3,EM,6ww2,H+L,3,EM,1M6T,A,1,X-ray,0,0,NA
4nc1_E-A,B:U,0,4nc1,E,A,2,X-ray,4nc1,E,2,X-ray,2G7C,A,2,X-ray,0,0,NA
4nc1_E-A,B:U,1,4nc1,E,A,2,X-ray,4nc1,E,2,X-ray,2G7C,B,2,X-ray,0,0,NA
3jbq_H+L-F,B:U,0,3jbq,H+L,F,11,EM,3jbq,H+L,11,EM,3JWQ,A,2,X-ray,0,0,small molecules with n_atoms > 15 detected
3jbq_H+L-F,B:U,1,3jbq,H+L,F,11,EM,3jbq,H+L,11,EM,3JWQ,B,2,X-ray,0,0,small molecules with n_atoms > 15 detected
3jbq_H+L-F,B:U,2,3jbq,H+L,F,11,EM,3jbq,H+L,11,EM,3JWQ,C,2,X-ray,0,0,small molecules with n_atoms > 15 detected
3jbq_H+L-F,B:U,3,3jbq,H+L,F,11,EM,3jbq,H+L,11,EM,3JWQ,D,2,X-ray,0,0,small molecules with n_atoms > 15 detected
7kc9_C-B+A,B:U,0,7kc9,C,B+A,2,X-ray,7kc9,C,2,X-ray,3RTI,B+A,2,X-ray,0,0,small molecules with n_atoms > 15 detected
1mlc_B+A-E,U:U,0,1mlc,B+A,E,2,X-ray,1MLB,B+A,2,X-ray,7BYP,A,1,X-ray,0,0,NA
1mlc_B+A-E,U:U,1,1mlc,B+A,E,2,X-ray,1MLB,B+A,2,X-ray,7CDO,A,1,X-ray,0,0,NA
1mlc_B+A-E,U:U,2,1mlc,B+A,E,2,X-ray,1MLB,B+A,2,X-ray,7CDM,A,1,X-ray,0,0,NA
6vmk_l+k-m,B:U,0,6vmk,l+k,m,3,X-ray,6vmk,l+k,3,X-ray,6FTY,A,1,X-ray,0,0,small molecules with n_atoms > 15 detected
6vmk_l+k-m,B:U,1,6vmk,l+k,m,3,X-ray,6vmk,l+k,3,X-ray,6FUT,A,1,X-ray,0,0,small molecules with n_atoms > 15 detected
6vmk_l+k-m,B:U,2,6vmk,l+k,m,3,X-ray,6vmk,l+k,3,X-ray,6FUI,A,1,X-ray,0,0,small molecules with n_atoms > 15 detected
6vmk_l+k-m,B:U,3,6vmk,l+k,m,3,X-ray,6vmk,l+k,3,X-ray,6QMT,A,1,X-ray,0,0,small molecules with n_atoms > 15 detected
6vmk_l+k-m,B:U,4,6vmk,l+k,m,3,X-ray,6vmk,l+k,3,X-ray,6QMT,B,1,X-ray,0,0,small molecules with n_atoms > 15 detected
6vmk_l+k-m,B:U,5,6vmk,l+k,m,3,X-ray,6vmk,l+k,3,X-ray,6FUH,A,1,X-ray,0,0,small molecules with n_atoms > 15 detected
2adf_H+L-A,B:U,0,2adf,H+L,A,1,X-ray,2adf,H+L,1,X-ray,1ATZ,A,1,X-ray,0,0,NA
2adf_H+L-A,B:U,1,2adf,H+L,A,1,X-ray,2adf,H+L,1,X-ray,1ATZ,B,1,X-ray,0,0,NA
2adf_H+L-A,B:U,2,2adf,H+L,A,1,X-ray,2adf,H+L,1,X-ray,1AO3,A,2,X-ray,0,0,NA
2adf_H+L-A,B:U,3,2adf,H+L,A,1,X-ray,2adf,H+L,1,X-ray,1AO3,B,2,X-ray,0,0,NA
6gwp_C-A,B:U,0,6gwp,C,A,2,X-ray,6gwp,C,2,X-ray,7AQF,A,1,X-ray,0,0,small molecules with n_atoms > 15 detected
6gwp_C-A,B:U,1,6gwp,C,A,2,X-ray,6gwp,C,2,X-ray,7AQF,B,1,X-ray,0,0,NA
6gwp_C-A,B:U,2,6gwp,C,A,2,X-ray,6gwp,C,2,X-ray,3EOX,A,2,X-ray,0,0,NA
6i8s_G+K-C,B:U,0,6i8s,G+K,C,2,X-ray,6i8s,G+K,2,X-ray,4G8R,A,2,X-ray,0,0,NA
6i8s_G+K-C,B:U,1,6i8s,G+K,C,2,X-ray,6i8s,G+K,2,X-ray,4G8R,B,2,X-ray,0,0,small molecules with n_atoms > 15 detected
6i8s_G+K-C,B:U,2,6i8s,G+K,C,2,X-ray,6i8s,G+K,2,X-ray,4G8O,A,2,X-ray,0,0,NA
6i8s_G+K-C,B:U,3,6i8s,G+K,C,2,X-ray,6i8s,G+K,2,X-ray,4G8O,B,2,X-ray,0,0,NA
6i8s_G+K-C,B:U,4,6i8s,G+K,C,2,X-ray,6i8s,G+K,2,X-ray,4G8O,C,2,X-ray,0,0,NA
6i8s_G+K-C,B:U,5,6i8s,G+K,C,2,X-ray,6i8s,G+K,2,X-ray,4G8O,D,2,X-ray,0,0,small molecules with n_atoms > 15 detected
6i8s_G+K-C,B:U,6,6i8s,G+K,C,2,X-ray,6i8s,G+K,2,X-ray,3UT3,A,2,X-ray,0,0,NA
6i8s_G+K-C,B:U,7,6i8s,G+K,C,2,X-ray,6i8s,G+K,2,X-ray,3UT3,B,2,X-ray,0,0,small molecules with n_atoms > 15 detected
6i8s_G+K-C,B:U,8,6i8s,G+K,C,2,X-ray,6i8s,G+K,2,X-ray,3UT3,C,2,X-ray,0,0,NA
6i8s_G+K-C,B:U,9,6i8s,G+K,C,2,X-ray,6i8s,G+K,2,X-ray,3UT3,D,2,X-ray,0,0,NA
6i8s_G+K-C,B:U,10,6i8s,G+K,C,2,X-ray,6i8s,G+K,2,X-ray,1B3K,A,2,X-ray,0,0,NA
6i8s_G+K-C,B:U,11,6i8s,G+K,C,2,X-ray,6i8s,G+K,2,X-ray,1B3K,B,2,X-ray,0,0,NA
6i8s_G+K-C,B:U,12,6i8s,G+K,C,2,X-ray,6i8s,G+K,2,X-ray,1B3K,C,2,X-ray,0,0,NA
6i8s_G+K-C,B:U,13,6i8s,G+K,C,2,X-ray,6i8s,G+K,2,X-ray,1B3K,D,2,X-ray,0,0,NA
4s1s_H+L-G,B:U,0,4s1s,H+L,G,3,X-ray,4s1s,H+L,3,X-ray,3TGT,A,1,X-ray,0,0,small molecules with 7 < n_atoms <= 15 detected
5vxj_B-A,B:U,0,5vxj,B,A,2,X-ray,5vxj,B,2,X-ray,3R9V,A,1,X-ray,0,0,NA
5vxj_B-A,B:U,1,5vxj,B,A,2,X-ray,5vxj,B,2,X-ray,3R9V,B,1,X-ray,0,0,small molecules with n_atoms > 15 detected
4kml_B-A,B:U,0,4kml,B,A,1,X-ray,4kml,B,1,X-ray,5L6R,A,100,UNKNOWN,0,0,NA
4kml_B-A,B:U,1,4kml,B,A,1,X-ray,4kml,B,1,X-ray,6DU9,A,2,X-ray,0,0,NA
4kml_B-A,B:U,2,4kml,B,A,1,X-ray,4kml,B,1,X-ray,5YJ5,A,100,UNKNOWN,0,0,NA
3l5w_B+A-J,U:U,0,3l5w,B+A,J,2,X-ray,3L7E,H+L,2,X-ray,1GA3,A,100,UNKNOWN,0,0,NA
3l5w_B+A-J,U:U,1,3l5w,B+A,J,2,X-ray,3L7E,B+A,2,X-ray,1GA3,A,100,UNKNOWN,0,0,NA
5vjq_A+B-I,B:U,0,5vjq,A+B,I,1,X-ray,5vjq,A+B,1,X-ray,5V8G,A,1,X-ray,0,0,NA
3t2n_H+L-A,B:U,0,3t2n,H+L,A,2,X-ray,3t2n,H+L,2,X-ray,5CE1,A,2,X-ray,0,0,small molecules with n_atoms > 15 detected
3rjq_B-A,U:U,0,3rjq,B,A,2,X-ray,3R0M,A,1,X-ray,4I53,A,2,X-ray,0,0,small molecules with n_atoms > 15 detected
3rjq_B-A,U:U,1,3rjq,B,A,2,X-ray,3R0M,B,1,X-ray,4I53,A,2,X-ray,0,0,small molecules with n_atoms > 15 detected
3rjq_B-A,U:U,2,3rjq,B,A,2,X-ray,3R0M,A,1,X-ray,4I53,B,2,X-ray,0,0,small molecules with n_atoms > 15 detected
3rjq_B-A,U:U,3,3rjq,B,A,2,X-ray,3R0M,B,1,X-ray,4I53,B,2,X-ray,0,0,small molecules with n_atoms > 15 detected
3rjq_B-A,U:U,4,3rjq,B,A,2,X-ray,3R0M,A,1,X-ray,3TGR,A,2,X-ray,0,0,small molecules with 7 < n_atoms <= 15 detected
3rjq_B-A,U:U,5,3rjq,B,A,2,X-ray,3R0M,B,1,X-ray,3TGR,A,2,X-ray,0,0,small molecules with 7 < n_atoms <= 15 detected
3rjq_B-A,U:U,6,3rjq,B,A,2,X-ray,3R0M,A,1,X-ray,3TGR,B,2,X-ray,0,0,small molecules with 7 < n_atoms <= 15 detected
3rjq_B-A,U:U,7,3rjq,B,A,2,X-ray,3R0M,B,1,X-ray,3TGR,B,2,X-ray,0,0,small molecules with 7 < n_atoms <= 15 detected
2i9l_D+C-J,B:U,0,2i9l,D+C,J,3,X-ray,2i9l,D+C,3,X-ray,1YPY,A,1,X-ray,0,0,NA
2i9l_D+C-J,B:U,1,2i9l,D+C,J,3,X-ray,2i9l,D+C,3,X-ray,1YPY,B,1,X-ray,0,0,NA
6bpe_E+F-D,B:U,0,6bpe,E+F,D,3,X-ray,6bpe,E+F,3,X-ray,5W53,A,1,X-ray,0,0,NA
6bpe_E+F-D,B:U,1,6bpe,E+F,D,3,X-ray,6bpe,E+F,3,X-ray,5W53,B,1,X-ray,0,0,NA
7kjh_B-D,U:U,0,7kjh,B,D,2,X-ray,7KJ7,B,2,X-ray,7KJ7,B,2,X-ray,0,0,NA
7kjh_B-D,U:U,1,7kjh,B,D,2,X-ray,7KJ7,A,2,X-ray,7KJ7,B,2,X-ray,0,0,NA
7kjh_B-D,U:U,2,7kjh,B,D,2,X-ray,7KJ7,B,2,X-ray,7KJ7,A,2,X-ray,0,0,NA
7kjh_B-D,U:U,3,7kjh,B,D,2,X-ray,7KJ7,A,2,X-ray,7KJ7,A,2,X-ray,0,0,NA
4ttd_C+D-B,B:U,0,4ttd,C+D,B,2,X-ray,4ttd,C+D,2,X-ray,7BYP,A,1,X-ray,0,0,NA
4ttd_C+D-B,B:U,1,4ttd,C+D,B,2,X-ray,4ttd,C+D,2,X-ray,7CDO,A,1,X-ray,0,0,NA
4ttd_C+D-B,B:U,2,4ttd,C+D,B,2,X-ray,4ttd,C+D,2,X-ray,7CDM,A,1,X-ray,0,0,NA
6plk_I+M-F,B:U,0,6plk,I+M,F,2,X-ray,6plk,I+M,2,X-ray,5OMZ,A,100,UNKNOWN,0,0,NA
6mg7_H+L-G,B:U,0,6mg7,H+L,G,2,X-ray,6mg7,H+L,2,X-ray,4DKO,A,1,X-ray,0,0,small molecules with n_atoms > 15 detected
6mg7_H+L-G,B:U,1,6mg7,H+L,G,2,X-ray,6mg7,H+L,2,X-ray,4DKO,C,1,X-ray,0,0,small molecules with n_atoms > 15 detected
6mg7_H+L-G,B:U,2,6mg7,H+L,G,2,X-ray,6mg7,H+L,2,X-ray,4RZ8,A,1,X-ray,0,0,small molecules with n_atoms > 15 detected
6mg7_H+L-G,B:U,3,6mg7,H+L,G,2,X-ray,6mg7,H+L,2,X-ray,4RZ8,B,1,X-ray,0,0,small molecules with n_atoms > 15 detected
6mg7_H+L-G,B:U,4,6mg7,H+L,G,2,X-ray,6mg7,H+L,2,X-ray,4RZ8,C,1,X-ray,0,0,small molecules with n_atoms > 15 detected
6mg7_H+L-G,B:U,5,6mg7,H+L,G,2,X-ray,6mg7,H+L,2,X-ray,4RZ8,D,1,X-ray,0,0,small molecules with n_atoms > 15 detected
6mg7_H+L-G,B:U,6,6mg7,H+L,G,2,X-ray,6mg7,H+L,2,X-ray,4DVV,A,1,X-ray,0,0,small molecules with n_atoms > 15 detected
6mg7_H+L-G,B:U,7,6mg7,H+L,G,2,X-ray,6mg7,H+L,2,X-ray,4DVV,B,1,X-ray,0,0,small molecules with n_atoms > 15 detected
6mg7_H+L-G,B:U,8,6mg7,H+L,G,2,X-ray,6mg7,H+L,2,X-ray,4DKP,A,1,X-ray,0,0,small molecules with n_atoms > 15 detected
6mg7_H+L-G,B:U,9,6mg7,H+L,G,2,X-ray,6mg7,H+L,2,X-ray,4DKP,C,1,X-ray,0,0,small molecules with n_atoms > 15 detected
6mg7_H+L-G,B:U,10,6mg7,H+L,G,2,X-ray,6mg7,H+L,2,X-ray,4DKQ,A,1,X-ray,0,0,small molecules with n_atoms > 15 detected
4xzu_E+F-G,B:U,0,4xzu,E+F,G,2,X-ray,4xzu,E+F,2,X-ray,3HNY,M,1,X-ray,0,0,NA
4xzu_E+F-G,B:U,1,4xzu,E+F,G,2,X-ray,4xzu,E+F,2,X-ray,6MF2,A,3,X-ray,0,0,NA
4xzu_E+F-G,B:U,2,4xzu,E+F,G,2,X-ray,4xzu,E+F,2,X-ray,3HOB,M,2,X-ray,0,0,NA
4xzu_E+F-G,B:U,3,4xzu,E+F,G,2,X-ray,4xzu,E+F,2,X-ray,3HOB,A,2,X-ray,0,0,NA
4xzu_E+F-G,B:U,4,4xzu,E+F,G,2,X-ray,4xzu,E+F,2,X-ray,6MF0,A,3,X-ray,0,0,NA
4xzu_E+F-G,B:U,5,4xzu,E+F,G,2,X-ray,4xzu,E+F,2,X-ray,3HNB,M,1,X-ray,0,0,small molecules with n_atoms > 15 detected
6i8s_F+J-B,B:U,0,6i8s,F+J,B,2,X-ray,6i8s,F+J,2,X-ray,4G8R,A,2,X-ray,0,0,NA
6i8s_F+J-B,B:U,1,6i8s,F+J,B,2,X-ray,6i8s,F+J,2,X-ray,4G8R,B,2,X-ray,0,0,small molecules with n_atoms > 15 detected
6i8s_F+J-B,B:U,2,6i8s,F+J,B,2,X-ray,6i8s,F+J,2,X-ray,4G8O,A,2,X-ray,0,0,NA
6i8s_F+J-B,B:U,3,6i8s,F+J,B,2,X-ray,6i8s,F+J,2,X-ray,4G8O,B,2,X-ray,0,0,NA
6i8s_F+J-B,B:U,4,6i8s,F+J,B,2,X-ray,6i8s,F+J,2,X-ray,4G8O,C,2,X-ray,0,0,NA
6i8s_F+J-B,B:U,5,6i8s,F+J,B,2,X-ray,6i8s,F+J,2,X-ray,4G8O,D,2,X-ray,0,0,small molecules with n_atoms > 15 detected
6i8s_F+J-B,B:U,6,6i8s,F+J,B,2,X-ray,6i8s,F+J,2,X-ray,3UT3,A,2,X-ray,0,0,NA
6i8s_F+J-B,B:U,7,6i8s,F+J,B,2,X-ray,6i8s,F+J,2,X-ray,3UT3,B,2,X-ray,0,0,small molecules with n_atoms > 15 detected
6i8s_F+J-B,B:U,8,6i8s,F+J,B,2,X-ray,6i8s,F+J,2,X-ray,3UT3,C,2,X-ray,0,0,NA
6i8s_F+J-B,B:U,9,6i8s,F+J,B,2,X-ray,6i8s,F+J,2,X-ray,3UT3,D,2,X-ray,0,0,NA
6i8s_F+J-B,B:U,10,6i8s,F+J,B,2,X-ray,6i8s,F+J,2,X-ray,1B3K,A,2,X-ray,0,0,NA
6i8s_F+J-B,B:U,11,6i8s,F+J,B,2,X-ray,6i8s,F+J,2,X-ray,1B3K,B,2,X-ray,0,0,NA
6i8s_F+J-B,B:U,12,6i8s,F+J,B,2,X-ray,6i8s,F+J,2,X-ray,1B3K,C,2,X-ray,0,0,NA
6i8s_F+J-B,B:U,13,6i8s,F+J,B,2,X-ray,6i8s,F+J,2,X-ray,1B3K,D,2,X-ray,0,0,NA
4u6h_A+B-E,B:U,0,4u6h,A+B,E,3,X-ray,4u6h,A+B,3,X-ray,1YPY,A,1,X-ray,0,0,NA
4u6h_A+B-E,B:U,1,4u6h,A+B,E,3,X-ray,4u6h,A+B,3,X-ray,1YPY,B,1,X-ray,0,0,NA
6s3d_C+D-M,B:U,0,6s3d,C+D,M,3,X-ray,6s3d,C+D,3,X-ray,6XWI,A,100,UNKNOWN,0,0,NA
1bgx_H+L-T,U:U,0,1bgx,H+L,T,2,X-ray,1AY1,H+L,2,X-ray,1KTQ,A,2,X-ray,0,0,NA
1bgx_H+L-T,U:U,1,1bgx,H+L,T,2,X-ray,1AY1,H+L,2,X-ray,1JXE,A,2,X-ray,0,0,NA
1bgx_H+L-T,U:U,2,1bgx,H+L,T,2,X-ray,1AY1,H+L,2,X-ray,5KTQ,A,2,X-ray,0,0,small molecules with n_atoms > 15 detected
6vy5_H+L-A,B:U,0,6vy5,H+L,A,3,X-ray,6vy5,H+L,3,X-ray,3D11,A,2,X-ray,0,0,small molecules with 7 < n_atoms <= 15 detected
6vy5_H+L-A,B:U,1,6vy5,H+L,A,3,X-ray,6vy5,H+L,3,X-ray,2VWD,A,2,X-ray,0,0,small molecules with 7 < n_atoms <= 15 detected
6vy5_H+L-A,B:U,2,6vy5,H+L,A,3,X-ray,6vy5,H+L,3,X-ray,2VWD,B,2,X-ray,0,0,small molecules with 7 < n_atoms <= 15 detected
4q6i_B+A-K,B:U,0,4q6i,B+A,K,3,X-ray,4q6i,B+A,3,X-ray,1WIO,A,3,X-ray,0,0,NA
4q6i_B+A-K,B:U,1,4q6i,B+A,K,3,X-ray,4q6i,B+A,3,X-ray,1WIO,B,3,X-ray,0,0,NA
4q6i_B+A-K,B:U,2,4q6i,B+A,K,3,X-ray,4q6i,B+A,3,X-ray,1CDJ,A,2,X-ray,0,0,NA
4q6i_B+A-K,B:U,3,4q6i,B+A,K,3,X-ray,4q6i,B+A,3,X-ray,1WIP,A,4,X-ray,0,0,NA
4q6i_B+A-K,B:U,4,4q6i,B+A,K,3,X-ray,4q6i,B+A,3,X-ray,1WIP,B,4,X-ray,0,0,NA
6svl_H+L-Q,B:U,0,6svl,H+L,Q,1,X-ray,6svl,H+L,1,X-ray,6O6W,A,100,UNKNOWN,0,0,NA
6svl_H+L-Q,B:U,1,6svl,H+L,Q,1,X-ray,6svl,H+L,1,X-ray,6SVK,A,1,X-ray,0,0,NA
6svl_H+L-Q,B:U,2,6svl,H+L,Q,1,X-ray,6svl,H+L,1,X-ray,6SVK,B,1,X-ray,0,0,NA
4pgj_A-B,B:U,0,4pgj,A,B,2,X-ray,4pgj,A,2,X-ray,7BYP,A,1,X-ray,0,0,NA
4pgj_A-B,B:U,1,4pgj,A,B,2,X-ray,4pgj,A,2,X-ray,7CDO,A,1,X-ray,0,0,NA
4pgj_A-B,B:U,2,4pgj,A,B,2,X-ray,4pgj,A,2,X-ray,7CDM,A,1,X-ray,0,0,NA
4xvt_H+L-G,B:U,0,4xvt,H+L,G,1,X-ray,4xvt,H+L,1,X-ray,3TGT,A,1,X-ray,0,0,small molecules with 7 < n_atoms <= 15 detected
1c08_B+A-C,B:U,0,1c08,B+A,C,2,X-ray,1c08,B+A,2,X-ray,7BYP,A,1,X-ray,0,0,NA
1c08_B+A-C,B:U,1,1c08,B+A,C,2,X-ray,1c08,B+A,2,X-ray,7CDO,A,1,X-ray,0,0,NA
1c08_B+A-C,B:U,2,1c08,B+A,C,2,X-ray,1c08,B+A,2,X-ray,7CDM,A,1,X-ray,0,0,NA
6flb_H+L-G,B:U,0,6flb,H+L,G,2,X-ray,6flb,H+L,2,X-ray,2JSF,A,100,UNKNOWN,0,0,NA
6cwg_D-C,U:U,0,6cwg,D,C,2,X-ray,6CWK,A,1,X-ray,4HUO,X,1,X-ray,0,0,small molecules with n_atoms > 15 detected
6cwg_D-C,U:U,1,6cwg,D,C,2,X-ray,6CWK,A,1,X-ray,6URX,A,1,X-ray,0,0,small molecules with 7 < n_atoms <= 15 detected
6cwg_D-C,U:U,2,6cwg,D,C,2,X-ray,6CWK,A,1,X-ray,4HV7,X,1,X-ray,0,0,small molecules with n_atoms > 15 detected
6cwg_D-C,U:U,3,6cwg,D,C,2,X-ray,6CWK,A,1,X-ray,4MX5,X,1,X-ray,0,0,small molecules with n_atoms > 15 detected
6cwg_D-C,U:U,4,6cwg,D,C,2,X-ray,6CWK,A,1,X-ray,6URY,A,1,X-ray,0,0,small molecules with n_atoms > 15 detected
6cwg_D-C,U:U,5,6cwg,D,C,2,X-ray,6CWK,A,1,X-ray,6URY,B,1,X-ray,0,0,NA
4utb_I+M-B,B:U,0,4utb,I+M,B,3,X-ray,4utb,I+M,3,X-ray,4UTC,A,3,X-ray,0,0,NA
4utb_I+M-B,B:U,1,4utb,I+M,B,3,X-ray,4utb,I+M,3,X-ray,4UTC,B,3,X-ray,0,0,NA
1jtp_B-M,B:U,0,1jtp,B,M,1,X-ray,1jtp,B,1,X-ray,1TEW,A,1,X-ray,0,0,NA
1jtp_B-M,B:U,1,1jtp,B,M,1,X-ray,1jtp,B,1,X-ray,135L,A,1,X-ray,0,0,NA
1jtp_B-M,B:U,2,1jtp,B,M,1,X-ray,1jtp,B,1,X-ray,1LZY,A,1,X-ray,0,0,NA
1jtp_B-M,B:U,3,1jtp,B,M,1,X-ray,1jtp,B,1,X-ray,1JSE,A,1,X-ray,0,0,NA
1jtp_B-M,B:U,4,1jtp,B,M,1,X-ray,1jtp,B,1,X-ray,1LJN,A,1,X-ray,0,0,NA
6oz3_H+L-G,B:U,0,6oz3,H+L,G,3,X-ray,6oz3,H+L,3,X-ray,4DKO,A,1,X-ray,0,0,small molecules with n_atoms > 15 detected
6oz3_H+L-G,B:U,1,6oz3,H+L,G,3,X-ray,6oz3,H+L,3,X-ray,4DKO,C,1,X-ray,0,0,small molecules with n_atoms > 15 detected
6oz3_H+L-G,B:U,2,6oz3,H+L,G,3,X-ray,6oz3,H+L,3,X-ray,4RZ8,A,1,X-ray,0,0,small molecules with n_atoms > 15 detected
6oz3_H+L-G,B:U,3,6oz3,H+L,G,3,X-ray,6oz3,H+L,3,X-ray,4RZ8,B,1,X-ray,0,0,small molecules with n_atoms > 15 detected
6oz3_H+L-G,B:U,4,6oz3,H+L,G,3,X-ray,6oz3,H+L,3,X-ray,4RZ8,C,1,X-ray,0,0,small molecules with n_atoms > 15 detected
6oz3_H+L-G,B:U,5,6oz3,H+L,G,3,X-ray,6oz3,H+L,3,X-ray,4RZ8,D,1,X-ray,0,0,small molecules with n_atoms > 15 detected
6oz3_H+L-G,B:U,6,6oz3,H+L,G,3,X-ray,6oz3,H+L,3,X-ray,4DVV,A,1,X-ray,0,0,small molecules with n_atoms > 15 detected
6oz3_H+L-G,B:U,7,6oz3,H+L,G,3,X-ray,6oz3,H+L,3,X-ray,4DVV,B,1,X-ray,0,0,small molecules with n_atoms > 15 detected
6oz3_H+L-G,B:U,8,6oz3,H+L,G,3,X-ray,6oz3,H+L,3,X-ray,4DKP,A,1,X-ray,0,0,small molecules with n_atoms > 15 detected
6oz3_H+L-G,B:U,9,6oz3,H+L,G,3,X-ray,6oz3,H+L,3,X-ray,4DKP,C,1,X-ray,0,0,small molecules with n_atoms > 15 detected
6oz3_H+L-G,B:U,10,6oz3,H+L,G,3,X-ray,6oz3,H+L,3,X-ray,4DKQ,A,1,X-ray,0,0,small molecules with n_atoms > 15 detected
4m7l_H+L-T,U:U,0,4m7l,H+L,T,3,X-ray,4M7K,H+L,1,X-ray,1TFH,A,2,X-ray,0,0,NA
4m7l_H+L-T,U:U,1,4m7l,H+L,T,3,X-ray,4M7K,H+L,1,X-ray,1TFH,B,2,X-ray,0,0,NA
2vyr_E-A,B:U,0,2vyr,E,A,2,X-ray,2vyr,E,2,X-ray,3LBJ,E,1,X-ray,0,0,small molecules with n_atoms > 15 detected
2vyr_E-A,B:U,1,2vyr,E,A,2,X-ray,2vyr,E,2,X-ray,6Q9W,A,1,X-ray,0,1,small molecules with n_atoms > 15 detected
2vyr_E-A,B:U,2,2vyr,E,A,2,X-ray,2vyr,E,2,X-ray,6Q9W,B,1,X-ray,0,1,small molecules with n_atoms > 15 detected
2vyr_E-A,B:U,3,2vyr,E,A,2,X-ray,2vyr,E,2,X-ray,6Q9Y,A,1,X-ray,0,1,small molecules with n_atoms > 15 detected
2vyr_E-A,B:U,4,2vyr,E,A,2,X-ray,2vyr,E,2,X-ray,6Q9Y,B,1,X-ray,0,1,small molecules with n_atoms > 15 detected
2vyr_E-A,B:U,5,2vyr,E,A,2,X-ray,2vyr,E,2,X-ray,7EL4,A,2,X-ray,0,2,small molecules with n_atoms > 15 detected
4xt1_C-A,U:U,0,4xt1,C,A,2,X-ray,5WB1,A,3,X-ray,5WB1,A,3,X-ray,0,8,NA
6s3t_R+Q-B,U:U,0,6s3t,R+Q,B,3,X-ray,6RNN,H+L,1,X-ray,6RUX,A,2,X-ray,0,0,NA
6s3t_R+Q-B,U:U,1,6s3t,R+Q,B,3,X-ray,6RNN,D+C,1,X-ray,6RUX,A,2,X-ray,0,0,NA
6s3t_R+Q-B,U:U,2,6s3t,R+Q,B,3,X-ray,6RNN,H+L,1,X-ray,6RUX,B,2,X-ray,0,0,NA
6s3t_R+Q-B,U:U,3,6s3t,R+Q,B,3,X-ray,6RNN,D+C,1,X-ray,6RUX,B,2,X-ray,0,0,NA
6s3t_R+Q-B,U:U,4,6s3t,R+Q,B,3,X-ray,6RNN,H+L,1,X-ray,6RUX,C,2,X-ray,0,0,NA
6s3t_R+Q-B,U:U,5,6s3t,R+Q,B,3,X-ray,6RNN,D+C,1,X-ray,6RUX,C,2,X-ray,0,0,NA
6s3t_R+Q-B,U:U,6,6s3t,R+Q,B,3,X-ray,6RNN,H+L,1,X-ray,6RQG,A,3,X-ray,0,0,NA
6s3t_R+Q-B,U:U,7,6s3t,R+Q,B,3,X-ray,6RNN,D+C,1,X-ray,6RQG,A,3,X-ray,0,0,NA
6s3t_R+Q-B,U:U,8,6s3t,R+Q,B,3,X-ray,6RNN,H+L,1,X-ray,6RQG,B,3,X-ray,0,0,NA
6s3t_R+Q-B,U:U,9,6s3t,R+Q,B,3,X-ray,6RNN,D+C,1,X-ray,6RQG,B,3,X-ray,0,0,NA
6s3t_R+Q-B,U:U,10,6s3t,R+Q,B,3,X-ray,6RNN,H+L,1,X-ray,6RQG,C,3,X-ray,0,0,NA
6s3t_R+Q-B,U:U,11,6s3t,R+Q,B,3,X-ray,6RNN,D+C,1,X-ray,6RQG,C,3,X-ray,0,0,NA
6pi7_C+B-A,B:U,0,6pi7,C+B,A,2,X-ray,6pi7,C+B,2,X-ray,3FDR,A,1,X-ray,0,0,NA
1ahw_E+D-F,U:U,0,1ahw,E+D,F,3,X-ray,1FGN,H+L,2,X-ray,1TFH,A,2,X-ray,0,0,NA
1ahw_E+D-F,U:U,1,1ahw,E+D,F,3,X-ray,1FGN,H+L,2,X-ray,1TFH,B,2,X-ray,0,0,NA
5u4l_B-A,B:U,0,5u4l,B,A,2,X-ray,5u4l,B,2,X-ray,4HUO,X,1,X-ray,0,0,small molecules with n_atoms > 15 detected
5u4l_B-A,B:U,1,5u4l,B,A,2,X-ray,5u4l,B,2,X-ray,6URX,A,1,X-ray,0,0,small molecules with 7 < n_atoms <= 15 detected
5u4l_B-A,B:U,2,5u4l,B,A,2,X-ray,5u4l,B,2,X-ray,4HV7,X,1,X-ray,0,0,small molecules with n_atoms > 15 detected
5u4l_B-A,B:U,3,5u4l,B,A,2,X-ray,5u4l,B,2,X-ray,4MX5,X,1,X-ray,0,0,small molecules with n_atoms > 15 detected
5u4l_B-A,B:U,4,5u4l,B,A,2,X-ray,5u4l,B,2,X-ray,6URY,A,1,X-ray,0,0,small molecules with n_atoms > 15 detected
5u4l_B-A,B:U,5,5u4l,B,A,2,X-ray,5u4l,B,2,X-ray,6URY,B,1,X-ray,0,0,NA
4ydk_H+L-G,B:U,0,4ydk,H+L,G,2,X-ray,4ydk,H+L,2,X-ray,3TGT,A,1,X-ray,0,0,small molecules with n_atoms > 15 detected
6rvc_F-C,B:U,0,6rvc,F,C,2,X-ray,6rvc,F,2,X-ray,6DMO,A,4,EM,0,0,small molecules with 7 < n_atoms <= 15 detected
6rvc_F-C,B:U,1,6rvc,F,C,2,X-ray,6rvc,F,2,X-ray,6OEU,A,3,EM,0,0,NA
6rvc_F-C,B:U,2,6rvc,F,C,2,X-ray,6rvc,F,2,X-ray,6DMB,A,3,EM,0,0,small molecules with n_atoms > 15 detected
5ovw_H-A,B:U,0,5ovw,H,A,2,X-ray,5ovw,H,2,X-ray,1N2Z,A,2,X-ray,0,0,small molecules with n_atoms > 15 detected
5ovw_H-A,B:U,1,5ovw,H,A,2,X-ray,5ovw,H,2,X-ray,1N2Z,B,2,X-ray,0,0,small molecules with n_atoms > 15 detected
6rpj_D-C,B:U,0,6rpj,D,C,3,X-ray,6rpj,D,3,X-ray,1AH1,A,100,UNKNOWN,0,0,NA
6o3a_B+A-E,B:U,0,6o3a,B+A,E,2,X-ray,6o3a,B+A,2,X-ray,5T44,A,1,X-ray,0,0,small molecules with 7 < n_atoms <= 15 detected
6o3a_B+A-E,B:U,1,6o3a,B+A,E,2,X-ray,6o3a,B+A,2,X-ray,5T44,B,1,X-ray,0,0,small molecules with 7 < n_atoms <= 15 detected
2vyr_G-C,B:U,0,2vyr,G,C,2,X-ray,2vyr,G,2,X-ray,3LBJ,E,1,X-ray,0,0,small molecules with n_atoms > 15 detected
2vyr_G-C,B:U,1,2vyr,G,C,2,X-ray,2vyr,G,2,X-ray,6Q9W,A,1,X-ray,0,1,small molecules with n_atoms > 15 detected
2vyr_G-C,B:U,2,2vyr,G,C,2,X-ray,2vyr,G,2,X-ray,6Q9W,B,1,X-ray,0,1,small molecules with n_atoms > 15 detected
2vyr_G-C,B:U,3,2vyr,G,C,2,X-ray,2vyr,G,2,X-ray,6Q9Y,A,1,X-ray,0,1,small molecules with n_atoms > 15 detected
2vyr_G-C,B:U,4,2vyr,G,C,2,X-ray,2vyr,G,2,X-ray,6Q9Y,B,1,X-ray,0,1,small molecules with n_atoms > 15 detected
2vyr_G-C,B:U,5,2vyr,G,C,2,X-ray,2vyr,G,2,X-ray,7EL4,A,2,X-ray,0,2,small molecules with n_atoms > 15 detected
3k80_B-D,B:U,0,3k80,B,D,2,X-ray,3k80,B,2,X-ray,4DNI,A,2,X-ray,0,2,NA
6bpc_B+C-A,U:U,0,6bpc,B+C,A,2,X-ray,6BPB,A+B,1,X-ray,5W53,A,1,X-ray,0,0,NA
6bpc_B+C-A,U:U,1,6bpc,B+C,A,2,X-ray,6BPB,A+B,1,X-ray,5W53,B,1,X-ray,0,0,NA
6cbv_H+L-B,B:U,0,6cbv,H+L,B,1,X-ray,6cbv,H+L,1,X-ray,6LPL,A,2,X-ray,0,0,small molecules with n_atoms > 15 detected
6cbv_H+L-B,B:U,1,6cbv,H+L,B,1,X-ray,6cbv,H+L,1,X-ray,6IIU,A,2,X-ray,0,0,small molecules with n_atoms > 15 detected
6cbv_H+L-B,B:U,2,6cbv,H+L,B,1,X-ray,6cbv,H+L,1,X-ray,6WQA,A,2,X-ray,0,0,small molecules with n_atoms > 15 detected
6cbv_H+L-B,B:U,3,6cbv,H+L,B,1,X-ray,6cbv,H+L,1,X-ray,6RZ4,A,2,X-ray,0,0,small molecules with n_atoms > 15 detected
6cbv_H+L-B,B:U,4,6cbv,H+L,B,1,X-ray,6cbv,H+L,1,X-ray,6LPJ,A,1,X-ray,0,0,small molecules with n_atoms > 15 detected
6iec_H+L-A,B:U,0,6iec,H+L,A,3,X-ray,6iec,H+L,3,X-ray,5Y0W,A,2,X-ray,0,0,NA
6iec_H+L-A,B:U,1,6iec,H+L,A,3,X-ray,6iec,H+L,3,X-ray,5Y0Y,A,3,X-ray,0,0,NA
1xgr_B+A-C,B:U,0,1xgr,B+A,C,2,X-ray,1xgr,B+A,2,X-ray,7BYP,A,1,X-ray,0,0,NA
1xgr_B+A-C,B:U,1,1xgr,B+A,C,2,X-ray,1xgr,B+A,2,X-ray,7CDO,A,1,X-ray,0,0,NA
1xgr_B+A-C,B:U,2,1xgr,B+A,C,2,X-ray,1xgr,B+A,2,X-ray,7CDM,A,1,X-ray,0,0,NA
1jtt_A-L,B:U,0,1jtt,A,L,2,X-ray,1jtt,A,2,X-ray,7BYP,A,1,X-ray,0,0,NA
1jtt_A-L,B:U,1,1jtt,A,L,2,X-ray,1jtt,A,2,X-ray,7CDO,A,1,X-ray,0,0,NA
1jtt_A-L,B:U,2,1jtt,A,L,2,X-ray,1jtt,A,2,X-ray,7CDM,A,1,X-ray,0,0,NA
4s1q_H+L-G,B:U,0,4s1q,H+L,G,2,X-ray,4s1q,H+L,2,X-ray,3TGT,A,1,X-ray,0,0,small molecules with 7 < n_atoms <= 15 detected
6j11_F+G-B,B:U,0,6j11,F+G,B,3,X-ray,6j11,F+G,3,X-ray,5X4R,A,1,X-ray,0,0,NA
6j11_F+G-B,B:U,1,6j11,F+G,B,3,X-ray,6j11,F+G,3,X-ray,5VYH,A,2,X-ray,0,0,small molecules with n_atoms > 15 detected
4iof_C+D-A,B:U,0,4iof,C+D,A,3,X-ray,4iof,C+D,3,X-ray,4IFH,A,3,X-ray,0,0,NA
4iof_C+D-A,B:U,1,4iof,C+D,A,3,X-ray,4iof,C+D,3,X-ray,4IFH,B,3,X-ray,0,0,small molecules with n_atoms > 15 detected
4iof_C+D-A,B:U,2,4iof,C+D,A,3,X-ray,4iof,C+D,3,X-ray,4RE9,A,2,X-ray,0,0,small molecules with n_atoms > 15 detected
4iof_C+D-A,B:U,3,4iof,C+D,A,3,X-ray,4iof,C+D,3,X-ray,4RE9,B,2,X-ray,0,0,small molecules with n_atoms > 15 detected
5f9w_B+C-A,B:U,0,5f9w,B+C,A,2,X-ray,5f9w,B+C,2,X-ray,3TGT,A,1,X-ray,0,0,small molecules with 7 < n_atoms <= 15 detected
2xxm_B-A,B:U,0,2xxm,B,A,1,X-ray,2xxm,B,1,X-ray,4IPY,A,1,X-ray,0,0,NA
2xxm_B-A,B:U,1,2xxm,B,A,1,X-ray,2xxm,B,1,X-ray,4IPY,B,1,X-ray,0,0,NA
2xxm_B-A,B:U,2,2xxm,B,A,1,X-ray,2xxm,B,1,X-ray,4IPY,C,1,X-ray,0,0,NA
2xxm_B-A,B:U,3,2xxm,B,A,1,X-ray,2xxm,B,1,X-ray,4IPY,D,1,X-ray,0,0,NA
6wtv_H+I-G,B:U,0,6wtv,H+I,G,3,X-ray,6wtv,H+I,3,X-ray,5W53,A,1,X-ray,0,0,NA
6wtv_H+I-G,B:U,1,6wtv,H+I,G,3,X-ray,6wtv,H+I,3,X-ray,5W53,B,1,X-ray,0,0,NA
5uoe_P+Q-C,B:U,0,5uoe,P+Q,C,3,X-ray,5uoe,P+Q,3,X-ray,4IFH,A,3,X-ray,0,0,NA
5uoe_P+Q-C,B:U,1,5uoe,P+Q,C,3,X-ray,5uoe,P+Q,3,X-ray,4IFH,B,3,X-ray,0,0,small molecules with n_atoms > 15 detected
5uoe_P+Q-C,B:U,2,5uoe,P+Q,C,3,X-ray,5uoe,P+Q,3,X-ray,4RE9,A,2,X-ray,0,0,small molecules with n_atoms > 15 detected
5uoe_P+Q-C,B:U,3,5uoe,P+Q,C,3,X-ray,5uoe,P+Q,3,X-ray,4RE9,B,2,X-ray,0,0,small molecules with n_atoms > 15 detected
4lgp_D-C,B:U,0,4lgp,D,C,2,X-ray,4lgp,D,2,X-ray,4HUO,X,1,X-ray,0,0,small molecules with n_atoms > 15 detected
4lgp_D-C,B:U,1,4lgp,D,C,2,X-ray,4lgp,D,2,X-ray,6URX,A,1,X-ray,0,0,small molecules with 7 < n_atoms <= 15 detected
4lgp_D-C,B:U,2,4lgp,D,C,2,X-ray,4lgp,D,2,X-ray,4HV7,X,1,X-ray,0,0,small molecules with n_atoms > 15 detected
4lgp_D-C,B:U,3,4lgp,D,C,2,X-ray,4lgp,D,2,X-ray,4MX5,X,1,X-ray,0,0,small molecules with n_atoms > 15 detected
4lgp_D-C,B:U,4,4lgp,D,C,2,X-ray,4lgp,D,2,X-ray,6URY,A,1,X-ray,0,0,small molecules with n_atoms > 15 detected
4lgp_D-C,B:U,5,4lgp,D,C,2,X-ray,4lgp,D,2,X-ray,6URY,B,1,X-ray,0,0,NA
6uta_A+B-C,B:U,0,6uta,A+B,C,3,X-ray,6uta,A+B,3,X-ray,5OMZ,A,100,UNKNOWN,0,0,NA
7chy_H+L-I,B:U,0,7chy,H+L,I,2,X-ray,7chy,H+L,2,X-ray,5R7W,A,1,X-ray,0,0,NA
7chy_H+L-I,B:U,1,7chy,H+L,I,2,X-ray,7chy,H+L,2,X-ray,5R8F,A,1,X-ray,0,0,small molecules with 7 < n_atoms <= 15 detected
7chy_H+L-I,B:U,2,7chy,H+L,I,2,X-ray,7chy,H+L,2,X-ray,5R8P,A,1,X-ray,0,0,small molecules with 7 < n_atoms <= 15 detected
7chy_H+L-I,B:U,3,7chy,H+L,I,2,X-ray,7chy,H+L,2,X-ray,6Y8M,A,1,X-ray,0,0,small molecules with 7 < n_atoms <= 15 detected
7chy_H+L-I,B:U,4,7chy,H+L,I,2,X-ray,7chy,H+L,2,X-ray,6Y8I,A,1,X-ray,0,0,small molecules with 7 < n_atoms <= 15 detected
5h8o_A-B,U:U,0,5h8o,A,B,4,X-ray,5H8D,A,1,X-ray,6KI0,A,2,X-ray,0,0,NA
5h8o_A-B,U:U,1,5h8o,A,B,4,X-ray,5H8D,A,1,X-ray,6KI0,B,2,X-ray,0,0,NA
5h8o_A-B,U:U,2,5h8o,A,B,4,X-ray,5H8D,A,1,X-ray,2KN6,A,100,UNKNOWN,0,0,NA
3nfp_A+B-K,U:U,0,3nfp,A+B,K,2,X-ray,3NFS,H+L,2,X-ray,6VWU,A,3,X-ray,0,0,NA
5j57_B-A,B:U,0,5j57,B,A,1,X-ray,5j57,B,1,X-ray,4HUO,X,1,X-ray,0,0,small molecules with n_atoms > 15 detected
5j57_B-A,B:U,1,5j57,B,A,1,X-ray,5j57,B,1,X-ray,6URX,A,1,X-ray,0,0,small molecules with 7 < n_atoms <= 15 detected
5j57_B-A,B:U,2,5j57,B,A,1,X-ray,5j57,B,1,X-ray,4HV7,X,1,X-ray,0,0,small molecules with n_atoms > 15 detected
5j57_B-A,B:U,3,5j57,B,A,1,X-ray,5j57,B,1,X-ray,4MX5,X,1,X-ray,0,0,small molecules with n_atoms > 15 detected
5j57_B-A,B:U,4,5j57,B,A,1,X-ray,5j57,B,1,X-ray,6URY,A,1,X-ray,0,0,small molecules with n_atoms > 15 detected
5j57_B-A,B:U,5,5j57,B,A,1,X-ray,5j57,B,1,X-ray,6URY,B,1,X-ray,0,0,NA
7dm2_H+L-A,B:U,0,7dm2,H+L,A,2,X-ray,7dm2,H+L,2,X-ray,1PC3,A,2,X-ray,0,0,NA
7dm2_H+L-A,B:U,1,7dm2,H+L,A,2,X-ray,7dm2,H+L,2,X-ray,1PC3,B,2,X-ray,0,0,NA
6ukt_F-B,B:U,0,6ukt,F,B,3,EM,6ukt,F,3,EM,1BOF,A,2,X-ray,0,0,NA
6ukt_F-B,B:U,1,6ukt,F,B,3,EM,6ukt,F,3,EM,1GFI,A,2,X-ray,0,0,NA
6ukt_F-B,B:U,2,6ukt,F,B,3,EM,6ukt,F,3,EM,1GDD,A,2,X-ray,0,0,NA
6ukt_F-B,B:U,3,6ukt,F,B,3,EM,6ukt,F,3,EM,1GIA,A,2,X-ray,0,0,small molecules with n_atoms > 15 detected
6ukt_F-B,B:U,4,6ukt,F,B,3,EM,6ukt,F,3,EM,1CIP,A,1,X-ray,0,0,small molecules with n_atoms > 15 detected
5dum_H+L-A,B:U,0,5dum,H+L,A,3,X-ray,5dum,H+L,3,X-ray,5DUT,A,1,X-ray,0,0,small molecules with 7 < n_atoms <= 15 detected
3stb_B-C,B:U,0,3stb,B,C,2,X-ray,3stb,B,2,X-ray,4DNI,A,2,X-ray,0,0,NA
1zvy_A-B,U:U,0,1zvy,A,B,1,X-ray,6JB9,A,1,X-ray,7BYP,A,1,X-ray,0,0,NA
1zvy_A-B,U:U,1,1zvy,A,B,1,X-ray,6JB9,A,1,X-ray,7CDO,A,1,X-ray,0,0,NA
1zvy_A-B,U:U,2,1zvy,A,B,1,X-ray,6JB9,A,1,X-ray,7CDM,A,1,X-ray,0,0,NA
6iek_B+C-A,B:U,0,6iek,B+C,A,2,X-ray,6iek,B+C,2,X-ray,5Y0W,A,2,X-ray,0,0,NA
6iek_B+C-A,B:U,1,6iek,B+C,A,2,X-ray,6iek,B+C,2,X-ray,5Y0Y,A,3,X-ray,0,0,NA
5vl7_H+L-B,B:U,1,5vl7,H+L,B,3,X-ray,5vl7,H+L,3,X-ray,2P4E,A,1,X-ray,0,0,NA
5vl7_H+L-B,B:U,3,5vl7,H+L,B,3,X-ray,5vl7,H+L,3,X-ray,6U26,B,1,X-ray,0,0,small molecules with n_atoms > 15 detected
4yga_H-G,B:U,0,4yga,H,G,2,X-ray,4yga,H,2,X-ray,3I7B,A,1,X-ray,0,3,small molecules with n_atoms > 15 detected
4yga_H-G,B:U,1,4yga,H,G,2,X-ray,4yga,H,2,X-ray,3HX4,A,1,X-ray,0,0,small molecules with n_atoms > 15 detected
4yga_H-G,B:U,2,4yga,H,G,2,X-ray,4yga,H,2,X-ray,4JBV,A,1,X-ray,0,3,small molecules with n_atoms > 15 detected
4yga_H-G,B:U,3,4yga,H,G,2,X-ray,4yga,H,2,X-ray,3NYV,A,1,X-ray,0,3,small molecules with n_atoms > 15 detected
4yga_H-G,B:U,4,4yga,H,G,2,X-ray,4yga,H,2,X-ray,3V51,A,1,X-ray,0,3,small molecules with n_atoms > 15 detected
3kr3_H+L-D,B:U,0,3kr3,H+L,D,2,X-ray,3kr3,H+L,2,X-ray,1IGL,A,100,UNKNOWN,0,0,NA
3kr3_H+L-D,B:U,1,3kr3,H+L,D,2,X-ray,3kr3,H+L,2,X-ray,5L3L,A,100,UNKNOWN,0,0,NA
3hmx_H+L-A,U:U,0,3hmx,H+L,A,3,X-ray,3HMW,H+L,3,X-ray,1F42,A,2,X-ray,0,0,small molecules with 7 < n_atoms <= 15 detected
6bck_H+L-G,B:U,0,6bck,H+L,G,2,X-ray,6bck,H+L,2,X-ray,4DKO,A,1,X-ray,0,0,small molecules with n_atoms > 15 detected
6bck_H+L-G,B:U,1,6bck,H+L,G,2,X-ray,6bck,H+L,2,X-ray,4DKO,C,1,X-ray,0,0,small molecules with n_atoms > 15 detected
6bck_H+L-G,B:U,2,6bck,H+L,G,2,X-ray,6bck,H+L,2,X-ray,4RZ8,A,1,X-ray,0,0,small molecules with n_atoms > 15 detected
6bck_H+L-G,B:U,3,6bck,H+L,G,2,X-ray,6bck,H+L,2,X-ray,4RZ8,B,1,X-ray,0,0,small molecules with n_atoms > 15 detected
6bck_H+L-G,B:U,4,6bck,H+L,G,2,X-ray,6bck,H+L,2,X-ray,4RZ8,C,1,X-ray,0,0,small molecules with n_atoms > 15 detected
6bck_H+L-G,B:U,5,6bck,H+L,G,2,X-ray,6bck,H+L,2,X-ray,4RZ8,D,1,X-ray,0,0,small molecules with n_atoms > 15 detected
6bck_H+L-G,B:U,6,6bck,H+L,G,2,X-ray,6bck,H+L,2,X-ray,4DVV,A,1,X-ray,0,0,small molecules with n_atoms > 15 detected
6bck_H+L-G,B:U,7,6bck,H+L,G,2,X-ray,6bck,H+L,2,X-ray,4DVV,B,1,X-ray,0,0,small molecules with n_atoms > 15 detected
6bck_H+L-G,B:U,8,6bck,H+L,G,2,X-ray,6bck,H+L,2,X-ray,4DKP,A,1,X-ray,0,0,small molecules with n_atoms > 15 detected
6bck_H+L-G,B:U,9,6bck,H+L,G,2,X-ray,6bck,H+L,2,X-ray,4DKP,C,1,X-ray,0,0,small molecules with n_atoms > 15 detected
6bck_H+L-G,B:U,10,6bck,H+L,G,2,X-ray,6bck,H+L,2,X-ray,4DKQ,A,1,X-ray,0,0,small molecules with n_atoms > 15 detected
6iap_H+L-A,B:U,0,6iap,H+L,A,2,X-ray,6iap,H+L,2,X-ray,1OLL,A,1,X-ray,0,0,NA
6iap_H+L-A,B:U,1,6iap,H+L,A,2,X-ray,6iap,H+L,2,X-ray,1P6F,A,2,X-ray,0,0,NA
4u3x_C-D,B:U,0,4u3x,C,D,2,X-ray,4u3x,C,2,X-ray,7BYP,A,1,X-ray,0,0,NA
4u3x_C-D,B:U,1,4u3x,C,D,2,X-ray,4u3x,C,2,X-ray,7CDO,A,1,X-ray,0,0,NA
4u3x_C-D,B:U,2,4u3x,C,D,2,X-ray,4u3x,C,2,X-ray,7CDM,A,1,X-ray,0,0,NA
4nnp_H+L-A,B:U,0,4nnp,H+L,A,2,X-ray,4nnp,H+L,2,X-ray,4K3V,A,2,X-ray,0,0,NA
4nnp_H+L-A,B:U,1,4nnp,H+L,A,2,X-ray,4nnp,H+L,2,X-ray,4K3V,B,2,X-ray,0,0,NA
4nnp_H+L-A,B:U,2,4nnp,H+L,A,2,X-ray,4nnp,H+L,2,X-ray,4NNO,A,1,X-ray,0,0,NA
5cba_A+B-E,B:U,0,5cba,A+B,E,2,X-ray,5cba,A+B,2,X-ray,6VGJ,A,2,X-ray,0,0,NA
5cba_A+B-E,B:U,1,5cba,A+B,E,2,X-ray,5cba,A+B,2,X-ray,6VGJ,B,2,X-ray,0,0,NA
5cba_A+B-E,B:U,2,5cba,A+B,E,2,X-ray,5cba,A+B,2,X-ray,6VGJ,C,2,X-ray,0,0,NA
5cba_A+B-E,B:U,3,5cba,A+B,E,2,X-ray,5cba,A+B,2,X-ray,6VGJ,D,2,X-ray,0,0,NA
5cba_A+B-E,B:U,4,5cba,A+B,E,2,X-ray,5cba,A+B,2,X-ray,6VGJ,E,2,X-ray,0,0,NA
5cba_A+B-E,B:U,5,5cba,A+B,E,2,X-ray,5cba,A+B,2,X-ray,6VGJ,F,2,X-ray,0,0,NA
5cba_A+B-E,B:U,6,5cba,A+B,E,2,X-ray,5cba,A+B,2,X-ray,6VGJ,G,2,X-ray,0,0,NA
5cba_A+B-E,B:U,7,5cba,A+B,E,2,X-ray,5cba,A+B,2,X-ray,7JNY,A,1,X-ray,0,0,NA
5jmo_C-A,U:U,0,5jmo,C,A,2,X-ray,5JMR,A,2,X-ray,7O1U,A,1,X-ray,0,0,small molecules with n_atoms > 15 detected
5jmo_C-A,U:U,1,5jmo,C,A,2,X-ray,5JMR,B,2,X-ray,7O1U,A,1,X-ray,0,0,small molecules with n_atoms > 15 detected
5jmo_C-A,U:U,2,5jmo,C,A,2,X-ray,5JMR,A,2,X-ray,7O22,A,1,X-ray,0,0,small molecules with n_atoms > 15 detected
5jmo_C-A,U:U,3,5jmo,C,A,2,X-ray,5JMR,B,2,X-ray,7O22,A,1,X-ray,0,0,small molecules with n_atoms > 15 detected
5jmo_C-A,U:U,4,5jmo,C,A,2,X-ray,5JMR,A,2,X-ray,7O1W,A,1,X-ray,0,0,small molecules with n_atoms > 15 detected
5jmo_C-A,U:U,5,5jmo,C,A,2,X-ray,5JMR,B,2,X-ray,7O1W,A,1,X-ray,0,0,small molecules with n_atoms > 15 detected
5jmo_C-A,U:U,6,5jmo,C,A,2,X-ray,5JMR,A,2,X-ray,7O1Y,A,1,X-ray,0,0,small molecules with n_atoms > 15 detected
5jmo_C-A,U:U,7,5jmo,C,A,2,X-ray,5JMR,B,2,X-ray,7O1Y,A,1,X-ray,0,0,small molecules with n_atoms > 15 detected
5jmo_C-A,U:U,8,5jmo,C,A,2,X-ray,5JMR,A,2,X-ray,7O20,A,1,X-ray,0,0,small molecules with n_atoms > 15 detected
5jmo_C-A,U:U,9,5jmo,C,A,2,X-ray,5JMR,B,2,X-ray,7O20,A,1,X-ray,0,0,small molecules with n_atoms > 15 detected
4hkx_A+B-E,B:U,0,4hkx,A+B,E,2,X-ray,4hkx,A+B,2,X-ray,6CHX,A,1,X-ray,0,0,NA
4hkx_A+B-E,B:U,1,4hkx,A+B,E,2,X-ray,4hkx,A+B,2,X-ray,6CHX,B,1,X-ray,0,0,NA
6war_D-C,B:U,0,6war,D,C,3,X-ray,6war,D,3,X-ray,4ZPW,R,3,X-ray,0,0,small molecules with 7 < n_atoms <= 15 detected
6war_D-C,B:U,1,6war,D,C,3,X-ray,6war,D,3,X-ray,4ZPW,S,3,X-ray,0,0,small molecules with 7 < n_atoms <= 15 detected
6jep_K+I-F,B:U,0,6jep,K+I,F,2,X-ray,6jep,K+I,2,X-ray,5OMZ,A,100,UNKNOWN,0,0,NA
4rgn_B+C-A,B:U,0,4rgn,B+C,A,2,X-ray,4rgn,B+C,2,X-ray,3SEB,A,1,X-ray,0,0,NA
4rgn_B+C-A,B:U,1,4rgn,B+C,A,2,X-ray,4rgn,B+C,2,X-ray,1SE3,A,2,X-ray,0,0,NA
4rgn_B+C-A,B:U,2,4rgn,B+C,A,2,X-ray,4rgn,B+C,2,X-ray,1SE4,A,1,X-ray,0,0,NA
7kjh_A-C,B:U,0,7kjh,A,C,2,X-ray,7kjh,A,2,X-ray,7KJ7,B,2,X-ray,0,0,small molecules with n_atoms > 15 detected
7kjh_A-C,B:U,1,7kjh,A,C,2,X-ray,7kjh,A,2,X-ray,7KJ7,A,2,X-ray,0,0,small molecules with n_atoms > 15 detected
4x7d_C-B,B:U,0,4x7d,C,B,2,X-ray,4x7d,C,2,X-ray,4OOS,A,1,X-ray,0,0,NA
4m1c_E+F-B,B:U,0,4m1c,E+F,B,3,X-ray,4m1c,E+F,3,X-ray,4GS8,A,2,X-ray,0,0,small molecules with n_atoms > 15 detected
4m1c_E+F-B,B:U,1,4m1c,E+F,B,3,X-ray,4m1c,E+F,3,X-ray,4GS8,B,2,X-ray,0,0,small molecules with n_atoms > 15 detected
4m1c_E+F-B,B:U,2,4m1c,E+F,B,3,X-ray,4m1c,E+F,3,X-ray,4GSC,A,2,X-ray,0,0,small molecules with n_atoms > 15 detected
4m1c_E+F-B,B:U,3,4m1c,E+F,B,3,X-ray,4m1c,E+F,3,X-ray,4GSC,B,2,X-ray,0,0,small molecules with n_atoms > 15 detected
4m1c_E+F-B,B:U,4,4m1c,E+F,B,3,X-ray,4m1c,E+F,3,X-ray,4NXO,A,2,X-ray,0,0,small molecules with n_atoms > 15 detected
4m1c_E+F-B,B:U,5,4m1c,E+F,B,3,X-ray,4m1c,E+F,3,X-ray,4NXO,B,2,X-ray,0,0,small molecules with n_atoms > 15 detected
2q8a_H+L-A,B:U,0,2q8a,H+L,A,2,X-ray,2q8a,H+L,2,X-ray,4R1C,A,2,X-ray,0,0,NA
2q8a_H+L-A,B:U,1,2q8a,H+L,A,2,X-ray,2q8a,H+L,2,X-ray,4R1C,B,2,X-ray,0,0,NA
2q8a_H+L-A,B:U,2,2q8a,H+L,A,2,X-ray,2q8a,H+L,2,X-ray,4R19,A,1,X-ray,0,0,NA
2q8a_H+L-A,B:U,3,2q8a,H+L,A,2,X-ray,2q8a,H+L,2,X-ray,4R19,B,1,X-ray,0,0,NA
2q8a_H+L-A,B:U,4,2q8a,H+L,A,2,X-ray,2q8a,H+L,2,X-ray,4R1B,A,1,X-ray,0,0,NA
6w7s_H+L-A,B:U,0,6w7s,H+L,A,2,X-ray,6w7s,H+L,2,X-ray,2FR0,A,1,X-ray,0,0,small molecules with n_atoms > 15 detected
6w7s_H+L-A,B:U,1,6w7s,H+L,A,2,X-ray,6w7s,H+L,2,X-ray,2FR1,A,1,X-ray,0,0,small molecules with n_atoms > 15 detected
7o06_A-C,B:U,0,7o06,A,C,1,X-ray,7o06,A,1,X-ray,7NWJ,A,100,UNKNOWN,0,0,NA
6svl_A+B-C,B:U,0,6svl,A+B,C,1,X-ray,6svl,A+B,1,X-ray,6O6W,A,100,UNKNOWN,0,0,NA
6svl_A+B-C,B:U,1,6svl,A+B,C,1,X-ray,6svl,A+B,1,X-ray,6SVK,A,1,X-ray,0,0,NA
6svl_A+B-C,B:U,2,6svl,A+B,C,1,X-ray,6svl,A+B,1,X-ray,6SVK,B,1,X-ray,0,0,NA
4lhq_B-A,B:U,0,4lhq,B,A,2,X-ray,4lhq,B,2,X-ray,4HUO,X,1,X-ray,0,0,small molecules with n_atoms > 15 detected
4lhq_B-A,B:U,1,4lhq,B,A,2,X-ray,4lhq,B,2,X-ray,6URX,A,1,X-ray,0,0,small molecules with 7 < n_atoms <= 15 detected
4lhq_B-A,B:U,2,4lhq,B,A,2,X-ray,4lhq,B,2,X-ray,4HV7,X,1,X-ray,0,0,small molecules with n_atoms > 15 detected
4lhq_B-A,B:U,3,4lhq,B,A,2,X-ray,4lhq,B,2,X-ray,4MX5,X,1,X-ray,0,0,small molecules with n_atoms > 15 detected
4lhq_B-A,B:U,4,4lhq,B,A,2,X-ray,4lhq,B,2,X-ray,6URY,A,1,X-ray,0,0,small molecules with n_atoms > 15 detected
4lhq_B-A,B:U,5,4lhq,B,A,2,X-ray,4lhq,B,2,X-ray,6URY,B,1,X-ray,0,0,NA
4eiz_C-B,B:U,0,4eiz,C,B,2,X-ray,4eiz,C,2,X-ray,7LVC,A,1,X-ray,0,0,small molecules with n_atoms > 15 detected
4eiz_C-B,B:U,1,4eiz,C,B,2,X-ray,4eiz,C,2,X-ray,4PSS,A,0,X-ray,0,0,small molecules with n_atoms > 15 detected
4eiz_C-B,B:U,2,4eiz,C,B,2,X-ray,4eiz,C,2,X-ray,4PSY,A,0,X-ray,0,0,small molecules with n_atoms > 15 detected
4eiz_C-B,B:U,3,4eiz,C,B,2,X-ray,4eiz,C,2,X-ray,7D6G,A,1,Multiple methods,0,0,small molecules with n_atoms > 15 detected
4eiz_C-B,B:U,4,4eiz,C,B,2,X-ray,4eiz,C,2,X-ray,4PTH,A,0,X-ray,0,0,small molecules with n_atoms > 15 detected
2wub_R+Q-C,B:U,0,2wub,R+Q,C,2,X-ray,2wub,R+Q,2,X-ray,1YBW,A,2,X-ray,0,0,small molecules with 7 < n_atoms <= 15 detected
2wub_R+Q-C,B:U,1,2wub,R+Q,C,2,X-ray,2wub,R+Q,2,X-ray,1YBW,B,2,X-ray,0,0,small molecules with 7 < n_atoms <= 15 detected
6ba5_F+E-O,B:U,0,6ba5,F+E,O,1,X-ray,6ba5,F+E,1,X-ray,5Z55,A,100,UNKNOWN,0,0,NA
4jpw_H+L-G,B:U,0,4jpw,H+L,G,2,X-ray,4jpw,H+L,2,X-ray,4DKO,A,1,X-ray,0,0,small molecules with n_atoms > 15 detected
4jpw_H+L-G,B:U,1,4jpw,H+L,G,2,X-ray,4jpw,H+L,2,X-ray,4DKO,C,1,X-ray,0,0,small molecules with n_atoms > 15 detected
4jpw_H+L-G,B:U,2,4jpw,H+L,G,2,X-ray,4jpw,H+L,2,X-ray,4RZ8,A,1,X-ray,0,0,small molecules with n_atoms > 15 detected
4jpw_H+L-G,B:U,3,4jpw,H+L,G,2,X-ray,4jpw,H+L,2,X-ray,4RZ8,B,1,X-ray,0,0,small molecules with n_atoms > 15 detected
4jpw_H+L-G,B:U,4,4jpw,H+L,G,2,X-ray,4jpw,H+L,2,X-ray,4RZ8,C,1,X-ray,0,0,small molecules with n_atoms > 15 detected
4jpw_H+L-G,B:U,5,4jpw,H+L,G,2,X-ray,4jpw,H+L,2,X-ray,4RZ8,D,1,X-ray,0,0,small molecules with n_atoms > 15 detected
4jpw_H+L-G,B:U,6,4jpw,H+L,G,2,X-ray,4jpw,H+L,2,X-ray,4DVV,A,1,X-ray,0,0,small molecules with n_atoms > 15 detected
4jpw_H+L-G,B:U,7,4jpw,H+L,G,2,X-ray,4jpw,H+L,2,X-ray,4DVV,B,1,X-ray,0,0,small molecules with n_atoms > 15 detected
4jpw_H+L-G,B:U,8,4jpw,H+L,G,2,X-ray,4jpw,H+L,2,X-ray,4DKP,A,1,X-ray,0,0,small molecules with n_atoms > 15 detected
4jpw_H+L-G,B:U,9,4jpw,H+L,G,2,X-ray,4jpw,H+L,2,X-ray,4DKP,C,1,X-ray,0,0,small molecules with n_atoms > 15 detected
4jpw_H+L-G,B:U,10,4jpw,H+L,G,2,X-ray,4jpw,H+L,2,X-ray,4DKQ,A,1,X-ray,0,0,small molecules with n_atoms > 15 detected
6osv_H+L-K,B:U,0,6osv,H+L,K,1,X-ray,6osv,H+L,1,X-ray,6OSN,A,1,X-ray,0,1,NA
4nnp_X+Y-B,B:U,0,4nnp,X+Y,B,2,X-ray,4nnp,X+Y,2,X-ray,4K3V,A,2,X-ray,0,0,NA
4nnp_X+Y-B,B:U,1,4nnp,X+Y,B,2,X-ray,4nnp,X+Y,2,X-ray,4K3V,B,2,X-ray,0,0,NA
4nnp_X+Y-B,B:U,2,4nnp,X+Y,B,2,X-ray,4nnp,X+Y,2,X-ray,4NNO,A,1,X-ray,0,0,NA
4xnz_E+F-D,B:U,0,4xnz,E+F,D,3,X-ray,4xnz,E+F,3,X-ray,3TGT,A,1,X-ray,0,0,small molecules with 7 < n_atoms <= 15 detected
4dgi_H+L-A,B:U,0,4dgi,H+L,A,2,X-ray,4dgi,H+L,2,X-ray,5L6R,A,100,UNKNOWN,0,0,NA
4dgi_H+L-A,B:U,1,4dgi,H+L,A,2,X-ray,4dgi,H+L,2,X-ray,6DU9,A,2,X-ray,0,0,NA
4dgi_H+L-A,B:U,2,4dgi,H+L,A,2,X-ray,4dgi,H+L,2,X-ray,5YJ5,A,100,UNKNOWN,0,0,NA
6s8d_Y+U-E,B:U,0,6s8d,Y+U,E,3,EM,6s8d,Y+U,3,EM,2LCY,A,100,UNKNOWN,0,0,NA
6s8d_Y+U-E,B:U,1,6s8d,Y+U,E,3,EM,6s8d,Y+U,3,EM,2LCZ,A,100,UNKNOWN,0,0,NA
3jwd_P+O-B,U:U,0,3jwd,P+O,B,2,X-ray,1RZ7,H+L,2,X-ray,1WIO,A,3,X-ray,0,0,NA
3jwd_P+O-B,U:U,1,3jwd,P+O,B,2,X-ray,1RZ7,H+L,2,X-ray,1WIO,B,3,X-ray,0,0,NA
3jwd_P+O-B,U:U,2,3jwd,P+O,B,2,X-ray,1RZ7,H+L,2,X-ray,1WIQ,A,5,X-ray,0,0,NA
3jwd_P+O-B,U:U,3,3jwd,P+O,B,2,X-ray,1RZ7,H+L,2,X-ray,1WIQ,B,5,X-ray,0,0,NA
3jwd_P+O-B,U:U,4,3jwd,P+O,B,2,X-ray,1RZ7,H+L,2,X-ray,1WIP,A,4,X-ray,0,0,NA
3jwd_P+O-B,U:U,5,3jwd,P+O,B,2,X-ray,1RZ7,H+L,2,X-ray,1WIP,B,4,X-ray,0,0,NA
5grj_H+L-A,U:U,0,5grj,H+L,A,3,X-ray,4NKI,H+L,2,X-ray,3BIS,A,2,X-ray,0,0,NA
5grj_H+L-A,U:U,1,5grj,H+L,A,3,X-ray,4NKI,H+L,2,X-ray,3BIS,B,2,X-ray,0,0,NA
4x7d_D-A,B:U,0,4x7d,D,A,2,X-ray,4x7d,D,2,X-ray,4OOS,A,1,X-ray,0,0,NA
1g7m_B+A-C,B:U,0,1g7m,B+A,C,1,X-ray,1g7m,B+A,1,X-ray,7BYP,A,1,X-ray,0,0,NA
1g7m_B+A-C,B:U,1,1g7m,B+A,C,1,X-ray,1g7m,B+A,1,X-ray,7CDO,A,1,X-ray,0,0,NA
1g7m_B+A-C,B:U,2,1g7m,B+A,C,1,X-ray,1g7m,B+A,1,X-ray,7CDM,A,1,X-ray,0,0,NA
6wxl_H+L-B+A,B:U,0,6wxl,H+L,B+A,2,EM,6wxl,H+L,2,EM,4LN3,B+A,2,X-ray,0,3,small molecules with 7 < n_atoms <= 15 detected
6wxl_H+L-B+A,B:U,1,6wxl,H+L,B+A,2,EM,6wxl,H+L,2,EM,4LN3,D+C,2,X-ray,0,3,small molecules with 7 < n_atoms <= 15 detected
6wxl_H+L-B+A,B:U,2,6wxl,H+L,B+A,2,EM,6wxl,H+L,2,EM,4LN3,F+E,2,X-ray,0,3,small molecules with 7 < n_atoms <= 15 detected
6wxl_H+L-B+A,B:U,3,6wxl,H+L,B+A,2,EM,6wxl,H+L,2,EM,4LN3,H+G,2,X-ray,0,3,small molecules with 7 < n_atoms <= 15 detected
6wxl_H+L-B+A,B:U,4,6wxl,H+L,B+A,2,EM,6wxl,H+L,2,EM,4LN3,J+I,2,X-ray,0,3,small molecules with 7 < n_atoms <= 15 detected
6wxl_H+L-B+A,B:U,5,6wxl,H+L,B+A,2,EM,6wxl,H+L,2,EM,4LN3,L+K,2,X-ray,0,3,small molecules with 7 < n_atoms <= 15 detected
6wxl_H+L-B+A,B:U,6,6wxl,H+L,B+A,2,EM,6wxl,H+L,2,EM,4LN4,B+A,3,X-ray,0,3,small molecules with 7 < n_atoms <= 15 detected
6wxl_H+L-B+A,B:U,7,6wxl,H+L,B+A,2,EM,6wxl,H+L,2,EM,4LN4,D+C,3,X-ray,0,3,small molecules with 7 < n_atoms <= 15 detected
6wxl_H+L-B+A,B:U,8,6wxl,H+L,B+A,2,EM,6wxl,H+L,2,EM,4LN4,F+E,3,X-ray,0,3,small molecules with 7 < n_atoms <= 15 detected
6wxl_H+L-B+A,B:U,9,6wxl,H+L,B+A,2,EM,6wxl,H+L,2,EM,4LN4,H+G,3,X-ray,0,3,small molecules with 7 < n_atoms <= 15 detected
6wxl_H+L-B+A,B:U,10,6wxl,H+L,B+A,2,EM,6wxl,H+L,2,EM,4LN4,J+I,3,X-ray,0,3,small molecules with 7 < n_atoms <= 15 detected
6wxl_H+L-B+A,B:U,11,6wxl,H+L,B+A,2,EM,6wxl,H+L,2,EM,4LN4,L+K,3,X-ray,0,3,small molecules with 7 < n_atoms <= 15 detected
5wk3_W+V-D,U:U,0,5wk3,W+V,D,1,X-ray,5WK2,H+L,1,X-ray,1NR2,A,2,X-ray,0,1,small molecules with 7 < n_atoms <= 15 detected
5wk3_W+V-D,U:U,1,5wk3,W+V,D,1,X-ray,5WK2,H+L,1,X-ray,1NR2,B,2,X-ray,0,1,small molecules with 7 < n_atoms <= 15 detected
3u30_F+E-D,B:U,0,3u30,F+E,D,2,X-ray,3u30,F+E,2,X-ray,2W9N,A,2,X-ray,0,0,NA
3u30_F+E-D,B:U,1,3u30,F+E,D,2,X-ray,3u30,F+E,2,X-ray,3AXC,A,2,X-ray,0,0,NA
6txz_J+N-C,B:U,0,6txz,J+N,C,3,X-ray,6txz,J+N,3,X-ray,5F71,A,2,X-ray,0,0,NA
6txz_J+N-C,B:U,1,6txz,J+N,C,3,X-ray,6txz,J+N,3,X-ray,5F71,B,2,X-ray,0,0,NA
3pnw_K+J-L,B:U,0,3pnw,K+J,L,2,X-ray,3pnw,K+J,2,X-ray,3S6W,A,1,X-ray,0,0,NA
3pnw_K+J-L,B:U,1,3pnw,K+J,L,2,X-ray,3pnw,K+J,2,X-ray,5YJ8,A,1,X-ray,0,0,small molecules with 7 < n_atoms <= 15 detected
3pnw_K+J-L,B:U,2,3pnw,K+J,L,2,X-ray,3pnw,K+J,2,X-ray,3PMT,A,1,X-ray,0,0,small molecules with 7 < n_atoms <= 15 detected
4ut9_H+L-A,B:U,0,4ut9,H+L,A,3,X-ray,4ut9,H+L,3,X-ray,4UTC,A,3,X-ray,0,0,NA
4ut9_H+L-A,B:U,1,4ut9,H+L,A,3,X-ray,4ut9,H+L,3,X-ray,4UTC,B,3,X-ray,0,0,NA
7kbt_E+F-A,B:U,0,7kbt,E+F,A,4,X-ray,7kbt,E+F,4,X-ray,6MF0,A,3,X-ray,0,0,NA
1fe8_H+L-A,B:U,0,1fe8,H+L,A,2,X-ray,1fe8,H+L,2,X-ray,1ATZ,A,1,X-ray,0,0,small molecules with 7 < n_atoms <= 15 detected
1fe8_H+L-A,B:U,1,1fe8,H+L,A,2,X-ray,1fe8,H+L,2,X-ray,1ATZ,B,1,X-ray,0,0,small molecules with 7 < n_atoms <= 15 detected
1fe8_H+L-A,B:U,2,1fe8,H+L,A,2,X-ray,1fe8,H+L,2,X-ray,1AO3,A,2,X-ray,0,0,small molecules with 7 < n_atoms <= 15 detected
1fe8_H+L-A,B:U,3,1fe8,H+L,A,2,X-ray,1fe8,H+L,2,X-ray,1AO3,B,2,X-ray,0,0,small molecules with 7 < n_atoms <= 15 detected
5vxl_B-A,B:U,0,5vxl,B,A,2,X-ray,5vxl,B,2,X-ray,3R9V,A,1,X-ray,0,0,NA
5vxl_B-A,B:U,1,5vxl,B,A,2,X-ray,5vxl,B,2,X-ray,3R9V,B,1,X-ray,0,0,small molecules with n_atoms > 15 detected
4nc0_B-A,B:U,0,4nc0,B,A,2,X-ray,4nc0,B,2,X-ray,2G7C,A,2,X-ray,0,0,NA
4nc0_B-A,B:U,1,4nc0,B,A,2,X-ray,4nc0,B,2,X-ray,2G7C,B,2,X-ray,0,0,NA
4pou_B-A,B:U,0,4pou,B,A,1,X-ray,4pou,B,1,X-ray,8RAT,A,1,X-ray,0,0,NA
4pou_B-A,B:U,1,4pou,B,A,1,X-ray,4pou,B,1,X-ray,6ETL,A,0,X-ray,0,0,NA
4pou_B-A,B:U,2,4pou,B,A,1,X-ray,4pou,B,1,X-ray,6ETM,A,0,X-ray,0,0,NA
4pou_B-A,B:U,3,4pou,B,A,1,X-ray,4pou,B,1,X-ray,7RSA,A,1,X-ray,0,0,small molecules with 7 < n_atoms <= 15 detected
4pou_B-A,B:U,4,4pou,B,A,1,X-ray,4pou,B,1,X-ray,6ETK,A,0,X-ray,0,0,NA
1bzq_M-C,B:U,0,1bzq,M,C,2,X-ray,1bzq,M,2,X-ray,8RAT,A,1,X-ray,0,0,NA
1bzq_M-C,B:U,1,1bzq,M,C,2,X-ray,1bzq,M,2,X-ray,6ETL,A,0,X-ray,0,0,NA
1bzq_M-C,B:U,2,1bzq,M,C,2,X-ray,1bzq,M,2,X-ray,6ETM,A,0,X-ray,0,0,NA
1bzq_M-C,B:U,3,1bzq,M,C,2,X-ray,1bzq,M,2,X-ray,7RSA,A,1,X-ray,0,0,small molecules with 7 < n_atoms <= 15 detected
1bzq_M-C,B:U,4,1bzq,M,C,2,X-ray,1bzq,M,2,X-ray,6ETK,A,0,X-ray,0,0,NA
3jbq_h+l-B,B:U,0,3jbq,h+l,B,11,EM,3jbq,h+l,11,EM,3JWQ,A,2,X-ray,0,0,small molecules with n_atoms > 15 detected
3jbq_h+l-B,B:U,1,3jbq,h+l,B,11,EM,3jbq,h+l,11,EM,3JWQ,B,2,X-ray,0,0,small molecules with n_atoms > 15 detected
3jbq_h+l-B,B:U,2,3jbq,h+l,B,11,EM,3jbq,h+l,11,EM,3JWQ,C,2,X-ray,0,0,small molecules with n_atoms > 15 detected
3jbq_h+l-B,B:U,3,3jbq,h+l,B,11,EM,3jbq,h+l,11,EM,3JWQ,D,2,X-ray,0,0,small molecules with n_atoms > 15 detected
6jb2_A-B,B:U,0,6jb2,A,B,1,X-ray,6jb2,A,1,X-ray,7BYP,A,1,X-ray,0,0,NA
6jb2_A-B,B:U,1,6jb2,A,B,1,X-ray,6jb2,A,1,X-ray,7CDO,A,1,X-ray,0,0,NA
6jb2_A-B,B:U,2,6jb2,A,B,1,X-ray,6jb2,A,1,X-ray,7CDM,A,1,X-ray,0,0,NA
3w2d_H+L-A,B:U,0,3w2d,H+L,A,3,X-ray,3w2d,H+L,3,X-ray,3SEB,A,1,X-ray,0,0,NA
3w2d_H+L-A,B:U,1,3w2d,H+L,A,3,X-ray,3w2d,H+L,3,X-ray,1SE3,A,2,X-ray,0,0,NA
3w2d_H+L-A,B:U,2,3w2d,H+L,A,3,X-ray,3w2d,H+L,3,X-ray,1SE4,A,1,X-ray,0,0,NA
6svl_G+I-J,B:U,0,6svl,G+I,J,1,X-ray,6svl,G+I,1,X-ray,6O6W,A,100,UNKNOWN,0,0,NA
6svl_G+I-J,B:U,1,6svl,G+I,J,1,X-ray,6svl,G+I,1,X-ray,6SVK,A,1,X-ray,0,0,NA
6svl_G+I-J,B:U,2,6svl,G+I,J,1,X-ray,6svl,G+I,1,X-ray,6SVK,B,1,X-ray,0,0,NA
1op9_A-B,B:U,0,1op9,A,B,1,X-ray,1op9,A,1,X-ray,3FE0,A,1,X-ray,0,0,NA
1op9_A-B,B:U,1,1op9,A,B,1,X-ray,1op9,A,1,X-ray,6LFH,X,1,X-ray,0,0,NA
1op9_A-B,B:U,2,1op9,A,B,1,X-ray,1op9,A,1,X-ray,2ZIJ,A,1,X-ray,0,0,NA
1op9_A-B,B:U,3,1op9,A,B,1,X-ray,1op9,A,1,X-ray,2NWD,X,1,X-ray,0,0,NA
1op9_A-B,B:U,4,1op9,A,B,1,X-ray,1op9,A,1,X-ray,5LSH,A,1,X-ray,0,0,NA
4cdg_D-B,B:U,0,4cdg,D,B,2,X-ray,4cdg,D,2,X-ray,2MH9,A,100,UNKNOWN,0,0,NA
6cwg_B-A,U:U,0,6cwg,B,A,2,X-ray,6CWK,A,1,X-ray,4HUO,X,1,X-ray,0,0,small molecules with n_atoms > 15 detected
6cwg_B-A,U:U,1,6cwg,B,A,2,X-ray,6CWK,A,1,X-ray,6URX,A,1,X-ray,0,0,small molecules with 7 < n_atoms <= 15 detected
6cwg_B-A,U:U,2,6cwg,B,A,2,X-ray,6CWK,A,1,X-ray,4HV7,X,1,X-ray,0,0,small molecules with n_atoms > 15 detected
6cwg_B-A,U:U,3,6cwg,B,A,2,X-ray,6CWK,A,1,X-ray,4MX5,X,1,X-ray,0,0,small molecules with n_atoms > 15 detected
6cwg_B-A,U:U,4,6cwg,B,A,2,X-ray,6CWK,A,1,X-ray,6URY,A,1,X-ray,0,0,small molecules with n_atoms > 15 detected
6cwg_B-A,U:U,5,6cwg,B,A,2,X-ray,6CWK,A,1,X-ray,6URY,B,1,X-ray,0,0,NA
3opz_H+L-A,B:U,0,3opz,H+L,A,3,X-ray,3opz,H+L,3,X-ray,1MS1,A,1,X-ray,0,0,small molecules with n_atoms > 15 detected
3opz_H+L-A,B:U,1,3opz,H+L,A,3,X-ray,3opz,H+L,3,X-ray,1MS1,B,1,X-ray,0,0,small molecules with n_atoms > 15 detected
3opz_H+L-A,B:U,2,3opz,H+L,A,3,X-ray,3opz,H+L,3,X-ray,2AH2,A,1,X-ray,0,0,small molecules with n_atoms > 15 detected
3opz_H+L-A,B:U,3,3opz,H+L,A,3,X-ray,3opz,H+L,3,X-ray,1MS9,A,1,X-ray,0,0,NA
3opz_H+L-A,B:U,4,3opz,H+L,A,3,X-ray,3opz,H+L,3,X-ray,1MS9,B,1,X-ray,0,0,NA
3opz_H+L-A,B:U,5,3opz,H+L,A,3,X-ray,3opz,H+L,3,X-ray,1MS3,A,1,X-ray,0,0,NA
3opz_H+L-A,B:U,6,3opz,H+L,A,3,X-ray,3opz,H+L,3,X-ray,1MS3,B,1,X-ray,0,0,NA
3opz_H+L-A,B:U,7,3opz,H+L,A,3,X-ray,3opz,H+L,3,X-ray,3B69,A,1,X-ray,0,0,small molecules with n_atoms > 15 detected
1g7h_B+A-C,B:U,0,1g7h,B+A,C,1,X-ray,1g7h,B+A,1,X-ray,7BYP,A,1,X-ray,0,0,NA
1g7h_B+A-C,B:U,1,1g7h,B+A,C,1,X-ray,1g7h,B+A,1,X-ray,7CDO,A,1,X-ray,0,0,NA
1g7h_B+A-C,B:U,2,1g7h,B+A,C,1,X-ray,1g7h,B+A,1,X-ray,7CDM,A,1,X-ray,0,0,NA
4ydl_B+C-A,B:U,0,4ydl,B+C,A,1,X-ray,4ydl,B+C,1,X-ray,3TGT,A,1,X-ray,0,0,small molecules with 7 < n_atoms <= 15 detected
4k9e_H+L-C,B:U,0,4k9e,H+L,C,2,X-ray,4k9e,H+L,2,X-ray,2EC8,A,3,X-ray,0,0,small molecules with 7 < n_atoms <= 15 detected
6r8x_C+B-A,B:U,0,6r8x,C+B,A,2,X-ray,6r8x,C+B,2,X-ray,6VLV,A,1,X-ray,0,0,small molecules with n_atoms > 15 detected
6r8x_C+B-A,B:U,1,6r8x,C+B,A,2,X-ray,6r8x,C+B,2,X-ray,6USY,A,1,X-ray,0,0,small molecules with n_atoms > 15 detected
6r8x_C+B-A,B:U,2,6r8x,C+B,A,2,X-ray,6r8x,C+B,2,X-ray,6VLU,A,1,X-ray,0,0,small molecules with n_atoms > 15 detected
6r8x_C+B-A,B:U,3,6r8x,C+B,A,2,X-ray,6r8x,C+B,2,X-ray,7MBO,A,0,X-ray,0,0,small molecules with n_atoms > 15 detected
6r8x_C+B-A,B:U,4,6r8x,C+B,A,2,X-ray,6r8x,C+B,2,X-ray,6TS5,A,1,X-ray,0,0,small molecules with n_atoms > 15 detected
5ush_D+E-A,B:U,0,5ush,D+E,A,2,X-ray,5ush,D+E,2,X-ray,4E9O,X,1,X-ray,0,0,NA
3pnw_Q+P-R,B:U,0,3pnw,Q+P,R,2,X-ray,3pnw,Q+P,2,X-ray,3S6W,A,1,X-ray,0,0,NA
1mlc_D+C-F,U:U,0,1mlc,D+C,F,2,X-ray,1MLB,B+A,2,X-ray,7BYP,A,1,X-ray,0,0,NA
1mlc_D+C-F,U:U,1,1mlc,D+C,F,2,X-ray,1MLB,B+A,2,X-ray,7CDO,A,1,X-ray,0,0,NA
1mlc_D+C-F,U:U,2,1mlc,D+C,F,2,X-ray,1MLB,B+A,2,X-ray,7CDM,A,1,X-ray,0,0,NA
6ayz_R+C-M,B:U,0,6ayz,R+C,M,2,X-ray,6ayz,R+C,2,X-ray,2IDC,A,2,X-ray,0,0,NA
6ayz_R+C-M,B:U,1,6ayz,R+C,M,2,X-ray,6ayz,R+C,2,X-ray,1WG3,A,3,X-ray,0,0,NA
6ayz_R+C-M,B:U,2,6ayz,R+C,M,2,X-ray,6ayz,R+C,2,X-ray,1ROC,A,1,X-ray,0,0,NA
1jto_B-M,B:U,0,1jto,B,M,2,X-ray,1jto,B,2,X-ray,7BYP,A,1,X-ray,0,0,NA
1jto_B-M,B:U,1,1jto,B,M,2,X-ray,1jto,B,2,X-ray,7CDO,A,1,X-ray,0,0,NA
1jto_B-M,B:U,2,1jto,B,M,2,X-ray,1jto,B,2,X-ray,7CDM,A,1,X-ray,0,0,NA
4g6j_H+L-A,U:U,0,4g6j,H+L,A,2,X-ray,4G5Z,H+L,1,X-ray,5R7W,A,1,X-ray,0,0,NA
4g6j_H+L-A,U:U,1,4g6j,H+L,A,2,X-ray,4G5Z,H+L,1,X-ray,5R8F,A,1,X-ray,0,0,small molecules with 7 < n_atoms <= 15 detected
4g6j_H+L-A,U:U,2,4g6j,H+L,A,2,X-ray,4G5Z,H+L,1,X-ray,5R8P,A,1,X-ray,0,0,small molecules with 7 < n_atoms <= 15 detected
4g6j_H+L-A,U:U,3,4g6j,H+L,A,2,X-ray,4G5Z,H+L,1,X-ray,6Y8M,A,1,X-ray,0,0,small molecules with 7 < n_atoms <= 15 detected
4g6j_H+L-A,U:U,4,4g6j,H+L,A,2,X-ray,4G5Z,H+L,1,X-ray,6Y8I,A,1,X-ray,0,0,small molecules with 7 < n_atoms <= 15 detected
5usl_H+L-X,B:U,0,5usl,H+L,X,2,X-ray,5usl,H+L,2,X-ray,4E9O,X,1,X-ray,0,0,NA
4n9o_B-A,B:U,0,4n9o,B,A,1,X-ray,4n9o,B,1,X-ray,5L6R,A,100,UNKNOWN,0,0,NA
4n9o_B-A,B:U,1,4n9o,B,A,1,X-ray,4n9o,B,1,X-ray,6DU9,A,2,X-ray,0,0,NA
4n9o_B-A,B:U,2,4n9o,B,A,1,X-ray,4n9o,B,1,X-ray,5YJ5,A,100,UNKNOWN,0,0,NA
4lhq_D-C,B:U,0,4lhq,D,C,2,X-ray,4lhq,D,2,X-ray,4HUO,X,1,X-ray,0,0,small molecules with n_atoms > 15 detected
4lhq_D-C,B:U,1,4lhq,D,C,2,X-ray,4lhq,D,2,X-ray,6URX,A,1,X-ray,0,0,small molecules with 7 < n_atoms <= 15 detected
4lhq_D-C,B:U,2,4lhq,D,C,2,X-ray,4lhq,D,2,X-ray,4HV7,X,1,X-ray,0,0,small molecules with n_atoms > 15 detected
4lhq_D-C,B:U,3,4lhq,D,C,2,X-ray,4lhq,D,2,X-ray,4MX5,X,1,X-ray,0,0,small molecules with n_atoms > 15 detected
4lhq_D-C,B:U,4,4lhq,D,C,2,X-ray,4lhq,D,2,X-ray,6URY,A,1,X-ray,0,0,small molecules with n_atoms > 15 detected
4lhq_D-C,B:U,5,4lhq,D,C,2,X-ray,4lhq,D,2,X-ray,6URY,B,1,X-ray,0,0,NA
3jab_H+L-C,U:U,0,3jab,H+L,C,11,EM,12E8,H+H,1,X-ray,3JWQ,A,2,X-ray,0,0,small molecules with n_atoms > 15 detected
3jab_H+L-C,U:U,1,3jab,H+L,C,11,EM,12E8,P+P,1,X-ray,3JWQ,A,2,X-ray,0,0,small molecules with n_atoms > 15 detected
3jab_H+L-C,U:U,2,3jab,H+L,C,11,EM,12E8,H+H,1,X-ray,3JWQ,B,2,X-ray,0,0,small molecules with n_atoms > 15 detected
3jab_H+L-C,U:U,3,3jab,H+L,C,11,EM,12E8,P+P,1,X-ray,3JWQ,B,2,X-ray,0,0,small molecules with n_atoms > 15 detected
3jab_H+L-C,U:U,4,3jab,H+L,C,11,EM,12E8,H+H,1,X-ray,3JWQ,C,2,X-ray,0,0,small molecules with n_atoms > 15 detected
3jab_H+L-C,U:U,5,3jab,H+L,C,11,EM,12E8,P+P,1,X-ray,3JWQ,C,2,X-ray,0,0,small molecules with n_atoms > 15 detected
3jab_H+L-C,U:U,6,3jab,H+L,C,11,EM,12E8,H+H,1,X-ray,3JWQ,D,2,X-ray,0,0,small molecules with n_atoms > 15 detected
3jab_H+L-C,U:U,7,3jab,H+L,C,11,EM,12E8,P+P,1,X-ray,3JWQ,D,2,X-ray,0,0,small molecules with n_atoms > 15 detected
5utz_F+G-E,B:U,0,5utz,F+G,E,2,X-ray,5utz,F+G,2,X-ray,1PW6,A,2,X-ray,0,0,small molecules with n_atoms > 15 detected
5utz_F+G-E,B:U,1,5utz,F+G,E,2,X-ray,5utz,F+G,2,X-ray,1PW6,B,2,X-ray,0,0,small molecules with n_atoms > 15 detected
5utz_F+G-E,B:U,2,5utz,F+G,E,2,X-ray,5utz,F+G,2,X-ray,1M4C,A,2,X-ray,0,0,NA
5utz_F+G-E,B:U,3,5utz,F+G,E,2,X-ray,5utz,F+G,2,X-ray,1M4C,B,2,X-ray,0,0,NA
5utz_F+G-E,B:U,4,5utz,F+G,E,2,X-ray,5utz,F+G,2,X-ray,1M49,A,2,X-ray,0,0,small molecules with n_atoms > 15 detected
5utz_F+G-E,B:U,5,5utz,F+G,E,2,X-ray,5utz,F+G,2,X-ray,1M49,B,2,X-ray,0,0,small molecules with n_atoms > 15 detected
5utz_F+G-E,B:U,6,5utz,F+G,E,2,X-ray,5utz,F+G,2,X-ray,1M47,A,1,X-ray,0,0,NA
5utz_F+G-E,B:U,7,5utz,F+G,E,2,X-ray,5utz,F+G,2,X-ray,1M48,A,1,X-ray,0,0,small molecules with n_atoms > 15 detected
5utz_F+G-E,B:U,8,5utz,F+G,E,2,X-ray,5utz,F+G,2,X-ray,1M48,B,1,X-ray,0,0,small molecules with n_atoms > 15 detected
3ld8_C+B-A,B:U,0,3ld8,C+B,A,2,X-ray,3ld8,C+B,2,X-ray,6MEV,A,2,X-ray,0,0,small molecules with 7 < n_atoms <= 15 detected
3ld8_C+B-A,B:U,1,3ld8,C+B,A,2,X-ray,3ld8,C+B,2,X-ray,6MEV,B,2,X-ray,0,0,small molecules with 7 < n_atoms <= 15 detected
3ld8_C+B-A,B:U,2,3ld8,C+B,A,2,X-ray,3ld8,C+B,2,X-ray,6MEV,C,2,X-ray,0,0,small molecules with 7 < n_atoms <= 15 detected
3ld8_C+B-A,B:U,3,3ld8,C+B,A,2,X-ray,3ld8,C+B,2,X-ray,6MEV,D,2,X-ray,0,0,small molecules with 7 < n_atoms <= 15 detected
3ld8_C+B-A,B:U,4,3ld8,C+B,A,2,X-ray,3ld8,C+B,2,X-ray,6MEV,E,2,X-ray,0,0,small molecules with 7 < n_atoms <= 15 detected
3ld8_C+B-A,B:U,5,3ld8,C+B,A,2,X-ray,3ld8,C+B,2,X-ray,6MEV,F,2,X-ray,0,0,small molecules with 7 < n_atoms <= 15 detected
3ld8_C+B-A,B:U,6,3ld8,C+B,A,2,X-ray,3ld8,C+B,2,X-ray,6MEV,G,2,X-ray,0,0,small molecules with 7 < n_atoms <= 15 detected
3ld8_C+B-A,B:U,7,3ld8,C+B,A,2,X-ray,3ld8,C+B,2,X-ray,6MEV,H,2,X-ray,0,0,small molecules with 7 < n_atoms <= 15 detected
3mxw_H+L-A,U:U,0,3mxw,H+L,A,1,X-ray,3MXV,H+L,1,X-ray,3M1N,A,1,X-ray,0,0,NA
3mxw_H+L-A,U:U,1,3mxw,H+L,A,1,X-ray,3MXV,H+L,1,X-ray,3M1N,B,1,X-ray,0,0,NA
3mxw_H+L-A,U:U,2,3mxw,H+L,A,1,X-ray,3MXV,H+L,1,X-ray,6PJV,A,1,X-ray,0,0,small molecules with 7 < n_atoms <= 15 detected
4grw_E-D,B:U,0,4grw,E,D,2,X-ray,4grw,E,2,X-ray,1F42,A,2,X-ray,0,0,small molecules with 7 < n_atoms <= 15 detected
7d8b_B-A,B:U,0,7d8b,B,A,2,X-ray,7d8b,B,2,X-ray,7MEU,A,1,X-ray,0,0,small molecules with n_atoms > 15 detected
7d8b_B-A,B:U,1,7d8b,B,A,2,X-ray,7d8b,B,2,X-ray,7MEU,B,1,X-ray,0,0,small molecules with n_atoms > 15 detected
7d8b_B-A,B:U,2,7d8b,B,A,2,X-ray,7d8b,B,2,X-ray,4TPW,A,1,X-ray,0,0,small molecules with n_atoms > 15 detected
7d8b_B-A,B:U,3,7d8b,B,A,2,X-ray,7d8b,B,2,X-ray,4TPW,B,1,X-ray,0,0,small molecules with n_atoms > 15 detected
7d8b_B-A,B:U,4,7d8b,B,A,2,X-ray,7d8b,B,2,X-ray,4TQC,A,1,X-ray,0,0,small molecules with n_atoms > 15 detected
7d8b_B-A,B:U,5,7d8b,B,A,2,X-ray,7d8b,B,2,X-ray,4TQC,B,1,X-ray,0,0,small molecules with n_atoms > 15 detected
7d8b_B-A,B:U,6,7d8b,B,A,2,X-ray,7d8b,B,2,X-ray,4TQB,A,1,X-ray,0,0,small molecules with n_atoms > 15 detected
7d8b_B-A,B:U,7,7d8b,B,A,2,X-ray,7d8b,B,2,X-ray,4TQB,B,1,X-ray,0,0,small molecules with n_atoms > 15 detected
7d8b_B-A,B:U,8,7d8b,B,A,2,X-ray,7d8b,B,2,X-ray,4DUM,A,2,X-ray,0,0,small molecules with n_atoms > 15 detected
5vig_H+L-Z,B:U,0,5vig,H+L,Z,3,X-ray,5vig,H+L,3,X-ray,5OMZ,A,100,UNKNOWN,0,0,NA
3ulv_H+L-A,U:U,0,3ulv,H+L,A,3,X-ray,3NA9,H+L,1,X-ray,1ZIW,A,2,X-ray,0,4,small molecules with 7 < n_atoms <= 15 detected
3ulv_H+L-A,U:U,1,3ulv,H+L,A,3,X-ray,3NA9,H+L,1,X-ray,2A0Z,A,2,X-ray,0,0,small molecules with 7 < n_atoms <= 15 detected
6vmk_Z+Y-a,B:U,0,6vmk,Z+Y,a,3,X-ray,6vmk,Z+Y,3,X-ray,6FTY,A,1,X-ray,0,0,small molecules with n_atoms > 15 detected
6vmk_Z+Y-a,B:U,1,6vmk,Z+Y,a,3,X-ray,6vmk,Z+Y,3,X-ray,6FUT,A,1,X-ray,0,0,small molecules with n_atoms > 15 detected
6vmk_Z+Y-a,B:U,2,6vmk,Z+Y,a,3,X-ray,6vmk,Z+Y,3,X-ray,6FUI,A,1,X-ray,0,0,small molecules with n_atoms > 15 detected
6vmk_Z+Y-a,B:U,3,6vmk,Z+Y,a,3,X-ray,6vmk,Z+Y,3,X-ray,6QMT,A,1,X-ray,0,0,small molecules with n_atoms > 15 detected
6vmk_Z+Y-a,B:U,4,6vmk,Z+Y,a,3,X-ray,6vmk,Z+Y,3,X-ray,6QMT,B,1,X-ray,0,0,small molecules with n_atoms > 15 detected
6vmk_Z+Y-a,B:U,5,6vmk,Z+Y,a,3,X-ray,6vmk,Z+Y,3,X-ray,6FUH,A,1,X-ray,0,0,small molecules with n_atoms > 15 detected
5x8m_B+C-A,B:U,0,5x8m,B+C,A,2,X-ray,5x8m,B+C,2,X-ray,5C3T,A,1,X-ray,0,5,NA
4xx1_M+O-J,B:U,0,4xx1,M+O,J,3,X-ray,4xx1,M+O,3,X-ray,4X96,A,8,X-ray,0,0,small molecules with 7 < n_atoms <= 15 detected
4xx1_M+O-J,B:U,1,4xx1,M+O,J,3,X-ray,4xx1,M+O,3,X-ray,4X96,B,8,X-ray,0,0,small molecules with 7 < n_atoms <= 15 detected
4xx1_M+O-J,B:U,2,4xx1,M+O,J,3,X-ray,4xx1,M+O,3,X-ray,4X96,C,8,X-ray,0,0,small molecules with 7 < n_atoms <= 15 detected
4xx1_M+O-J,B:U,3,4xx1,M+O,J,3,X-ray,4xx1,M+O,3,X-ray,4X96,D,8,X-ray,0,0,small molecules with 7 < n_atoms <= 15 detected
4xx1_M+O-J,B:U,4,4xx1,M+O,J,3,X-ray,4xx1,M+O,3,X-ray,5TXF,A,3,X-ray,0,0,small molecules with 7 < n_atoms <= 15 detected
4xx1_M+O-J,B:U,5,4xx1,M+O,J,3,X-ray,4xx1,M+O,3,X-ray,5TXF,B,3,X-ray,0,0,NA
4xx1_M+O-J,B:U,6,4xx1,M+O,J,3,X-ray,4xx1,M+O,3,X-ray,5TXF,C,3,X-ray,0,0,NA
4xx1_M+O-J,B:U,7,4xx1,M+O,J,3,X-ray,4xx1,M+O,3,X-ray,5TXF,D,3,X-ray,0,0,small molecules with 7 < n_atoms <= 15 detected
4xx1_M+O-J,B:U,8,4xx1,M+O,J,3,X-ray,4xx1,M+O,3,X-ray,6MVD,A,3,X-ray,0,0,small molecules with n_atoms > 15 detected
4xx1_M+O-J,B:U,9,4xx1,M+O,J,3,X-ray,4xx1,M+O,3,X-ray,6MVD,B,3,X-ray,0,0,small molecules with n_atoms > 15 detected
6war_H-G,B:U,0,6war,H,G,3,X-ray,6war,H,3,X-ray,4ZPW,R,3,X-ray,0,0,small molecules with 7 < n_atoms <= 15 detected
6war_H-G,B:U,1,6war,H,G,3,X-ray,6war,H,3,X-ray,4ZPW,S,3,X-ray,0,0,small molecules with 7 < n_atoms <= 15 detected
3p0g_B-A,B:U,0,3p0g,B,A,3,X-ray,3p0g,B,3,X-ray,6OBA,A,3,X-ray,0,0,small molecules with n_atoms > 15 detected
3p0g_B-A,B:U,1,3p0g,B,A,3,X-ray,3p0g,B,3,X-ray,5D6L,A,3,X-ray,0,0,small molecules with n_atoms > 15 detected
3p0g_B-A,B:U,2,3p0g,B,A,3,X-ray,3p0g,B,3,X-ray,5D5A,A,2,X-ray,0,0,small molecules with n_atoms > 15 detected
3p0g_B-A,B:U,3,3p0g,B,A,3,X-ray,3p0g,B,3,X-ray,2RH1,A,2,X-ray,0,0,small molecules with n_atoms > 15 detected
3p0g_B-A,B:U,4,3p0g,B,A,3,X-ray,3p0g,B,3,X-ray,5X7D,A,2,X-ray,0,0,small molecules with n_atoms > 15 detected
5c7x_H+L-A,U:U,0,5c7x,H+L,A,2,X-ray,5D7S,H+L,1,X-ray,2GMF,A,2,X-ray,0,0,NA
5c7x_H+L-A,U:U,1,5c7x,H+L,A,2,X-ray,5D7S,H+L,1,X-ray,2GMF,B,2,X-ray,0,0,NA
5vkd_H+L-A,B:U,0,5vkd,H+L,A,1,X-ray,5vkd,H+L,1,X-ray,5DSD,A,2,X-ray,0,0,NA
5j56_B-A,B:U,0,5j56,B,A,1,X-ray,5j56,B,1,X-ray,4HUO,X,1,X-ray,0,0,small molecules with n_atoms > 15 detected
5j56_B-A,B:U,1,5j56,B,A,1,X-ray,5j56,B,1,X-ray,6URX,A,1,X-ray,0,0,small molecules with 7 < n_atoms <= 15 detected
5j56_B-A,B:U,2,5j56,B,A,1,X-ray,5j56,B,1,X-ray,4HV7,X,1,X-ray,0,0,small molecules with n_atoms > 15 detected
5j56_B-A,B:U,3,5j56,B,A,1,X-ray,5j56,B,1,X-ray,4MX5,X,1,X-ray,0,0,small molecules with n_atoms > 15 detected
5j56_B-A,B:U,4,5j56,B,A,1,X-ray,5j56,B,1,X-ray,6URY,A,1,X-ray,0,0,small molecules with n_atoms > 15 detected
5j56_B-A,B:U,5,5j56,B,A,1,X-ray,5j56,B,1,X-ray,6URY,B,1,X-ray,0,0,NA
2p46_B-A,B:U,0,2p46,B,A,2,X-ray,2p46,B,2,X-ray,8RAT,A,1,X-ray,0,0,NA
2p46_B-A,B:U,1,2p46,B,A,2,X-ray,2p46,B,2,X-ray,6ETL,A,0,X-ray,0,0,NA
2p46_B-A,B:U,2,2p46,B,A,2,X-ray,2p46,B,2,X-ray,6ETM,A,0,X-ray,0,0,NA
2p46_B-A,B:U,3,2p46,B,A,2,X-ray,2p46,B,2,X-ray,7RSA,A,1,X-ray,0,0,small molecules with 7 < n_atoms <= 15 detected
2p46_B-A,B:U,4,2p46,B,A,2,X-ray,2p46,B,2,X-ray,6ETK,A,0,X-ray,0,0,NA
3a6c_H+L-Y,B:U,0,3a6c,H+L,Y,1,X-ray,3a6c,H+L,1,X-ray,7BYP,A,1,X-ray,0,0,NA
3a6c_H+L-Y,B:U,1,3a6c,H+L,Y,1,X-ray,3a6c,H+L,1,X-ray,7CDO,A,1,X-ray,0,0,NA
3a6c_H+L-Y,B:U,2,3a6c,H+L,Y,1,X-ray,3a6c,H+L,1,X-ray,7CDM,A,1,X-ray,0,0,NA
6gwn_B-A,B:U,0,6gwn,B,A,2,X-ray,6gwn,B,2,X-ray,3Q02,A,2,X-ray,0,0,NA
6gwn_B-A,B:U,1,6gwn,B,A,2,X-ray,6gwn,B,2,X-ray,3Q02,B,2,X-ray,0,0,NA
6gwn_B-A,B:U,2,6gwn,B,A,2,X-ray,6gwn,B,2,X-ray,3Q03,A,2,X-ray,0,0,NA
6gwn_B-A,B:U,3,6gwn,B,A,2,X-ray,6gwn,B,2,X-ray,3Q03,B,2,X-ray,0,0,NA
2yss_B+A-C,B:U,0,2yss,B+A,C,2,X-ray,2yss,B+A,2,X-ray,7BYP,A,1,X-ray,0,0,NA
2yss_B+A-C,B:U,1,2yss,B+A,C,2,X-ray,2yss,B+A,2,X-ray,7CDO,A,1,X-ray,0,0,NA
2yss_B+A-C,B:U,2,2yss,B+A,C,2,X-ray,2yss,B+A,2,X-ray,7CDM,A,1,X-ray,0,0,NA
1z3g_I+M-B,B:U,0,1z3g,I+M,B,3,X-ray,1z3g,I+M,3,X-ray,1Z27,A,2,X-ray,0,0,NA
5kvf_H+L-E,B:U,0,5kvf,H+L,E,1,X-ray,5kvf,H+L,1,X-ray,5OMZ,A,100,UNKNOWN,0,0,small molecules with 7 < n_atoms <= 15 detected
7lfa_H+L-C,B:U,0,7lfa,H+L,C,1,X-ray,7lfa,H+L,1,X-ray,7L6K,A,100,UNKNOWN,0,0,small molecules with 7 < n_atoms <= 15 detected
5w4l_B+C-A,B:U,0,5w4l,B+C,A,2,X-ray,5w4l,B+C,2,X-ray,4DKO,A,1,X-ray,0,0,small molecules with n_atoms > 15 detected
5w4l_B+C-A,B:U,1,5w4l,B+C,A,2,X-ray,5w4l,B+C,2,X-ray,4DKO,C,1,X-ray,0,0,small molecules with n_atoms > 15 detected
5w4l_B+C-A,B:U,2,5w4l,B+C,A,2,X-ray,5w4l,B+C,2,X-ray,4RZ8,A,1,X-ray,0,0,small molecules with n_atoms > 15 detected
5w4l_B+C-A,B:U,3,5w4l,B+C,A,2,X-ray,5w4l,B+C,2,X-ray,4RZ8,B,1,X-ray,0,0,small molecules with n_atoms > 15 detected
5w4l_B+C-A,B:U,4,5w4l,B+C,A,2,X-ray,5w4l,B+C,2,X-ray,4RZ8,C,1,X-ray,0,0,small molecules with n_atoms > 15 detected
5w4l_B+C-A,B:U,5,5w4l,B+C,A,2,X-ray,5w4l,B+C,2,X-ray,4RZ8,D,1,X-ray,0,0,small molecules with n_atoms > 15 detected
5w4l_B+C-A,B:U,6,5w4l,B+C,A,2,X-ray,5w4l,B+C,2,X-ray,4DVV,A,1,X-ray,0,0,small molecules with n_atoms > 15 detected
5w4l_B+C-A,B:U,7,5w4l,B+C,A,2,X-ray,5w4l,B+C,2,X-ray,4DVV,B,1,X-ray,0,0,small molecules with n_atoms > 15 detected
5w4l_B+C-A,B:U,8,5w4l,B+C,A,2,X-ray,5w4l,B+C,2,X-ray,4DKP,A,1,X-ray,0,0,small molecules with n_atoms > 15 detected
5w4l_B+C-A,B:U,9,5w4l,B+C,A,2,X-ray,5w4l,B+C,2,X-ray,4DKP,C,1,X-ray,0,0,small molecules with n_atoms > 15 detected
5w4l_B+C-A,B:U,10,5w4l,B+C,A,2,X-ray,5w4l,B+C,2,X-ray,4DKQ,A,1,X-ray,0,0,small molecules with n_atoms > 15 detected
5ush_H+L-X,B:U,0,5ush,H+L,X,2,X-ray,5ush,H+L,2,X-ray,4E9O,X,1,X-ray,0,0,NA
1mel_B-M,B:U,0,1mel,B,M,2,X-ray,1mel,B,2,X-ray,7BYP,A,1,X-ray,0,0,NA
1mel_B-M,B:U,1,1mel,B,M,2,X-ray,1mel,B,2,X-ray,7CDO,A,1,X-ray,0,0,NA
1mel_B-M,B:U,2,1mel,B,M,2,X-ray,1mel,B,2,X-ray,7CDM,A,1,X-ray,0,0,NA
5mo9_H+L-X,B:U,0,5mo9,H+L,X,2,X-ray,5mo9,H+L,2,X-ray,1WWB,X,2,X-ray,0,0,NA
5hvh_B-A,B:U,0,5hvh,B,A,3,X-ray,5hvh,B,3,X-ray,7NEE,A,2,X-ray,0,0,small molecules with n_atoms > 15 detected
6vmk_i+h-j,B:U,0,6vmk,i+h,j,3,X-ray,6vmk,i+h,3,X-ray,6FTY,A,1,X-ray,0,0,small molecules with n_atoms > 15 detected
6vmk_i+h-j,B:U,1,6vmk,i+h,j,3,X-ray,6vmk,i+h,3,X-ray,6FUT,A,1,X-ray,0,0,small molecules with n_atoms > 15 detected
6vmk_i+h-j,B:U,2,6vmk,i+h,j,3,X-ray,6vmk,i+h,3,X-ray,6FUI,A,1,X-ray,0,0,small molecules with n_atoms > 15 detected
6vmk_i+h-j,B:U,3,6vmk,i+h,j,3,X-ray,6vmk,i+h,3,X-ray,6QMT,A,1,X-ray,0,0,small molecules with n_atoms > 15 detected
6vmk_i+h-j,B:U,4,6vmk,i+h,j,3,X-ray,6vmk,i+h,3,X-ray,6QMT,B,1,X-ray,0,0,small molecules with n_atoms > 15 detected
6vmk_i+h-j,B:U,5,6vmk,i+h,j,3,X-ray,6vmk,i+h,3,X-ray,6FUH,A,1,X-ray,0,0,small molecules with n_atoms > 15 detected
1xgq_B+A-C,B:U,0,1xgq,B+A,C,2,X-ray,1xgq,B+A,2,X-ray,7BYP,A,1,X-ray,0,0,NA
1xgq_B+A-C,B:U,1,1xgq,B+A,C,2,X-ray,1xgq,B+A,2,X-ray,7CDO,A,1,X-ray,0,0,NA
1xgq_B+A-C,B:U,2,1xgq,B+A,C,2,X-ray,1xgq,B+A,2,X-ray,7CDM,A,1,X-ray,0,0,NA
4ksd_B-A,B:U,0,4ksd,B,A,4,X-ray,4ksd,B,4,X-ray,5KPJ,A,3,X-ray,0,2,NA
4ksd_B-A,B:U,1,4ksd,B,A,4,X-ray,4ksd,B,4,X-ray,3G60,A,4,X-ray,0,2,small molecules with n_atoms > 15 detected
4ksd_B-A,B:U,2,4ksd,B,A,4,X-ray,4ksd,B,4,X-ray,3G60,B,4,X-ray,0,2,small molecules with n_atoms > 15 detected
4ksd_B-A,B:U,3,4ksd,B,A,4,X-ray,4ksd,B,4,X-ray,4KSC,A,4,X-ray,0,0,NA
4ksd_B-A,B:U,4,4ksd,B,A,4,X-ray,4ksd,B,4,X-ray,4KSB,A,3,X-ray,0,0,NA
4ksd_B-A,B:U,5,4ksd,B,A,4,X-ray,4ksd,B,4,X-ray,5KPI,A,4,X-ray,0,2,NA
4ksd_B-A,B:U,6,4ksd,B,A,4,X-ray,4ksd,B,4,X-ray,5KPI,B,4,X-ray,0,2,NA
4i0c_C-B,B:U,0,4i0c,C,B,1,X-ray,4i0c,C,1,X-ray,3FE0,A,1,X-ray,0,0,NA
4i0c_C-B,B:U,1,4i0c,C,B,1,X-ray,4i0c,C,1,X-ray,6LFH,X,1,X-ray,0,0,NA
4i0c_C-B,B:U,2,4i0c,C,B,1,X-ray,4i0c,C,1,X-ray,2ZIJ,A,1,X-ray,0,0,NA
4i0c_C-B,B:U,3,4i0c,C,B,1,X-ray,4i0c,C,1,X-ray,2NWD,X,1,X-ray,0,0,NA
4i0c_C-B,B:U,4,4i0c,C,B,1,X-ray,4i0c,C,1,X-ray,5LSH,A,1,X-ray,0,0,NA
4n1c_A-C,B:U,0,4n1c,A,C,1,X-ray,4n1c,A,1,X-ray,7BYP,A,1,X-ray,0,0,NA
4n1c_A-C,B:U,1,4n1c,A,C,1,X-ray,4n1c,A,1,X-ray,7CDO,A,1,X-ray,0,0,NA
4n1c_A-C,B:U,2,4n1c,A,C,1,X-ray,4n1c,A,1,X-ray,7CDM,A,1,X-ray,0,0,NA
5jxe_G+F-A,B:U,0,5jxe,G+F,A,2,X-ray,5jxe,G+F,2,X-ray,2M2D,A,100,UNKNOWN,0,0,NA
5iml_B-A,B:U,0,5iml,B,A,1,X-ray,5iml,B,1,X-ray,2ICC,A,1,X-ray,0,0,NA
6s3t_D+C-S,U:U,0,6s3t,D+C,S,3,X-ray,6RNN,H+L,1,X-ray,6RUX,A,2,X-ray,0,0,NA
6s3t_D+C-S,U:U,1,6s3t,D+C,S,3,X-ray,6RNN,D+C,1,X-ray,6RUX,A,2,X-ray,0,0,NA
6s3t_D+C-S,U:U,2,6s3t,D+C,S,3,X-ray,6RNN,H+L,1,X-ray,6RUX,B,2,X-ray,0,0,NA
6s3t_D+C-S,U:U,3,6s3t,D+C,S,3,X-ray,6RNN,D+C,1,X-ray,6RUX,B,2,X-ray,0,0,NA
6s3t_D+C-S,U:U,4,6s3t,D+C,S,3,X-ray,6RNN,H+L,1,X-ray,6RUX,C,2,X-ray,0,0,NA
6s3t_D+C-S,U:U,5,6s3t,D+C,S,3,X-ray,6RNN,D+C,1,X-ray,6RUX,C,2,X-ray,0,0,NA
6s3t_D+C-S,U:U,6,6s3t,D+C,S,3,X-ray,6RNN,H+L,1,X-ray,6RQG,A,3,X-ray,0,0,NA
6s3t_D+C-S,U:U,7,6s3t,D+C,S,3,X-ray,6RNN,D+C,1,X-ray,6RQG,A,3,X-ray,0,0,NA
6s3t_D+C-S,U:U,8,6s3t,D+C,S,3,X-ray,6RNN,H+L,1,X-ray,6RQG,B,3,X-ray,0,0,NA
6s3t_D+C-S,U:U,9,6s3t,D+C,S,3,X-ray,6RNN,D+C,1,X-ray,6RQG,B,3,X-ray,0,0,NA
6s3t_D+C-S,U:U,10,6s3t,D+C,S,3,X-ray,6RNN,H+L,1,X-ray,6RQG,C,3,X-ray,0,0,NA
6s3t_D+C-S,U:U,11,6s3t,D+C,S,3,X-ray,6RNN,D+C,1,X-ray,6RQG,C,3,X-ray,0,0,NA
6vmj_M+L-W,B:U,0,6vmj,M+L,W,2,X-ray,6vmj,M+L,2,X-ray,6FTY,A,1,X-ray,0,0,small molecules with n_atoms > 15 detected
6vmj_M+L-W,B:U,1,6vmj,M+L,W,2,X-ray,6vmj,M+L,2,X-ray,6FUT,A,1,X-ray,0,0,small molecules with n_atoms > 15 detected
6vmj_M+L-W,B:U,2,6vmj,M+L,W,2,X-ray,6vmj,M+L,2,X-ray,6FUI,A,1,X-ray,0,0,small molecules with n_atoms > 15 detected
6vmj_M+L-W,B:U,3,6vmj,M+L,W,2,X-ray,6vmj,M+L,2,X-ray,6QMT,A,1,X-ray,0,0,small molecules with n_atoms > 15 detected
6vmj_M+L-W,B:U,4,6vmj,M+L,W,2,X-ray,6vmj,M+L,2,X-ray,6QMT,B,1,X-ray,0,0,small molecules with n_atoms > 15 detected
6vmj_M+L-W,B:U,5,6vmj,M+L,W,2,X-ray,6vmj,M+L,2,X-ray,6FUH,A,1,X-ray,0,0,small molecules with n_atoms > 15 detected
2w9e_H+L-A,B:U,0,2w9e,H+L,A,2,X-ray,2w9e,H+L,2,X-ray,5L6R,A,100,UNKNOWN,0,0,NA
2w9e_H+L-A,B:U,1,2w9e,H+L,A,2,X-ray,2w9e,H+L,2,X-ray,6DU9,A,2,X-ray,0,0,NA
2w9e_H+L-A,B:U,2,2w9e,H+L,A,2,X-ray,2w9e,H+L,2,X-ray,5YJ5,A,100,UNKNOWN,0,0,NA
1zmy_A-L,B:U,0,1zmy,A,L,3,X-ray,1zmy,A,3,X-ray,7BYP,A,1,X-ray,0,0,NA
1zmy_A-L,B:U,1,1zmy,A,L,3,X-ray,1zmy,A,3,X-ray,7CDO,A,1,X-ray,0,0,NA
1zmy_A-L,B:U,2,1zmy,A,L,3,X-ray,1zmy,A,3,X-ray,7CDM,A,1,X-ray,0,0,NA
4ttd_H+L-A,B:U,0,4ttd,H+L,A,2,X-ray,4ttd,H+L,2,X-ray,7BYP,A,1,X-ray,0,0,NA
4ttd_H+L-A,B:U,1,4ttd,H+L,A,2,X-ray,4ttd,H+L,2,X-ray,7CDO,A,1,X-ray,0,0,NA
4ttd_H+L-A,B:U,2,4ttd,H+L,A,2,X-ray,4ttd,H+L,2,X-ray,7CDM,A,1,X-ray,0,0,NA
3pnw_N+M-O,B:U,0,3pnw,N+M,O,2,X-ray,3pnw,N+M,2,X-ray,3S6W,A,1,X-ray,0,0,NA
6vbg_C-A,B:U,0,6vbg,C,A,2,X-ray,6vbg,C,2,X-ray,4ZYR,A,3,X-ray,0,0,small molecules with n_atoms > 15 detected
6vbg_C-A,B:U,1,6vbg,C,A,2,X-ray,6vbg,C,2,X-ray,4ZYR,B,3,X-ray,0,0,small molecules with n_atoms > 15 detected
1rjc_A-B,B:U,0,1rjc,A,B,1,X-ray,1rjc,A,1,X-ray,7BYP,A,1,X-ray,0,0,NA
1rjc_A-B,B:U,1,1rjc,A,B,1,X-ray,1rjc,A,1,X-ray,7CDO,A,1,X-ray,0,0,NA
1rjc_A-B,B:U,2,1rjc,A,B,1,X-ray,1rjc,A,1,X-ray,7CDM,A,1,X-ray,0,0,NA
3qa3_D+C-G,B:U,0,3qa3,D+C,G,3,X-ray,3qa3,D+C,3,X-ray,4XW2,A,2,X-ray,0,0,small molecules with n_atoms > 15 detected
6bpe_H+I-G,B:U,0,6bpe,H+I,G,3,X-ray,6bpe,H+I,3,X-ray,5W53,A,1,X-ray,0,0,NA
6bpe_H+I-G,B:U,1,6bpe,H+I,G,3,X-ray,6bpe,H+I,3,X-ray,5W53,B,1,X-ray,0,0,NA
1xfp_A-L,B:U,0,1xfp,A,L,1,X-ray,1xfp,A,1,X-ray,7BYP,A,1,X-ray,0,0,NA
1xfp_A-L,B:U,1,1xfp,A,L,1,X-ray,1xfp,A,1,X-ray,7CDO,A,1,X-ray,0,0,NA
1xfp_A-L,B:U,2,1xfp,A,L,1,X-ray,1xfp,A,1,X-ray,7CDM,A,1,X-ray,0,0,NA
6u54_A-B,U:U,1,6u54,A,B,1,X-ray,6U53,A,1,X-ray,4QAZ,A,1,X-ray,0,1,NA
6u54_A-B,U:U,2,6u54,A,B,1,X-ray,6U53,A,1,X-ray,4QB0,A,1,X-ray,0,1,NA
7kdm_F-E+D,B:U,0,7kdm,F,E+D,2,X-ray,7kdm,F,2,X-ray,3RTI,B+A,2,X-ray,0,0,small molecules with n_atoms > 15 detected
6rqm_B-A,U:U,0,6rqm,B,A,3,X-ray,1AH1,A,100,UNKNOWN,1AH1,A,100,UNKNOWN,0,0,NA
2vyr_H-D,B:U,0,2vyr,H,D,2,X-ray,2vyr,H,2,X-ray,3LBJ,E,1,X-ray,0,0,small molecules with n_atoms > 15 detected
2vyr_H-D,B:U,1,2vyr,H,D,2,X-ray,2vyr,H,2,X-ray,6Q9W,A,1,X-ray,0,1,small molecules with n_atoms > 15 detected
2vyr_H-D,B:U,2,2vyr,H,D,2,X-ray,2vyr,H,2,X-ray,6Q9W,B,1,X-ray,0,1,small molecules with n_atoms > 15 detected
2vyr_H-D,B:U,3,2vyr,H,D,2,X-ray,2vyr,H,2,X-ray,6Q9Y,A,1,X-ray,0,1,small molecules with n_atoms > 15 detected
2vyr_H-D,B:U,4,2vyr,H,D,2,X-ray,2vyr,H,2,X-ray,6Q9Y,B,1,X-ray,0,1,small molecules with n_atoms > 15 detected
2vyr_H-D,B:U,5,2vyr,H,D,2,X-ray,2vyr,H,2,X-ray,7EL4,A,2,X-ray,0,2,small molecules with n_atoms > 15 detected
5m15_C-A,B:U,0,5m15,C,A,1,X-ray,5m15,C,1,X-ray,5B3Y,A,1,X-ray,0,2,NA
5m15_C-A,B:U,1,5m15,C,A,1,X-ray,5m15,C,1,X-ray,6ZHO,A,1,X-ray,0,3,small molecules with n_atoms > 15 detected
5m15_C-A,B:U,2,5m15,C,A,1,X-ray,5m15,C,1,X-ray,6ZIS,A,1,X-ray,0,3,small molecules with n_atoms > 15 detected
5m15_C-A,B:U,3,5m15,C,A,1,X-ray,5m15,C,1,X-ray,5ZCA,A,1,X-ray,0,2,small molecules with 7 < n_atoms <= 15 detected
5m15_C-A,B:U,4,5m15,C,A,1,X-ray,5m15,C,1,X-ray,7MQ7,A,1,X-ray,0,0,NA
2vxq_H+L-A,B:U,0,2vxq,H+L,A,1,X-ray,2vxq,H+L,1,X-ray,1WHP,A,3,X-ray,0,0,NA
6obg_C-A,B:U,0,6obg,C,A,2,X-ray,6obg,C,2,X-ray,4HUO,X,1,X-ray,0,0,small molecules with n_atoms > 15 detected
6obg_C-A,B:U,1,6obg,C,A,2,X-ray,6obg,C,2,X-ray,6URX,A,1,X-ray,0,0,small molecules with 7 < n_atoms <= 15 detected
6obg_C-A,B:U,2,6obg,C,A,2,X-ray,6obg,C,2,X-ray,4HV7,X,1,X-ray,0,0,small molecules with n_atoms > 15 detected
6obg_C-A,B:U,3,6obg,C,A,2,X-ray,6obg,C,2,X-ray,4MX5,X,1,X-ray,0,0,small molecules with n_atoms > 15 detected
6obg_C-A,B:U,4,6obg,C,A,2,X-ray,6obg,C,2,X-ray,6URY,A,1,X-ray,0,0,small molecules with n_atoms > 15 detected
6obg_C-A,B:U,5,6obg,C,A,2,X-ray,6obg,C,2,X-ray,6URY,B,1,X-ray,0,0,NA
6gkd_B-A,B:U,0,6gkd,B,A,2,X-ray,6gkd,B,2,X-ray,5TFI,A,1,X-ray,0,0,small molecules with n_atoms > 15 detected
6gkd_B-A,B:U,1,6gkd,B,A,2,X-ray,6gkd,B,2,X-ray,5TFF,A,1,X-ray,0,0,small molecules with n_atoms > 15 detected
6gkd_B-A,B:U,2,6gkd,B,A,2,X-ray,6gkd,B,2,X-ray,5TF7,A,1,X-ray,0,0,small molecules with n_atoms > 15 detected
6gkd_B-A,B:U,3,6gkd,B,A,2,X-ray,6gkd,B,2,X-ray,5TFG,A,1,X-ray,0,0,small molecules with n_atoms > 15 detected
6gkd_B-A,B:U,4,6gkd,B,A,2,X-ray,6gkd,B,2,X-ray,5TFB,A,1,X-ray,0,0,small molecules with n_atoms > 15 detected
4hcr_M+N-B,B:U,0,4hcr,M+N,B,2,X-ray,4hcr,M+N,2,X-ray,1GSM,A,1,X-ray,0,0,NA
4hcr_M+N-B,B:U,1,4hcr,M+N,B,2,X-ray,4hcr,M+N,2,X-ray,4HD9,A,1,X-ray,0,0,small molecules with n_atoms > 15 detected
4hcr_M+N-B,B:U,2,4hcr,M+N,B,2,X-ray,4hcr,M+N,2,X-ray,1BQS,A,2,X-ray,0,0,small molecules with 7 < n_atoms <= 15 detected
7kbk_C-A+B,B:U,0,7kbk,C,A+B,2,X-ray,7kbk,C,2,X-ray,3RTI,A+B,2,X-ray,0,0,small molecules with n_atoms > 15 detected
3l5x_H+L-A,U:U,0,3l5x,H+L,A,1,X-ray,3L7F,H+L,2,X-ray,1GA3,A,100,UNKNOWN,0,0,NA
3l5x_H+L-A,U:U,1,3l5x,H+L,A,1,X-ray,3L7F,B+A,2,X-ray,1GA3,A,100,UNKNOWN,0,0,NA
6ocd_B-A,B:U,0,6ocd,B,A,2,X-ray,6ocd,B,2,X-ray,4HUO,X,1,X-ray,0,0,small molecules with n_atoms > 15 detected
6ocd_B-A,B:U,1,6ocd,B,A,2,X-ray,6ocd,B,2,X-ray,6URX,A,1,X-ray,0,0,small molecules with 7 < n_atoms <= 15 detected
6ocd_B-A,B:U,2,6ocd,B,A,2,X-ray,6ocd,B,2,X-ray,4HV7,X,1,X-ray,0,0,small molecules with n_atoms > 15 detected
6ocd_B-A,B:U,3,6ocd,B,A,2,X-ray,6ocd,B,2,X-ray,4MX5,X,1,X-ray,0,0,small molecules with n_atoms > 15 detected
6ocd_B-A,B:U,4,6ocd,B,A,2,X-ray,6ocd,B,2,X-ray,6URY,A,1,X-ray,0,0,small molecules with n_atoms > 15 detected
6ocd_B-A,B:U,5,6ocd,B,A,2,X-ray,6ocd,B,2,X-ray,6URY,B,1,X-ray,0,0,NA
4nc1_C-A,B:U,0,4nc1,C,A,2,X-ray,4nc1,C,2,X-ray,2G7C,A,2,X-ray,0,0,NA
4nc1_C-A,B:U,1,4nc1,C,A,2,X-ray,4nc1,C,2,X-ray,2G7C,B,2,X-ray,0,0,NA
6pi7_F+E-D,B:U,0,6pi7,F+E,D,2,X-ray,6pi7,F+E,2,X-ray,3FDR,A,1,X-ray,0,0,NA
5tud_C+B-A,B:U,0,5tud,C+B,A,3,X-ray,5tud,C+B,3,X-ray,6DRX,A,3,X-ray,0,0,small molecules with n_atoms > 15 detected
5tud_C+B-A,B:U,2,5tud,C+B,A,3,X-ray,5tud,C+B,3,X-ray,4IB4,A,2,X-ray,0,0,small molecules with n_atoms > 15 detected
5tud_C+B-A,B:U,3,5tud,C+B,A,3,X-ray,5tud,C+B,3,X-ray,4NC3,A,2,X-ray,0,0,small molecules with n_atoms > 15 detected
4rgn_D+E-A,B:U,0,4rgn,D+E,A,2,X-ray,4rgn,D+E,2,X-ray,3SEB,A,1,X-ray,0,0,NA
4rgn_D+E-A,B:U,1,4rgn,D+E,A,2,X-ray,4rgn,D+E,2,X-ray,1SE3,A,2,X-ray,0,0,NA
4rgn_D+E-A,B:U,2,4rgn,D+E,A,2,X-ray,4rgn,D+E,2,X-ray,1SE4,A,1,X-ray,0,0,NA
6lz2_D-C,B:U,0,6lz2,D,C,2,X-ray,6lz2,D,2,X-ray,4TZA,C,1,X-ray,0,0,NA
6lz2_D-C,B:U,1,6lz2,D,C,2,X-ray,6lz2,D,2,X-ray,4TZA,A,1,X-ray,0,0,NA
6lz2_D-C,B:U,2,6lz2,D,C,2,X-ray,6lz2,D,2,X-ray,4TZA,B,1,X-ray,0,0,NA
6lz2_D-C,B:U,3,6lz2,D,C,2,X-ray,6lz2,D,2,X-ray,4TZA,D,1,X-ray,0,0,NA
5lhr_B-A,B:U,0,5lhr,B,A,2,X-ray,5lhr,B,2,X-ray,5LHS,B,3,X-ray,0,0,NA
5lhr_B-A,B:U,1,5lhr,B,A,2,X-ray,5lhr,B,2,X-ray,5LHS,A,3,X-ray,0,0,NA
5lhr_B-A,B:U,2,5lhr,B,A,2,X-ray,5lhr,B,2,X-ray,5LHS,C,3,X-ray,0,0,NA
5lhr_B-A,B:U,3,5lhr,B,A,2,X-ray,5lhr,B,2,X-ray,5LHS,D,3,X-ray,0,0,NA
5bk2_H+L-A,B:U,0,5bk2,H+L,A,2,X-ray,5bk2,H+L,2,X-ray,5B3Y,A,1,X-ray,0,0,NA
5bk2_H+L-A,B:U,1,5bk2,H+L,A,2,X-ray,5bk2,H+L,2,X-ray,4PE2,A,1,X-ray,0,0,NA
5bk2_H+L-A,B:U,2,5bk2,H+L,A,2,X-ray,5bk2,H+L,2,X-ray,6ZHO,A,1,X-ray,0,0,small molecules with n_atoms > 15 detected
5bk2_H+L-A,B:U,3,5bk2,H+L,A,2,X-ray,5bk2,H+L,2,X-ray,6ZIS,A,1,X-ray,0,0,small molecules with n_atoms > 15 detected
5bk2_H+L-A,B:U,4,5bk2,H+L,A,2,X-ray,5bk2,H+L,2,X-ray,5ZCA,A,1,X-ray,0,5,small molecules with 7 < n_atoms <= 15 detected
7d8b_D-C,B:U,0,7d8b,D,C,2,X-ray,7d8b,D,2,X-ray,7MEU,A,1,X-ray,0,0,small molecules with n_atoms > 15 detected
7d8b_D-C,B:U,1,7d8b,D,C,2,X-ray,7d8b,D,2,X-ray,7MEU,B,1,X-ray,0,0,small molecules with n_atoms > 15 detected
7d8b_D-C,B:U,2,7d8b,D,C,2,X-ray,7d8b,D,2,X-ray,4TPW,A,1,X-ray,0,0,small molecules with n_atoms > 15 detected
7d8b_D-C,B:U,3,7d8b,D,C,2,X-ray,7d8b,D,2,X-ray,4TPW,B,1,X-ray,0,0,small molecules with n_atoms > 15 detected
7d8b_D-C,B:U,4,7d8b,D,C,2,X-ray,7d8b,D,2,X-ray,4TQC,A,1,X-ray,0,0,small molecules with n_atoms > 15 detected
7d8b_D-C,B:U,5,7d8b,D,C,2,X-ray,7d8b,D,2,X-ray,4TQC,B,1,X-ray,0,0,small molecules with n_atoms > 15 detected
7d8b_D-C,B:U,6,7d8b,D,C,2,X-ray,7d8b,D,2,X-ray,4TQB,A,1,X-ray,0,0,small molecules with n_atoms > 15 detected
7d8b_D-C,B:U,7,7d8b,D,C,2,X-ray,7d8b,D,2,X-ray,4TQB,B,1,X-ray,0,0,small molecules with n_atoms > 15 detected
7d8b_D-C,B:U,8,7d8b,D,C,2,X-ray,7d8b,D,2,X-ray,4DUM,A,2,X-ray,0,0,small molecules with n_atoms > 15 detected
6ul6_B-A,B:U,0,6ul6,B,A,2,X-ray,6ul6,B,2,X-ray,3V0C,A,4,X-ray,0,0,NA
6hhd_B-A,B:U,0,6hhd,B,A,2,X-ray,6hhd,B,2,X-ray,1AG2,A,100,UNKNOWN,0,0,NA
6bpc_E+F-D,U:U,0,6bpc,E+F,D,2,X-ray,6BPB,A+B,1,X-ray,5W53,A,1,X-ray,0,0,NA
6bpc_E+F-D,U:U,1,6bpc,E+F,D,2,X-ray,6BPB,A+B,1,X-ray,5W53,B,1,X-ray,0,0,NA
6ye3_A+B-C,B:U,0,6ye3,A+B,C,2,X-ray,6ye3,A+B,2,X-ray,1PW6,A,2,X-ray,0,0,small molecules with n_atoms > 15 detected
6ye3_A+B-C,B:U,1,6ye3,A+B,C,2,X-ray,6ye3,A+B,2,X-ray,1PW6,B,2,X-ray,0,0,small molecules with n_atoms > 15 detected
6ye3_A+B-C,B:U,2,6ye3,A+B,C,2,X-ray,6ye3,A+B,2,X-ray,1M4C,A,2,X-ray,0,0,NA
6ye3_A+B-C,B:U,3,6ye3,A+B,C,2,X-ray,6ye3,A+B,2,X-ray,1M4C,B,2,X-ray,0,0,NA
6ye3_A+B-C,B:U,4,6ye3,A+B,C,2,X-ray,6ye3,A+B,2,X-ray,1M49,A,2,X-ray,0,0,small molecules with n_atoms > 15 detected
6ye3_A+B-C,B:U,5,6ye3,A+B,C,2,X-ray,6ye3,A+B,2,X-ray,1M49,B,2,X-ray,0,0,small molecules with n_atoms > 15 detected
6ye3_A+B-C,B:U,6,6ye3,A+B,C,2,X-ray,6ye3,A+B,2,X-ray,1M47,A,1,X-ray,0,0,NA
6ye3_A+B-C,B:U,7,6ye3,A+B,C,2,X-ray,6ye3,A+B,2,X-ray,1M48,A,1,X-ray,0,0,small molecules with n_atoms > 15 detected
6ye3_A+B-C,B:U,8,6ye3,A+B,C,2,X-ray,6ye3,A+B,2,X-ray,1M48,B,1,X-ray,0,0,small molecules with n_atoms > 15 detected
7mxl_H+L-C,B:U,0,7mxl,H+L,C,3,EM,7mxl,H+L,3,EM,4A87,A,1,X-ray,0,0,small molecules with n_atoms > 15 detected
7mxl_H+L-C,B:U,1,7mxl,H+L,C,3,EM,7mxl,H+L,3,EM,4BTZ,A,1,X-ray,0,0,small molecules with 7 < n_atoms <= 15 detected
7mxl_H+L-C,B:U,2,7mxl,H+L,C,3,EM,7mxl,H+L,3,EM,4A83,A,1,X-ray,0,0,small molecules with n_atoms > 15 detected
7mxl_H+L-C,B:U,3,7mxl,H+L,C,3,EM,7mxl,H+L,3,EM,4A80,A,1,X-ray,0,0,small molecules with n_atoms > 15 detected
7mxl_H+L-C,B:U,4,7mxl,H+L,C,3,EM,7mxl,H+L,3,EM,4A85,A,1,X-ray,0,0,small molecules with n_atoms > 15 detected
5vnw_C-B,U:U,0,5vnw,C,B,2,X-ray,5VNV,A,1,X-ray,6HSC,A,1,X-ray,0,0,small molecules with n_atoms > 15 detected
5vnw_C-B,U:U,1,5vnw,C,B,2,X-ray,5VNV,A,1,X-ray,6HSC,B,1,X-ray,0,0,small molecules with n_atoms > 15 detected
5vnw_C-B,U:U,2,5vnw,C,B,2,X-ray,5VNV,A,1,X-ray,7JWN,A,2,X-ray,0,0,small molecules with n_atoms > 15 detected
5vnw_C-B,U:U,3,5vnw,C,B,2,X-ray,5VNV,A,1,X-ray,6YG9,A,1,X-ray,0,0,small molecules with n_atoms > 15 detected
1z3g_H+L-A,B:U,0,1z3g,H+L,A,3,X-ray,1z3g,H+L,3,X-ray,1Z27,A,2,X-ray,0,0,NA
1dqj_B+A-C,U:U,0,1dqj,B+A,C,2,X-ray,1DQQ,B+A,1,X-ray,7BYP,A,1,X-ray,0,0,NA
1dqj_B+A-C,U:U,1,1dqj,B+A,C,2,X-ray,1DQQ,D+C,1,X-ray,7BYP,A,1,X-ray,0,0,NA
1dqj_B+A-C,U:U,2,1dqj,B+A,C,2,X-ray,1DQM,H+L,2,X-ray,7BYP,A,1,X-ray,0,0,NA
1dqj_B+A-C,U:U,3,1dqj,B+A,C,2,X-ray,1DQQ,B+A,1,X-ray,7CDO,A,1,X-ray,0,0,NA
1dqj_B+A-C,U:U,4,1dqj,B+A,C,2,X-ray,1DQQ,D+C,1,X-ray,7CDO,A,1,X-ray,0,0,NA
1dqj_B+A-C,U:U,5,1dqj,B+A,C,2,X-ray,1DQM,H+L,2,X-ray,7CDO,A,1,X-ray,0,0,NA
1dqj_B+A-C,U:U,6,1dqj,B+A,C,2,X-ray,1DQQ,B+A,1,X-ray,7CDM,A,1,X-ray,0,0,NA
1dqj_B+A-C,U:U,7,1dqj,B+A,C,2,X-ray,1DQQ,D+C,1,X-ray,7CDM,A,1,X-ray,0,0,NA
1dqj_B+A-C,U:U,8,1dqj,B+A,C,2,X-ray,1DQM,H+L,2,X-ray,7CDM,A,1,X-ray,0,0,NA
7lfb_H+L-X,B:U,0,7lfb,H+L,X,1,X-ray,7lfb,H+L,1,X-ray,7L6K,A,100,UNKNOWN,0,0,small molecules with 7 < n_atoms <= 15 detected
4ut6_H+L-A,B:U,0,4ut6,H+L,A,3,X-ray,4ut6,H+L,3,X-ray,4UTC,A,3,X-ray,0,0,NA
4ut6_H+L-A,B:U,1,4ut6,H+L,A,3,X-ray,4ut6,H+L,3,X-ray,4UTC,B,3,X-ray,0,0,NA
5te6_H+L-G,B:U,0,5te6,H+L,G,2,X-ray,5te6,H+L,2,X-ray,3TGT,A,1,X-ray,0,0,small molecules with n_atoms > 15 detected
4n1e_F-K,B:U,0,4n1e,F,K,2,X-ray,4n1e,F,2,X-ray,7BYP,A,1,X-ray,0,0,NA
4n1e_F-K,B:U,1,4n1e,F,K,2,X-ray,4n1e,F,2,X-ray,7CDO,A,1,X-ray,0,0,NA
4n1e_F-K,B:U,2,4n1e,F,K,2,X-ray,4n1e,F,2,X-ray,7CDM,A,1,X-ray,0,0,NA
5bjz_C+L-A,B:U,0,5bjz,C+L,A,1,X-ray,5bjz,C+L,1,X-ray,5B3Y,A,1,X-ray,0,0,NA
5bjz_C+L-A,B:U,1,5bjz,C+L,A,1,X-ray,5bjz,C+L,1,X-ray,4PE2,A,1,X-ray,0,0,NA
5bjz_C+L-A,B:U,2,5bjz,C+L,A,1,X-ray,5bjz,C+L,1,X-ray,6ZHO,A,1,X-ray,0,0,small molecules with n_atoms > 15 detected
5bjz_C+L-A,B:U,3,5bjz,C+L,A,1,X-ray,5bjz,C+L,1,X-ray,6ZIS,A,1,X-ray,0,0,small molecules with n_atoms > 15 detected
5bjz_C+L-A,B:U,4,5bjz,C+L,A,1,X-ray,5bjz,C+L,1,X-ray,5ZCA,A,1,X-ray,0,5,small molecules with 7 < n_atoms <= 15 detected
5mp2_D-B,B:U,0,5mp2,D,B,2,X-ray,5mp2,D,2,X-ray,4E9J,A,2,X-ray,0,0,NA
5mp2_D-B,B:U,1,5mp2,D,B,2,X-ray,5mp2,D,2,X-ray,4E9J,B,2,X-ray,0,0,NA
6ztr_H+L-I,U:U,0,6ztr,H+L,I,2,X-ray,6ZTF,A+B,1,X-ray,6ZTB,I,1,X-ray,0,0,NA
6ztr_H+L-I,U:U,1,6ztr,H+L,I,2,X-ray,6ZTF,H+L,1,X-ray,6ZTB,I,1,X-ray,0,0,NA
6jb5_A-B,B:U,0,6jb5,A,B,1,X-ray,6jb5,A,1,X-ray,7BYP,A,1,X-ray,0,0,NA
6jb5_A-B,B:U,1,6jb5,A,B,1,X-ray,6jb5,A,1,X-ray,7CDO,A,1,X-ray,0,0,NA
6jb5_A-B,B:U,2,6jb5,A,B,1,X-ray,6jb5,A,1,X-ray,7CDM,A,1,X-ray,0,0,NA
4olw_H+L-G,B:U,0,4olw,H+L,G,2,X-ray,4olw,H+L,2,X-ray,3TGT,A,1,X-ray,0,0,small molecules with 7 < n_atoms <= 15 detected
6ui1_C-A,B:U,0,6ui1,C,A,2,X-ray,6ui1,C,2,X-ray,3V0C,A,4,X-ray,0,0,NA
4olz_H+L-G,B:U,0,4olz,H+L,G,2,X-ray,4olz,H+L,2,X-ray,3TGT,A,1,X-ray,0,0,small molecules with 7 < n_atoms <= 15 detected
5hvg_B-A,B:U,0,5hvg,B,A,3,X-ray,5hvg,B,3,X-ray,7NEE,A,2,X-ray,0,0,small molecules with n_atoms > 15 detected
2jel_H+L-P,B:U,0,2jel,H+L,P,2,X-ray,2jel,H+L,2,X-ray,1HDN,A,100,UNKNOWN,0,0,NA
2jel_H+L-P,B:U,1,2jel,H+L,P,2,X-ray,2jel,H+L,2,X-ray,1PFH,A,100,UNKNOWN,0,0,NA
2jel_H+L-P,B:U,2,2jel,H+L,P,2,X-ray,2jel,H+L,2,X-ray,1POH,A,2,X-ray,0,0,NA
5usl_B+C-A,B:U,0,5usl,B+C,A,2,X-ray,5usl,B+C,2,X-ray,4E9O,X,1,X-ray,0,0,NA
1nsn_H+L-S,B:U,0,1nsn,H+L,S,2,X-ray,1nsn,H+L,2,X-ray,1SNC,A,1,X-ray,0,2,small molecules with n_atoms > 15 detected
1nsn_H+L-S,B:U,1,1nsn,H+L,S,2,X-ray,1nsn,H+L,2,X-ray,1STH,A,1,X-ray,0,2,small molecules with n_atoms > 15 detected
1nsn_H+L-S,B:U,2,1nsn,H+L,S,2,X-ray,1nsn,H+L,2,X-ray,1STN,A,1,X-ray,0,2,NA
1nsn_H+L-S,B:U,3,1nsn,H+L,S,2,X-ray,1nsn,H+L,2,X-ray,1STG,A,1,X-ray,0,2,small molecules with n_atoms > 15 detected
1nsn_H+L-S,B:U,4,1nsn,H+L,S,2,X-ray,1nsn,H+L,2,X-ray,4WOR,A,1,X-ray,0,2,small molecules with n_atoms > 15 detected
5mp2_C-A,B:U,0,5mp2,C,A,2,X-ray,5mp2,C,2,X-ray,4E9J,A,2,X-ray,0,0,NA
5mp2_C-A,B:U,1,5mp2,C,A,2,X-ray,5mp2,C,2,X-ray,4E9J,B,2,X-ray,0,0,NA
4tsb_H+L-A,B:U,0,4tsb,H+L,A,1,X-ray,4tsb,H+L,1,X-ray,7BYP,A,1,X-ray,0,0,NA
4tsb_H+L-A,B:U,1,4tsb,H+L,A,1,X-ray,4tsb,H+L,1,X-ray,7CDO,A,1,X-ray,0,0,NA
4tsb_H+L-A,B:U,2,4tsb,H+L,A,1,X-ray,4tsb,H+L,1,X-ray,7CDM,A,1,X-ray,0,0,NA
4n1e_E-K,B:U,0,4n1e,E,K,2,X-ray,4n1e,E,2,X-ray,7BYP,A,1,X-ray,0,0,NA
4n1e_E-K,B:U,1,4n1e,E,K,2,X-ray,4n1e,E,2,X-ray,7CDO,A,1,X-ray,0,0,NA
4n1e_E-K,B:U,2,4n1e,E,K,2,X-ray,4n1e,E,2,X-ray,7CDM,A,1,X-ray,0,0,NA
6vmk_u+t-v,B:U,0,6vmk,u+t,v,3,X-ray,6vmk,u+t,3,X-ray,6FTY,A,1,X-ray,0,0,small molecules with n_atoms > 15 detected
6vmk_u+t-v,B:U,1,6vmk,u+t,v,3,X-ray,6vmk,u+t,3,X-ray,6FUT,A,1,X-ray,0,0,small molecules with n_atoms > 15 detected
6vmk_u+t-v,B:U,2,6vmk,u+t,v,3,X-ray,6vmk,u+t,3,X-ray,6FUI,A,1,X-ray,0,0,small molecules with n_atoms > 15 detected
6vmk_u+t-v,B:U,3,6vmk,u+t,v,3,X-ray,6vmk,u+t,3,X-ray,6QMT,A,1,X-ray,0,0,small molecules with n_atoms > 15 detected
6vmk_u+t-v,B:U,4,6vmk,u+t,v,3,X-ray,6vmk,u+t,3,X-ray,6QMT,B,1,X-ray,0,0,small molecules with n_atoms > 15 detected
6vmk_u+t-v,B:U,5,6vmk,u+t,v,3,X-ray,6vmk,u+t,3,X-ray,6FUH,A,1,X-ray,0,0,small molecules with n_atoms > 15 detected
1p2c_B+A-C,B:U,0,1p2c,B+A,C,2,X-ray,1p2c,B+A,2,X-ray,7BYP,A,1,X-ray,0,0,NA
1p2c_B+A-C,B:U,1,1p2c,B+A,C,2,X-ray,1p2c,B+A,2,X-ray,7CDO,A,1,X-ray,0,0,NA
1p2c_B+A-C,B:U,2,1p2c,B+A,C,2,X-ray,1p2c,B+A,2,X-ray,7CDM,A,1,X-ray,0,0,NA
7aej_D-A,U:U,0,7aej,D,A,3,X-ray,4B50,A,1,X-ray,2M8O,A,100,UNKNOWN,0,0,NA
6war_F-E,B:U,0,6war,F,E,3,X-ray,6war,F,3,X-ray,4ZPW,R,3,X-ray,0,0,small molecules with 7 < n_atoms <= 15 detected
6war_F-E,B:U,1,6war,F,E,3,X-ray,6war,F,3,X-ray,4ZPW,S,3,X-ray,0,0,small molecules with 7 < n_atoms <= 15 detected
6bpa_E+F-D,B:U,0,6bpa,E+F,D,2,X-ray,6bpa,E+F,2,X-ray,5W53,A,1,X-ray,0,0,NA
6bpa_E+F-D,B:U,1,6bpa,E+F,D,2,X-ray,6bpa,E+F,2,X-ray,5W53,B,1,X-ray,0,0,NA
6wm9_B+C-A,B:U,0,6wm9,B+C,A,2,X-ray,6wm9,B+C,2,X-ray,5W53,A,1,X-ray,0,0,NA
6wm9_B+C-A,B:U,1,6wm9,B+C,A,2,X-ray,6wm9,B+C,2,X-ray,5W53,B,1,X-ray,0,0,NA
1jto_A-L,B:U,0,1jto,A,L,2,X-ray,1jto,A,2,X-ray,7BYP,A,1,X-ray,0,0,NA
1jto_A-L,B:U,1,1jto,A,L,2,X-ray,1jto,A,2,X-ray,7CDO,A,1,X-ray,0,0,NA
1jto_A-L,B:U,2,1jto,A,L,2,X-ray,1jto,A,2,X-ray,7CDM,A,1,X-ray,0,0,NA
2i9l_B+A-I,B:U,0,2i9l,B+A,I,3,X-ray,2i9l,B+A,3,X-ray,1YPY,A,1,X-ray,0,0,NA
2i9l_B+A-I,B:U,1,2i9l,B+A,I,3,X-ray,2i9l,B+A,3,X-ray,1YPY,B,1,X-ray,0,0,NA
6vmj_J+I-X,B:U,0,6vmj,J+I,X,2,X-ray,6vmj,J+I,2,X-ray,6FTY,A,1,X-ray,0,0,small molecules with n_atoms > 15 detected
6vmj_J+I-X,B:U,1,6vmj,J+I,X,2,X-ray,6vmj,J+I,2,X-ray,6FUT,A,1,X-ray,0,0,small molecules with n_atoms > 15 detected
6vmj_J+I-X,B:U,2,6vmj,J+I,X,2,X-ray,6vmj,J+I,2,X-ray,6FUI,A,1,X-ray,0,0,small molecules with n_atoms > 15 detected
6vmj_J+I-X,B:U,3,6vmj,J+I,X,2,X-ray,6vmj,J+I,2,X-ray,6QMT,A,1,X-ray,0,0,small molecules with n_atoms > 15 detected
6vmj_J+I-X,B:U,4,6vmj,J+I,X,2,X-ray,6vmj,J+I,2,X-ray,6QMT,B,1,X-ray,0,0,small molecules with n_atoms > 15 detected
6vmj_J+I-X,B:U,5,6vmj,J+I,X,2,X-ray,6vmj,J+I,2,X-ray,6FUH,A,1,X-ray,0,0,small molecules with n_atoms > 15 detected
5kw9_H+L-A,B:U,0,5kw9,H+L,A,2,X-ray,5kw9,H+L,2,X-ray,3BY2,A,2,X-ray,0,0,NA
5kw9_H+L-A,B:U,1,5kw9,H+L,A,2,X-ray,5kw9,H+L,2,X-ray,3BY1,A,2,X-ray,0,0,NA
1bvk_B+A-C,U:U,0,1bvk,B+A,C,2,X-ray,1BVL,A+B,2,X-ray,7BYP,A,1,X-ray,0,0,NA
1bvk_B+A-C,U:U,1,1bvk,B+A,C,2,X-ray,1BVL,C+D,2,X-ray,7BYP,A,1,X-ray,0,0,NA
1bvk_B+A-C,U:U,2,1bvk,B+A,C,2,X-ray,1BVL,A+B,2,X-ray,7CDO,A,1,X-ray,0,0,NA
1bvk_B+A-C,U:U,3,1bvk,B+A,C,2,X-ray,1BVL,C+D,2,X-ray,7CDO,A,1,X-ray,0,0,NA
1bvk_B+A-C,U:U,4,1bvk,B+A,C,2,X-ray,1BVL,A+B,2,X-ray,7CDM,A,1,X-ray,0,0,NA
1bvk_B+A-C,U:U,5,1bvk,B+A,C,2,X-ray,1BVL,C+D,2,X-ray,7CDM,A,1,X-ray,0,0,NA
6fyu_C-B+A,B:U,0,6fyu,C,B+A,2,X-ray,6fyu,C,2,X-ray,4LN8,B+A,2,X-ray,0,0,small molecules with 7 < n_atoms <= 15 detected
6fyu_C-B+A,B:U,1,6fyu,C,B+A,2,X-ray,6fyu,C,2,X-ray,4LN8,D+C,2,X-ray,0,0,small molecules with 7 < n_atoms <= 15 detected
6fyu_C-B+A,B:U,2,6fyu,C,B+A,2,X-ray,6fyu,C,2,X-ray,4LN8,F+E,2,X-ray,0,0,small molecules with 7 < n_atoms <= 15 detected
6fyu_C-B+A,B:U,3,6fyu,C,B+A,2,X-ray,6fyu,C,2,X-ray,4LN8,H+G,2,X-ray,0,0,small molecules with 7 < n_atoms <= 15 detected
6fyu_C-B+A,B:U,4,6fyu,C,B+A,2,X-ray,6fyu,C,2,X-ray,4LN8,J+I,2,X-ray,0,0,small molecules with 7 < n_atoms <= 15 detected
6fyu_C-B+A,B:U,5,6fyu,C,B+A,2,X-ray,6fyu,C,2,X-ray,4LN8,L+K,2,X-ray,0,0,small molecules with 7 < n_atoms <= 15 detected
6fyu_C-B+A,B:U,6,6fyu,C,B+A,2,X-ray,6fyu,C,2,X-ray,4LN6,B+A,2,X-ray,0,0,small molecules with 7 < n_atoms <= 15 detected
6fyu_C-B+A,B:U,7,6fyu,C,B+A,2,X-ray,6fyu,C,2,X-ray,4LN6,D+C,2,X-ray,0,0,small molecules with 7 < n_atoms <= 15 detected
6fyu_C-B+A,B:U,8,6fyu,C,B+A,2,X-ray,6fyu,C,2,X-ray,4LN6,F+E,2,X-ray,0,0,small molecules with 7 < n_atoms <= 15 detected
6fyu_C-B+A,B:U,9,6fyu,C,B+A,2,X-ray,6fyu,C,2,X-ray,4LN6,H+G,2,X-ray,0,0,small molecules with 7 < n_atoms <= 15 detected
6fyu_C-B+A,B:U,10,6fyu,C,B+A,2,X-ray,6fyu,C,2,X-ray,4LN6,J+I,2,X-ray,0,0,small molecules with 7 < n_atoms <= 15 detected
6fyu_C-B+A,B:U,11,6fyu,C,B+A,2,X-ray,6fyu,C,2,X-ray,4LN6,L+K,2,X-ray,0,0,small molecules with 7 < n_atoms <= 15 detected
4w6y_B-A,B:U,0,4w6y,B,A,1,X-ray,4w6y,B,1,X-ray,4B4Q,A,2,X-ray,0,0,NA
4w6y_B-A,B:U,1,4w6y,B,A,1,X-ray,4w6y,B,1,X-ray,4B4Q,B,2,X-ray,0,0,NA
4w6y_B-A,B:U,2,4w6y,B,A,1,X-ray,4w6y,B,1,X-ray,4B4R,A,1,X-ray,0,0,NA
4w6y_B-A,B:U,3,4w6y,B,A,1,X-ray,4w6y,B,1,X-ray,4B4R,B,1,X-ray,0,0,NA
6uta_H+L-E,B:U,0,6uta,H+L,E,3,X-ray,6uta,H+L,3,X-ray,5OMZ,A,100,UNKNOWN,0,0,NA
5nj6_H+L-A,B:U,1,5nj6,H+L,A,4,X-ray,5nj6,H+L,4,X-ray,5NDD,A,2,X-ray,0,0,small molecules with n_atoms > 15 detected
5nj6_H+L-A,B:U,2,5nj6,H+L,A,4,X-ray,5nj6,H+L,4,X-ray,5NDZ,A,3,X-ray,0,0,small molecules with n_atoms > 15 detected
4kuc_H+D-A,B:U,0,4kuc,H+D,A,2,X-ray,4kuc,H+D,2,X-ray,4HUO,X,1,X-ray,0,0,small molecules with n_atoms > 15 detected
4kuc_H+D-A,B:U,1,4kuc,H+D,A,2,X-ray,4kuc,H+D,2,X-ray,6URX,A,1,X-ray,0,0,small molecules with 7 < n_atoms <= 15 detected
4kuc_H+D-A,B:U,2,4kuc,H+D,A,2,X-ray,4kuc,H+D,2,X-ray,4HV7,X,1,X-ray,0,0,small molecules with n_atoms > 15 detected
4kuc_H+D-A,B:U,3,4kuc,H+D,A,2,X-ray,4kuc,H+D,2,X-ray,4MX5,X,1,X-ray,0,0,small molecules with n_atoms > 15 detected
4kuc_H+D-A,B:U,4,4kuc,H+D,A,2,X-ray,4kuc,H+D,2,X-ray,6URY,A,1,X-ray,0,0,small molecules with n_atoms > 15 detected
4kuc_H+D-A,B:U,5,4kuc,H+D,A,2,X-ray,4kuc,H+D,2,X-ray,6URY,B,1,X-ray,0,0,NA
6i8s_H+L-D,B:U,0,6i8s,H+L,D,2,X-ray,6i8s,H+L,2,X-ray,4G8R,A,2,X-ray,0,0,NA
6i8s_H+L-D,B:U,1,6i8s,H+L,D,2,X-ray,6i8s,H+L,2,X-ray,4G8R,B,2,X-ray,0,0,small molecules with n_atoms > 15 detected
6i8s_H+L-D,B:U,2,6i8s,H+L,D,2,X-ray,6i8s,H+L,2,X-ray,4G8O,A,2,X-ray,0,0,NA
6i8s_H+L-D,B:U,3,6i8s,H+L,D,2,X-ray,6i8s,H+L,2,X-ray,4G8O,B,2,X-ray,0,0,NA
6i8s_H+L-D,B:U,4,6i8s,H+L,D,2,X-ray,6i8s,H+L,2,X-ray,4G8O,C,2,X-ray,0,0,NA
6i8s_H+L-D,B:U,5,6i8s,H+L,D,2,X-ray,6i8s,H+L,2,X-ray,4G8O,D,2,X-ray,0,0,small molecules with n_atoms > 15 detected
6i8s_H+L-D,B:U,6,6i8s,H+L,D,2,X-ray,6i8s,H+L,2,X-ray,3UT3,A,2,X-ray,0,0,NA
6i8s_H+L-D,B:U,7,6i8s,H+L,D,2,X-ray,6i8s,H+L,2,X-ray,3UT3,B,2,X-ray,0,0,small molecules with n_atoms > 15 detected
6i8s_H+L-D,B:U,8,6i8s,H+L,D,2,X-ray,6i8s,H+L,2,X-ray,3UT3,C,2,X-ray,0,0,NA
6i8s_H+L-D,B:U,9,6i8s,H+L,D,2,X-ray,6i8s,H+L,2,X-ray,3UT3,D,2,X-ray,0,0,NA
6i8s_H+L-D,B:U,10,6i8s,H+L,D,2,X-ray,6i8s,H+L,2,X-ray,1B3K,A,2,X-ray,0,0,NA
6i8s_H+L-D,B:U,11,6i8s,H+L,D,2,X-ray,6i8s,H+L,2,X-ray,1B3K,B,2,X-ray,0,0,NA
6i8s_H+L-D,B:U,12,6i8s,H+L,D,2,X-ray,6i8s,H+L,2,X-ray,1B3K,C,2,X-ray,0,0,NA
6i8s_H+L-D,B:U,13,6i8s,H+L,D,2,X-ray,6i8s,H+L,2,X-ray,1B3K,D,2,X-ray,0,0,NA
7lfa_B+D-A,B:U,0,7lfa,B+D,A,1,X-ray,7lfa,B+D,1,X-ray,7L6K,A,100,UNKNOWN,0,0,small molecules with 7 < n_atoms <= 15 detected
5lhn_B-A,B:U,0,5lhn,B,A,2,X-ray,5lhn,B,2,X-ray,5LHS,B,3,X-ray,0,0,small molecules with 7 < n_atoms <= 15 detected
5lhn_B-A,B:U,1,5lhn,B,A,2,X-ray,5lhn,B,2,X-ray,5LHS,A,3,X-ray,0,0,small molecules with 7 < n_atoms <= 15 detected
5lhn_B-A,B:U,2,5lhn,B,A,2,X-ray,5lhn,B,2,X-ray,5LHS,C,3,X-ray,0,0,small molecules with 7 < n_atoms <= 15 detected
5lhn_B-A,B:U,3,5lhn,B,A,2,X-ray,5lhn,B,2,X-ray,5LHS,D,3,X-ray,0,0,small molecules with 7 < n_atoms <= 15 detected
4olx_H+L-G,B:U,0,4olx,H+L,G,2,X-ray,4olx,H+L,2,X-ray,3TGT,A,1,X-ray,0,0,small molecules with 7 < n_atoms <= 15 detected
1uj3_B+A-C,B:U,0,1uj3,B+A,C,2,X-ray,1uj3,B+A,2,X-ray,1TFH,A,2,X-ray,0,0,NA
1uj3_B+A-C,B:U,1,1uj3,B+A,C,2,X-ray,1uj3,B+A,2,X-ray,1TFH,B,2,X-ray,0,0,NA
6i8s_E+I-A,B:U,0,6i8s,E+I,A,2,X-ray,6i8s,E+I,2,X-ray,4G8R,A,2,X-ray,0,0,NA
6i8s_E+I-A,B:U,1,6i8s,E+I,A,2,X-ray,6i8s,E+I,2,X-ray,4G8R,B,2,X-ray,0,0,small molecules with n_atoms > 15 detected
6i8s_E+I-A,B:U,2,6i8s,E+I,A,2,X-ray,6i8s,E+I,2,X-ray,4G8O,A,2,X-ray,0,0,NA
6i8s_E+I-A,B:U,3,6i8s,E+I,A,2,X-ray,6i8s,E+I,2,X-ray,4G8O,B,2,X-ray,0,0,NA
6i8s_E+I-A,B:U,4,6i8s,E+I,A,2,X-ray,6i8s,E+I,2,X-ray,4G8O,C,2,X-ray,0,0,NA
6i8s_E+I-A,B:U,5,6i8s,E+I,A,2,X-ray,6i8s,E+I,2,X-ray,4G8O,D,2,X-ray,0,0,small molecules with n_atoms > 15 detected
6i8s_E+I-A,B:U,6,6i8s,E+I,A,2,X-ray,6i8s,E+I,2,X-ray,3UT3,A,2,X-ray,0,0,NA
6i8s_E+I-A,B:U,7,6i8s,E+I,A,2,X-ray,6i8s,E+I,2,X-ray,3UT3,B,2,X-ray,0,0,small molecules with n_atoms > 15 detected
6i8s_E+I-A,B:U,8,6i8s,E+I,A,2,X-ray,6i8s,E+I,2,X-ray,3UT3,C,2,X-ray,0,0,NA
6i8s_E+I-A,B:U,9,6i8s,E+I,A,2,X-ray,6i8s,E+I,2,X-ray,3UT3,D,2,X-ray,0,0,NA
6i8s_E+I-A,B:U,10,6i8s,E+I,A,2,X-ray,6i8s,E+I,2,X-ray,1B3K,A,2,X-ray,0,0,NA
6i8s_E+I-A,B:U,11,6i8s,E+I,A,2,X-ray,6i8s,E+I,2,X-ray,1B3K,B,2,X-ray,0,0,NA
6i8s_E+I-A,B:U,12,6i8s,E+I,A,2,X-ray,6i8s,E+I,2,X-ray,1B3K,C,2,X-ray,0,0,NA
6i8s_E+I-A,B:U,13,6i8s,E+I,A,2,X-ray,6i8s,E+I,2,X-ray,1B3K,D,2,X-ray,0,0,NA
6uft_B-A,B:U,0,6uft,B,A,2,X-ray,6uft,B,2,X-ray,1G9A,A,2,X-ray,0,0,small molecules with n_atoms > 15 detected
6uft_B-A,B:U,1,6uft,B,A,2,X-ray,6uft,B,2,X-ray,1S0D,A,2,X-ray,0,0,NA
6uft_B-A,B:U,2,6uft,B,A,2,X-ray,6uft,B,2,X-ray,1G9D,A,2,X-ray,0,0,small molecules with n_atoms > 15 detected
6uft_B-A,B:U,3,6uft,B,A,2,X-ray,6uft,B,2,X-ray,1S0E,A,1,X-ray,0,0,NA
6uft_B-A,B:U,4,6uft,B,A,2,X-ray,6uft,B,2,X-ray,1EPW,A,1,X-ray,0,0,NA
6fla_H+L-I,B:U,0,6fla,H+L,I,2,X-ray,6fla,H+L,2,X-ray,2JSF,A,100,UNKNOWN,0,0,NA
6txz_H+L-A,B:U,0,6txz,H+L,A,3,X-ray,6txz,H+L,3,X-ray,5F71,A,2,X-ray,0,0,NA
6txz_H+L-A,B:U,1,6txz,H+L,A,3,X-ray,6txz,H+L,3,X-ray,5F71,B,2,X-ray,0,0,NA
4nby_B-A,B:U,0,4nby,B,A,2,X-ray,4nby,B,2,X-ray,2G7C,A,2,X-ray,0,0,NA
4nby_B-A,B:U,1,4nby,B,A,2,X-ray,4nby,B,2,X-ray,2G7C,B,2,X-ray,0,0,NA
5d72_M+N-B,B:U,0,5d72,M+N,B,2,X-ray,5d72,M+N,2,X-ray,2GMF,A,2,X-ray,0,0,NA
5d72_M+N-B,B:U,1,5d72,M+N,B,2,X-ray,5d72,M+N,2,X-ray,2GMF,B,2,X-ray,0,0,NA
3raj_H+L-A,B:U,0,3raj,H+L,A,3,X-ray,3raj,H+L,3,X-ray,4F46,A,1,X-ray,0,0,small molecules with n_atoms > 15 detected
3raj_H+L-A,B:U,1,3raj,H+L,A,3,X-ray,3raj,H+L,3,X-ray,4F46,B,1,X-ray,0,0,small molecules with n_atoms > 15 detected
3raj_H+L-A,B:U,2,3raj,H+L,A,3,X-ray,3raj,H+L,3,X-ray,3I9M,A,1,X-ray,0,0,small molecules with n_atoms > 15 detected
3raj_H+L-A,B:U,3,3raj,H+L,A,3,X-ray,3raj,H+L,3,X-ray,3I9M,B,1,X-ray,0,0,small molecules with n_atoms > 15 detected
3raj_H+L-A,B:U,4,3raj,H+L,A,3,X-ray,3raj,H+L,3,X-ray,3U4H,A,1,X-ray,0,0,small molecules with n_atoms > 15 detected
3raj_H+L-A,B:U,5,3raj,H+L,A,3,X-ray,3raj,H+L,3,X-ray,3U4H,B,1,X-ray,0,0,small molecules with n_atoms > 15 detected
3raj_H+L-A,B:U,6,3raj,H+L,A,3,X-ray,3raj,H+L,3,X-ray,3DZG,A,1,X-ray,0,0,small molecules with 7 < n_atoms <= 15 detected
3raj_H+L-A,B:U,7,3raj,H+L,A,3,X-ray,3raj,H+L,3,X-ray,3DZG,B,1,X-ray,0,0,small molecules with 7 < n_atoms <= 15 detected
3raj_H+L-A,B:U,8,3raj,H+L,A,3,X-ray,3raj,H+L,3,X-ray,3DZK,A,1,X-ray,0,0,small molecules with n_atoms > 15 detected
3raj_H+L-A,B:U,9,3raj,H+L,A,3,X-ray,3raj,H+L,3,X-ray,3DZK,B,1,X-ray,0,0,small molecules with n_atoms > 15 detected
6gk4_C-A,B:U,0,6gk4,C,A,2,X-ray,6gk4,C,2,X-ray,5TFI,A,1,X-ray,0,0,small molecules with n_atoms > 15 detected
6gk4_C-A,B:U,1,6gk4,C,A,2,X-ray,6gk4,C,2,X-ray,5TFF,A,1,X-ray,0,0,small molecules with n_atoms > 15 detected
6gk4_C-A,B:U,2,6gk4,C,A,2,X-ray,6gk4,C,2,X-ray,5TF7,A,1,X-ray,0,0,small molecules with n_atoms > 15 detected
6gk4_C-A,B:U,3,6gk4,C,A,2,X-ray,6gk4,C,2,X-ray,5TFG,A,1,X-ray,0,0,small molecules with n_atoms > 15 detected
6gk4_C-A,B:U,4,6gk4,C,A,2,X-ray,6gk4,C,2,X-ray,5TFB,A,1,X-ray,0,0,small molecules with n_atoms > 15 detected
2eiz_B+A-C,B:U,0,2eiz,B+A,C,1,X-ray,2eiz,B+A,1,X-ray,7BYP,A,1,X-ray,0,0,NA
2eiz_B+A-C,B:U,1,2eiz,B+A,C,1,X-ray,2eiz,B+A,1,X-ray,7CDO,A,1,X-ray,0,0,NA
2eiz_B+A-C,B:U,2,2eiz,B+A,C,1,X-ray,2eiz,B+A,1,X-ray,7CDM,A,1,X-ray,0,0,NA
6vmk_c+b-d,B:U,0,6vmk,c+b,d,3,X-ray,6vmk,c+b,3,X-ray,6FTY,A,1,X-ray,0,0,small molecules with n_atoms > 15 detected
6vmk_c+b-d,B:U,1,6vmk,c+b,d,3,X-ray,6vmk,c+b,3,X-ray,6FUT,A,1,X-ray,0,0,small molecules with n_atoms > 15 detected
6vmk_c+b-d,B:U,2,6vmk,c+b,d,3,X-ray,6vmk,c+b,3,X-ray,6FUI,A,1,X-ray,0,0,small molecules with n_atoms > 15 detected
6vmk_c+b-d,B:U,3,6vmk,c+b,d,3,X-ray,6vmk,c+b,3,X-ray,6QMT,A,1,X-ray,0,0,small molecules with n_atoms > 15 detected
6vmk_c+b-d,B:U,4,6vmk,c+b,d,3,X-ray,6vmk,c+b,3,X-ray,6QMT,B,1,X-ray,0,0,small molecules with n_atoms > 15 detected
6vmk_c+b-d,B:U,5,6vmk,c+b,d,3,X-ray,6vmk,c+b,3,X-ray,6FUH,A,1,X-ray,0,0,small molecules with n_atoms > 15 detected
3bn9_F+E-A,B:U,0,3bn9,F+E,A,2,X-ray,3bn9,F+E,2,X-ray,6T9T,A,1,X-ray,0,0,small molecules with n_atoms > 15 detected
3bn9_F+E-A,B:U,1,3bn9,F+E,A,2,X-ray,3bn9,F+E,2,X-ray,3NCL,A,1,X-ray,0,0,small molecules with n_atoms > 15 detected
2dqf_E+D-F,B:U,0,2dqf,E+D,F,2,X-ray,2dqf,E+D,2,X-ray,7BYP,A,1,X-ray,0,0,NA
2dqf_E+D-F,B:U,1,2dqf,E+D,F,2,X-ray,2dqf,E+D,2,X-ray,7CDO,A,1,X-ray,0,0,NA
2dqf_E+D-F,B:U,2,2dqf,E+D,F,2,X-ray,2dqf,E+D,2,X-ray,7CDM,A,1,X-ray,0,0,NA
6txz_K+O-D,B:U,0,6txz,K+O,D,3,X-ray,6txz,K+O,3,X-ray,5F71,A,2,X-ray,0,0,NA
6txz_K+O-D,B:U,1,6txz,K+O,D,3,X-ray,6txz,K+O,3,X-ray,5F71,B,2,X-ray,0,0,NA
5hgg_S-B,U:U,0,5hgg,S,B,1,X-ray,5HDO,A,2,X-ray,5ZAJ,U,1,X-ray,0,0,small molecules with n_atoms > 15 detected
5hgg_S-B,U:U,1,5hgg,S,B,1,X-ray,5HDO,B,2,X-ray,5ZAJ,U,1,X-ray,0,0,small molecules with n_atoms > 15 detected
5hgg_S-B,U:U,2,5hgg,S,B,1,X-ray,5HDO,C,2,X-ray,5ZAJ,U,1,X-ray,0,0,small molecules with n_atoms > 15 detected
5hgg_S-B,U:U,3,5hgg,S,B,1,X-ray,5HDO,D,2,X-ray,5ZAJ,U,1,X-ray,0,0,small molecules with n_atoms > 15 detected
5hgg_S-B,U:U,4,5hgg,S,B,1,X-ray,5HDO,A,2,X-ray,6AG2,U,1,X-ray,0,0,small molecules with n_atoms > 15 detected
5hgg_S-B,U:U,5,5hgg,S,B,1,X-ray,5HDO,B,2,X-ray,6AG2,U,1,X-ray,0,0,small molecules with n_atoms > 15 detected
5hgg_S-B,U:U,6,5hgg,S,B,1,X-ray,5HDO,C,2,X-ray,6AG2,U,1,X-ray,0,0,small molecules with n_atoms > 15 detected
5hgg_S-B,U:U,7,5hgg,S,B,1,X-ray,5HDO,D,2,X-ray,6AG2,U,1,X-ray,0,0,small molecules with n_atoms > 15 detected
5hgg_S-B,U:U,8,5hgg,S,B,1,X-ray,5HDO,A,2,X-ray,6AG9,U,1,X-ray,0,0,small molecules with n_atoms > 15 detected
5hgg_S-B,U:U,9,5hgg,S,B,1,X-ray,5HDO,B,2,X-ray,6AG9,U,1,X-ray,0,0,small molecules with n_atoms > 15 detected
5hgg_S-B,U:U,10,5hgg,S,B,1,X-ray,5HDO,C,2,X-ray,6AG9,U,1,X-ray,0,0,small molecules with n_atoms > 15 detected
5hgg_S-B,U:U,11,5hgg,S,B,1,X-ray,5HDO,D,2,X-ray,6AG9,U,1,X-ray,0,0,small molecules with n_atoms > 15 detected
5hgg_S-B,U:U,12,5hgg,S,B,1,X-ray,5HDO,A,2,X-ray,5ZA7,U,1,X-ray,0,0,small molecules with n_atoms > 15 detected
5hgg_S-B,U:U,13,5hgg,S,B,1,X-ray,5HDO,B,2,X-ray,5ZA7,U,1,X-ray,0,0,small molecules with n_atoms > 15 detected
5hgg_S-B,U:U,14,5hgg,S,B,1,X-ray,5HDO,C,2,X-ray,5ZA7,U,1,X-ray,0,0,small molecules with n_atoms > 15 detected
5hgg_S-B,U:U,15,5hgg,S,B,1,X-ray,5HDO,D,2,X-ray,5ZA7,U,1,X-ray,0,0,small molecules with n_atoms > 15 detected
5hgg_S-B,U:U,16,5hgg,S,B,1,X-ray,5HDO,A,2,X-ray,6AG7,U,1,X-ray,0,0,small molecules with n_atoms > 15 detected
5hgg_S-B,U:U,17,5hgg,S,B,1,X-ray,5HDO,B,2,X-ray,6AG7,U,1,X-ray,0,0,small molecules with n_atoms > 15 detected
5hgg_S-B,U:U,18,5hgg,S,B,1,X-ray,5HDO,C,2,X-ray,6AG7,U,1,X-ray,0,0,small molecules with n_atoms > 15 detected
5hgg_S-B,U:U,19,5hgg,S,B,1,X-ray,5HDO,D,2,X-ray,6AG7,U,1,X-ray,0,0,small molecules with n_atoms > 15 detected
2dqj_H+L-Y,B:U,0,2dqj,H+L,Y,1,X-ray,2dqj,H+L,1,X-ray,7BYP,A,1,X-ray,0,0,NA
2dqj_H+L-Y,B:U,1,2dqj,H+L,Y,1,X-ray,2dqj,H+L,1,X-ray,7CDO,A,1,X-ray,0,0,NA
2dqj_H+L-Y,B:U,2,2dqj,H+L,Y,1,X-ray,2dqj,H+L,1,X-ray,7CDM,A,1,X-ray,0,0,NA
5t5f_H+L-A,B:U,0,5t5f,H+L,A,2,X-ray,5t5f,H+L,2,X-ray,3KVD,D,2,X-ray,0,0,NA
2nz9_F+E-B,B:U,0,2nz9,F+E,B,3,X-ray,2nz9,F+E,3,X-ray,3BTA,A,3,X-ray,0,0,NA
6s3d_E+F-O,B:U,0,6s3d,E+F,O,3,X-ray,6s3d,E+F,3,X-ray,6XWI,A,100,UNKNOWN,0,0,NA
7kd0_C-B+A,B:U,0,7kd0,C,B+A,2,X-ray,7kd0,C,2,X-ray,3RTI,B+A,2,X-ray,0,0,small molecules with n_atoms > 15 detected
5vxj_D-C,B:U,0,5vxj,D,C,2,X-ray,5vxj,D,2,X-ray,3R9V,A,1,X-ray,0,0,NA
5vxj_D-C,B:U,1,5vxj,D,C,2,X-ray,5vxj,D,2,X-ray,3R9V,B,1,X-ray,0,0,small molecules with n_atoms > 15 detected
4rfn_B+C-A,U:U,0,4rfn,B+C,A,3,X-ray,4RFE,H+L,1,X-ray,4DKO,A,1,X-ray,14,0,small molecules with n_atoms > 15 detected
4rfn_B+C-A,U:U,1,4rfn,B+C,A,3,X-ray,4RFE,A+B,1,X-ray,4DKO,A,1,X-ray,0,0,small molecules with n_atoms > 15 detected
4rfn_B+C-A,U:U,2,4rfn,B+C,A,3,X-ray,4RFE,C+D,1,X-ray,4DKO,A,1,X-ray,0,0,small molecules with n_atoms > 15 detected
4rfn_B+C-A,U:U,3,4rfn,B+C,A,3,X-ray,4RFE,E+F,1,X-ray,4DKO,A,1,X-ray,0,0,small molecules with n_atoms > 15 detected
4rfn_B+C-A,U:U,4,4rfn,B+C,A,3,X-ray,4RFE,H+L,1,X-ray,4DKO,C,1,X-ray,14,0,small molecules with n_atoms > 15 detected
4rfn_B+C-A,U:U,5,4rfn,B+C,A,3,X-ray,4RFE,A+B,1,X-ray,4DKO,C,1,X-ray,0,0,small molecules with n_atoms > 15 detected
4rfn_B+C-A,U:U,6,4rfn,B+C,A,3,X-ray,4RFE,C+D,1,X-ray,4DKO,C,1,X-ray,0,0,small molecules with n_atoms > 15 detected
4rfn_B+C-A,U:U,7,4rfn,B+C,A,3,X-ray,4RFE,E+F,1,X-ray,4DKO,C,1,X-ray,0,0,small molecules with n_atoms > 15 detected
4rfn_B+C-A,U:U,8,4rfn,B+C,A,3,X-ray,4RFE,H+L,1,X-ray,4RZ8,A,1,X-ray,14,0,small molecules with n_atoms > 15 detected
4rfn_B+C-A,U:U,9,4rfn,B+C,A,3,X-ray,4RFE,A+B,1,X-ray,4RZ8,A,1,X-ray,0,0,small molecules with n_atoms > 15 detected
4rfn_B+C-A,U:U,10,4rfn,B+C,A,3,X-ray,4RFE,C+D,1,X-ray,4RZ8,A,1,X-ray,0,0,small molecules with n_atoms > 15 detected
4rfn_B+C-A,U:U,11,4rfn,B+C,A,3,X-ray,4RFE,E+F,1,X-ray,4RZ8,A,1,X-ray,0,0,small molecules with n_atoms > 15 detected
4rfn_B+C-A,U:U,12,4rfn,B+C,A,3,X-ray,4RFE,H+L,1,X-ray,4RZ8,B,1,X-ray,14,0,small molecules with n_atoms > 15 detected
4rfn_B+C-A,U:U,13,4rfn,B+C,A,3,X-ray,4RFE,A+B,1,X-ray,4RZ8,B,1,X-ray,0,0,small molecules with n_atoms > 15 detected
4rfn_B+C-A,U:U,14,4rfn,B+C,A,3,X-ray,4RFE,C+D,1,X-ray,4RZ8,B,1,X-ray,0,0,small molecules with n_atoms > 15 detected
4rfn_B+C-A,U:U,15,4rfn,B+C,A,3,X-ray,4RFE,E+F,1,X-ray,4RZ8,B,1,X-ray,0,0,small molecules with n_atoms > 15 detected
4rfn_B+C-A,U:U,16,4rfn,B+C,A,3,X-ray,4RFE,H+L,1,X-ray,4RZ8,C,1,X-ray,14,0,small molecules with n_atoms > 15 detected
4rfn_B+C-A,U:U,17,4rfn,B+C,A,3,X-ray,4RFE,A+B,1,X-ray,4RZ8,C,1,X-ray,0,0,small molecules with n_atoms > 15 detected
4rfn_B+C-A,U:U,18,4rfn,B+C,A,3,X-ray,4RFE,C+D,1,X-ray,4RZ8,C,1,X-ray,0,0,small molecules with n_atoms > 15 detected
4rfn_B+C-A,U:U,19,4rfn,B+C,A,3,X-ray,4RFE,E+F,1,X-ray,4RZ8,C,1,X-ray,0,0,small molecules with n_atoms > 15 detected
4rfn_B+C-A,U:U,20,4rfn,B+C,A,3,X-ray,4RFE,H+L,1,X-ray,4RZ8,D,1,X-ray,14,0,small molecules with n_atoms > 15 detected
4rfn_B+C-A,U:U,21,4rfn,B+C,A,3,X-ray,4RFE,A+B,1,X-ray,4RZ8,D,1,X-ray,0,0,small molecules with n_atoms > 15 detected
4rfn_B+C-A,U:U,22,4rfn,B+C,A,3,X-ray,4RFE,C+D,1,X-ray,4RZ8,D,1,X-ray,0,0,small molecules with n_atoms > 15 detected
4rfn_B+C-A,U:U,23,4rfn,B+C,A,3,X-ray,4RFE,E+F,1,X-ray,4RZ8,D,1,X-ray,0,0,small molecules with n_atoms > 15 detected
4rfn_B+C-A,U:U,24,4rfn,B+C,A,3,X-ray,4RFE,H+L,1,X-ray,4DVV,A,1,X-ray,14,0,small molecules with n_atoms > 15 detected
4rfn_B+C-A,U:U,25,4rfn,B+C,A,3,X-ray,4RFE,A+B,1,X-ray,4DVV,A,1,X-ray,0,0,small molecules with n_atoms > 15 detected
4rfn_B+C-A,U:U,26,4rfn,B+C,A,3,X-ray,4RFE,C+D,1,X-ray,4DVV,A,1,X-ray,0,0,small molecules with n_atoms > 15 detected
4rfn_B+C-A,U:U,27,4rfn,B+C,A,3,X-ray,4RFE,E+F,1,X-ray,4DVV,A,1,X-ray,0,0,small molecules with n_atoms > 15 detected
4rfn_B+C-A,U:U,28,4rfn,B+C,A,3,X-ray,4RFE,H+L,1,X-ray,4DVV,B,1,X-ray,14,0,small molecules with n_atoms > 15 detected
4rfn_B+C-A,U:U,29,4rfn,B+C,A,3,X-ray,4RFE,A+B,1,X-ray,4DVV,B,1,X-ray,0,0,small molecules with n_atoms > 15 detected
4rfn_B+C-A,U:U,30,4rfn,B+C,A,3,X-ray,4RFE,C+D,1,X-ray,4DVV,B,1,X-ray,0,0,small molecules with n_atoms > 15 detected
4rfn_B+C-A,U:U,31,4rfn,B+C,A,3,X-ray,4RFE,E+F,1,X-ray,4DVV,B,1,X-ray,0,0,small molecules with n_atoms > 15 detected
4rfn_B+C-A,U:U,32,4rfn,B+C,A,3,X-ray,4RFE,H+L,1,X-ray,4DKP,A,1,X-ray,14,0,small molecules with n_atoms > 15 detected
4rfn_B+C-A,U:U,33,4rfn,B+C,A,3,X-ray,4RFE,A+B,1,X-ray,4DKP,A,1,X-ray,0,0,small molecules with n_atoms > 15 detected
4rfn_B+C-A,U:U,34,4rfn,B+C,A,3,X-ray,4RFE,C+D,1,X-ray,4DKP,A,1,X-ray,0,0,small molecules with n_atoms > 15 detected
4rfn_B+C-A,U:U,35,4rfn,B+C,A,3,X-ray,4RFE,E+F,1,X-ray,4DKP,A,1,X-ray,0,0,small molecules with n_atoms > 15 detected
4rfn_B+C-A,U:U,36,4rfn,B+C,A,3,X-ray,4RFE,H+L,1,X-ray,4DKP,C,1,X-ray,14,0,small molecules with n_atoms > 15 detected
4rfn_B+C-A,U:U,37,4rfn,B+C,A,3,X-ray,4RFE,A+B,1,X-ray,4DKP,C,1,X-ray,0,0,small molecules with n_atoms > 15 detected
4rfn_B+C-A,U:U,38,4rfn,B+C,A,3,X-ray,4RFE,C+D,1,X-ray,4DKP,C,1,X-ray,0,0,small molecules with n_atoms > 15 detected
4rfn_B+C-A,U:U,39,4rfn,B+C,A,3,X-ray,4RFE,E+F,1,X-ray,4DKP,C,1,X-ray,0,0,small molecules with n_atoms > 15 detected
4rfn_B+C-A,U:U,40,4rfn,B+C,A,3,X-ray,4RFE,H+L,1,X-ray,4DKQ,A,1,X-ray,14,0,small molecules with n_atoms > 15 detected
4rfn_B+C-A,U:U,41,4rfn,B+C,A,3,X-ray,4RFE,A+B,1,X-ray,4DKQ,A,1,X-ray,0,0,small molecules with n_atoms > 15 detected
4rfn_B+C-A,U:U,42,4rfn,B+C,A,3,X-ray,4RFE,C+D,1,X-ray,4DKQ,A,1,X-ray,0,0,small molecules with n_atoms > 15 detected
4rfn_B+C-A,U:U,43,4rfn,B+C,A,3,X-ray,4RFE,E+F,1,X-ray,4DKQ,A,1,X-ray,0,0,small molecules with n_atoms > 15 detected
7dm1_F+E-B,B:U,0,7dm1,F+E,B,2,X-ray,7dm1,F+E,2,X-ray,1PC3,A,2,X-ray,0,0,NA
7dm1_F+E-B,B:U,1,7dm1,F+E,B,2,X-ray,7dm1,F+E,2,X-ray,1PC3,B,2,X-ray,0,0,NA
7r98_D-A,B:U,0,7r98,D,A,2,X-ray,7r98,D,2,X-ray,7CDZ,A,1,X-ray,0,0,NA
7r98_D-A,B:U,1,7r98,D,A,2,X-ray,7r98,D,2,X-ray,7CDZ,B,1,X-ray,0,0,NA
7r98_D-A,B:U,2,7r98,D,A,2,X-ray,7r98,D,2,X-ray,7CDZ,C,1,X-ray,0,0,NA
7r98_D-A,B:U,3,7r98,D,A,2,X-ray,7r98,D,2,X-ray,7CDZ,D,1,X-ray,0,0,NA
7r98_D-A,B:U,4,7r98,D,A,2,X-ray,7r98,D,2,X-ray,6YI3,A,100,UNKNOWN,0,0,NA
7r98_D-A,B:U,5,7r98,D,A,2,X-ray,7r98,D,2,X-ray,6M3M,A,2,X-ray,0,0,NA
7r98_D-A,B:U,6,7r98,D,A,2,X-ray,7r98,D,2,X-ray,6M3M,B,2,X-ray,0,0,NA
7r98_D-A,B:U,7,7r98,D,A,2,X-ray,7r98,D,2,X-ray,6M3M,C,2,X-ray,0,0,NA
7r98_D-A,B:U,8,7r98,D,A,2,X-ray,7r98,D,2,X-ray,6M3M,D,2,X-ray,0,0,NA
6txz_I+M-B,B:U,0,6txz,I+M,B,3,X-ray,6txz,I+M,3,X-ray,5F71,A,2,X-ray,0,0,NA
6txz_I+M-B,B:U,1,6txz,I+M,B,3,X-ray,6txz,I+M,3,X-ray,5F71,B,2,X-ray,0,0,NA
2wuc_H+L-A,B:U,0,2wuc,H+L,A,2,X-ray,2wuc,H+L,2,X-ray,1YBW,A,2,X-ray,0,0,small molecules with 7 < n_atoms <= 15 detected
2wuc_H+L-A,B:U,1,2wuc,H+L,A,2,X-ray,2wuc,H+L,2,X-ray,1YBW,B,2,X-ray,0,0,small molecules with 7 < n_atoms <= 15 detected
3gi9_H+L-C,B:U,0,3gi9,H+L,C,2,X-ray,3gi9,H+L,2,X-ray,3GIA,A,2,X-ray,0,0,small molecules with 7 < n_atoms <= 15 detected
3iu3_C+D-J,U:U,0,3iu3,C+D,J,2,X-ray,1MIM,H+L,2,X-ray,6VWU,A,3,X-ray,0,0,NA
5th9_J+N-C,B:U,0,5th9,J+N,C,3,X-ray,5th9,J+N,3,X-ray,5TH6,A,1,X-ray,0,0,NA
5th9_J+N-C,B:U,1,5th9,J+N,C,3,X-ray,5th9,J+N,3,X-ray,5TH6,B,1,X-ray,0,0,NA
5th9_J+N-C,B:U,2,5th9,J+N,C,3,X-ray,5th9,J+N,3,X-ray,5TH6,C,1,X-ray,0,0,NA
5th9_J+N-C,B:U,3,5th9,J+N,C,3,X-ray,5th9,J+N,3,X-ray,5TH6,D,1,X-ray,0,0,NA
3eba_A-B,B:U,0,3eba,A,B,1,X-ray,3eba,A,1,X-ray,3FE0,A,1,X-ray,0,0,NA
3eba_A-B,B:U,1,3eba,A,B,1,X-ray,3eba,A,1,X-ray,6LFH,X,1,X-ray,0,0,NA
3eba_A-B,B:U,2,3eba,A,B,1,X-ray,3eba,A,1,X-ray,2ZIJ,A,1,X-ray,0,0,NA
3eba_A-B,B:U,3,3eba,A,B,1,X-ray,3eba,A,1,X-ray,2NWD,X,1,X-ray,0,0,NA
3eba_A-B,B:U,4,3eba,A,B,1,X-ray,3eba,A,1,X-ray,5LSH,A,1,X-ray,0,0,NA
5uoe_H+L-A,B:U,0,5uoe,H+L,A,3,X-ray,5uoe,H+L,3,X-ray,4IFH,A,3,X-ray,0,0,NA
5uoe_H+L-A,B:U,1,5uoe,H+L,A,3,X-ray,5uoe,H+L,3,X-ray,4IFH,B,3,X-ray,0,0,small molecules with n_atoms > 15 detected
5uoe_H+L-A,B:U,2,5uoe,H+L,A,3,X-ray,5uoe,H+L,3,X-ray,4RE9,A,2,X-ray,0,0,small molecules with n_atoms > 15 detected
5uoe_H+L-A,B:U,3,5uoe,H+L,A,3,X-ray,5uoe,H+L,3,X-ray,4RE9,B,2,X-ray,0,0,small molecules with n_atoms > 15 detected
4zpv_H+L-R,B:U,0,4zpv,H+L,R,3,X-ray,4zpv,H+L,3,X-ray,4ZPW,R,3,X-ray,0,0,small molecules with 7 < n_atoms <= 15 detected
4zpv_H+L-R,B:U,1,4zpv,H+L,R,3,X-ray,4zpv,H+L,3,X-ray,4ZPW,S,3,X-ray,0,0,small molecules with 7 < n_atoms <= 15 detected
4grw_I-D,B:U,0,4grw,I,D,2,X-ray,4grw,I,2,X-ray,1F42,A,2,X-ray,0,0,small molecules with 7 < n_atoms <= 15 detected
7lf7_H+L-K,B:U,0,7lf7,H+L,K,2,X-ray,7lf7,H+L,2,X-ray,7L6K,A,100,UNKNOWN,0,0,small molecules with 7 < n_atoms <= 15 detected
5vxm_B-A,B:U,0,5vxm,B,A,2,X-ray,5vxm,B,2,X-ray,3R9V,A,1,X-ray,0,0,NA
5vxm_B-A,B:U,1,5vxm,B,A,2,X-ray,5vxm,B,2,X-ray,3R9V,B,1,X-ray,0,0,small molecules with n_atoms > 15 detected
6svl_O+P-R,B:U,0,6svl,O+P,R,1,X-ray,6svl,O+P,1,X-ray,6O6W,A,100,UNKNOWN,0,0,NA
6svl_O+P-R,B:U,1,6svl,O+P,R,1,X-ray,6svl,O+P,1,X-ray,6SVK,A,1,X-ray,0,0,NA
6svl_O+P-R,B:U,2,6svl,O+P,R,1,X-ray,6svl,O+P,1,X-ray,6SVK,B,1,X-ray,0,0,NA
4zpv_A+B-S,B:U,0,4zpv,A+B,S,3,X-ray,4zpv,A+B,3,X-ray,4ZPW,R,3,X-ray,0,0,small molecules with 7 < n_atoms <= 15 detected
4zpv_A+B-S,B:U,1,4zpv,A+B,S,3,X-ray,4zpv,A+B,3,X-ray,4ZPW,S,3,X-ray,0,0,small molecules with 7 < n_atoms <= 15 detected
6woz_H+I-G,B:U,0,6woz,H+I,G,2,X-ray,6woz,H+I,2,X-ray,5W53,A,1,X-ray,0,0,NA
6woz_H+I-G,B:U,1,6woz,H+I,G,2,X-ray,6woz,H+I,2,X-ray,5W53,B,1,X-ray,0,0,NA
6svl_D+E-F,B:U,0,6svl,D+E,F,1,X-ray,6svl,D+E,1,X-ray,6O6W,A,100,UNKNOWN,0,0,small molecules with 7 < n_atoms <= 15 detected
6svl_D+E-F,B:U,1,6svl,D+E,F,1,X-ray,6svl,D+E,1,X-ray,6SVK,A,1,X-ray,0,0,small molecules with 7 < n_atoms <= 15 detected
6svl_D+E-F,B:U,2,6svl,D+E,F,1,X-ray,6svl,D+E,1,X-ray,6SVK,B,1,X-ray,0,0,small molecules with 7 < n_atoms <= 15 detected
5d1x_B+A-E,B:U,0,5d1x,B+A,E,3,X-ray,5d1x,B+A,3,X-ray,3RTL,A,1,X-ray,0,0,small molecules with n_atoms > 15 detected
5d1x_B+A-E,B:U,1,5d1x,B+A,E,3,X-ray,5d1x,B+A,3,X-ray,3RTL,B,1,X-ray,0,0,small molecules with n_atoms > 15 detected
5d1x_B+A-E,B:U,2,5d1x,B+A,E,3,X-ray,5d1x,B+A,3,X-ray,3RTL,C,1,X-ray,0,0,small molecules with n_atoms > 15 detected
5d1x_B+A-E,B:U,3,5d1x,B+A,E,3,X-ray,5d1x,B+A,3,X-ray,3RTL,D,1,X-ray,0,0,small molecules with n_atoms > 15 detected
5d1x_B+A-E,B:U,4,5d1x,B+A,E,3,X-ray,5d1x,B+A,3,X-ray,3RUR,A,1,X-ray,0,0,small molecules with n_atoms > 15 detected
5d1x_B+A-E,B:U,5,5d1x,B+A,E,3,X-ray,5d1x,B+A,3,X-ray,3RUR,B,1,X-ray,0,0,small molecules with n_atoms > 15 detected
5d1x_B+A-E,B:U,6,5d1x,B+A,E,3,X-ray,5d1x,B+A,3,X-ray,3RUR,C,1,X-ray,0,0,small molecules with n_atoms > 15 detected
5d1x_B+A-E,B:U,7,5d1x,B+A,E,3,X-ray,5d1x,B+A,3,X-ray,3RUR,D,1,X-ray,0,0,small molecules with n_atoms > 15 detected
4qo1_A-B,B:U,0,4qo1,A,B,1,X-ray,4qo1,A,1,X-ray,2XWR,A,1,X-ray,0,0,NA
4qo1_A-B,B:U,1,4qo1,A,B,1,X-ray,4qo1,A,1,X-ray,2XWR,B,1,X-ray,0,0,NA
5gs0_D+C-A,B:U,0,5gs0,D+C,A,3,X-ray,5gs0,D+C,3,X-ray,1ZIW,A,2,X-ray,0,0,small molecules with 7 < n_atoms <= 15 detected
5gs0_D+C-A,B:U,1,5gs0,D+C,A,3,X-ray,5gs0,D+C,3,X-ray,2A0Z,A,2,X-ray,0,0,small molecules with 7 < n_atoms <= 15 detected
4zpt_H+L-S,B:U,0,4zpt,H+L,S,2,X-ray,4zpt,H+L,2,X-ray,4ZPW,R,3,X-ray,0,0,small molecules with 7 < n_atoms <= 15 detected
4zpt_H+L-S,B:U,1,4zpt,H+L,S,2,X-ray,4zpt,H+L,2,X-ray,4ZPW,S,3,X-ray,0,0,small molecules with 7 < n_atoms <= 15 detected
5if0_A+B-I,U:U,0,5if0,A+B,I,2,X-ray,5IFA,H+L,1,X-ray,5IDL,A,2,X-ray,0,3,small molecules with 7 < n_atoms <= 15 detected
4etq_A+B-X,B:U,0,4etq,A+B,X,2,X-ray,4etq,A+B,2,X-ray,4E9O,X,1,X-ray,0,0,NA
7cr5_H+L-A,B:U,0,7cr5,H+L,A,2,X-ray,7cr5,H+L,2,X-ray,7CDZ,A,1,X-ray,0,0,NA
7cr5_H+L-A,B:U,1,7cr5,H+L,A,2,X-ray,7cr5,H+L,2,X-ray,7CDZ,B,1,X-ray,0,0,NA
7cr5_H+L-A,B:U,2,7cr5,H+L,A,2,X-ray,7cr5,H+L,2,X-ray,7CDZ,C,1,X-ray,0,0,NA
7cr5_H+L-A,B:U,3,7cr5,H+L,A,2,X-ray,7cr5,H+L,2,X-ray,7CDZ,D,1,X-ray,0,0,NA
7cr5_H+L-A,B:U,4,7cr5,H+L,A,2,X-ray,7cr5,H+L,2,X-ray,6YI3,A,100,UNKNOWN,0,0,NA
7cr5_H+L-A,B:U,5,7cr5,H+L,A,2,X-ray,7cr5,H+L,2,X-ray,6M3M,A,2,X-ray,0,0,NA
7cr5_H+L-A,B:U,6,7cr5,H+L,A,2,X-ray,7cr5,H+L,2,X-ray,6M3M,B,2,X-ray,0,0,NA
7cr5_H+L-A,B:U,7,7cr5,H+L,A,2,X-ray,7cr5,H+L,2,X-ray,6M3M,C,2,X-ray,0,0,NA
7cr5_H+L-A,B:U,8,7cr5,H+L,A,2,X-ray,7cr5,H+L,2,X-ray,6M3M,D,2,X-ray,0,0,NA
3eoa_B+A-J,U:U,0,3eoa,B+A,J,2,X-ray,3EO9,H+L,1,X-ray,1ZON,A,2,X-ray,0,0,NA
3eoa_B+A-J,U:U,1,3eoa,B+A,J,2,X-ray,3EO9,H+L,1,X-ray,1RD4,A,2,X-ray,0,0,small molecules with n_atoms > 15 detected
3eoa_B+A-J,U:U,2,3eoa,B+A,J,2,X-ray,3EO9,H+L,1,X-ray,1RD4,B,2,X-ray,0,0,small molecules with n_atoms > 15 detected
3eoa_B+A-J,U:U,3,3eoa,B+A,J,2,X-ray,3EO9,H+L,1,X-ray,1RD4,C,2,X-ray,0,0,small molecules with n_atoms > 15 detected
3eoa_B+A-J,U:U,4,3eoa,B+A,J,2,X-ray,3EO9,H+L,1,X-ray,1RD4,D,2,X-ray,0,0,small molecules with n_atoms > 15 detected
5cbe_A+B-E,B:U,0,5cbe,A+B,E,2,X-ray,5cbe,A+B,2,X-ray,6VGJ,A,2,X-ray,0,0,NA
5cbe_A+B-E,B:U,1,5cbe,A+B,E,2,X-ray,5cbe,A+B,2,X-ray,6VGJ,B,2,X-ray,0,0,NA
5cbe_A+B-E,B:U,2,5cbe,A+B,E,2,X-ray,5cbe,A+B,2,X-ray,6VGJ,C,2,X-ray,0,0,NA
5cbe_A+B-E,B:U,3,5cbe,A+B,E,2,X-ray,5cbe,A+B,2,X-ray,6VGJ,D,2,X-ray,0,0,NA
5cbe_A+B-E,B:U,4,5cbe,A+B,E,2,X-ray,5cbe,A+B,2,X-ray,6VGJ,E,2,X-ray,0,0,NA
5cbe_A+B-E,B:U,5,5cbe,A+B,E,2,X-ray,5cbe,A+B,2,X-ray,6VGJ,F,2,X-ray,0,0,NA
5cbe_A+B-E,B:U,6,5cbe,A+B,E,2,X-ray,5cbe,A+B,2,X-ray,6VGJ,G,2,X-ray,0,0,NA
5cbe_A+B-E,B:U,7,5cbe,A+B,E,2,X-ray,5cbe,A+B,2,X-ray,7JNY,A,1,X-ray,0,0,NA
1yqv_H+L-Y,B:U,0,1yqv,H+L,Y,1,X-ray,1yqv,H+L,1,X-ray,7BYP,A,1,X-ray,0,0,NA
1yqv_H+L-Y,B:U,1,1yqv,H+L,Y,1,X-ray,1yqv,H+L,1,X-ray,7CDO,A,1,X-ray,0,0,NA
1yqv_H+L-Y,B:U,2,1yqv,H+L,Y,1,X-ray,1yqv,H+L,1,X-ray,7CDM,A,1,X-ray,0,0,NA
7k66_B+C-A,B:U,3,7k66,B+C,A,3,X-ray,7k66,B+C,3,X-ray,6MF0,A,3,X-ray,0,0,NA
1ztx_H+L-E,B:U,0,1ztx,H+L,E,2,X-ray,1ztx,H+L,2,X-ray,2I69,A,3,X-ray,0,0,NA
1ztx_H+L-E,B:U,1,1ztx,H+L,E,2,X-ray,1ztx,H+L,2,X-ray,2P5P,A,2,X-ray,0,0,NA
1ztx_H+L-E,B:U,2,1ztx,H+L,E,2,X-ray,1ztx,H+L,2,X-ray,2P5P,B,2,X-ray,0,0,NA
1ztx_H+L-E,B:U,3,1ztx,H+L,E,2,X-ray,1ztx,H+L,2,X-ray,2P5P,C,2,X-ray,0,0,NA
1ztx_H+L-E,B:U,4,1ztx,H+L,E,2,X-ray,1ztx,H+L,2,X-ray,2HG0,A,3,X-ray,0,0,NA
6jsz_D-A,B:U,0,6jsz,D,A,1,X-ray,6jsz,D,1,X-ray,2EWY,A,3,X-ray,0,0,small molecules with n_atoms > 15 detected
6jsz_D-A,B:U,1,6jsz,D,A,1,X-ray,6jsz,D,1,X-ray,2EWY,B,3,X-ray,0,0,small molecules with n_atoms > 15 detected
6jsz_D-A,B:U,2,6jsz,D,A,1,X-ray,6jsz,D,1,X-ray,2EWY,C,3,X-ray,0,0,small molecules with n_atoms > 15 detected
6jsz_D-A,B:U,3,6jsz,D,A,1,X-ray,6jsz,D,1,X-ray,2EWY,D,3,X-ray,0,0,small molecules with n_atoms > 15 detected
7niw_C+B-A,B:U,0,7niw,C+B,A,3,EM,7niw,C+B,3,EM,6S7P,A,3,EM,0,0,small molecules with n_atoms > 15 detected
5bo1_H+L-B,B:U,0,5bo1,H+L,B,2,X-ray,5bo1,H+L,2,X-ray,4CC0,A,2,X-ray,0,0,small molecules with 7 < n_atoms <= 15 detected
5bo1_H+L-B,B:U,1,5bo1,H+L,B,2,X-ray,5bo1,H+L,2,X-ray,4CC0,B,2,X-ray,0,0,small molecules with 7 < n_atoms <= 15 detected
5bo1_H+L-B,B:U,2,5bo1,H+L,B,2,X-ray,5bo1,H+L,2,X-ray,4CBZ,A,2,X-ray,0,0,small molecules with 7 < n_atoms <= 15 detected
5bo1_H+L-B,B:U,3,5bo1,H+L,B,2,X-ray,5bo1,H+L,2,X-ray,4CBZ,B,2,X-ray,0,0,small molecules with 7 < n_atoms <= 15 detected
5bo1_H+L-B,B:U,4,5bo1,H+L,B,2,X-ray,5bo1,H+L,2,X-ray,2VJ2,A,2,X-ray,0,0,NA
5bo1_H+L-B,B:U,5,5bo1,H+L,B,2,X-ray,5bo1,H+L,2,X-ray,2VJ2,B,2,X-ray,0,0,small molecules with 7 < n_atoms <= 15 detected
5bo1_H+L-B,B:U,6,5bo1,H+L,B,2,X-ray,5bo1,H+L,2,X-ray,4CC1,A,2,X-ray,0,0,small molecules with 7 < n_atoms <= 15 detected
5bo1_H+L-B,B:U,7,5bo1,H+L,B,2,X-ray,5bo1,H+L,2,X-ray,4CC1,B,2,X-ray,0,0,small molecules with 7 < n_atoms <= 15 detected
7kdu_C-B+A,B:U,0,7kdu,C,B+A,2,X-ray,7kdu,C,2,X-ray,3RTI,B+A,2,X-ray,0,0,small molecules with n_atoms > 15 detected
4hcr_H+L-A,B:U,0,4hcr,H+L,A,2,X-ray,4hcr,H+L,2,X-ray,1GSM,A,1,X-ray,0,0,NA
4hcr_H+L-A,B:U,1,4hcr,H+L,A,2,X-ray,4hcr,H+L,2,X-ray,4HD9,A,1,X-ray,0,0,small molecules with n_atoms > 15 detected
4hcr_H+L-A,B:U,2,4hcr,H+L,A,2,X-ray,4hcr,H+L,2,X-ray,1BQS,A,2,X-ray,0,0,small molecules with 7 < n_atoms <= 15 detected
6hhc_H+L-A,B:U,0,6hhc,H+L,A,2,X-ray,6hhc,H+L,2,X-ray,6VLV,A,1,X-ray,0,0,small molecules with n_atoms > 15 detected
6hhc_H+L-A,B:U,1,6hhc,H+L,A,2,X-ray,6hhc,H+L,2,X-ray,6USY,A,1,X-ray,0,0,small molecules with n_atoms > 15 detected
6hhc_H+L-A,B:U,2,6hhc,H+L,A,2,X-ray,6hhc,H+L,2,X-ray,6VLU,A,1,X-ray,0,0,small molecules with n_atoms > 15 detected
6hhc_H+L-A,B:U,3,6hhc,H+L,A,2,X-ray,6hhc,H+L,2,X-ray,7MBO,A,0,X-ray,0,0,small molecules with n_atoms > 15 detected
6hhc_H+L-A,B:U,4,6hhc,H+L,A,2,X-ray,6hhc,H+L,2,X-ray,6TS5,A,1,X-ray,0,0,small molecules with n_atoms > 15 detected
4ut9_K+O-C,B:U,0,4ut9,K+O,C,3,X-ray,4ut9,K+O,3,X-ray,4UTC,A,3,X-ray,0,0,NA
4ut9_K+O-C,B:U,1,4ut9,K+O,C,3,X-ray,4ut9,K+O,3,X-ray,4UTC,B,3,X-ray,0,0,NA
6oca_C-A,B:U,0,6oca,C,A,2,X-ray,6oca,C,2,X-ray,4HUO,X,1,X-ray,0,0,small molecules with n_atoms > 15 detected
6oca_C-A,B:U,1,6oca,C,A,2,X-ray,6oca,C,2,X-ray,6URX,A,1,X-ray,0,0,small molecules with 7 < n_atoms <= 15 detected
6oca_C-A,B:U,2,6oca,C,A,2,X-ray,6oca,C,2,X-ray,4HV7,X,1,X-ray,0,0,small molecules with n_atoms > 15 detected
6oca_C-A,B:U,3,6oca,C,A,2,X-ray,6oca,C,2,X-ray,4MX5,X,1,X-ray,0,0,small molecules with n_atoms > 15 detected
6oca_C-A,B:U,4,6oca,C,A,2,X-ray,6oca,C,2,X-ray,6URY,A,1,X-ray,0,0,small molecules with n_atoms > 15 detected
6oca_C-A,B:U,5,6oca,C,A,2,X-ray,6oca,C,2,X-ray,6URY,B,1,X-ray,0,0,NA
4m1c_C+D-A,B:U,0,4m1c,C+D,A,3,X-ray,4m1c,C+D,3,X-ray,4GS8,A,2,X-ray,0,0,small molecules with n_atoms > 15 detected
4m1c_C+D-A,B:U,1,4m1c,C+D,A,3,X-ray,4m1c,C+D,3,X-ray,4GS8,B,2,X-ray,0,0,small molecules with n_atoms > 15 detected
4m1c_C+D-A,B:U,2,4m1c,C+D,A,3,X-ray,4m1c,C+D,3,X-ray,4GSC,A,2,X-ray,0,0,small molecules with n_atoms > 15 detected
4m1c_C+D-A,B:U,3,4m1c,C+D,A,3,X-ray,4m1c,C+D,3,X-ray,4GSC,B,2,X-ray,0,0,small molecules with n_atoms > 15 detected
4m1c_C+D-A,B:U,4,4m1c,C+D,A,3,X-ray,4m1c,C+D,3,X-ray,4NXO,A,2,X-ray,0,0,small molecules with n_atoms > 15 detected
4m1c_C+D-A,B:U,5,4m1c,C+D,A,3,X-ray,4m1c,C+D,3,X-ray,4NXO,B,2,X-ray,0,0,small molecules with n_atoms > 15 detected
4ogy_H+L-A,U:U,0,4ogy,H+L,A,2,X-ray,4PUB,H+L,1,X-ray,6O1S,E,1,X-ray,0,0,small molecules with n_atoms > 15 detected
4ogy_H+L-A,U:U,1,4ogy,H+L,A,2,X-ray,4PUB,H+L,1,X-ray,2ANY,A,1,X-ray,0,0,small molecules with n_atoms > 15 detected
4ogy_H+L-A,U:U,2,4ogy,H+L,A,2,X-ray,4PUB,H+L,1,X-ray,5TJX,A,1,X-ray,0,0,small molecules with n_atoms > 15 detected
5d1x_C+D-E,B:U,0,5d1x,C+D,E,3,X-ray,5d1x,C+D,3,X-ray,3RTL,A,1,X-ray,0,0,small molecules with n_atoms > 15 detected
5d1x_C+D-E,B:U,1,5d1x,C+D,E,3,X-ray,5d1x,C+D,3,X-ray,3RTL,B,1,X-ray,0,0,small molecules with n_atoms > 15 detected
5d1x_C+D-E,B:U,2,5d1x,C+D,E,3,X-ray,5d1x,C+D,3,X-ray,3RTL,C,1,X-ray,0,0,small molecules with n_atoms > 15 detected
5d1x_C+D-E,B:U,3,5d1x,C+D,E,3,X-ray,5d1x,C+D,3,X-ray,3RTL,D,1,X-ray,0,0,small molecules with n_atoms > 15 detected
5d1x_C+D-E,B:U,4,5d1x,C+D,E,3,X-ray,5d1x,C+D,3,X-ray,3RUR,A,1,X-ray,0,0,small molecules with n_atoms > 15 detected
5d1x_C+D-E,B:U,5,5d1x,C+D,E,3,X-ray,5d1x,C+D,3,X-ray,3RUR,B,1,X-ray,0,0,small molecules with n_atoms > 15 detected
5d1x_C+D-E,B:U,6,5d1x,C+D,E,3,X-ray,5d1x,C+D,3,X-ray,3RUR,C,1,X-ray,0,0,small molecules with n_atoms > 15 detected
5d1x_C+D-E,B:U,7,5d1x,C+D,E,3,X-ray,5d1x,C+D,3,X-ray,3RUR,D,1,X-ray,0,0,small molecules with n_atoms > 15 detected
5wob_I+J-A,B:U,0,5wob,I+J,A,3,X-ray,5wob,I+J,3,X-ray,4GS8,A,2,X-ray,0,0,small molecules with n_atoms > 15 detected
5wob_I+J-A,B:U,1,5wob,I+J,A,3,X-ray,5wob,I+J,3,X-ray,4GS8,B,2,X-ray,0,0,small molecules with n_atoms > 15 detected
5wob_I+J-A,B:U,2,5wob,I+J,A,3,X-ray,5wob,I+J,3,X-ray,4GSC,A,2,X-ray,0,0,small molecules with n_atoms > 15 detected
5wob_I+J-A,B:U,3,5wob,I+J,A,3,X-ray,5wob,I+J,3,X-ray,4GSC,B,2,X-ray,0,0,small molecules with n_atoms > 15 detected
5wob_I+J-A,B:U,4,5wob,I+J,A,3,X-ray,5wob,I+J,3,X-ray,4NXO,A,2,X-ray,0,0,small molecules with n_atoms > 15 detected
5wob_I+J-A,B:U,5,5wob,I+J,A,3,X-ray,5wob,I+J,3,X-ray,4NXO,B,2,X-ray,0,0,small molecules with n_atoms > 15 detected
2xv6_B-A,B:U,0,2xv6,B,A,1,X-ray,2xv6,B,1,X-ray,4IPY,A,1,X-ray,0,0,NA
2xv6_B-A,B:U,1,2xv6,B,A,1,X-ray,2xv6,B,1,X-ray,4IPY,B,1,X-ray,0,0,NA
2xv6_B-A,B:U,2,2xv6,B,A,1,X-ray,2xv6,B,1,X-ray,4IPY,C,1,X-ray,0,0,NA
2xv6_B-A,B:U,3,2xv6,B,A,1,X-ray,2xv6,B,1,X-ray,4IPY,D,1,X-ray,0,0,NA
1bql_H+L-Y,B:U,0,1bql,H+L,Y,2,X-ray,1bql,H+L,2,X-ray,1DKJ,A,2,X-ray,0,0,NA
1bql_H+L-Y,B:U,1,1bql,H+L,Y,2,X-ray,1bql,H+L,2,X-ray,1DKK,A,1,X-ray,0,0,NA
1bql_H+L-Y,B:U,2,1bql,H+L,Y,2,X-ray,1bql,H+L,2,X-ray,1DKK,B,1,X-ray,0,0,NA
5cd5_C+D-A,U:U,0,5cd5,C+D,A,3,X-ray,5CD3,H+H,2,X-ray,3TGT,A,1,X-ray,0,0,small molecules with 7 < n_atoms <= 15 detected
5cd5_C+D-A,U:U,1,5cd5,C+D,A,3,X-ray,5CD3,B+B,2,X-ray,3TGT,A,1,X-ray,0,0,small molecules with 7 < n_atoms <= 15 detected
5cd5_C+D-A,U:U,2,5cd5,C+D,A,3,X-ray,5CD3,D+D,2,X-ray,3TGT,A,1,X-ray,0,0,small molecules with 7 < n_atoms <= 15 detected
5cd5_C+D-A,U:U,3,5cd5,C+D,A,3,X-ray,5CD3,F+F,2,X-ray,3TGT,A,1,X-ray,0,0,small molecules with 7 < n_atoms <= 15 detected
1kir_B+A-C,B:U,0,1kir,B+A,C,2,X-ray,1kir,B+A,2,X-ray,7BYP,A,1,X-ray,0,0,NA
1kir_B+A-C,B:U,1,1kir,B+A,C,2,X-ray,1kir,B+A,2,X-ray,7CDO,A,1,X-ray,0,0,NA
1kir_B+A-C,B:U,2,1kir,B+A,C,2,X-ray,1kir,B+A,2,X-ray,7CDM,A,1,X-ray,0,0,NA
6dbg_C-B,U:U,0,6dbg,C,B,1,X-ray,6DBA,A,1,X-ray,2Y5Q,A,3,X-ray,0,0,NA
6dbg_C-B,U:U,1,6dbg,C,B,1,X-ray,6DBA,B,1,X-ray,2Y5Q,A,3,X-ray,0,0,NA
6dbg_C-B,U:U,2,6dbg,C,B,1,X-ray,6DBA,A,1,X-ray,2WQU,A,2,X-ray,0,0,NA
6dbg_C-B,U:U,3,6dbg,C,B,1,X-ray,6DBA,B,1,X-ray,2WQU,A,2,X-ray,0,0,NA
6dbg_C-B,U:U,4,6dbg,C,B,1,X-ray,6DBA,A,1,X-ray,2WQU,B,2,X-ray,0,0,NA
6dbg_C-B,U:U,5,6dbg,C,B,1,X-ray,6DBA,B,1,X-ray,2WQU,B,2,X-ray,0,0,NA
6dbg_C-B,U:U,6,6dbg,C,B,1,X-ray,6DBA,A,1,X-ray,2WQU,C,2,X-ray,0,0,NA
6dbg_C-B,U:U,7,6dbg,C,B,1,X-ray,6DBA,B,1,X-ray,2WQU,C,2,X-ray,0,0,NA
6dbg_C-B,U:U,8,6dbg,C,B,1,X-ray,6DBA,A,1,X-ray,2WQU,D,2,X-ray,0,0,NA
6dbg_C-B,U:U,9,6dbg,C,B,1,X-ray,6DBA,B,1,X-ray,2WQU,D,2,X-ray,0,0,NA
6dbg_C-B,U:U,10,6dbg,C,B,1,X-ray,6DBA,A,1,X-ray,2WQU,E,2,X-ray,0,0,NA
6dbg_C-B,U:U,11,6dbg,C,B,1,X-ray,6DBA,B,1,X-ray,2WQU,E,2,X-ray,0,0,NA
6dbg_C-B,U:U,12,6dbg,C,B,1,X-ray,6DBA,A,1,X-ray,2WQU,F,2,X-ray,0,0,NA
6dbg_C-B,U:U,13,6dbg,C,B,1,X-ray,6DBA,B,1,X-ray,2WQU,F,2,X-ray,0,0,NA
6dbg_C-B,U:U,14,6dbg,C,B,1,X-ray,6DBA,A,1,X-ray,1H6T,A,1,X-ray,0,0,NA
6dbg_C-B,U:U,15,6dbg,C,B,1,X-ray,6DBA,B,1,X-ray,1H6T,A,1,X-ray,0,0,NA
6dbg_C-B,U:U,16,6dbg,C,B,1,X-ray,6DBA,A,1,X-ray,2WQV,A,2,X-ray,0,0,small molecules with 7 < n_atoms <= 15 detected
6dbg_C-B,U:U,17,6dbg,C,B,1,X-ray,6DBA,B,1,X-ray,2WQV,A,2,X-ray,0,0,small molecules with 7 < n_atoms <= 15 detected
6dbg_C-B,U:U,18,6dbg,C,B,1,X-ray,6DBA,A,1,X-ray,2WQV,B,2,X-ray,0,0,small molecules with 7 < n_atoms <= 15 detected
6dbg_C-B,U:U,19,6dbg,C,B,1,X-ray,6DBA,B,1,X-ray,2WQV,B,2,X-ray,0,0,small molecules with 7 < n_atoms <= 15 detected
5uek_H+L-A,B:U,0,5uek,H+L,A,1,X-ray,5uek,H+L,1,X-ray,2IDC,A,2,X-ray,0,0,NA
5uek_H+L-A,B:U,1,5uek,H+L,A,1,X-ray,5uek,H+L,1,X-ray,1WG3,A,3,X-ray,0,0,NA
5uek_H+L-A,B:U,2,5uek,H+L,A,1,X-ray,5uek,H+L,1,X-ray,1ROC,A,1,X-ray,0,0,NA
1ic4_H+L-Y,B:U,0,1ic4,H+L,Y,2,X-ray,1ic4,H+L,2,X-ray,7BYP,A,1,X-ray,0,0,NA
1ic4_H+L-Y,B:U,1,1ic4,H+L,Y,2,X-ray,1ic4,H+L,2,X-ray,7CDO,A,1,X-ray,0,0,NA
1ic4_H+L-Y,B:U,2,1ic4,H+L,Y,2,X-ray,1ic4,H+L,2,X-ray,7CDM,A,1,X-ray,0,0,NA
6qb6_H+L-A,U:U,0,6qb6,H+L,A,2,X-ray,6QBC,H+L,1,X-ray,6FS1,A,1,X-ray,0,0,small molecules with n_atoms > 15 detected
6qb6_H+L-A,U:U,1,6qb6,H+L,A,2,X-ray,6QBC,H+L,1,X-ray,6FS1,B,1,X-ray,0,0,small molecules with n_atoms > 15 detected
6qb6_H+L-A,U:U,2,6qb6,H+L,A,2,X-ray,6QBC,H+L,1,X-ray,5KU9,A,2,X-ray,0,0,small molecules with n_atoms > 15 detected
6qb6_H+L-A,U:U,3,6qb6,H+L,A,2,X-ray,6QBC,H+L,1,X-ray,5KU9,B,2,X-ray,0,0,small molecules with n_atoms > 15 detected
1bzq_N-B,B:U,0,1bzq,N,B,2,X-ray,1bzq,N,2,X-ray,8RAT,A,1,X-ray,0,0,NA
1bzq_N-B,B:U,1,1bzq,N,B,2,X-ray,1bzq,N,2,X-ray,6ETL,A,0,X-ray,0,0,NA
1bzq_N-B,B:U,2,1bzq,N,B,2,X-ray,1bzq,N,2,X-ray,6ETM,A,0,X-ray,0,0,NA
1bzq_N-B,B:U,3,1bzq,N,B,2,X-ray,1bzq,N,2,X-ray,7RSA,A,1,X-ray,0,0,small molecules with 7 < n_atoms <= 15 detected
1bzq_N-B,B:U,4,1bzq,N,B,2,X-ray,1bzq,N,2,X-ray,6ETK,A,0,X-ray,0,0,NA
3hfm_H+L-Y,B:U,0,3hfm,H+L,Y,3,X-ray,3hfm,H+L,3,X-ray,7BYP,A,1,X-ray,0,0,NA
3hfm_H+L-Y,B:U,1,3hfm,H+L,Y,3,X-ray,3hfm,H+L,3,X-ray,7CDO,A,1,X-ray,0,0,NA
3hfm_H+L-Y,B:U,2,3hfm,H+L,Y,3,X-ray,3hfm,H+L,3,X-ray,7CDM,A,1,X-ray,0,0,NA
5w4l_H+L-G,B:U,0,5w4l,H+L,G,2,X-ray,5w4l,H+L,2,X-ray,4DKO,A,1,X-ray,0,0,small molecules with n_atoms > 15 detected
5w4l_H+L-G,B:U,1,5w4l,H+L,G,2,X-ray,5w4l,H+L,2,X-ray,4DKO,C,1,X-ray,0,0,small molecules with n_atoms > 15 detected
5w4l_H+L-G,B:U,2,5w4l,H+L,G,2,X-ray,5w4l,H+L,2,X-ray,4RZ8,A,1,X-ray,0,0,small molecules with n_atoms > 15 detected
5w4l_H+L-G,B:U,3,5w4l,H+L,G,2,X-ray,5w4l,H+L,2,X-ray,4RZ8,B,1,X-ray,0,0,small molecules with n_atoms > 15 detected
5w4l_H+L-G,B:U,4,5w4l,H+L,G,2,X-ray,5w4l,H+L,2,X-ray,4RZ8,C,1,X-ray,0,0,small molecules with n_atoms > 15 detected
5w4l_H+L-G,B:U,5,5w4l,H+L,G,2,X-ray,5w4l,H+L,2,X-ray,4RZ8,D,1,X-ray,0,0,small molecules with n_atoms > 15 detected
5w4l_H+L-G,B:U,6,5w4l,H+L,G,2,X-ray,5w4l,H+L,2,X-ray,4DVV,A,1,X-ray,0,0,small molecules with n_atoms > 15 detected
5w4l_H+L-G,B:U,7,5w4l,H+L,G,2,X-ray,5w4l,H+L,2,X-ray,4DVV,B,1,X-ray,0,0,small molecules with n_atoms > 15 detected
5w4l_H+L-G,B:U,8,5w4l,H+L,G,2,X-ray,5w4l,H+L,2,X-ray,4DKP,A,1,X-ray,0,0,small molecules with n_atoms > 15 detected
5w4l_H+L-G,B:U,9,5w4l,H+L,G,2,X-ray,5w4l,H+L,2,X-ray,4DKP,C,1,X-ray,0,0,small molecules with n_atoms > 15 detected
5w4l_H+L-G,B:U,10,5w4l,H+L,G,2,X-ray,5w4l,H+L,2,X-ray,4DKQ,A,1,X-ray,0,0,small molecules with n_atoms > 15 detected
6wh9_H+I-A,B:U,0,6wh9,H+I,A,2,X-ray,6wh9,H+I,2,X-ray,2FR0,A,1,X-ray,0,0,small molecules with n_atoms > 15 detected
6wh9_H+I-A,B:U,1,6wh9,H+I,A,2,X-ray,6wh9,H+I,2,X-ray,2FR1,A,1,X-ray,0,0,small molecules with n_atoms > 15 detected
6ui1_D-A,B:U,0,6ui1,D,A,2,X-ray,6ui1,D,2,X-ray,3V0C,A,4,X-ray,0,0,NA
7now_A-B,B:U,0,7now,A,B,1,X-ray,7now,A,1,X-ray,7NQ6,A,1,X-ray,0,0,small molecules with n_atoms > 15 detected
6dfi_H+L-E,B:U,0,6dfi,H+L,E,2,X-ray,6dfi,H+L,2,X-ray,5OMZ,A,100,UNKNOWN,0,0,NA
3ngb_B+C-A,B:U,0,3ngb,B+C,A,2,X-ray,3ngb,B+C,2,X-ray,3TGT,A,1,X-ray,0,0,small molecules with 7 < n_atoms <= 15 detected
1ndm_B+A-C,B:U,0,1ndm,B+A,C,2,X-ray,1ndm,B+A,2,X-ray,7BYP,A,1,X-ray,0,0,NA
1ndm_B+A-C,B:U,1,1ndm,B+A,C,2,X-ray,1ndm,B+A,2,X-ray,7CDO,A,1,X-ray,0,0,NA
1ndm_B+A-C,B:U,2,1ndm,B+A,C,2,X-ray,1ndm,B+A,2,X-ray,7CDM,A,1,X-ray,0,0,NA
4tsa_H+L-A,B:U,0,4tsa,H+L,A,2,X-ray,4tsa,H+L,2,X-ray,7BYP,A,1,X-ray,0,0,NA
4tsa_H+L-A,B:U,1,4tsa,H+L,A,2,X-ray,4tsa,H+L,2,X-ray,7CDO,A,1,X-ray,0,0,NA
4tsa_H+L-A,B:U,2,4tsa,H+L,A,2,X-ray,4tsa,H+L,2,X-ray,7CDM,A,1,X-ray,0,0,NA
4kuc_F+E-I,B:U,0,4kuc,F+E,I,2,X-ray,4kuc,F+E,2,X-ray,4HUO,X,1,X-ray,0,0,small molecules with n_atoms > 15 detected
4kuc_F+E-I,B:U,1,4kuc,F+E,I,2,X-ray,4kuc,F+E,2,X-ray,6URX,A,1,X-ray,0,0,small molecules with 7 < n_atoms <= 15 detected
4kuc_F+E-I,B:U,2,4kuc,F+E,I,2,X-ray,4kuc,F+E,2,X-ray,4HV7,X,1,X-ray,0,0,small molecules with n_atoms > 15 detected
4kuc_F+E-I,B:U,3,4kuc,F+E,I,2,X-ray,4kuc,F+E,2,X-ray,4MX5,X,1,X-ray,0,0,small molecules with n_atoms > 15 detected
4kuc_F+E-I,B:U,4,4kuc,F+E,I,2,X-ray,4kuc,F+E,2,X-ray,6URY,A,1,X-ray,0,0,small molecules with n_atoms > 15 detected
4kuc_F+E-I,B:U,5,4kuc,F+E,I,2,X-ray,4kuc,F+E,2,X-ray,6URY,B,1,X-ray,0,0,NA
1p2c_E+D-F,B:U,0,1p2c,E+D,F,2,X-ray,1p2c,E+D,2,X-ray,7BYP,A,1,X-ray,0,0,NA
1p2c_E+D-F,B:U,1,1p2c,E+D,F,2,X-ray,1p2c,E+D,2,X-ray,7CDO,A,1,X-ray,0,0,NA
1p2c_E+D-F,B:U,2,1p2c,E+D,F,2,X-ray,1p2c,E+D,2,X-ray,7CDM,A,1,X-ray,0,0,NA
4h8w_H+L-G,U:U,0,4h8w,H+L,G,1,X-ray,3TNN,A+B,1,X-ray,4DKO,A,1,X-ray,0,0,small molecules with n_atoms > 15 detected
4h8w_H+L-G,U:U,1,4h8w,H+L,G,1,X-ray,3TNN,C+D,1,X-ray,4DKO,A,1,X-ray,0,0,small molecules with n_atoms > 15 detected
4h8w_H+L-G,U:U,2,4h8w,H+L,G,1,X-ray,3TNN,E+F,1,X-ray,4DKO,A,1,X-ray,0,0,small molecules with n_atoms > 15 detected
4h8w_H+L-G,U:U,3,4h8w,H+L,G,1,X-ray,3TNN,A+B,1,X-ray,4DKO,C,1,X-ray,0,0,small molecules with n_atoms > 15 detected
4h8w_H+L-G,U:U,4,4h8w,H+L,G,1,X-ray,3TNN,C+D,1,X-ray,4DKO,C,1,X-ray,0,0,small molecules with n_atoms > 15 detected
4h8w_H+L-G,U:U,5,4h8w,H+L,G,1,X-ray,3TNN,E+F,1,X-ray,4DKO,C,1,X-ray,0,0,small molecules with n_atoms > 15 detected
4h8w_H+L-G,U:U,6,4h8w,H+L,G,1,X-ray,3TNN,A+B,1,X-ray,4RZ8,A,1,X-ray,0,0,small molecules with n_atoms > 15 detected
4h8w_H+L-G,U:U,7,4h8w,H+L,G,1,X-ray,3TNN,C+D,1,X-ray,4RZ8,A,1,X-ray,0,0,small molecules with n_atoms > 15 detected
4h8w_H+L-G,U:U,8,4h8w,H+L,G,1,X-ray,3TNN,E+F,1,X-ray,4RZ8,A,1,X-ray,0,0,small molecules with n_atoms > 15 detected
4h8w_H+L-G,U:U,9,4h8w,H+L,G,1,X-ray,3TNN,A+B,1,X-ray,4RZ8,B,1,X-ray,0,0,small molecules with n_atoms > 15 detected
4h8w_H+L-G,U:U,10,4h8w,H+L,G,1,X-ray,3TNN,C+D,1,X-ray,4RZ8,B,1,X-ray,0,0,small molecules with n_atoms > 15 detected
4h8w_H+L-G,U:U,11,4h8w,H+L,G,1,X-ray,3TNN,E+F,1,X-ray,4RZ8,B,1,X-ray,0,0,small molecules with n_atoms > 15 detected
4h8w_H+L-G,U:U,12,4h8w,H+L,G,1,X-ray,3TNN,A+B,1,X-ray,4RZ8,C,1,X-ray,0,0,small molecules with n_atoms > 15 detected
4h8w_H+L-G,U:U,13,4h8w,H+L,G,1,X-ray,3TNN,C+D,1,X-ray,4RZ8,C,1,X-ray,0,0,small molecules with n_atoms > 15 detected
4h8w_H+L-G,U:U,14,4h8w,H+L,G,1,X-ray,3TNN,E+F,1,X-ray,4RZ8,C,1,X-ray,0,0,small molecules with n_atoms > 15 detected
4h8w_H+L-G,U:U,15,4h8w,H+L,G,1,X-ray,3TNN,A+B,1,X-ray,4RZ8,D,1,X-ray,0,0,small molecules with n_atoms > 15 detected
4h8w_H+L-G,U:U,16,4h8w,H+L,G,1,X-ray,3TNN,C+D,1,X-ray,4RZ8,D,1,X-ray,0,0,small molecules with n_atoms > 15 detected
4h8w_H+L-G,U:U,17,4h8w,H+L,G,1,X-ray,3TNN,E+F,1,X-ray,4RZ8,D,1,X-ray,0,0,small molecules with n_atoms > 15 detected
4h8w_H+L-G,U:U,18,4h8w,H+L,G,1,X-ray,3TNN,A+B,1,X-ray,4DVV,A,1,X-ray,0,0,small molecules with n_atoms > 15 detected
4h8w_H+L-G,U:U,19,4h8w,H+L,G,1,X-ray,3TNN,C+D,1,X-ray,4DVV,A,1,X-ray,0,0,small molecules with n_atoms > 15 detected
4h8w_H+L-G,U:U,20,4h8w,H+L,G,1,X-ray,3TNN,E+F,1,X-ray,4DVV,A,1,X-ray,0,0,small molecules with n_atoms > 15 detected
4h8w_H+L-G,U:U,21,4h8w,H+L,G,1,X-ray,3TNN,A+B,1,X-ray,4DVV,B,1,X-ray,0,0,small molecules with n_atoms > 15 detected
4h8w_H+L-G,U:U,22,4h8w,H+L,G,1,X-ray,3TNN,C+D,1,X-ray,4DVV,B,1,X-ray,0,0,small molecules with n_atoms > 15 detected
4h8w_H+L-G,U:U,23,4h8w,H+L,G,1,X-ray,3TNN,E+F,1,X-ray,4DVV,B,1,X-ray,0,0,small molecules with n_atoms > 15 detected
4h8w_H+L-G,U:U,24,4h8w,H+L,G,1,X-ray,3TNN,A+B,1,X-ray,4DKP,A,1,X-ray,0,0,small molecules with n_atoms > 15 detected
4h8w_H+L-G,U:U,25,4h8w,H+L,G,1,X-ray,3TNN,C+D,1,X-ray,4DKP,A,1,X-ray,0,0,small molecules with n_atoms > 15 detected
4h8w_H+L-G,U:U,26,4h8w,H+L,G,1,X-ray,3TNN,E+F,1,X-ray,4DKP,A,1,X-ray,0,0,small molecules with n_atoms > 15 detected
4h8w_H+L-G,U:U,27,4h8w,H+L,G,1,X-ray,3TNN,A+B,1,X-ray,4DKP,C,1,X-ray,0,0,small molecules with n_atoms > 15 detected
4h8w_H+L-G,U:U,28,4h8w,H+L,G,1,X-ray,3TNN,C+D,1,X-ray,4DKP,C,1,X-ray,0,0,small molecules with n_atoms > 15 detected
4h8w_H+L-G,U:U,29,4h8w,H+L,G,1,X-ray,3TNN,E+F,1,X-ray,4DKP,C,1,X-ray,0,0,small molecules with n_atoms > 15 detected
4h8w_H+L-G,U:U,30,4h8w,H+L,G,1,X-ray,3TNN,A+B,1,X-ray,4DKQ,A,1,X-ray,0,0,small molecules with n_atoms > 15 detected
4h8w_H+L-G,U:U,31,4h8w,H+L,G,1,X-ray,3TNN,C+D,1,X-ray,4DKQ,A,1,X-ray,0,0,small molecules with n_atoms > 15 detected
4h8w_H+L-G,U:U,32,4h8w,H+L,G,1,X-ray,3TNN,E+F,1,X-ray,4DKQ,A,1,X-ray,0,0,small molecules with n_atoms > 15 detected
7aqg_C-A,B:U,0,7aqg,C,A,2,X-ray,7aqg,C,2,X-ray,3Q02,A,2,X-ray,0,0,NA
7aqg_C-A,B:U,1,7aqg,C,A,2,X-ray,7aqg,C,2,X-ray,3Q02,B,2,X-ray,0,0,NA
7aqg_C-A,B:U,2,7aqg,C,A,2,X-ray,7aqg,C,2,X-ray,3Q03,A,2,X-ray,0,0,NA
7aqg_C-A,B:U,3,7aqg,C,A,2,X-ray,7aqg,C,2,X-ray,3Q03,B,2,X-ray,0,0,NA
6j11_D+E-C,B:U,0,6j11,D+E,C,3,X-ray,6j11,D+E,3,X-ray,5X4R,A,1,X-ray,0,0,NA
6j11_D+E-C,B:U,1,6j11,D+E,C,3,X-ray,6j11,D+E,3,X-ray,5VYH,A,2,X-ray,0,0,small molecules with n_atoms > 15 detected
5wk3_Q+P-A,U:U,0,5wk3,Q+P,A,1,X-ray,5WK2,H+L,1,X-ray,1NR2,A,2,X-ray,0,1,small molecules with 7 < n_atoms <= 15 detected
5wk3_Q+P-A,U:U,1,5wk3,Q+P,A,1,X-ray,5WK2,H+L,1,X-ray,1NR2,B,2,X-ray,0,1,small molecules with 7 < n_atoms <= 15 detected
5b71_D+C-F,B:U,0,5b71,D+C,F,2,X-ray,5b71,D+C,2,X-ray,3CU7,A,3,X-ray,0,0,small molecules with 7 < n_atoms <= 15 detected
5b71_D+C-F,B:U,1,5b71,D+C,F,2,X-ray,5b71,D+C,2,X-ray,3CU7,B,3,X-ray,0,0,small molecules with 7 < n_atoms <= 15 detected
4grw_H-B,B:U,0,4grw,H,B,2,X-ray,4grw,H,2,X-ray,1F42,A,2,X-ray,0,0,small molecules with 7 < n_atoms <= 15 detected
1bzq_L-A,B:U,0,1bzq,L,A,2,X-ray,1bzq,L,2,X-ray,8RAT,A,1,X-ray,0,0,NA
1bzq_L-A,B:U,1,1bzq,L,A,2,X-ray,1bzq,L,2,X-ray,6ETL,A,0,X-ray,0,0,NA
1bzq_L-A,B:U,2,1bzq,L,A,2,X-ray,1bzq,L,2,X-ray,6ETM,A,0,X-ray,0,0,NA
1bzq_L-A,B:U,3,1bzq,L,A,2,X-ray,1bzq,L,2,X-ray,7RSA,A,1,X-ray,0,0,small molecules with 7 < n_atoms <= 15 detected
1bzq_L-A,B:U,4,1bzq,L,A,2,X-ray,1bzq,L,2,X-ray,6ETK,A,0,X-ray,0,0,NA
5e5m_F-E,B:U,0,5e5m,F,E,2,X-ray,5e5m,F,2,X-ray,5E56,A,1,X-ray,0,0,NA
4olu_H+L-G,B:U,0,4olu,H+L,G,2,X-ray,4olu,H+L,2,X-ray,3TGT,A,1,X-ray,0,0,small molecules with 7 < n_atoms <= 15 detected
6h1f_A-B,B:U,0,6h1f,A,B,1,X-ray,6h1f,A,1,X-ray,6QBF,A,3,X-ray,0,2,NA
6h1f_A-B,B:U,1,6h1f,A,B,1,X-ray,6h1f,A,1,X-ray,6QBF,B,3,X-ray,0,2,NA
6svl_K+M-N,B:U,0,6svl,K+M,N,1,X-ray,6svl,K+M,1,X-ray,6O6W,A,100,UNKNOWN,0,0,small molecules with 7 < n_atoms <= 15 detected
6svl_K+M-N,B:U,1,6svl,K+M,N,1,X-ray,6svl,K+M,1,X-ray,6SVK,A,1,X-ray,0,0,small molecules with 7 < n_atoms <= 15 detected
6svl_K+M-N,B:U,2,6svl,K+M,N,1,X-ray,6svl,K+M,1,X-ray,6SVK,B,1,X-ray,0,0,small molecules with 7 < n_atoms <= 15 detected
4yfl_H+L-G,B:U,0,4yfl,H+L,G,3,X-ray,4yfl,H+L,3,X-ray,3TGT,A,1,X-ray,0,0,small molecules with 7 < n_atoms <= 15 detected
7cz0_G-C,B:U,0,7cz0,G,C,2,X-ray,7cz0,G,2,X-ray,4TZA,C,1,X-ray,0,0,NA
7cz0_G-C,B:U,1,7cz0,G,C,2,X-ray,7cz0,G,2,X-ray,4TZA,A,1,X-ray,0,0,NA
7cz0_G-C,B:U,2,7cz0,G,C,2,X-ray,7cz0,G,2,X-ray,4TZA,B,1,X-ray,0,0,NA
7cz0_G-C,B:U,3,7cz0,G,C,2,X-ray,7cz0,G,2,X-ray,4TZA,D,1,X-ray,0,0,NA
4lgr_B-A,B:U,0,4lgr,B,A,1,X-ray,4lgr,B,1,X-ray,4HUO,X,1,X-ray,0,0,small molecules with n_atoms > 15 detected
4lgr_B-A,B:U,1,4lgr,B,A,1,X-ray,4lgr,B,1,X-ray,6URX,A,1,X-ray,0,0,small molecules with 7 < n_atoms <= 15 detected
4lgr_B-A,B:U,2,4lgr,B,A,1,X-ray,4lgr,B,1,X-ray,4HV7,X,1,X-ray,0,0,small molecules with n_atoms > 15 detected
4lgr_B-A,B:U,3,4lgr,B,A,1,X-ray,4lgr,B,1,X-ray,4MX5,X,1,X-ray,0,0,small molecules with n_atoms > 15 detected
4lgr_B-A,B:U,4,4lgr,B,A,1,X-ray,4lgr,B,1,X-ray,6URY,A,1,X-ray,0,0,small molecules with n_atoms > 15 detected
4lgr_B-A,B:U,5,4lgr,B,A,1,X-ray,4lgr,B,1,X-ray,6URY,B,1,X-ray,0,0,NA
5ovw_G-C,B:U,0,5ovw,G,C,2,X-ray,5ovw,G,2,X-ray,1N2Z,A,2,X-ray,0,0,small molecules with n_atoms > 15 detected
5ovw_G-C,B:U,1,5ovw,G,C,2,X-ray,5ovw,G,2,X-ray,1N2Z,B,2,X-ray,0,0,small molecules with n_atoms > 15 detected
7kd2_C-B+A,B:U,0,7kd2,C,B+A,2,X-ray,7kd2,C,2,X-ray,3RTI,B+A,2,X-ray,0,0,small molecules with n_atoms > 15 detected
4pgj_C-D,B:U,0,4pgj,C,D,2,X-ray,4pgj,C,2,X-ray,7BYP,A,1,X-ray,0,0,NA
4pgj_C-D,B:U,1,4pgj,C,D,2,X-ray,4pgj,C,2,X-ray,7CDO,A,1,X-ray,0,0,NA
4pgj_C-D,B:U,2,4pgj,C,D,2,X-ray,4pgj,C,2,X-ray,7CDM,A,1,X-ray,0,0,NA
5hdq_H+L-A,B:U,0,5hdq,H+L,A,1,X-ray,5hdq,H+L,1,X-ray,4K3V,A,2,X-ray,0,0,NA
5hdq_H+L-A,B:U,1,5hdq,H+L,A,1,X-ray,5hdq,H+L,1,X-ray,4K3V,B,2,X-ray,0,0,NA
5hdq_H+L-A,B:U,2,5hdq,H+L,A,1,X-ray,5hdq,H+L,1,X-ray,4NNO,A,1,X-ray,0,0,NA
1j1x_H+L-Y,B:U,0,1j1x,H+L,Y,1,X-ray,1j1x,H+L,1,X-ray,7BYP,A,1,X-ray,0,0,NA
1j1x_H+L-Y,B:U,1,1j1x,H+L,Y,1,X-ray,1j1x,H+L,1,X-ray,7CDO,A,1,X-ray,0,0,NA
1j1x_H+L-Y,B:U,2,1j1x,H+L,Y,1,X-ray,1j1x,H+L,1,X-ray,7CDM,A,1,X-ray,0,0,NA
5x8l_F+K-A,B:U,0,5x8l,F+K,A,3,X-ray,5x8l,F+K,3,X-ray,5C3T,A,1,X-ray,0,5,NA
6gwn_C-A,B:U,0,6gwn,C,A,2,X-ray,6gwn,C,2,X-ray,3Q02,A,2,X-ray,0,0,NA
6gwn_C-A,B:U,1,6gwn,C,A,2,X-ray,6gwn,C,2,X-ray,3Q02,B,2,X-ray,0,0,NA
6gwn_C-A,B:U,2,6gwn,C,A,2,X-ray,6gwn,C,2,X-ray,3Q03,A,2,X-ray,0,0,NA
6gwn_C-A,B:U,3,6gwn,C,A,2,X-ray,6gwn,C,2,X-ray,3Q03,B,2,X-ray,0,0,NA
4dw2_H+L-U,B:U,0,4dw2,H+L,U,2,X-ray,4dw2,H+L,2,X-ray,5ZAJ,U,1,X-ray,0,0,small molecules with n_atoms > 15 detected
4dw2_H+L-U,B:U,1,4dw2,H+L,U,2,X-ray,4dw2,H+L,2,X-ray,6AG2,U,1,X-ray,0,0,small molecules with n_atoms > 15 detected
4dw2_H+L-U,B:U,2,4dw2,H+L,U,2,X-ray,4dw2,H+L,2,X-ray,6AG9,U,1,X-ray,0,0,small molecules with n_atoms > 15 detected
4dw2_H+L-U,B:U,3,4dw2,H+L,U,2,X-ray,4dw2,H+L,2,X-ray,5ZA8,U,1,X-ray,0,0,small molecules with n_atoms > 15 detected
4dw2_H+L-U,B:U,4,4dw2,H+L,U,2,X-ray,4dw2,H+L,2,X-ray,5ZA7,U,1,X-ray,0,0,small molecules with n_atoms > 15 detected
1tqb_B+C-A,B:U,0,1tqb,B+C,A,2,X-ray,1tqb,B+C,2,X-ray,2N53,A,100,UNKNOWN,0,0,NA
4hc1_H+L-A,B:U,0,4hc1,H+L,A,2,X-ray,4hc1,H+L,2,X-ray,4HBQ,A,1,X-ray,0,0,small molecules with 7 < n_atoms <= 15 detected
4hc1_H+L-A,B:U,1,4hc1,H+L,A,2,X-ray,4hc1,H+L,2,X-ray,4HBQ,B,1,X-ray,0,0,small molecules with n_atoms > 15 detected
5utz_H+L-D,B:U,0,5utz,H+L,D,2,X-ray,5utz,H+L,2,X-ray,1PW6,A,2,X-ray,0,0,small molecules with n_atoms > 15 detected
5utz_H+L-D,B:U,1,5utz,H+L,D,2,X-ray,5utz,H+L,2,X-ray,1PW6,B,2,X-ray,0,0,small molecules with n_atoms > 15 detected
5utz_H+L-D,B:U,2,5utz,H+L,D,2,X-ray,5utz,H+L,2,X-ray,1M4C,A,2,X-ray,0,0,NA
5utz_H+L-D,B:U,3,5utz,H+L,D,2,X-ray,5utz,H+L,2,X-ray,1M4C,B,2,X-ray,0,0,NA
5utz_H+L-D,B:U,4,5utz,H+L,D,2,X-ray,5utz,H+L,2,X-ray,1M49,A,2,X-ray,0,0,small molecules with n_atoms > 15 detected
5utz_H+L-D,B:U,5,5utz,H+L,D,2,X-ray,5utz,H+L,2,X-ray,1M49,B,2,X-ray,0,0,small molecules with n_atoms > 15 detected
5utz_H+L-D,B:U,6,5utz,H+L,D,2,X-ray,5utz,H+L,2,X-ray,1M47,A,1,X-ray,0,0,NA
5utz_H+L-D,B:U,7,5utz,H+L,D,2,X-ray,5utz,H+L,2,X-ray,1M48,A,1,X-ray,0,0,small molecules with n_atoms > 15 detected
5utz_H+L-D,B:U,8,5utz,H+L,D,2,X-ray,5utz,H+L,2,X-ray,1M48,B,1,X-ray,0,0,small molecules with n_atoms > 15 detected
2q8b_H+L-A,B:U,0,2q8b,H+L,A,2,X-ray,2q8b,H+L,2,X-ray,4R1C,A,2,X-ray,0,0,NA
2q8b_H+L-A,B:U,1,2q8b,H+L,A,2,X-ray,2q8b,H+L,2,X-ray,4R1C,B,2,X-ray,0,0,NA
2q8b_H+L-A,B:U,2,2q8b,H+L,A,2,X-ray,2q8b,H+L,2,X-ray,4R19,A,1,X-ray,0,0,NA
2q8b_H+L-A,B:U,3,2q8b,H+L,A,2,X-ray,2q8b,H+L,2,X-ray,4R19,B,1,X-ray,0,0,NA
2q8b_H+L-A,B:U,4,2q8b,H+L,A,2,X-ray,2q8b,H+L,2,X-ray,4R1B,A,1,X-ray,0,0,NA
3ulv_D+C-A,U:U,0,3ulv,D+C,A,3,X-ray,3ULS,H+L,2,X-ray,1ZIW,A,2,X-ray,0,4,small molecules with 7 < n_atoms <= 15 detected
3ulv_D+C-A,U:U,1,3ulv,D+C,A,3,X-ray,3ULS,B+A,2,X-ray,1ZIW,A,2,X-ray,0,4,small molecules with 7 < n_atoms <= 15 detected
3ulv_D+C-A,U:U,2,3ulv,D+C,A,3,X-ray,3ULS,H+L,2,X-ray,2A0Z,A,2,X-ray,0,0,small molecules with 7 < n_atoms <= 15 detected
3ulv_D+C-A,U:U,3,3ulv,D+C,A,3,X-ray,3ULS,B+A,2,X-ray,2A0Z,A,2,X-ray,0,0,small molecules with 7 < n_atoms <= 15 detected
3ldb_C+B-A,B:U,0,3ldb,C+B,A,2,X-ray,3ldb,C+B,2,X-ray,6MEV,A,2,X-ray,0,0,small molecules with 7 < n_atoms <= 15 detected
3ldb_C+B-A,B:U,1,3ldb,C+B,A,2,X-ray,3ldb,C+B,2,X-ray,6MEV,B,2,X-ray,0,0,small molecules with 7 < n_atoms <= 15 detected
3ldb_C+B-A,B:U,2,3ldb,C+B,A,2,X-ray,3ldb,C+B,2,X-ray,6MEV,C,2,X-ray,0,0,small molecules with 7 < n_atoms <= 15 detected
3ldb_C+B-A,B:U,3,3ldb,C+B,A,2,X-ray,3ldb,C+B,2,X-ray,6MEV,D,2,X-ray,0,0,small molecules with 7 < n_atoms <= 15 detected
3ldb_C+B-A,B:U,4,3ldb,C+B,A,2,X-ray,3ldb,C+B,2,X-ray,6MEV,E,2,X-ray,0,0,small molecules with 7 < n_atoms <= 15 detected
3ldb_C+B-A,B:U,5,3ldb,C+B,A,2,X-ray,3ldb,C+B,2,X-ray,6MEV,F,2,X-ray,0,0,small molecules with 7 < n_atoms <= 15 detected
3ldb_C+B-A,B:U,6,3ldb,C+B,A,2,X-ray,3ldb,C+B,2,X-ray,6MEV,G,2,X-ray,0,0,small molecules with 7 < n_atoms <= 15 detected
3ldb_C+B-A,B:U,7,3ldb,C+B,A,2,X-ray,3ldb,C+B,2,X-ray,6MEV,H,2,X-ray,0,0,small molecules with 7 < n_atoms <= 15 detected
4cdg_C-A,B:U,0,4cdg,C,A,2,X-ray,4cdg,C,2,X-ray,2MH9,A,100,UNKNOWN,0,0,NA
6ocd_D-C,B:U,0,6ocd,D,C,2,X-ray,6ocd,D,2,X-ray,4HUO,X,1,X-ray,0,0,small molecules with n_atoms > 15 detected
6ocd_D-C,B:U,1,6ocd,D,C,2,X-ray,6ocd,D,2,X-ray,6URX,A,1,X-ray,0,0,small molecules with 7 < n_atoms <= 15 detected
6ocd_D-C,B:U,2,6ocd,D,C,2,X-ray,6ocd,D,2,X-ray,4HV7,X,1,X-ray,0,0,small molecules with n_atoms > 15 detected
6ocd_D-C,B:U,3,6ocd,D,C,2,X-ray,6ocd,D,2,X-ray,4MX5,X,1,X-ray,0,0,small molecules with n_atoms > 15 detected
6ocd_D-C,B:U,4,6ocd,D,C,2,X-ray,6ocd,D,2,X-ray,6URY,A,1,X-ray,0,0,small molecules with n_atoms > 15 detected
6ocd_D-C,B:U,5,6ocd,D,C,2,X-ray,6ocd,D,2,X-ray,6URY,B,1,X-ray,0,0,NA
6zrv_B-A,B:U,0,6zrv,B,A,1,X-ray,6zrv,B,1,X-ray,3Q02,A,2,X-ray,0,0,NA
6zrv_B-A,B:U,1,6zrv,B,A,1,X-ray,6zrv,B,1,X-ray,3Q02,B,2,X-ray,0,0,NA
6zrv_B-A,B:U,2,6zrv,B,A,1,X-ray,6zrv,B,1,X-ray,3Q03,A,2,X-ray,0,0,NA
6zrv_B-A,B:U,3,6zrv,B,A,1,X-ray,6zrv,B,1,X-ray,3Q03,B,2,X-ray,0,0,NA
5wob_O+P-D,B:U,0,5wob,O+P,D,3,X-ray,5wob,O+P,3,X-ray,4GS8,A,2,X-ray,0,0,small molecules with n_atoms > 15 detected
5wob_O+P-D,B:U,1,5wob,O+P,D,3,X-ray,5wob,O+P,3,X-ray,4GS8,B,2,X-ray,0,0,small molecules with n_atoms > 15 detected
5wob_O+P-D,B:U,2,5wob,O+P,D,3,X-ray,5wob,O+P,3,X-ray,4GSC,A,2,X-ray,0,0,small molecules with n_atoms > 15 detected
5wob_O+P-D,B:U,3,5wob,O+P,D,3,X-ray,5wob,O+P,3,X-ray,4GSC,B,2,X-ray,0,0,small molecules with n_atoms > 15 detected
5wob_O+P-D,B:U,4,5wob,O+P,D,3,X-ray,5wob,O+P,3,X-ray,4NXO,A,2,X-ray,0,0,small molecules with n_atoms > 15 detected
5wob_O+P-D,B:U,5,5wob,O+P,D,3,X-ray,5wob,O+P,3,X-ray,4NXO,B,2,X-ray,0,0,small molecules with n_atoms > 15 detected
4dvr_H+L-G,U:U,0,4dvr,H+L,G,2,X-ray,1RZ7,H+L,2,X-ray,3TGQ,A,3,X-ray,0,0,small molecules with 7 < n_atoms <= 15 detected
4dvr_H+L-G,U:U,1,4dvr,H+L,G,2,X-ray,1RZ7,H+L,2,X-ray,3TGQ,B,3,X-ray,0,0,small molecules with 7 < n_atoms <= 15 detected
4dvr_H+L-G,U:U,2,4dvr,H+L,G,2,X-ray,1RZ7,H+L,2,X-ray,3TGQ,C,3,X-ray,0,0,small molecules with 7 < n_atoms <= 15 detected
4dvr_H+L-G,U:U,3,4dvr,H+L,G,2,X-ray,1RZ7,H+L,2,X-ray,3TGQ,D,3,X-ray,0,0,small molecules with 7 < n_atoms <= 15 detected
3u30_C+B-A,B:U,0,3u30,C+B,A,2,X-ray,3u30,C+B,2,X-ray,3H1U,A,3,X-ray,0,0,NA
3u30_C+B-A,B:U,1,3u30,C+B,A,2,X-ray,3u30,C+B,2,X-ray,3H1U,B,3,X-ray,0,0,NA
3u30_C+B-A,B:U,2,3u30,C+B,A,2,X-ray,3u30,C+B,2,X-ray,1OGW,A,1,X-ray,0,0,NA
5dur_B+D-A,B:U,0,5dur,B+D,A,2,X-ray,5dur,B+D,2,X-ray,5DUT,A,1,X-ray,0,0,small molecules with 7 < n_atoms <= 15 detected
7lvw_J-B,U:U,0,7lvw,J,B,2,X-ray,7LVU,A,1,X-ray,7LVU,A,1,X-ray,0,0,NA
7lvw_J-B,U:U,1,7lvw,J,B,2,X-ray,7LVU,B,1,X-ray,7LVU,A,1,X-ray,0,0,NA
7lvw_J-B,U:U,2,7lvw,J,B,2,X-ray,7LVU,C,1,X-ray,7LVU,A,1,X-ray,0,0,NA
7lvw_J-B,U:U,3,7lvw,J,B,2,X-ray,7LVU,D,1,X-ray,7LVU,A,1,X-ray,0,0,NA
7lvw_J-B,U:U,4,7lvw,J,B,2,X-ray,7LVU,A,1,X-ray,7LVU,B,1,X-ray,0,0,NA
7lvw_J-B,U:U,5,7lvw,J,B,2,X-ray,7LVU,B,1,X-ray,7LVU,B,1,X-ray,0,0,NA
7lvw_J-B,U:U,6,7lvw,J,B,2,X-ray,7LVU,C,1,X-ray,7LVU,B,1,X-ray,0,0,NA
7lvw_J-B,U:U,7,7lvw,J,B,2,X-ray,7LVU,D,1,X-ray,7LVU,B,1,X-ray,0,0,NA
7lvw_J-B,U:U,8,7lvw,J,B,2,X-ray,7LVU,A,1,X-ray,7LVU,C,1,X-ray,0,0,NA
7lvw_J-B,U:U,9,7lvw,J,B,2,X-ray,7LVU,B,1,X-ray,7LVU,C,1,X-ray,0,0,NA
7lvw_J-B,U:U,10,7lvw,J,B,2,X-ray,7LVU,C,1,X-ray,7LVU,C,1,X-ray,0,0,NA
7lvw_J-B,U:U,11,7lvw,J,B,2,X-ray,7LVU,D,1,X-ray,7LVU,C,1,X-ray,0,0,NA
7lvw_J-B,U:U,12,7lvw,J,B,2,X-ray,7LVU,A,1,X-ray,7LVU,D,1,X-ray,0,0,NA
7lvw_J-B,U:U,13,7lvw,J,B,2,X-ray,7LVU,B,1,X-ray,7LVU,D,1,X-ray,0,0,NA
7lvw_J-B,U:U,14,7lvw,J,B,2,X-ray,7LVU,C,1,X-ray,7LVU,D,1,X-ray,0,0,NA
7lvw_J-B,U:U,15,7lvw,J,B,2,X-ray,7LVU,D,1,X-ray,7LVU,D,1,X-ray,0,0,NA
5d8j_H+L-A,B:U,0,5d8j,H+L,A,3,X-ray,5d8j,H+L,3,X-ray,3HK1,A,1,X-ray,0,0,small molecules with n_atoms > 15 detected
2nr6_F+E-B,B:U,0,2nr6,F+E,B,2,X-ray,2nr6,F+E,2,X-ray,1YG9,A,1,X-ray,0,0,small molecules with 7 < n_atoms <= 15 detected
6war_J-I,B:U,0,6war,J,I,3,X-ray,6war,J,3,X-ray,4ZPW,R,3,X-ray,0,0,small molecules with 7 < n_atoms <= 15 detected
6war_J-I,B:U,1,6war,J,I,3,X-ray,6war,J,3,X-ray,4ZPW,S,3,X-ray,0,0,small molecules with 7 < n_atoms <= 15 detected
6vmk_o+n-p,B:U,0,6vmk,o+n,p,3,X-ray,6vmk,o+n,3,X-ray,6FTY,A,1,X-ray,0,0,small molecules with n_atoms > 15 detected
6vmk_o+n-p,B:U,1,6vmk,o+n,p,3,X-ray,6vmk,o+n,3,X-ray,6FUT,A,1,X-ray,0,0,small molecules with n_atoms > 15 detected
6vmk_o+n-p,B:U,2,6vmk,o+n,p,3,X-ray,6vmk,o+n,3,X-ray,6FUI,A,1,X-ray,0,0,small molecules with n_atoms > 15 detected
6vmk_o+n-p,B:U,3,6vmk,o+n,p,3,X-ray,6vmk,o+n,3,X-ray,6QMT,A,1,X-ray,0,0,small molecules with n_atoms > 15 detected
6vmk_o+n-p,B:U,4,6vmk,o+n,p,3,X-ray,6vmk,o+n,3,X-ray,6QMT,B,1,X-ray,0,0,small molecules with n_atoms > 15 detected
6vmk_o+n-p,B:U,5,6vmk,o+n,p,3,X-ray,6vmk,o+n,3,X-ray,6FUH,A,1,X-ray,0,0,small molecules with n_atoms > 15 detected
6ir1_B-A,B:U,0,6ir1,B,A,1,X-ray,6ir1,B,1,X-ray,5FHV,A,1,X-ray,0,0,small molecules with n_atoms > 15 detected
6ir1_B-A,B:U,1,6ir1,B,A,1,X-ray,6ir1,B,1,X-ray,6YLM,A,1,X-ray,0,0,NA
6ir1_B-A,B:U,2,6ir1,B,A,1,X-ray,6ir1,B,1,X-ray,2H5Q,A,1,X-ray,0,0,NA
3lev_H+L-A,B:U,0,3lev,H+L,A,2,X-ray,3lev,H+L,2,X-ray,3LES,A,2,X-ray,0,0,small molecules with n_atoms > 15 detected
3lev_H+L-A,B:U,1,3lev,H+L,A,2,X-ray,3lev,H+L,2,X-ray,3LES,B,2,X-ray,0,0,small molecules with n_atoms > 15 detected
4ffy_H+L-A,B:U,0,4ffy,H+L,A,2,X-ray,4ffy,H+L,2,X-ray,3IRC,A,2,X-ray,0,0,NA
5e5m_H-G,B:U,0,5e5m,H,G,2,X-ray,5e5m,H,2,X-ray,5E56,A,1,X-ray,0,0,NA
3v0a_C-A,B:U,0,3v0a,C,A,2,X-ray,3v0a,C,2,X-ray,3V0C,A,4,X-ray,0,0,NA
3zlq_C-A,B:U,0,3zlq,C,A,2,X-ray,3zlq,C,2,X-ray,3ZKI,A,2,X-ray,0,0,small molecules with n_atoms > 15 detected
3zlq_C-A,B:U,1,3zlq,C,A,2,X-ray,3zlq,C,2,X-ray,3ZKI,B,2,X-ray,0,0,small molecules with n_atoms > 15 detected
3zlq_C-A,B:U,2,3zlq,C,A,2,X-ray,3zlq,C,2,X-ray,3ZKG,A,1,X-ray,0,0,small molecules with n_atoms > 15 detected
3zlq_C-A,B:U,3,3zlq,C,A,2,X-ray,3zlq,C,2,X-ray,3ZKG,B,1,X-ray,0,0,NA
3zlq_C-A,B:U,4,3zlq,C,A,2,X-ray,3zlq,C,2,X-ray,6UJ1,A,3,X-ray,0,0,small molecules with n_atoms > 15 detected
3zlq_C-A,B:U,5,3zlq,C,A,2,X-ray,3zlq,C,2,X-ray,6UJ1,B,3,X-ray,0,0,small molecules with n_atoms > 15 detected
3ulu_H+L-A,U:U,0,3ulu,H+L,A,3,X-ray,3NA9,H+L,1,X-ray,1ZIW,A,2,X-ray,0,4,small molecules with 7 < n_atoms <= 15 detected
3ulu_H+L-A,U:U,1,3ulu,H+L,A,3,X-ray,3NA9,H+L,1,X-ray,2A0Z,A,2,X-ray,0,0,small molecules with 7 < n_atoms <= 15 detected
1ors_B+A-C,B:U,0,1ors,B+A,C,1,X-ray,1ors,B+A,1,X-ray,2KYH,A,100,UNKNOWN,0,0,NA
4w6x_B-A,B:U,0,4w6x,B,A,1,X-ray,4w6x,B,1,X-ray,4B4Q,A,2,X-ray,0,0,NA
4w6x_B-A,B:U,1,4w6x,B,A,1,X-ray,4w6x,B,1,X-ray,4B4Q,B,2,X-ray,0,0,NA
4w6x_B-A,B:U,2,4w6x,B,A,1,X-ray,4w6x,B,1,X-ray,4B4R,A,1,X-ray,0,0,NA
4w6x_B-A,B:U,3,4w6x,B,A,1,X-ray,4w6x,B,1,X-ray,4B4R,B,1,X-ray,0,0,NA
5vjq_G+H-L,B:U,0,5vjq,G+H,L,1,X-ray,5vjq,G+H,1,X-ray,5V8G,A,1,X-ray,0,0,NA
6vmk_r+q-s,B:U,0,6vmk,r+q,s,3,X-ray,6vmk,r+q,3,X-ray,6FTY,A,1,X-ray,0,0,small molecules with n_atoms > 15 detected
6vmk_r+q-s,B:U,1,6vmk,r+q,s,3,X-ray,6vmk,r+q,3,X-ray,6FUT,A,1,X-ray,0,0,small molecules with n_atoms > 15 detected
6vmk_r+q-s,B:U,2,6vmk,r+q,s,3,X-ray,6vmk,r+q,3,X-ray,6FUI,A,1,X-ray,0,0,small molecules with n_atoms > 15 detected
6vmk_r+q-s,B:U,3,6vmk,r+q,s,3,X-ray,6vmk,r+q,3,X-ray,6QMT,A,1,X-ray,0,0,small molecules with n_atoms > 15 detected
6vmk_r+q-s,B:U,4,6vmk,r+q,s,3,X-ray,6vmk,r+q,3,X-ray,6QMT,B,1,X-ray,0,0,small molecules with n_atoms > 15 detected
6vmk_r+q-s,B:U,5,6vmk,r+q,s,3,X-ray,6vmk,r+q,3,X-ray,6FUH,A,1,X-ray,0,0,small molecules with n_atoms > 15 detected
5u4m_B-A,B:U,0,5u4m,B,A,2,X-ray,5u4m,B,2,X-ray,4HUO,X,1,X-ray,0,0,small molecules with n_atoms > 15 detected
5u4m_B-A,B:U,1,5u4m,B,A,2,X-ray,5u4m,B,2,X-ray,6URX,A,1,X-ray,0,0,small molecules with 7 < n_atoms <= 15 detected
5u4m_B-A,B:U,2,5u4m,B,A,2,X-ray,5u4m,B,2,X-ray,4HV7,X,1,X-ray,0,0,small molecules with n_atoms > 15 detected
5u4m_B-A,B:U,3,5u4m,B,A,2,X-ray,5u4m,B,2,X-ray,4MX5,X,1,X-ray,0,0,small molecules with n_atoms > 15 detected
5u4m_B-A,B:U,4,5u4m,B,A,2,X-ray,5u4m,B,2,X-ray,6URY,A,1,X-ray,0,0,small molecules with n_atoms > 15 detected
5u4m_B-A,B:U,5,5u4m,B,A,2,X-ray,5u4m,B,2,X-ray,6URY,B,1,X-ray,0,0,NA
5e1h_B-A,B:U,0,5e1h,B,A,2,X-ray,5e1h,B,2,X-ray,4HUO,X,1,X-ray,0,0,small molecules with n_atoms > 15 detected
5e1h_B-A,B:U,1,5e1h,B,A,2,X-ray,5e1h,B,2,X-ray,6URX,A,1,X-ray,0,0,small molecules with 7 < n_atoms <= 15 detected
5e1h_B-A,B:U,2,5e1h,B,A,2,X-ray,5e1h,B,2,X-ray,4HV7,X,1,X-ray,0,0,small molecules with n_atoms > 15 detected
5e1h_B-A,B:U,3,5e1h,B,A,2,X-ray,5e1h,B,2,X-ray,4MX5,X,1,X-ray,0,0,small molecules with n_atoms > 15 detected
5e1h_B-A,B:U,4,5e1h,B,A,2,X-ray,5e1h,B,2,X-ray,6URY,A,1,X-ray,0,0,small molecules with n_atoms > 15 detected
5e1h_B-A,B:U,5,5e1h,B,A,2,X-ray,5e1h,B,2,X-ray,6URY,B,1,X-ray,0,0,NA
6bfq_C+D-G,B:U,0,6bfq,C+D,G,2,X-ray,6bfq,C+D,2,X-ray,2GMF,A,2,X-ray,0,0,NA
6bfq_C+D-G,B:U,1,6bfq,C+D,G,2,X-ray,6bfq,C+D,2,X-ray,2GMF,B,2,X-ray,0,0,NA
5ucb_H+L-B,B:U,0,5ucb,H+L,B,1,X-ray,5ucb,H+L,1,X-ray,2IDC,A,2,X-ray,0,0,NA
5ucb_H+L-B,B:U,1,5ucb,H+L,B,1,X-ray,5ucb,H+L,1,X-ray,1WG3,A,3,X-ray,0,0,NA
5ucb_H+L-B,B:U,2,5ucb,H+L,B,1,X-ray,5ucb,H+L,1,X-ray,1ROC,A,1,X-ray,0,0,NA
4ydl_H+L-G,B:U,0,4ydl,H+L,G,1,X-ray,4ydl,H+L,1,X-ray,3TGT,A,1,X-ray,0,0,small molecules with 7 < n_atoms <= 15 detected
5vpl_D+C-A,U:U,0,5vpl,D+C,A,1,X-ray,3RVT,D+D,2,X-ray,5VPK,A,2,X-ray,0,0,small molecules with 7 < n_atoms <= 15 detected
5vpl_D+C-A,U:U,1,5vpl,D+C,A,1,X-ray,3RVU,D+D,2,X-ray,5VPK,A,2,X-ray,0,0,small molecules with 7 < n_atoms <= 15 detected
5vpl_D+C-A,U:U,2,5vpl,D+C,A,1,X-ray,3RVT,D+D,2,X-ray,5VPK,B,2,X-ray,0,0,small molecules with 7 < n_atoms <= 15 detected
5vpl_D+C-A,U:U,3,5vpl,D+C,A,1,X-ray,3RVU,D+D,2,X-ray,5VPK,B,2,X-ray,0,0,small molecules with 7 < n_atoms <= 15 detected
5vpl_D+C-A,U:U,4,5vpl,D+C,A,1,X-ray,3RVT,D+D,2,X-ray,5VPK,C,2,X-ray,0,0,NA
5vpl_D+C-A,U:U,5,5vpl,D+C,A,1,X-ray,3RVU,D+D,2,X-ray,5VPK,C,2,X-ray,0,0,NA
6gjs_C-A,B:U,0,6gjs,C,A,1,X-ray,6gjs,C,1,X-ray,5TFI,A,1,X-ray,0,0,small molecules with n_atoms > 15 detected
6gjs_C-A,B:U,1,6gjs,C,A,1,X-ray,6gjs,C,1,X-ray,5TFF,A,1,X-ray,0,0,small molecules with n_atoms > 15 detected
6gjs_C-A,B:U,2,6gjs,C,A,1,X-ray,6gjs,C,1,X-ray,5TF7,A,1,X-ray,0,0,small molecules with n_atoms > 15 detected
6gjs_C-A,B:U,3,6gjs,C,A,1,X-ray,6gjs,C,1,X-ray,5TFG,A,1,X-ray,0,0,small molecules with n_atoms > 15 detected
6gjs_C-A,B:U,4,6gjs,C,A,1,X-ray,6gjs,C,1,X-ray,5TFB,A,1,X-ray,0,0,small molecules with n_atoms > 15 detected
7cj2_C+D-A,B:U,0,7cj2,C+D,A,2,X-ray,7cj2,C+D,2,X-ray,1NWU,A,2,X-ray,0,0,NA
7cj2_C+D-A,B:U,1,7cj2,C+D,A,2,X-ray,7cj2,C+D,2,X-ray,1NWU,B,2,X-ray,0,0,NA
7cj2_C+D-A,B:U,2,7cj2,C+D,A,2,X-ray,7cj2,C+D,2,X-ray,1NWU,C,2,X-ray,0,0,NA
7cj2_C+D-A,B:U,3,7cj2,C+D,A,2,X-ray,7cj2,C+D,2,X-ray,1NWU,D,2,X-ray,0,0,NA
7cj2_C+D-A,B:U,4,7cj2,C+D,A,2,X-ray,7cj2,C+D,2,X-ray,1NWS,A,2,X-ray,0,0,NA
7cj2_C+D-A,B:U,5,7cj2,C+D,A,2,X-ray,7cj2,C+D,2,X-ray,1NWS,B,2,X-ray,0,0,NA
7cj2_C+D-A,B:U,6,7cj2,C+D,A,2,X-ray,7cj2,C+D,2,X-ray,1NWS,C,2,X-ray,0,0,NA
7cj2_C+D-A,B:U,7,7cj2,C+D,A,2,X-ray,7cj2,C+D,2,X-ray,1NWS,D,2,X-ray,0,0,NA
7cj2_C+D-A,B:U,8,7cj2,C+D,A,2,X-ray,7cj2,C+D,2,X-ray,1HJW,A,2,X-ray,0,0,NA
7cj2_C+D-A,B:U,9,7cj2,C+D,A,2,X-ray,7cj2,C+D,2,X-ray,1HJW,B,2,X-ray,0,0,small molecules with 7 < n_atoms <= 15 detected
7cj2_C+D-A,B:U,10,7cj2,C+D,A,2,X-ray,7cj2,C+D,2,X-ray,1NWT,A,2,X-ray,0,0,NA
7cj2_C+D-A,B:U,11,7cj2,C+D,A,2,X-ray,7cj2,C+D,2,X-ray,1NWT,B,2,X-ray,0,0,NA
7cj2_C+D-A,B:U,12,7cj2,C+D,A,2,X-ray,7cj2,C+D,2,X-ray,1NWT,C,2,X-ray,0,0,NA
7cj2_C+D-A,B:U,13,7cj2,C+D,A,2,X-ray,7cj2,C+D,2,X-ray,1NWT,D,2,X-ray,0,0,NA
4yga_F-E,B:U,0,4yga,F,E,2,X-ray,4yga,F,2,X-ray,3I7B,A,1,X-ray,0,3,small molecules with n_atoms > 15 detected
4yga_F-E,B:U,1,4yga,F,E,2,X-ray,4yga,F,2,X-ray,3HX4,A,1,X-ray,0,0,small molecules with n_atoms > 15 detected
4yga_F-E,B:U,2,4yga,F,E,2,X-ray,4yga,F,2,X-ray,4JBV,A,1,X-ray,0,3,small molecules with n_atoms > 15 detected
4yga_F-E,B:U,3,4yga,F,E,2,X-ray,4yga,F,2,X-ray,3NYV,A,1,X-ray,0,3,small molecules with n_atoms > 15 detected
4yga_F-E,B:U,4,4yga,F,E,2,X-ray,4yga,F,2,X-ray,3V51,A,1,X-ray,0,3,small molecules with n_atoms > 15 detected
5tru_h+l-c,B:U,0,5tru,h+l,c,3,X-ray,5tru,h+l,3,X-ray,1AH1,A,100,UNKNOWN,0,0,NA
6wn1_B+C-A,B:U,0,6wn1,B+C,A,3,X-ray,6wn1,B+C,3,X-ray,5W53,A,1,X-ray,0,0,NA
6wn1_B+C-A,B:U,1,6wn1,B+C,A,3,X-ray,6wn1,B+C,3,X-ray,5W53,B,1,X-ray,0,0,NA
5vxk_B-A,B:U,0,5vxk,B,A,2,X-ray,5vxk,B,2,X-ray,3R9V,A,1,X-ray,0,0,NA
5vxk_B-A,B:U,1,5vxk,B,A,2,X-ray,5vxk,B,2,X-ray,3R9V,B,1,X-ray,0,0,small molecules with n_atoms > 15 detected
4xzu_A+B-M,B:U,0,4xzu,A+B,M,2,X-ray,4xzu,A+B,2,X-ray,3HNY,M,1,X-ray,0,0,NA
4xzu_A+B-M,B:U,1,4xzu,A+B,M,2,X-ray,4xzu,A+B,2,X-ray,6MF2,A,3,X-ray,0,0,NA
4xzu_A+B-M,B:U,2,4xzu,A+B,M,2,X-ray,4xzu,A+B,2,X-ray,3HOB,M,2,X-ray,0,0,NA
4xzu_A+B-M,B:U,3,4xzu,A+B,M,2,X-ray,4xzu,A+B,2,X-ray,3HOB,A,2,X-ray,0,0,NA
4xzu_A+B-M,B:U,4,4xzu,A+B,M,2,X-ray,4xzu,A+B,2,X-ray,6MF0,A,3,X-ray,0,0,NA
4xzu_A+B-M,B:U,5,4xzu,A+B,M,2,X-ray,4xzu,A+B,2,X-ray,3HNB,M,1,X-ray,0,0,small molecules with n_atoms > 15 detected
6xy2_H+L-A,B:U,0,6xy2,H+L,A,3,X-ray,6xy2,H+L,3,X-ray,1AH1,A,100,UNKNOWN,0,0,NA
3zkq_D-A,B:U,0,3zkq,D,A,1,X-ray,3zkq,D,1,X-ray,2EWY,A,3,X-ray,0,0,small molecules with n_atoms > 15 detected
3zkq_D-A,B:U,1,3zkq,D,A,1,X-ray,3zkq,D,1,X-ray,2EWY,B,3,X-ray,0,0,small molecules with n_atoms > 15 detected
3zkq_D-A,B:U,2,3zkq,D,A,1,X-ray,3zkq,D,1,X-ray,2EWY,C,3,X-ray,0,0,small molecules with n_atoms > 15 detected
3zkq_D-A,B:U,3,3zkq,D,A,1,X-ray,3zkq,D,1,X-ray,2EWY,D,3,X-ray,0,0,small molecules with n_atoms > 15 detected
4ma7_H+L-A,B:U,0,4ma7,H+L,A,1,X-ray,4ma7,H+L,1,X-ray,1AG2,A,100,UNKNOWN,0,0,NA
6m58_H+L-A,B:U,0,6m58,H+L,A,2,X-ray,6m58,H+L,2,X-ray,6HSC,A,1,X-ray,0,0,small molecules with n_atoms > 15 detected
6m58_H+L-A,B:U,1,6m58,H+L,A,2,X-ray,6m58,H+L,2,X-ray,6HSC,B,1,X-ray,0,0,small molecules with n_atoms > 15 detected
6m58_H+L-A,B:U,2,6m58,H+L,A,2,X-ray,6m58,H+L,2,X-ray,7JWN,A,2,X-ray,0,0,small molecules with n_atoms > 15 detected
6m58_H+L-A,B:U,3,6m58,H+L,A,2,X-ray,6m58,H+L,2,X-ray,6YG9,A,1,X-ray,0,0,small molecules with n_atoms > 15 detected
5i9q_B+C-A,B:U,0,5i9q,B+C,A,3,X-ray,5i9q,B+C,3,X-ray,5FA2,A,2,X-ray,0,0,small molecules with n_atoms > 15 detected
5i9q_B+C-A,B:U,1,5i9q,B+C,A,3,X-ray,5i9q,B+C,3,X-ray,5FA2,B,2,X-ray,0,0,small molecules with 7 < n_atoms <= 15 detected
5uoe_S+T-D,B:U,0,5uoe,S+T,D,3,X-ray,5uoe,S+T,3,X-ray,4IFH,A,3,X-ray,0,0,NA
5uoe_S+T-D,B:U,1,5uoe,S+T,D,3,X-ray,5uoe,S+T,3,X-ray,4IFH,B,3,X-ray,0,0,small molecules with n_atoms > 15 detected
5uoe_S+T-D,B:U,2,5uoe,S+T,D,3,X-ray,5uoe,S+T,3,X-ray,4RE9,A,2,X-ray,0,0,small molecules with n_atoms > 15 detected
5uoe_S+T-D,B:U,3,5uoe,S+T,D,3,X-ray,5uoe,S+T,3,X-ray,4RE9,B,2,X-ray,0,0,small molecules with n_atoms > 15 detected
6az2_A+F-B,B:U,0,6az2,A+F,B,2,X-ray,6az2,A+F,2,X-ray,2IDC,A,2,X-ray,0,0,NA
6az2_A+F-B,B:U,1,6az2,A+F,B,2,X-ray,6az2,A+F,2,X-ray,1WG3,A,3,X-ray,0,0,NA
6az2_A+F-B,B:U,2,6az2,A+F,B,2,X-ray,6az2,A+F,2,X-ray,1ROC,A,1,X-ray,0,0,NA
4lu5_I+M-A,B:U,0,4lu5,I+M,A,2,X-ray,4lu5,I+M,2,X-ray,3K7B,A,2,X-ray,0,0,NA
4lu5_I+M-A,B:U,1,4lu5,I+M,A,2,X-ray,4lu5,I+M,2,X-ray,3K7B,B,2,X-ray,0,0,NA
5x8l_S+N-D,B:U,0,5x8l,S+N,D,3,X-ray,5x8l,S+N,3,X-ray,5C3T,A,1,X-ray,0,5,NA
4jr9_H+L-A,B:U,0,4jr9,H+L,A,2,X-ray,4jr9,H+L,2,X-ray,4U4T,A,2,X-ray,0,0,small molecules with n_atoms > 15 detected
4jr9_H+L-A,B:U,1,4jr9,H+L,A,2,X-ray,4jr9,H+L,2,X-ray,4U4W,A,2,X-ray,0,0,small molecules with n_atoms > 15 detected
4jr9_H+L-A,B:U,2,4jr9,H+L,A,2,X-ray,4jr9,H+L,2,X-ray,4U4W,B,2,X-ray,0,0,small molecules with n_atoms > 15 detected
4jr9_H+L-A,B:U,3,4jr9,H+L,A,2,X-ray,4jr9,H+L,2,X-ray,4U4V,A,2,X-ray,0,0,small molecules with 7 < n_atoms <= 15 detected
2wub_H+L-A,B:U,0,2wub,H+L,A,2,X-ray,2wub,H+L,2,X-ray,1YBW,A,2,X-ray,0,0,small molecules with 7 < n_atoms <= 15 detected
2wub_H+L-A,B:U,1,2wub,H+L,A,2,X-ray,2wub,H+L,2,X-ray,1YBW,B,2,X-ray,0,0,small molecules with 7 < n_atoms <= 15 detected
7kbi_C-A+B,B:U,0,7kbi,C,A+B,3,X-ray,7kbi,C,3,X-ray,3RTI,A+B,2,X-ray,0,0,small molecules with n_atoms > 15 detected
2bdn_H+L-A,B:U,0,2bdn,H+L,A,2,X-ray,2bdn,H+L,2,X-ray,1DOL,A,2,X-ray,0,0,NA
5vnw_D-A,U:U,0,5vnw,D,A,2,X-ray,5VNV,A,1,X-ray,6HSC,A,1,X-ray,0,0,small molecules with n_atoms > 15 detected
5vnw_D-A,U:U,1,5vnw,D,A,2,X-ray,5VNV,A,1,X-ray,6HSC,B,1,X-ray,0,0,small molecules with n_atoms > 15 detected
5vnw_D-A,U:U,2,5vnw,D,A,2,X-ray,5VNV,A,1,X-ray,7JWN,A,2,X-ray,0,0,small molecules with n_atoms > 15 detected
5vnw_D-A,U:U,3,5vnw,D,A,2,X-ray,5VNV,A,1,X-ray,6YG9,A,1,X-ray,0,0,small molecules with n_atoms > 15 detected
5ies_H+L-C,U:U,0,5ies,H+L,C,2,X-ray,5IFA,H+L,1,X-ray,5IDL,A,2,X-ray,0,3,small molecules with 7 < n_atoms <= 15 detected
4lu5_H+L-B,B:U,0,4lu5,H+L,B,2,X-ray,4lu5,H+L,2,X-ray,3K7B,A,2,X-ray,0,0,NA
4lu5_H+L-B,B:U,1,4lu5,H+L,B,2,X-ray,4lu5,H+L,2,X-ray,3K7B,B,2,X-ray,0,0,NA
4lsp_H+L-G,B:U,0,4lsp,H+L,G,2,X-ray,4lsp,H+L,2,X-ray,3TGT,A,1,X-ray,0,0,small molecules with 7 < n_atoms <= 15 detected
6rvc_E-B,B:U,0,6rvc,E,B,2,X-ray,6rvc,E,2,X-ray,6DMO,A,4,EM,0,0,small molecules with 7 < n_atoms <= 15 detected
6rvc_E-B,B:U,1,6rvc,E,B,2,X-ray,6rvc,E,2,X-ray,6OEU,A,3,EM,0,0,NA
6rvc_E-B,B:U,2,6rvc,E,B,2,X-ray,6rvc,E,2,X-ray,6DMB,A,3,EM,0,0,small molecules with n_atoms > 15 detected
6jb8_A-B,U:U,0,6jb8,A,B,1,X-ray,6JB9,A,1,X-ray,7BYP,A,1,X-ray,0,0,NA
6jb8_A-B,U:U,1,6jb8,A,B,1,X-ray,6JB9,A,1,X-ray,7CDO,A,1,X-ray,0,0,NA
6jb8_A-B,U:U,2,6jb8,A,B,1,X-ray,6JB9,A,1,X-ray,7CDM,A,1,X-ray,0,0,NA
6h3t_H+L-A,B:U,0,6h3t,H+L,A,2,X-ray,6h3t,H+L,2,X-ray,6H3S,B,2,X-ray,0,8,small molecules with 7 < n_atoms <= 15 detected
6h3t_H+L-A,B:U,1,6h3t,H+L,A,2,X-ray,6h3t,H+L,2,X-ray,6H3S,A,2,X-ray,0,8,small molecules with 7 < n_atoms <= 15 detected
5f9o_H+L-G,B:U,0,5f9o,H+L,G,1,X-ray,5f9o,H+L,1,X-ray,3TGT,A,1,X-ray,0,0,small molecules with 7 < n_atoms <= 15 detected
4utb_H+L-A,B:U,0,4utb,H+L,A,3,X-ray,4utb,H+L,3,X-ray,4UTC,A,3,X-ray,0,0,NA
4utb_H+L-A,B:U,1,4utb,H+L,A,3,X-ray,4utb,H+L,3,X-ray,4UTC,B,3,X-ray,0,0,NA
2p49_B-A,B:U,0,2p49,B,A,1,X-ray,2p49,B,1,X-ray,8RAT,A,1,X-ray,0,0,NA
2p49_B-A,B:U,1,2p49,B,A,1,X-ray,2p49,B,1,X-ray,6ETL,A,0,X-ray,0,0,NA
2p49_B-A,B:U,2,2p49,B,A,1,X-ray,2p49,B,1,X-ray,6ETM,A,0,X-ray,0,0,NA
2p49_B-A,B:U,3,2p49,B,A,1,X-ray,2p49,B,1,X-ray,7RSA,A,1,X-ray,0,0,small molecules with 7 < n_atoms <= 15 detected
2p49_B-A,B:U,4,2p49,B,A,1,X-ray,2p49,B,1,X-ray,6ETK,A,0,X-ray,0,0,NA
1iqd_B+A-C,B:U,0,1iqd,B+A,C,2,X-ray,1iqd,B+A,2,X-ray,1D7P,M,1,X-ray,0,0,NA
1fdl_H+L-Y,B:U,0,1fdl,H+L,Y,2,X-ray,1fdl,H+L,2,X-ray,7BYP,A,1,X-ray,0,0,NA
1fdl_H+L-Y,B:U,1,1fdl,H+L,Y,2,X-ray,1fdl,H+L,2,X-ray,7CDO,A,1,X-ray,0,0,NA
1fdl_H+L-Y,B:U,2,1fdl,H+L,Y,2,X-ray,1fdl,H+L,2,X-ray,7CDM,A,1,X-ray,0,0,NA
5d96_J+I-D,B:U,0,5d96,J+I,D,2,X-ray,5d96,J+I,2,X-ray,5D8I,A,2,X-ray,0,0,NA
5d96_J+I-D,B:U,1,5d96,J+I,D,2,X-ray,5d96,J+I,2,X-ray,5D8I,B,2,X-ray,0,0,NA
6qgx_B-A,B:U,0,6qgx,B,A,2,X-ray,6qgx,B,2,X-ray,6FSU,A,2,X-ray,0,0,NA
6qgx_B-A,B:U,1,6qgx,B,A,2,X-ray,6qgx,B,2,X-ray,6FSU,B,2,X-ray,0,0,NA
7aqg_B-A,B:U,0,7aqg,B,A,2,X-ray,7aqg,B,2,X-ray,3Q02,A,2,X-ray,0,0,NA
7aqg_B-A,B:U,1,7aqg,B,A,2,X-ray,7aqg,B,2,X-ray,3Q02,B,2,X-ray,0,0,NA
7aqg_B-A,B:U,2,7aqg,B,A,2,X-ray,7aqg,B,2,X-ray,3Q03,A,2,X-ray,0,0,NA
7aqg_B-A,B:U,3,7aqg,B,A,2,X-ray,7aqg,B,2,X-ray,3Q03,B,2,X-ray,0,0,NA
4om0_H+L-G,B:U,0,4om0,H+L,G,2,X-ray,4om0,H+L,2,X-ray,3TGT,A,1,X-ray,0,0,small molecules with 7 < n_atoms <= 15 detected
5otj_H+L-C,B:U,0,5otj,H+L,C,2,X-ray,5otj,H+L,2,X-ray,2LVK,A,100,UNKNOWN,0,0,NA
5otj_H+L-C,B:U,1,5otj,H+L,C,2,X-ray,5otj,H+L,2,X-ray,2LVJ,A,100,UNKNOWN,0,0,NA
5otj_H+L-C,B:U,2,5otj,H+L,C,2,X-ray,5otj,H+L,2,X-ray,2LVI,A,100,UNKNOWN,0,0,NA
7dm1_D+C-A,B:U,0,7dm1,D+C,A,2,X-ray,7dm1,D+C,2,X-ray,1PC3,A,2,X-ray,0,0,NA
7dm1_D+C-A,B:U,1,7dm1,D+C,A,2,X-ray,7dm1,D+C,2,X-ray,1PC3,B,2,X-ray,0,0,NA
2p42_B-A,B:U,0,2p42,B,A,1,X-ray,2p42,B,1,X-ray,8RAT,A,1,X-ray,0,0,NA
2p42_B-A,B:U,1,2p42,B,A,1,X-ray,2p42,B,1,X-ray,6ETL,A,0,X-ray,0,0,NA
2p42_B-A,B:U,2,2p42,B,A,1,X-ray,2p42,B,1,X-ray,6ETM,A,0,X-ray,0,0,NA
2p42_B-A,B:U,3,2p42,B,A,1,X-ray,2p42,B,1,X-ray,7RSA,A,1,X-ray,0,0,small molecules with 7 < n_atoms <= 15 detected
2p42_B-A,B:U,4,2p42,B,A,1,X-ray,2p42,B,1,X-ray,6ETK,A,0,X-ray,0,0,NA
4g6m_H+L-A,U:U,0,4g6m,H+L,A,1,X-ray,4G6K,H+L,1,X-ray,5R7W,A,1,X-ray,0,0,NA
4g6m_H+L-A,U:U,1,4g6m,H+L,A,1,X-ray,4G6K,H+L,1,X-ray,5R8F,A,1,X-ray,0,0,small molecules with 7 < n_atoms <= 15 detected
4g6m_H+L-A,U:U,2,4g6m,H+L,A,1,X-ray,4G6K,H+L,1,X-ray,5R8P,A,1,X-ray,0,0,small molecules with 7 < n_atoms <= 15 detected
4g6m_H+L-A,U:U,3,4g6m,H+L,A,1,X-ray,4G6K,H+L,1,X-ray,6Y8M,A,1,X-ray,0,0,small molecules with 7 < n_atoms <= 15 detected
4g6m_H+L-A,U:U,4,4g6m,H+L,A,1,X-ray,4G6K,H+L,1,X-ray,6Y8I,A,1,X-ray,0,0,small molecules with 7 < n_atoms <= 15 detected
4i1n_B-A,B:U,0,4i1n,B,A,1,X-ray,4i1n,B,1,X-ray,7LVC,A,1,X-ray,0,0,small molecules with n_atoms > 15 detected
4i1n_B-A,B:U,1,4i1n,B,A,1,X-ray,4i1n,B,1,X-ray,4PSS,A,0,X-ray,0,0,small molecules with n_atoms > 15 detected
4i1n_B-A,B:U,2,4i1n,B,A,1,X-ray,4i1n,B,1,X-ray,4PSY,A,0,X-ray,0,0,small molecules with n_atoms > 15 detected
4i1n_B-A,B:U,3,4i1n,B,A,1,X-ray,4i1n,B,1,X-ray,7D6G,A,1,Multiple methods,0,0,small molecules with n_atoms > 15 detected
4i1n_B-A,B:U,4,4i1n,B,A,1,X-ray,4i1n,B,1,X-ray,4PTH,A,0,X-ray,0,0,small molecules with n_atoms > 15 detected
5c7x_M+N-B,U:U,0,5c7x,M+N,B,2,X-ray,5D7S,H+L,1,X-ray,2GMF,A,2,X-ray,0,0,NA
5c7x_M+N-B,U:U,1,5c7x,M+N,B,2,X-ray,5D7S,H+L,1,X-ray,2GMF,B,2,X-ray,0,0,NA
4rgo_H+L-S,B:U,0,4rgo,H+L,S,1,X-ray,4rgo,H+L,1,X-ray,3SEB,A,1,X-ray,0,0,NA
4rgo_H+L-S,B:U,1,4rgo,H+L,S,1,X-ray,4rgo,H+L,1,X-ray,1SE3,A,2,X-ray,0,0,NA
4rgo_H+L-S,B:U,2,4rgo,H+L,S,1,X-ray,4rgo,H+L,1,X-ray,1SE4,A,1,X-ray,0,0,NA
1bvk_E+D-F,U:U,0,1bvk,E+D,F,2,X-ray,1BVL,A+B,2,X-ray,7BYP,A,1,X-ray,0,0,NA
1bvk_E+D-F,U:U,1,1bvk,E+D,F,2,X-ray,1BVL,C+D,2,X-ray,7BYP,A,1,X-ray,0,0,NA
1bvk_E+D-F,U:U,2,1bvk,E+D,F,2,X-ray,1BVL,A+B,2,X-ray,7CDO,A,1,X-ray,0,0,NA
1bvk_E+D-F,U:U,3,1bvk,E+D,F,2,X-ray,1BVL,C+D,2,X-ray,7CDO,A,1,X-ray,0,0,NA
1bvk_E+D-F,U:U,4,1bvk,E+D,F,2,X-ray,1BVL,A+B,2,X-ray,7CDM,A,1,X-ray,0,0,NA
1bvk_E+D-F,U:U,5,1bvk,E+D,F,2,X-ray,1BVL,C+D,2,X-ray,7CDM,A,1,X-ray,0,0,NA
5f96_H+L-G,B:U,0,5f96,H+L,G,2,X-ray,5f96,H+L,2,X-ray,3TGT,A,1,X-ray,0,0,small molecules with 7 < n_atoms <= 15 detected
6hjq_K+L-F+E,B:U,0,6hjq,K+L,F+E,4,EM,6hjq,K+L,4,EM,6HKG,A+A,1,X-ray,0,0,NA
3qa3_K+J-L,B:U,0,3qa3,K+J,L,3,X-ray,3qa3,K+J,3,X-ray,4XW2,A,2,X-ray,0,0,small molecules with n_atoms > 15 detected
4u6h_C+D-J,B:U,0,4u6h,C+D,J,3,X-ray,4u6h,C+D,3,X-ray,1YPY,A,1,X-ray,0,0,NA
4u6h_C+D-J,B:U,1,4u6h,C+D,J,3,X-ray,4u6h,C+D,3,X-ray,1YPY,B,1,X-ray,0,0,NA
1qfw_H+L-A,B:U,0,1qfw,H+L,A,3,X-ray,1qfw,H+L,3,X-ray,1HD4,A,100,UNKNOWN,0,1,NA
1qfw_H+L-A,B:U,1,1qfw,H+L,A,3,X-ray,1qfw,H+L,3,X-ray,1E9J,A,100,UNKNOWN,0,1,small molecules with n_atoms > 15 detected
1qfw_H+L-A,B:U,2,1qfw,H+L,A,3,X-ray,1qfw,H+L,3,X-ray,1DZ7,A,100,UNKNOWN,0,1,NA
6ir2_B-A,B:U,0,6ir2,B,A,1,X-ray,6ir2,B,1,X-ray,5FHV,A,1,X-ray,0,0,small molecules with n_atoms > 15 detected
6ir2_B-A,B:U,1,6ir2,B,A,1,X-ray,6ir2,B,1,X-ray,6YLM,A,1,X-ray,0,0,NA
6ir2_B-A,B:U,2,6ir2,B,A,1,X-ray,6ir2,B,1,X-ray,2H5Q,A,1,X-ray,0,0,NA
5d72_H+L-A,B:U,0,5d72,H+L,A,2,X-ray,5d72,H+L,2,X-ray,2GMF,A,2,X-ray,0,0,NA
5d72_H+L-A,B:U,1,5d72,H+L,A,2,X-ray,5d72,H+L,2,X-ray,2GMF,B,2,X-ray,0,0,NA
1j1p_H+L-Y,B:U,0,1j1p,H+L,Y,1,X-ray,1j1p,H+L,1,X-ray,7BYP,A,1,X-ray,0,0,NA
1j1p_H+L-Y,B:U,1,1j1p,H+L,Y,1,X-ray,1j1p,H+L,1,X-ray,7CDO,A,1,X-ray,0,0,NA
1j1p_H+L-Y,B:U,2,1j1p,H+L,Y,1,X-ray,1j1p,H+L,1,X-ray,7CDM,A,1,X-ray,0,0,NA
5w5z_H+L-A,B:U,0,5w5z,H+L,A,2,X-ray,5w5z,H+L,2,X-ray,5W60,A,1,X-ray,0,0,small molecules with 7 < n_atoms <= 15 detected
5w5z_H+L-A,B:U,1,5w5z,H+L,A,2,X-ray,5w5z,H+L,2,X-ray,5W61,A,2,X-ray,0,0,small molecules with 7 < n_atoms <= 15 detected
6gkd_C-A,B:U,0,6gkd,C,A,2,X-ray,6gkd,C,2,X-ray,5TFI,A,1,X-ray,0,0,small molecules with n_atoms > 15 detected
6gkd_C-A,B:U,1,6gkd,C,A,2,X-ray,6gkd,C,2,X-ray,5TFF,A,1,X-ray,0,0,small molecules with n_atoms > 15 detected
6gkd_C-A,B:U,2,6gkd,C,A,2,X-ray,6gkd,C,2,X-ray,5TF7,A,1,X-ray,0,0,small molecules with n_atoms > 15 detected
6gkd_C-A,B:U,3,6gkd,C,A,2,X-ray,6gkd,C,2,X-ray,5TFG,A,1,X-ray,0,0,small molecules with n_atoms > 15 detected
6gkd_C-A,B:U,4,6gkd,C,A,2,X-ray,6gkd,C,2,X-ray,5TFB,A,1,X-ray,0,0,small molecules with n_atoms > 15 detected
6k7o_B+C-P,B:U,0,6k7o,B+C,P,3,X-ray,6k7o,B+C,3,X-ray,3P2T,A,1,X-ray,0,0,NA
4rrp_K+E-Q,B:U,0,4rrp,K+E,Q,2,X-ray,4rrp,K+E,2,X-ray,2IDC,A,2,X-ray,0,0,NA
4rrp_K+E-Q,B:U,1,4rrp,K+E,Q,2,X-ray,4rrp,K+E,2,X-ray,1WG3,A,3,X-ray,0,1,NA
2dqh_H+L-Y,B:U,0,2dqh,H+L,Y,2,X-ray,2dqh,H+L,2,X-ray,7BYP,A,1,X-ray,0,0,NA
2dqh_H+L-Y,B:U,1,2dqh,H+L,Y,2,X-ray,2dqh,H+L,2,X-ray,7CDO,A,1,X-ray,0,0,NA
2dqh_H+L-Y,B:U,2,2dqh,H+L,Y,2,X-ray,2dqh,H+L,2,X-ray,7CDM,A,1,X-ray,0,0,NA
4lqf_H+L-A,B:U,0,4lqf,H+L,A,2,X-ray,4lqf,H+L,2,X-ray,3K7B,A,2,X-ray,0,0,NA
4lqf_H+L-A,B:U,1,4lqf,H+L,A,2,X-ray,4lqf,H+L,2,X-ray,3K7B,B,2,X-ray,0,0,NA
5xbm_E+D-F,B:U,0,5xbm,E+D,F,3,X-ray,5xbm,E+D,3,X-ray,4F7B,A,3,X-ray,0,0,small molecules with 7 < n_atoms <= 15 detected
5xbm_E+D-F,B:U,1,5xbm,E+D,F,3,X-ray,5xbm,E+D,3,X-ray,4F7B,F,3,X-ray,0,0,small molecules with 7 < n_atoms <= 15 detected
5xbm_E+D-F,B:U,2,5xbm,E+D,F,3,X-ray,5xbm,E+D,3,X-ray,4Q4F,A,2,X-ray,0,0,small molecules with 7 < n_atoms <= 15 detected
5xbm_E+D-F,B:U,3,5xbm,E+D,F,3,X-ray,5xbm,E+D,3,X-ray,4TW2,A,2,X-ray,0,0,small molecules with 7 < n_atoms <= 15 detected
5xbm_E+D-F,B:U,4,5xbm,E+D,F,3,X-ray,5xbm,E+D,3,X-ray,4TW2,B,2,X-ray,0,0,small molecules with 7 < n_atoms <= 15 detected
6b0s_H+L-C,U:U,0,6b0s,H+L,C,1,X-ray,6B0W,H+L,1,X-ray,3VDL,A,2,X-ray,0,0,NA
6b0s_H+L-C,U:U,1,6b0s,H+L,C,1,X-ray,6B0W,H+L,1,X-ray,3VDL,B,2,X-ray,0,0,NA
6b0s_H+L-C,U:U,2,6b0s,H+L,C,1,X-ray,6B0W,H+L,1,X-ray,3VDL,C,2,X-ray,0,0,NA
6b0s_H+L-C,U:U,3,6b0s,H+L,C,1,X-ray,6B0W,H+L,1,X-ray,3VDJ,A,1,X-ray,0,0,NA
6b0s_H+L-C,U:U,4,6b0s,H+L,C,1,X-ray,6B0W,H+L,1,X-ray,3VDK,A,1,X-ray,0,0,NA
3bsz_N+M-E,B:U,0,3bsz,N+M,E,3,X-ray,3bsz,N+M,3,X-ray,5NU8,A,1,X-ray,0,0,small molecules with n_atoms > 15 detected
3bsz_N+M-E,B:U,1,3bsz,N+M,E,3,X-ray,3bsz,N+M,3,X-ray,5NU7,A,1,X-ray,0,0,small molecules with n_atoms > 15 detected
3bsz_N+M-E,B:U,2,3bsz,N+M,E,3,X-ray,3bsz,N+M,3,X-ray,5NU2,A,1,X-ray,0,0,small molecules with n_atoms > 15 detected
3bsz_N+M-E,B:U,3,3bsz,N+M,E,3,X-ray,3bsz,N+M,3,X-ray,5NUA,A,1,X-ray,0,0,small molecules with 7 < n_atoms <= 15 detected
3bsz_N+M-E,B:U,4,3bsz,N+M,E,3,X-ray,3bsz,N+M,3,X-ray,5NU6,A,1,X-ray,0,0,small molecules with n_atoms > 15 detected
6iea_H+L-A,B:U,0,6iea,H+L,A,2,X-ray,6iea,H+L,2,X-ray,5Y0W,A,2,X-ray,0,0,NA
6iea_H+L-A,B:U,1,6iea,H+L,A,2,X-ray,6iea,H+L,2,X-ray,5Y0Y,A,3,X-ray,0,0,NA
7kc9_F-E+D,B:U,0,7kc9,F,E+D,2,X-ray,7kc9,F,2,X-ray,3RTI,B+A,2,X-ray,0,0,small molecules with n_atoms > 15 detected
1jtp_A-L,B:U,0,1jtp,A,L,1,X-ray,1jtp,A,1,X-ray,1TEW,A,1,X-ray,0,0,NA
1jtp_A-L,B:U,1,1jtp,A,L,1,X-ray,1jtp,A,1,X-ray,135L,A,1,X-ray,0,0,NA
1jtp_A-L,B:U,2,1jtp,A,L,1,X-ray,1jtp,A,1,X-ray,1LZY,A,1,X-ray,0,0,NA
1jtp_A-L,B:U,3,1jtp,A,L,1,X-ray,1jtp,A,1,X-ray,1JSE,A,1,X-ray,0,0,NA
1jtp_A-L,B:U,4,1jtp,A,L,1,X-ray,1jtp,A,1,X-ray,1LJN,A,1,X-ray,0,0,NA
3pnw_E+D-F,B:U,0,3pnw,E+D,F,2,X-ray,3pnw,E+D,2,X-ray,3S6W,A,1,X-ray,0,0,NA
3pnw_E+D-F,B:U,1,3pnw,E+D,F,2,X-ray,3pnw,E+D,2,X-ray,5YJ8,A,1,X-ray,0,0,small molecules with 7 < n_atoms <= 15 detected
3pnw_E+D-F,B:U,2,3pnw,E+D,F,2,X-ray,3pnw,E+D,2,X-ray,3PMT,A,1,X-ray,0,0,small molecules with 7 < n_atoms <= 15 detected
6mlk_H+L-A,B:U,0,6mlk,H+L,A,2,X-ray,6mlk,H+L,2,X-ray,5D3Z,A,2,X-ray,0,0,small molecules with n_atoms > 15 detected
6mlk_H+L-A,B:U,1,6mlk,H+L,A,2,X-ray,6mlk,H+L,2,X-ray,5D3K,A,1,X-ray,0,0,small molecules with n_atoms > 15 detected
5hvf_B-A,B:U,0,5hvf,B,A,2,X-ray,5hvf,B,2,X-ray,7NEE,A,2,X-ray,0,0,small molecules with n_atoms > 15 detected
6k7o_D+E-Q,B:U,0,6k7o,D+E,Q,3,X-ray,6k7o,D+E,3,X-ray,3P2T,A,1,X-ray,0,0,NA
2p45_B-A,B:U,0,2p45,B,A,1,X-ray,2p45,B,1,X-ray,8RAT,A,1,X-ray,0,0,NA
2p45_B-A,B:U,1,2p45,B,A,1,X-ray,2p45,B,1,X-ray,6ETL,A,0,X-ray,0,0,NA
2p45_B-A,B:U,2,2p45,B,A,1,X-ray,2p45,B,1,X-ray,6ETM,A,0,X-ray,0,0,NA
2p45_B-A,B:U,3,2p45,B,A,1,X-ray,2p45,B,1,X-ray,7RSA,A,1,X-ray,0,0,small molecules with 7 < n_atoms <= 15 detected
2p45_B-A,B:U,4,2p45,B,A,1,X-ray,2p45,B,1,X-ray,6ETK,A,0,X-ray,0,0,NA
5if0_H+L-G,U:U,0,5if0,H+L,G,2,X-ray,5IFA,H+L,1,X-ray,5IDL,A,2,X-ray,0,3,small molecules with 7 < n_atoms <= 15 detected
4ogy_M+N-B,U:U,0,4ogy,M+N,B,2,X-ray,4PUB,H+L,1,X-ray,6O1S,E,1,X-ray,0,0,small molecules with n_atoms > 15 detected
4ogy_M+N-B,U:U,1,4ogy,M+N,B,2,X-ray,4PUB,H+L,1,X-ray,2ANY,A,1,X-ray,0,0,small molecules with n_atoms > 15 detected
4ogy_M+N-B,U:U,2,4ogy,M+N,B,2,X-ray,4PUB,H+L,1,X-ray,5TJX,A,1,X-ray,0,0,small molecules with n_atoms > 15 detected
5xbm_B+A-C,B:U,0,5xbm,B+A,C,3,X-ray,5xbm,B+A,3,X-ray,4F7B,A,3,X-ray,0,0,small molecules with 7 < n_atoms <= 15 detected
5xbm_B+A-C,B:U,1,5xbm,B+A,C,3,X-ray,5xbm,B+A,3,X-ray,4F7B,F,3,X-ray,0,0,small molecules with 7 < n_atoms <= 15 detected
5xbm_B+A-C,B:U,2,5xbm,B+A,C,3,X-ray,5xbm,B+A,3,X-ray,4Q4F,A,2,X-ray,0,0,small molecules with 7 < n_atoms <= 15 detected
5xbm_B+A-C,B:U,3,5xbm,B+A,C,3,X-ray,5xbm,B+A,3,X-ray,4TW2,A,2,X-ray,0,0,small molecules with 7 < n_atoms <= 15 detected
5xbm_B+A-C,B:U,4,5xbm,B+A,C,3,X-ray,5xbm,B+A,3,X-ray,4TW2,B,2,X-ray,0,0,small molecules with 7 < n_atoms <= 15 detected
6s3d_H+L-P,B:U,0,6s3d,H+L,P,3,X-ray,6s3d,H+L,3,X-ray,6XWI,A,100,UNKNOWN,0,0,NA
7k65_B-A,B:U,0,7k65,B,A,3,EM,7k65,B,3,EM,6MG8,A,3,EM,0,0,small molecules with n_atoms > 15 detected
4jre_B+C-A,B:U,0,4jre,B+C,A,2,X-ray,4jre,B+C,2,X-ray,4U4T,A,2,X-ray,0,0,small molecules with n_atoms > 15 detected
4jre_B+C-A,B:U,1,4jre,B+C,A,2,X-ray,4jre,B+C,2,X-ray,4U4W,A,2,X-ray,0,0,small molecules with n_atoms > 15 detected
4jre_B+C-A,B:U,2,4jre,B+C,A,2,X-ray,4jre,B+C,2,X-ray,4U4W,B,2,X-ray,0,0,small molecules with n_atoms > 15 detected
4jre_B+C-A,B:U,3,4jre,B+C,A,2,X-ray,4jre,B+C,2,X-ray,4U4V,A,2,X-ray,0,0,small molecules with 7 < n_atoms <= 15 detected
5jmo_D-B,U:U,0,5jmo,D,B,2,X-ray,5JMR,A,2,X-ray,7O1U,A,1,X-ray,0,0,small molecules with n_atoms > 15 detected
5jmo_D-B,U:U,1,5jmo,D,B,2,X-ray,5JMR,B,2,X-ray,7O1U,A,1,X-ray,0,0,small molecules with n_atoms > 15 detected
5jmo_D-B,U:U,2,5jmo,D,B,2,X-ray,5JMR,A,2,X-ray,7O22,A,1,X-ray,0,0,small molecules with n_atoms > 15 detected
5jmo_D-B,U:U,3,5jmo,D,B,2,X-ray,5JMR,B,2,X-ray,7O22,A,1,X-ray,0,0,small molecules with n_atoms > 15 detected
5jmo_D-B,U:U,4,5jmo,D,B,2,X-ray,5JMR,A,2,X-ray,7O1W,A,1,X-ray,0,0,small molecules with n_atoms > 15 detected
5jmo_D-B,U:U,5,5jmo,D,B,2,X-ray,5JMR,B,2,X-ray,7O1W,A,1,X-ray,0,0,small molecules with n_atoms > 15 detected
5jmo_D-B,U:U,6,5jmo,D,B,2,X-ray,5JMR,A,2,X-ray,7O1Y,A,1,X-ray,0,0,small molecules with n_atoms > 15 detected
5jmo_D-B,U:U,7,5jmo,D,B,2,X-ray,5JMR,B,2,X-ray,7O1Y,A,1,X-ray,0,0,small molecules with n_atoms > 15 detected
5jmo_D-B,U:U,8,5jmo,D,B,2,X-ray,5JMR,A,2,X-ray,7O20,A,1,X-ray,0,0,small molecules with n_atoms > 15 detected
5jmo_D-B,U:U,9,5jmo,D,B,2,X-ray,5JMR,B,2,X-ray,7O20,A,1,X-ray,0,0,small molecules with n_atoms > 15 detected
2vyr_J-A,B:U,0,2vyr,J,A,2,X-ray,2vyr,J,2,X-ray,3LBJ,E,1,X-ray,0,0,small molecules with n_atoms > 15 detected
2vyr_J-A,B:U,1,2vyr,J,A,2,X-ray,2vyr,J,2,X-ray,6Q9W,A,1,X-ray,0,1,small molecules with n_atoms > 15 detected
2vyr_J-A,B:U,2,2vyr,J,A,2,X-ray,2vyr,J,2,X-ray,6Q9W,B,1,X-ray,0,1,small molecules with n_atoms > 15 detected
2vyr_J-A,B:U,3,2vyr,J,A,2,X-ray,2vyr,J,2,X-ray,6Q9Y,A,1,X-ray,0,1,small molecules with n_atoms > 15 detected
2vyr_J-A,B:U,4,2vyr,J,A,2,X-ray,2vyr,J,2,X-ray,6Q9Y,B,1,X-ray,0,1,small molecules with n_atoms > 15 detected
2vyr_J-A,B:U,5,2vyr,J,A,2,X-ray,2vyr,J,2,X-ray,7EL4,A,2,X-ray,0,2,small molecules with n_atoms > 15 detected
5imo_B-A,U:U,0,5imo,B,A,2,X-ray,2PND,A,1,X-ray,2PND,A,1,X-ray,0,0,NA
5o2u_B-A,B:U,0,5o2u,B,A,2,X-ray,5o2u,B,2,X-ray,4IPY,A,1,X-ray,0,0,NA
5o2u_B-A,B:U,1,5o2u,B,A,2,X-ray,5o2u,B,2,X-ray,4IPY,B,1,X-ray,0,0,NA
5o2u_B-A,B:U,2,5o2u,B,A,2,X-ray,5o2u,B,2,X-ray,4IPY,C,1,X-ray,0,0,NA
5o2u_B-A,B:U,3,5o2u,B,A,2,X-ray,5o2u,B,2,X-ray,4IPY,D,1,X-ray,0,0,NA
6uht_D-B,B:U,0,6uht,D,B,2,X-ray,6uht,D,2,X-ray,1G9A,A,2,X-ray,0,0,small molecules with n_atoms > 15 detected
6uht_D-B,B:U,1,6uht,D,B,2,X-ray,6uht,D,2,X-ray,1S0D,A,2,X-ray,0,0,NA
6uht_D-B,B:U,2,6uht,D,B,2,X-ray,6uht,D,2,X-ray,1G9D,A,2,X-ray,0,0,small molecules with n_atoms > 15 detected
6uht_D-B,B:U,3,6uht,D,B,2,X-ray,6uht,D,2,X-ray,1S0E,A,1,X-ray,0,0,NA
6uht_D-B,B:U,4,6uht,D,B,2,X-ray,6uht,D,2,X-ray,1EPW,A,1,X-ray,0,0,NA
5cjo_H+L-A,B:U,0,5cjo,H+L,A,3,X-ray,5cjo,H+L,3,X-ray,4GS8,A,2,X-ray,0,0,small molecules with n_atoms > 15 detected
5cjo_H+L-A,B:U,1,5cjo,H+L,A,3,X-ray,5cjo,H+L,3,X-ray,4GS8,B,2,X-ray,0,0,small molecules with n_atoms > 15 detected
5cjo_H+L-A,B:U,2,5cjo,H+L,A,3,X-ray,5cjo,H+L,3,X-ray,4GSC,A,2,X-ray,0,0,small molecules with n_atoms > 15 detected
5cjo_H+L-A,B:U,3,5cjo,H+L,A,3,X-ray,5cjo,H+L,3,X-ray,4GSC,B,2,X-ray,0,0,small molecules with n_atoms > 15 detected
5cjo_H+L-A,B:U,4,5cjo,H+L,A,3,X-ray,5cjo,H+L,3,X-ray,4NXO,A,2,X-ray,0,0,small molecules with n_atoms > 15 detected
5cjo_H+L-A,B:U,5,5cjo,H+L,A,3,X-ray,5cjo,H+L,3,X-ray,4NXO,B,2,X-ray,0,0,small molecules with n_atoms > 15 detected
6ztr_A+B-J,U:U,0,6ztr,A+B,J,2,X-ray,6ZTF,A+B,1,X-ray,6ZTB,I,1,X-ray,0,0,NA
6ztr_A+B-J,U:U,1,6ztr,A+B,J,2,X-ray,6ZTF,H+L,1,X-ray,6ZTB,I,1,X-ray,0,0,NA
1ri8_A-B,B:U,0,1ri8,A,B,1,X-ray,1ri8,A,1,X-ray,7BYP,A,1,X-ray,0,0,NA
1ri8_A-B,B:U,1,1ri8,A,B,1,X-ray,1ri8,A,1,X-ray,7CDO,A,1,X-ray,0,0,NA
1ri8_A-B,B:U,2,1ri8,A,B,1,X-ray,1ri8,A,1,X-ray,7CDM,A,1,X-ray,0,0,NA
6hx4_I+M-A,U:U,0,6hx4,I+M,A,2,X-ray,6GXX,H+L,1,X-ray,3NE4,A,1,X-ray,0,0,NA
6hx4_I+M-A,U:U,1,6hx4,I+M,A,2,X-ray,6GXX,H+L,1,X-ray,2QUG,A,2,X-ray,0,0,NA
6hx4_I+M-A,U:U,2,6hx4,I+M,A,2,X-ray,6GXX,H+L,1,X-ray,1QLP,A,2,X-ray,0,0,NA
6hx4_I+M-A,U:U,3,6hx4,I+M,A,2,X-ray,6GXX,H+L,1,X-ray,3CWM,A,2,X-ray,0,0,small molecules with 7 < n_atoms <= 15 detected
6hx4_I+M-A,U:U,4,6hx4,I+M,A,2,X-ray,6GXX,H+L,1,X-ray,3CWL,A,2,X-ray,0,0,NA
6c6y_A+B-S,U:U,0,6c6y,A+B,S,3,X-ray,6C6X,A+B,1,X-ray,4ZPW,R,3,X-ray,0,0,small molecules with 7 < n_atoms <= 15 detected
6c6y_A+B-S,U:U,1,6c6y,A+B,S,3,X-ray,6C6X,C+D,1,X-ray,4ZPW,R,3,X-ray,0,0,small molecules with 7 < n_atoms <= 15 detected
6c6y_A+B-S,U:U,2,6c6y,A+B,S,3,X-ray,6C6X,E+F,1,X-ray,4ZPW,R,3,X-ray,0,0,small molecules with 7 < n_atoms <= 15 detected
6c6y_A+B-S,U:U,3,6c6y,A+B,S,3,X-ray,6C6X,A+B,1,X-ray,4ZPW,S,3,X-ray,0,0,small molecules with 7 < n_atoms <= 15 detected
6c6y_A+B-S,U:U,4,6c6y,A+B,S,3,X-ray,6C6X,C+D,1,X-ray,4ZPW,S,3,X-ray,0,0,small molecules with 7 < n_atoms <= 15 detected
6c6y_A+B-S,U:U,5,6c6y,A+B,S,3,X-ray,6C6X,E+F,1,X-ray,4ZPW,S,3,X-ray,0,0,small molecules with 7 < n_atoms <= 15 detected
5wb9_H+L-G,B:U,0,5wb9,H+L,G,2,X-ray,5wb9,H+L,2,X-ray,4DKO,A,1,X-ray,0,0,small molecules with n_atoms > 15 detected
5wb9_H+L-G,B:U,1,5wb9,H+L,G,2,X-ray,5wb9,H+L,2,X-ray,4DKO,C,1,X-ray,0,0,small molecules with n_atoms > 15 detected
5wb9_H+L-G,B:U,2,5wb9,H+L,G,2,X-ray,5wb9,H+L,2,X-ray,4RZ8,A,1,X-ray,0,0,small molecules with n_atoms > 15 detected
5wb9_H+L-G,B:U,3,5wb9,H+L,G,2,X-ray,5wb9,H+L,2,X-ray,4RZ8,B,1,X-ray,0,0,small molecules with n_atoms > 15 detected
5wb9_H+L-G,B:U,4,5wb9,H+L,G,2,X-ray,5wb9,H+L,2,X-ray,4RZ8,C,1,X-ray,0,0,small molecules with n_atoms > 15 detected
5wb9_H+L-G,B:U,5,5wb9,H+L,G,2,X-ray,5wb9,H+L,2,X-ray,4RZ8,D,1,X-ray,0,0,small molecules with n_atoms > 15 detected
5wb9_H+L-G,B:U,6,5wb9,H+L,G,2,X-ray,5wb9,H+L,2,X-ray,4DVV,A,1,X-ray,0,0,small molecules with n_atoms > 15 detected
5wb9_H+L-G,B:U,7,5wb9,H+L,G,2,X-ray,5wb9,H+L,2,X-ray,4DVV,B,1,X-ray,0,0,small molecules with n_atoms > 15 detected
5wb9_H+L-G,B:U,8,5wb9,H+L,G,2,X-ray,5wb9,H+L,2,X-ray,4DKP,A,1,X-ray,0,0,small molecules with n_atoms > 15 detected
5wb9_H+L-G,B:U,9,5wb9,H+L,G,2,X-ray,5wb9,H+L,2,X-ray,4DKP,C,1,X-ray,0,0,small molecules with n_atoms > 15 detected
5wb9_H+L-G,B:U,10,5wb9,H+L,G,2,X-ray,5wb9,H+L,2,X-ray,4DKQ,A,1,X-ray,0,0,small molecules with n_atoms > 15 detected
5mzv_D-A,B:U,0,5mzv,D,A,2,X-ray,5mzv,D,2,X-ray,1F42,A,2,X-ray,0,0,small molecules with 7 < n_atoms <= 15 detected
6j11_H+L-A,B:U,0,6j11,H+L,A,3,X-ray,6j11,H+L,3,X-ray,5X4R,A,1,X-ray,0,0,NA
6j11_H+L-A,B:U,1,6j11,H+L,A,3,X-ray,6j11,H+L,3,X-ray,5VYH,A,2,X-ray,0,0,small molecules with n_atoms > 15 detected
3qa3_H+F-I,B:U,0,3qa3,H+F,I,3,X-ray,3qa3,H+F,3,X-ray,4XW2,A,2,X-ray,0,0,small molecules with n_atoms > 15 detected
6iek_E+F-D,B:U,0,6iek,E+F,D,2,X-ray,6iek,E+F,2,X-ray,5Y0W,A,2,X-ray,0,0,NA
6iek_E+F-D,B:U,1,6iek,E+F,D,2,X-ray,6iek,E+F,2,X-ray,5Y0Y,A,3,X-ray,0,0,NA
5vjq_E+F-K,B:U,0,5vjq,E+F,K,1,X-ray,5vjq,E+F,1,X-ray,5V8G,A,1,X-ray,0,0,NA
6war_N-M,B:U,0,6war,N,M,3,X-ray,6war,N,3,X-ray,4ZPW,R,3,X-ray,0,0,small molecules with 7 < n_atoms <= 15 detected
6war_N-M,B:U,1,6war,N,M,3,X-ray,6war,N,3,X-ray,4ZPW,S,3,X-ray,0,0,small molecules with 7 < n_atoms <= 15 detected
4ut9_I+M-B,B:U,0,4ut9,I+M,B,3,X-ray,4ut9,I+M,3,X-ray,4UTC,A,3,X-ray,0,0,NA
4ut9_I+M-B,B:U,1,4ut9,I+M,B,3,X-ray,4ut9,I+M,3,X-ray,4UTC,B,3,X-ray,0,0,NA
4tsc_H+L-A,B:U,0,4tsc,H+L,A,1,X-ray,4tsc,H+L,1,X-ray,7BYP,A,1,X-ray,0,0,NA
4tsc_H+L-A,B:U,1,4tsc,H+L,A,1,X-ray,4tsc,H+L,1,X-ray,7CDO,A,1,X-ray,0,0,NA
4tsc_H+L-A,B:U,2,4tsc,H+L,A,1,X-ray,4tsc,H+L,1,X-ray,7CDM,A,1,X-ray,0,0,NA
7dr4_H+L-K,B:U,0,7dr4,H+L,K,2,X-ray,7dr4,H+L,2,X-ray,1PY2,A,2,X-ray,0,0,small molecules with n_atoms > 15 detected
7dr4_H+L-K,B:U,1,7dr4,H+L,K,2,X-ray,7dr4,H+L,2,X-ray,1PY2,B,2,X-ray,0,0,small molecules with n_atoms > 15 detected
7dr4_H+L-K,B:U,2,7dr4,H+L,K,2,X-ray,7dr4,H+L,2,X-ray,1PY2,C,2,X-ray,0,0,small molecules with n_atoms > 15 detected
7dr4_H+L-K,B:U,3,7dr4,H+L,K,2,X-ray,7dr4,H+L,2,X-ray,1PY2,D,2,X-ray,0,0,small molecules with n_atoms > 15 detected
7dr4_H+L-K,B:U,4,7dr4,H+L,K,2,X-ray,7dr4,H+L,2,X-ray,1PY2,C,2,X-ray,0,0,small molecules with n_atoms > 15 detected
7dr4_H+L-K,B:U,5,7dr4,H+L,K,2,X-ray,7dr4,H+L,2,X-ray,1PY2,B,2,X-ray,0,0,small molecules with n_atoms > 15 detected
7dr4_H+L-K,B:U,6,7dr4,H+L,K,2,X-ray,7dr4,H+L,2,X-ray,1PW6,A,2,X-ray,0,0,small molecules with n_atoms > 15 detected
7dr4_H+L-K,B:U,7,7dr4,H+L,K,2,X-ray,7dr4,H+L,2,X-ray,1PW6,B,2,X-ray,0,0,small molecules with n_atoms > 15 detected
7dr4_H+L-K,B:U,8,7dr4,H+L,K,2,X-ray,7dr4,H+L,2,X-ray,1M49,A,2,X-ray,0,0,small molecules with n_atoms > 15 detected
7dr4_H+L-K,B:U,9,7dr4,H+L,K,2,X-ray,7dr4,H+L,2,X-ray,1M49,B,2,X-ray,0,0,small molecules with n_atoms > 15 detected
7dr4_H+L-K,B:U,10,7dr4,H+L,K,2,X-ray,7dr4,H+L,2,X-ray,1M47,A,1,X-ray,0,0,NA
7dr4_H+L-K,B:U,11,7dr4,H+L,K,2,X-ray,7dr4,H+L,2,X-ray,1M48,A,1,X-ray,0,0,small molecules with n_atoms > 15 detected
7dr4_H+L-K,B:U,12,7dr4,H+L,K,2,X-ray,7dr4,H+L,2,X-ray,1M48,B,1,X-ray,0,0,small molecules with n_atoms > 15 detected
6wtv_B+C-A,B:U,0,6wtv,B+C,A,3,X-ray,6wtv,B+C,3,X-ray,5W53,A,1,X-ray,0,0,NA
6wtv_B+C-A,B:U,1,6wtv,B+C,A,3,X-ray,6wtv,B+C,3,X-ray,5W53,B,1,X-ray,0,0,NA
3skj_H+L-E,B:U,0,3skj,H+L,E,2,X-ray,3skj,H+L,2,X-ray,3FL7,A,2,X-ray,0,0,small molecules with 7 < n_atoms <= 15 detected
7kji_A-B,B:U,0,7kji,A,B,3,X-ray,7kji,A,3,X-ray,7KJ7,B,2,X-ray,0,0,NA
7kji_A-B,B:U,1,7kji,A,B,3,X-ray,7kji,A,3,X-ray,7KJ7,A,2,X-ray,0,0,NA
6x06_K-A,B:U,0,6x06,K,A,4,X-ray,6x06,K,4,X-ray,3H7N,A,3,X-ray,0,0,NA
6x06_K-A,B:U,1,6x06,K,A,4,X-ray,6x06,K,4,X-ray,3H7N,B,3,X-ray,0,0,NA
6x06_K-A,B:U,2,6x06,K,A,4,X-ray,6x06,K,4,X-ray,3H7N,C,3,X-ray,0,0,NA
6x06_K-A,B:U,3,6x06,K,A,4,X-ray,6x06,K,4,X-ray,3H7N,D,3,X-ray,0,0,NA
6x06_K-A,B:U,4,6x06,K,A,4,X-ray,6x06,K,4,X-ray,3HXR,A,3,X-ray,0,0,NA
5wob_W+X-H,B:U,0,5wob,W+X,H,3,X-ray,5wob,W+X,3,X-ray,4GS8,A,2,X-ray,0,0,small molecules with n_atoms > 15 detected
5wob_W+X-H,B:U,1,5wob,W+X,H,3,X-ray,5wob,W+X,3,X-ray,4GS8,B,2,X-ray,0,0,small molecules with n_atoms > 15 detected
5wob_W+X-H,B:U,2,5wob,W+X,H,3,X-ray,5wob,W+X,3,X-ray,4GSC,A,2,X-ray,0,0,small molecules with n_atoms > 15 detected
5wob_W+X-H,B:U,3,5wob,W+X,H,3,X-ray,5wob,W+X,3,X-ray,4GSC,B,2,X-ray,0,0,small molecules with n_atoms > 15 detected
5wob_W+X-H,B:U,4,5wob,W+X,H,3,X-ray,5wob,W+X,3,X-ray,4NXO,A,2,X-ray,0,0,small molecules with n_atoms > 15 detected
5wob_W+X-H,B:U,5,5wob,W+X,H,3,X-ray,5wob,W+X,3,X-ray,4NXO,B,2,X-ray,0,0,small molecules with n_atoms > 15 detected
4rgn_H+L-S,B:U,0,4rgn,H+L,S,2,X-ray,4rgn,H+L,2,X-ray,3SEB,A,1,X-ray,0,0,NA
4rgn_H+L-S,B:U,1,4rgn,H+L,S,2,X-ray,4rgn,H+L,2,X-ray,1SE3,A,2,X-ray,0,0,NA
4rgn_H+L-S,B:U,2,4rgn,H+L,S,2,X-ray,4rgn,H+L,2,X-ray,1SE4,A,1,X-ray,0,0,NA
5fhx_H-A,B:U,0,5fhx,H,A,2,X-ray,5fhx,H,2,X-ray,2B8U,A,1,X-ray,0,0,NA
1wej_H+L-F,U:U,0,1wej,H+L,F,1,X-ray,1QBL,H+L,2,X-ray,4RSZ,A,2,X-ray,0,0,small molecules with n_atoms > 15 detected
1wej_H+L-F,U:U,1,1wej,H+L,F,1,X-ray,1QBL,H+L,2,X-ray,4RSZ,B,2,X-ray,0,0,small molecules with n_atoms > 15 detected
1wej_H+L-F,U:U,2,1wej,H+L,F,1,X-ray,1QBL,H+L,2,X-ray,4RSZ,C,2,X-ray,0,0,small molecules with n_atoms > 15 detected
1wej_H+L-F,U:U,3,1wej,H+L,F,1,X-ray,1QBL,H+L,2,X-ray,4RSZ,D,2,X-ray,0,0,small molecules with n_atoms > 15 detected
1wej_H+L-F,U:U,4,1wej,H+L,F,1,X-ray,1QBL,H+L,2,X-ray,4RSZ,E,2,X-ray,0,0,small molecules with n_atoms > 15 detected
1wej_H+L-F,U:U,5,1wej,H+L,F,1,X-ray,1QBL,H+L,2,X-ray,4RSZ,F,2,X-ray,0,0,small molecules with n_atoms > 15 detected
5y11_A+B-C,B:U,0,5y11,A+B,C,2,X-ray,5y11,A+B,2,X-ray,5Y10,C,2,X-ray,0,0,NA
5ovw_L-F,B:U,0,5ovw,L,F,2,X-ray,5ovw,L,2,X-ray,1N2Z,A,2,X-ray,0,0,small molecules with n_atoms > 15 detected
5ovw_L-F,B:U,1,5ovw,L,F,2,X-ray,5ovw,L,2,X-ray,1N2Z,B,2,X-ray,0,0,small molecules with n_atoms > 15 detected
6osh_H+L-K,B:U,0,6osh,H+L,K,1,X-ray,6osh,H+L,1,X-ray,6OSN,A,1,X-ray,0,8,NA
4jb9_H+L-G,B:U,0,4jb9,H+L,G,2,X-ray,4jb9,H+L,2,X-ray,3TGT,A,1,X-ray,0,0,small molecules with 7 < n_atoms <= 15 detected
4yga_D-C,B:U,0,4yga,D,C,2,X-ray,4yga,D,2,X-ray,3I7B,A,1,X-ray,0,3,small molecules with n_atoms > 15 detected
4yga_D-C,B:U,1,4yga,D,C,2,X-ray,4yga,D,2,X-ray,3HX4,A,1,X-ray,0,0,small molecules with n_atoms > 15 detected
4yga_D-C,B:U,2,4yga,D,C,2,X-ray,4yga,D,2,X-ray,4JBV,A,1,X-ray,0,3,small molecules with n_atoms > 15 detected
4yga_D-C,B:U,3,4yga,D,C,2,X-ray,4yga,D,2,X-ray,3NYV,A,1,X-ray,0,3,small molecules with n_atoms > 15 detected
4yga_D-C,B:U,4,4yga,D,C,2,X-ray,4yga,D,2,X-ray,3V51,A,1,X-ray,0,3,small molecules with n_atoms > 15 detected
5b71_B+A-E,B:U,0,5b71,B+A,E,2,X-ray,5b71,B+A,2,X-ray,3CU7,A,3,X-ray,0,0,small molecules with 7 < n_atoms <= 15 detected
5b71_B+A-E,B:U,1,5b71,B+A,E,2,X-ray,5b71,B+A,2,X-ray,3CU7,B,3,X-ray,0,0,small molecules with 7 < n_atoms <= 15 detected
2uzi_H+L-R,B:U,0,2uzi,H+L,R,2,X-ray,2uzi,H+L,2,X-ray,3OIV,A,1,X-ray,0,0,small molecules with n_atoms > 15 detected
2uzi_H+L-R,B:U,1,2uzi,H+L,R,2,X-ray,2uzi,H+L,2,X-ray,4EFM,A,1,X-ray,0,0,small molecules with n_atoms > 15 detected
2uzi_H+L-R,B:U,2,2uzi,H+L,R,2,X-ray,2uzi,H+L,2,X-ray,1RVD,A,1,X-ray,0,0,small molecules with n_atoms > 15 detected
2uzi_H+L-R,B:U,3,2uzi,H+L,R,2,X-ray,2uzi,H+L,2,X-ray,3OIW,A,1,X-ray,0,0,small molecules with n_atoms > 15 detected
5bk1_C+D-B,B:U,0,5bk1,C+D,B,2,X-ray,5bk1,C+D,2,X-ray,5B3Y,A,1,X-ray,0,0,NA
5bk1_C+D-B,B:U,1,5bk1,C+D,B,2,X-ray,5bk1,C+D,2,X-ray,6ZHO,A,1,X-ray,0,0,small molecules with n_atoms > 15 detected
5bk1_C+D-B,B:U,2,5bk1,C+D,B,2,X-ray,5bk1,C+D,2,X-ray,6ZIS,A,1,X-ray,0,0,small molecules with n_atoms > 15 detected
5bk1_C+D-B,B:U,3,5bk1,C+D,B,2,X-ray,5bk1,C+D,2,X-ray,5ZCA,A,1,X-ray,0,5,small molecules with 7 < n_atoms <= 15 detected
5bk1_C+D-B,B:U,4,5bk1,C+D,B,2,X-ray,5bk1,C+D,2,X-ray,7MQ7,A,1,X-ray,0,0,NA
3i50_H+L-E,B:U,0,3i50,H+L,E,3,X-ray,3i50,H+L,3,X-ray,2I69,A,3,X-ray,0,0,NA
3i50_H+L-E,B:U,1,3i50,H+L,E,3,X-ray,3i50,H+L,3,X-ray,2HG0,A,3,X-ray,0,0,NA
6rpj_H-G,B:U,0,6rpj,H,G,3,X-ray,6rpj,H,3,X-ray,1AH1,A,100,UNKNOWN,0,0,NA
4eig_B-A,B:U,0,4eig,B,A,2,X-ray,4eig,B,2,X-ray,7LVC,A,1,X-ray,0,0,small molecules with n_atoms > 15 detected
4eig_B-A,B:U,1,4eig,B,A,2,X-ray,4eig,B,2,X-ray,4PSS,A,0,X-ray,0,0,small molecules with n_atoms > 15 detected
4eig_B-A,B:U,2,4eig,B,A,2,X-ray,4eig,B,2,X-ray,4PSY,A,0,X-ray,0,0,small molecules with n_atoms > 15 detected
4eig_B-A,B:U,3,4eig,B,A,2,X-ray,4eig,B,2,X-ray,7D6G,A,1,Multiple methods,0,0,small molecules with n_atoms > 15 detected
4eig_B-A,B:U,4,4eig,B,A,2,X-ray,4eig,B,2,X-ray,4PTH,A,0,X-ray,0,0,small molecules with n_atoms > 15 detected
6gjs_B-A,B:U,0,6gjs,B,A,1,X-ray,6gjs,B,1,X-ray,5TFI,A,1,X-ray,0,0,small molecules with n_atoms > 15 detected
6gjs_B-A,B:U,1,6gjs,B,A,1,X-ray,6gjs,B,1,X-ray,5TFF,A,1,X-ray,0,0,small molecules with n_atoms > 15 detected
6gjs_B-A,B:U,2,6gjs,B,A,1,X-ray,6gjs,B,1,X-ray,5TF7,A,1,X-ray,0,0,small molecules with n_atoms > 15 detected
6gjs_B-A,B:U,3,6gjs,B,A,1,X-ray,6gjs,B,1,X-ray,5TFG,A,1,X-ray,0,0,small molecules with n_atoms > 15 detected
6gjs_B-A,B:U,4,6gjs,B,A,1,X-ray,6gjs,B,1,X-ray,5TFB,A,1,X-ray,0,0,small molecules with n_atoms > 15 detected
6her_B-A,B:U,0,6her,B,A,1,X-ray,6her,B,1,X-ray,1AG2,A,100,UNKNOWN,0,0,NA
6c9w_B-A,B:U,0,6c9w,B,A,3,X-ray,6c9w,B,3,X-ray,4ZYR,A,3,X-ray,0,0,small molecules with n_atoms > 15 detected
6c9w_B-A,B:U,1,6c9w,B,A,3,X-ray,6c9w,B,3,X-ray,4ZYR,B,3,X-ray,0,0,small molecules with n_atoms > 15 detected
5utz_B+C-A,B:U,0,5utz,B+C,A,2,X-ray,5utz,B+C,2,X-ray,1PY2,A,2,X-ray,0,0,small molecules with n_atoms > 15 detected
5utz_B+C-A,B:U,1,5utz,B+C,A,2,X-ray,5utz,B+C,2,X-ray,1PY2,B,2,X-ray,0,0,small molecules with n_atoms > 15 detected
5utz_B+C-A,B:U,2,5utz,B+C,A,2,X-ray,5utz,B+C,2,X-ray,1PY2,C,2,X-ray,0,0,small molecules with n_atoms > 15 detected
5utz_B+C-A,B:U,3,5utz,B+C,A,2,X-ray,5utz,B+C,2,X-ray,1PY2,D,2,X-ray,0,0,small molecules with n_atoms > 15 detected
5utz_B+C-A,B:U,4,5utz,B+C,A,2,X-ray,5utz,B+C,2,X-ray,1PY2,C,2,X-ray,0,0,small molecules with n_atoms > 15 detected
5utz_B+C-A,B:U,5,5utz,B+C,A,2,X-ray,5utz,B+C,2,X-ray,1PY2,B,2,X-ray,0,0,small molecules with n_atoms > 15 detected
5utz_B+C-A,B:U,6,5utz,B+C,A,2,X-ray,5utz,B+C,2,X-ray,1PW6,A,2,X-ray,0,0,small molecules with n_atoms > 15 detected
5utz_B+C-A,B:U,7,5utz,B+C,A,2,X-ray,5utz,B+C,2,X-ray,1PW6,B,2,X-ray,0,0,small molecules with n_atoms > 15 detected
5utz_B+C-A,B:U,8,5utz,B+C,A,2,X-ray,5utz,B+C,2,X-ray,1M49,A,2,X-ray,0,0,small molecules with n_atoms > 15 detected
5utz_B+C-A,B:U,9,5utz,B+C,A,2,X-ray,5utz,B+C,2,X-ray,1M49,B,2,X-ray,0,0,small molecules with n_atoms > 15 detected
5utz_B+C-A,B:U,10,5utz,B+C,A,2,X-ray,5utz,B+C,2,X-ray,1M47,A,1,X-ray,0,0,NA
5utz_B+C-A,B:U,11,5utz,B+C,A,2,X-ray,5utz,B+C,2,X-ray,1M48,A,1,X-ray,0,0,small molecules with n_atoms > 15 detected
5utz_B+C-A,B:U,12,5utz,B+C,A,2,X-ray,5utz,B+C,2,X-ray,1M48,B,1,X-ray,0,0,small molecules with n_atoms > 15 detected
2r0k_H+L-A,B:U,0,2r0k,H+L,A,3,X-ray,2r0k,H+L,3,X-ray,1YBW,A,2,X-ray,0,0,small molecules with 7 < n_atoms <= 15 detected
2r0k_H+L-A,B:U,1,2r0k,H+L,A,3,X-ray,2r0k,H+L,3,X-ray,1YBW,B,2,X-ray,0,0,small molecules with 7 < n_atoms <= 15 detected
4hf5_H+L-A,B:U,0,4hf5,H+L,A,3,X-ray,4hf5,H+L,3,X-ray,3QQI,A,1,X-ray,0,0,small molecules with 7 < n_atoms <= 15 detected
4hf5_H+L-A,B:U,1,4hf5,H+L,A,3,X-ray,4hf5,H+L,3,X-ray,3QQI,B,1,X-ray,0,0,small molecules with 7 < n_atoms <= 15 detected
5d71_H+L-A,B:U,0,5d71,H+L,A,2,X-ray,5d71,H+L,2,X-ray,2GMF,A,2,X-ray,0,0,NA
5d71_H+L-A,B:U,1,5d71,H+L,A,2,X-ray,5d71,H+L,2,X-ray,2GMF,B,2,X-ray,0,0,NA
4zpt_A+B-R,B:U,0,4zpt,A+B,R,2,X-ray,4zpt,A+B,2,X-ray,4ZPW,R,3,X-ray,0,0,small molecules with 7 < n_atoms <= 15 detected
4zpt_A+B-R,B:U,1,4zpt,A+B,R,2,X-ray,4zpt,A+B,2,X-ray,4ZPW,S,3,X-ray,0,0,small molecules with 7 < n_atoms <= 15 detected
6woz_B+C-A,B:U,0,6woz,B+C,A,2,X-ray,6woz,B+C,2,X-ray,5W53,A,1,X-ray,0,0,NA
6woz_B+C-A,B:U,1,6woz,B+C,A,2,X-ray,6woz,B+C,2,X-ray,5W53,B,1,X-ray,0,0,NA
6al0_H+L-A,U:U,0,6al0,H+L,A,2,X-ray,4YNY,A+B,1,X-ray,6AKQ,A,1,X-ray,0,0,NA
6al0_H+L-A,U:U,1,6al0,H+L,A,2,X-ray,4YNY,C+D,1,X-ray,6AKQ,A,1,X-ray,0,0,NA
7cz0_H-D,B:U,0,7cz0,H,D,2,X-ray,7cz0,H,2,X-ray,6WZN,A,2,X-ray,0,0,NA
7cz0_H-D,B:U,1,7cz0,H,D,2,X-ray,7cz0,H,2,X-ray,4TZA,C,1,X-ray,0,0,NA
7cz0_H-D,B:U,2,7cz0,H,D,2,X-ray,7cz0,H,2,X-ray,4TZA,A,1,X-ray,0,0,NA
7cz0_H-D,B:U,3,7cz0,H,D,2,X-ray,7cz0,H,2,X-ray,4TZA,B,1,X-ray,0,0,NA
7cz0_H-D,B:U,4,7cz0,H,D,2,X-ray,7cz0,H,2,X-ray,4TZA,D,1,X-ray,0,0,NA
6obc_B-A,B:U,0,6obc,B,A,1,X-ray,6obc,B,1,X-ray,4HUO,X,1,X-ray,0,0,small molecules with n_atoms > 15 detected
6obc_B-A,B:U,1,6obc,B,A,1,X-ray,6obc,B,1,X-ray,6URX,A,1,X-ray,0,0,small molecules with 7 < n_atoms <= 15 detected
6obc_B-A,B:U,2,6obc,B,A,1,X-ray,6obc,B,1,X-ray,4HV7,X,1,X-ray,0,0,small molecules with n_atoms > 15 detected
6obc_B-A,B:U,3,6obc,B,A,1,X-ray,6obc,B,1,X-ray,4MX5,X,1,X-ray,0,0,small molecules with n_atoms > 15 detected
6obc_B-A,B:U,4,6obc,B,A,1,X-ray,6obc,B,1,X-ray,6URY,A,1,X-ray,0,0,small molecules with n_atoms > 15 detected
6obc_B-A,B:U,5,6obc,B,A,1,X-ray,6obc,B,1,X-ray,6URY,B,1,X-ray,0,0,NA
6wzm_C+D-F,B:U,0,6wzm,C+D,F,2,X-ray,6wzm,C+D,2,X-ray,5WDZ,A,100,UNKNOWN,0,0,NA
3k2u_H+L-A,B:U,0,3k2u,H+L,A,2,X-ray,3k2u,H+L,2,X-ray,1YBW,A,2,X-ray,0,0,small molecules with 7 < n_atoms <= 15 detected
3k2u_H+L-A,B:U,1,3k2u,H+L,A,2,X-ray,3k2u,H+L,2,X-ray,1YBW,B,2,X-ray,0,0,small molecules with 7 < n_atoms <= 15 detected
3a67_H+L-Y,B:U,0,3a67,H+L,Y,1,X-ray,3a67,H+L,1,X-ray,7BYP,A,1,X-ray,0,0,NA
3a67_H+L-Y,B:U,1,3a67,H+L,Y,1,X-ray,3a67,H+L,1,X-ray,7CDO,A,1,X-ray,0,0,NA
3a67_H+L-Y,B:U,2,3a67,H+L,Y,1,X-ray,3a67,H+L,1,X-ray,7CDM,A,1,X-ray,0,0,NA
6bpe_B+C-A,B:U,0,6bpe,B+C,A,3,X-ray,6bpe,B+C,3,X-ray,5W53,A,1,X-ray,0,0,NA
6bpe_B+C-A,B:U,1,6bpe,B+C,A,3,X-ray,6bpe,B+C,3,X-ray,5W53,B,1,X-ray,0,0,NA
2p4a_B-A,B:U,0,2p4a,B,A,1,X-ray,2p4a,B,1,X-ray,8RAT,A,1,X-ray,0,0,NA
2p4a_B-A,B:U,1,2p4a,B,A,1,X-ray,2p4a,B,1,X-ray,6ETL,A,0,X-ray,0,0,NA
2p4a_B-A,B:U,2,2p4a,B,A,1,X-ray,2p4a,B,1,X-ray,6ETM,A,0,X-ray,0,0,NA
2p4a_B-A,B:U,3,2p4a,B,A,1,X-ray,2p4a,B,1,X-ray,7RSA,A,1,X-ray,0,0,small molecules with 7 < n_atoms <= 15 detected
2p4a_B-A,B:U,4,2p4a,B,A,1,X-ray,2p4a,B,1,X-ray,6ETK,A,0,X-ray,0,0,NA
6rpj_F-E,B:U,0,6rpj,F,E,3,X-ray,6rpj,F,3,X-ray,1AH1,A,100,UNKNOWN,0,0,NA
4n1e_G-L,B:U,0,4n1e,G,L,2,X-ray,4n1e,G,2,X-ray,7BYP,A,1,X-ray,0,0,NA
4n1e_G-L,B:U,1,4n1e,G,L,2,X-ray,4n1e,G,2,X-ray,7CDO,A,1,X-ray,0,0,NA
4n1e_G-L,B:U,2,4n1e,G,L,2,X-ray,4n1e,G,2,X-ray,7CDM,A,1,X-ray,0,0,NA
6vmk_f+e-g,B:U,0,6vmk,f+e,g,3,X-ray,6vmk,f+e,3,X-ray,6FTY,A,1,X-ray,0,0,small molecules with n_atoms > 15 detected
6vmk_f+e-g,B:U,1,6vmk,f+e,g,3,X-ray,6vmk,f+e,3,X-ray,6FUT,A,1,X-ray,0,0,small molecules with n_atoms > 15 detected
6vmk_f+e-g,B:U,2,6vmk,f+e,g,3,X-ray,6vmk,f+e,3,X-ray,6FUI,A,1,X-ray,0,0,small molecules with n_atoms > 15 detected
6vmk_f+e-g,B:U,3,6vmk,f+e,g,3,X-ray,6vmk,f+e,3,X-ray,6QMT,A,1,X-ray,0,0,small molecules with n_atoms > 15 detected
6vmk_f+e-g,B:U,4,6vmk,f+e,g,3,X-ray,6vmk,f+e,3,X-ray,6QMT,B,1,X-ray,0,0,small molecules with n_atoms > 15 detected
6vmk_f+e-g,B:U,5,6vmk,f+e,g,3,X-ray,6vmk,f+e,3,X-ray,6FUH,A,1,X-ray,0,0,small molecules with n_atoms > 15 detected
6bpa_B+C-A,B:U,0,6bpa,B+C,A,2,X-ray,6bpa,B+C,2,X-ray,5W53,A,1,X-ray,0,0,NA
6bpa_B+C-A,B:U,1,6bpa,B+C,A,2,X-ray,6bpa,B+C,2,X-ray,5W53,B,1,X-ray,0,0,NA
3zkx_B-A,B:U,0,3zkx,B,A,2,X-ray,3zkx,B,2,X-ray,3ZKI,A,2,X-ray,0,0,small molecules with n_atoms > 15 detected
3zkx_B-A,B:U,1,3zkx,B,A,2,X-ray,3zkx,B,2,X-ray,3ZKI,B,2,X-ray,0,0,small molecules with n_atoms > 15 detected
3zkx_B-A,B:U,2,3zkx,B,A,2,X-ray,3zkx,B,2,X-ray,3ZKG,A,1,X-ray,0,0,small molecules with n_atoms > 15 detected
3zkx_B-A,B:U,3,3zkx,B,A,2,X-ray,3zkx,B,2,X-ray,3ZKG,B,1,X-ray,0,0,NA
3zkx_B-A,B:U,4,3zkx,B,A,2,X-ray,3zkx,B,2,X-ray,6UJ1,A,3,X-ray,0,0,small molecules with n_atoms > 15 detected
3zkx_B-A,B:U,5,3zkx,B,A,2,X-ray,3zkx,B,2,X-ray,6UJ1,B,3,X-ray,0,0,small molecules with n_atoms > 15 detected
5e94_B+A-G,B:U,0,5e94,B+A,G,2,X-ray,5e94,B+A,2,X-ray,7LCK,R,3,EM,0,0,small molecules with n_atoms > 15 detected
5e94_B+A-G,B:U,1,5e94,B+A,G,2,X-ray,5e94,B+A,2,X-ray,7LCJ,R,2,EM,0,0,small molecules with n_atoms > 15 detected
6ye3_G+H-I,B:U,0,6ye3,G+H,I,2,X-ray,6ye3,G+H,2,X-ray,1PY2,A,2,X-ray,0,0,small molecules with n_atoms > 15 detected
6ye3_G+H-I,B:U,1,6ye3,G+H,I,2,X-ray,6ye3,G+H,2,X-ray,1PY2,B,2,X-ray,0,0,small molecules with n_atoms > 15 detected
6ye3_G+H-I,B:U,2,6ye3,G+H,I,2,X-ray,6ye3,G+H,2,X-ray,1PY2,C,2,X-ray,0,0,small molecules with n_atoms > 15 detected
6ye3_G+H-I,B:U,3,6ye3,G+H,I,2,X-ray,6ye3,G+H,2,X-ray,1PY2,D,2,X-ray,0,0,small molecules with n_atoms > 15 detected
6ye3_G+H-I,B:U,4,6ye3,G+H,I,2,X-ray,6ye3,G+H,2,X-ray,1PY2,C,2,X-ray,0,0,small molecules with n_atoms > 15 detected
6ye3_G+H-I,B:U,5,6ye3,G+H,I,2,X-ray,6ye3,G+H,2,X-ray,1PY2,B,2,X-ray,0,0,small molecules with n_atoms > 15 detected
6ye3_G+H-I,B:U,6,6ye3,G+H,I,2,X-ray,6ye3,G+H,2,X-ray,1PW6,A,2,X-ray,0,0,small molecules with n_atoms > 15 detected
6ye3_G+H-I,B:U,7,6ye3,G+H,I,2,X-ray,6ye3,G+H,2,X-ray,1PW6,B,2,X-ray,0,0,small molecules with n_atoms > 15 detected
6ye3_G+H-I,B:U,8,6ye3,G+H,I,2,X-ray,6ye3,G+H,2,X-ray,1M49,A,2,X-ray,0,0,small molecules with n_atoms > 15 detected
6ye3_G+H-I,B:U,9,6ye3,G+H,I,2,X-ray,6ye3,G+H,2,X-ray,1M49,B,2,X-ray,0,0,small molecules with n_atoms > 15 detected
6ye3_G+H-I,B:U,10,6ye3,G+H,I,2,X-ray,6ye3,G+H,2,X-ray,1M47,A,1,X-ray,0,0,NA
6ye3_G+H-I,B:U,11,6ye3,G+H,I,2,X-ray,6ye3,G+H,2,X-ray,1M48,A,1,X-ray,0,0,small molecules with n_atoms > 15 detected
6ye3_G+H-I,B:U,12,6ye3,G+H,I,2,X-ray,6ye3,G+H,2,X-ray,1M48,B,1,X-ray,0,0,small molecules with n_atoms > 15 detected
4q6i_E+D-J,B:U,0,4q6i,E+D,J,3,X-ray,4q6i,E+D,3,X-ray,1WIO,A,3,X-ray,0,0,NA
4q6i_E+D-J,B:U,1,4q6i,E+D,J,3,X-ray,4q6i,E+D,3,X-ray,1WIO,B,3,X-ray,0,0,NA
4q6i_E+D-J,B:U,2,4q6i,E+D,J,3,X-ray,4q6i,E+D,3,X-ray,1CDJ,A,2,X-ray,0,0,NA
4q6i_E+D-J,B:U,3,4q6i,E+D,J,3,X-ray,4q6i,E+D,3,X-ray,1WIP,A,4,X-ray,0,0,NA
4q6i_E+D-J,B:U,4,4q6i,E+D,J,3,X-ray,4q6i,E+D,3,X-ray,1WIP,B,4,X-ray,0,0,NA
4w6w_B-A,B:U,0,4w6w,B,A,2,X-ray,4w6w,B,2,X-ray,4B4Q,A,2,X-ray,0,0,NA
4w6w_B-A,B:U,1,4w6w,B,A,2,X-ray,4w6w,B,2,X-ray,4B4Q,B,2,X-ray,0,0,NA
4w6w_B-A,B:U,2,4w6w,B,A,2,X-ray,4w6w,B,2,X-ray,4B4R,A,1,X-ray,0,0,NA
4w6w_B-A,B:U,3,4w6w,B,A,2,X-ray,4w6w,B,2,X-ray,4B4R,B,1,X-ray,0,0,NA
5vjo_C+D-F,B:U,0,5vjo,C+D,F,2,X-ray,5vjo,C+D,2,X-ray,5V8G,A,1,X-ray,0,0,NA
5w5x_H+L-A,B:U,0,5w5x,H+L,A,2,X-ray,5w5x,H+L,2,X-ray,5W60,A,1,X-ray,0,0,NA
5w5x_H+L-A,B:U,1,5w5x,H+L,A,2,X-ray,5w5x,H+L,2,X-ray,5W61,A,2,X-ray,0,0,NA
3g6d_H+L-A,U:U,0,3g6d,H+L,A,3,X-ray,3G6A,H+L,2,X-ray,1GA3,A,100,UNKNOWN,0,0,NA
3g6d_H+L-A,U:U,1,3g6d,H+L,A,3,X-ray,3G6A,B+A,2,X-ray,1GA3,A,100,UNKNOWN,0,0,NA
4ej1_C-B,B:U,0,4ej1,C,B,1,X-ray,4ej1,C,1,X-ray,7LVC,A,1,X-ray,0,0,small molecules with n_atoms > 15 detected
4ej1_C-B,B:U,1,4ej1,C,B,1,X-ray,4ej1,C,1,X-ray,4PSS,A,0,X-ray,0,0,small molecules with n_atoms > 15 detected
4ej1_C-B,B:U,2,4ej1,C,B,1,X-ray,4ej1,C,1,X-ray,4PSY,A,0,X-ray,0,0,small molecules with n_atoms > 15 detected
4ej1_C-B,B:U,3,4ej1,C,B,1,X-ray,4ej1,C,1,X-ray,7D6G,A,1,Multiple methods,0,0,small molecules with n_atoms > 15 detected
4ej1_C-B,B:U,4,4ej1,C,B,1,X-ray,4ej1,C,1,X-ray,4PTH,A,0,X-ray,0,0,small molecules with n_atoms > 15 detected
4grw_G-B,B:U,0,4grw,G,B,2,X-ray,4grw,G,2,X-ray,1F42,A,2,X-ray,0,0,small molecules with 7 < n_atoms <= 15 detected
5lqb_H+L-A,B:U,0,5lqb,H+L,A,1,X-ray,5lqb,H+L,1,X-ray,4NEJ,A,1,X-ray,0,0,small molecules with 7 < n_atoms <= 15 detected
5lqb_H+L-A,B:U,1,5lqb,H+L,A,1,X-ray,5lqb,H+L,1,X-ray,4NEM,A,1,X-ray,0,0,small molecules with n_atoms > 15 detected
7ahu_H+L-C+D,B:U,0,7ahu,H+L,C+D,2,X-ray,7ahu,H+L,2,X-ray,4Y71,A+B,1,X-ray,0,0,small molecules with n_atoms > 15 detected
7ahu_H+L-C+D,B:U,1,7ahu,H+L,C+D,2,X-ray,7ahu,H+L,2,X-ray,4ZH8,A+B,1,X-ray,0,0,small molecules with n_atoms > 15 detected
7ahu_H+L-C+D,B:U,2,7ahu,H+L,C+D,2,X-ray,7ahu,H+L,2,X-ray,4Y7A,A+B,1,X-ray,0,0,small molecules with n_atoms > 15 detected
7ahu_H+L-C+D,B:U,3,7ahu,H+L,C+D,2,X-ray,7ahu,H+L,2,X-ray,4Y6D,A+B,1,X-ray,0,0,small molecules with n_atoms > 15 detected
7ahu_H+L-C+D,B:U,4,7ahu,H+L,C+D,2,X-ray,7ahu,H+L,2,X-ray,4ZHA,A+B,1,X-ray,0,0,small molecules with n_atoms > 15 detected
5f1o_B-A,B:U,0,5f1o,B,A,2,X-ray,5f1o,B,2,X-ray,4F46,A,1,X-ray,0,0,small molecules with n_atoms > 15 detected
5f1o_B-A,B:U,1,5f1o,B,A,2,X-ray,5f1o,B,2,X-ray,4F46,B,1,X-ray,0,0,small molecules with n_atoms > 15 detected
5f1o_B-A,B:U,2,5f1o,B,A,2,X-ray,5f1o,B,2,X-ray,3I9M,A,1,X-ray,0,0,small molecules with n_atoms > 15 detected
5f1o_B-A,B:U,3,5f1o,B,A,2,X-ray,5f1o,B,2,X-ray,3I9M,B,1,X-ray,0,0,small molecules with n_atoms > 15 detected
5f1o_B-A,B:U,4,5f1o,B,A,2,X-ray,5f1o,B,2,X-ray,3U4H,A,1,X-ray,0,0,small molecules with n_atoms > 15 detected
5f1o_B-A,B:U,5,5f1o,B,A,2,X-ray,5f1o,B,2,X-ray,3U4H,B,1,X-ray,0,0,small molecules with n_atoms > 15 detected
5f1o_B-A,B:U,6,5f1o,B,A,2,X-ray,5f1o,B,2,X-ray,3DZG,A,1,X-ray,0,0,small molecules with 7 < n_atoms <= 15 detected
5f1o_B-A,B:U,7,5f1o,B,A,2,X-ray,5f1o,B,2,X-ray,3DZG,B,1,X-ray,0,0,small molecules with 7 < n_atoms <= 15 detected
5f1o_B-A,B:U,8,5f1o,B,A,2,X-ray,5f1o,B,2,X-ray,3DZK,A,1,X-ray,0,0,small molecules with n_atoms > 15 detected
5f1o_B-A,B:U,9,5f1o,B,A,2,X-ray,5f1o,B,2,X-ray,3DZK,B,1,X-ray,0,0,small molecules with n_atoms > 15 detected
4n1e_H-L,B:U,0,4n1e,H,L,2,X-ray,4n1e,H,2,X-ray,7BYP,A,1,X-ray,0,0,NA
4n1e_H-L,B:U,1,4n1e,H,L,2,X-ray,4n1e,H,2,X-ray,7CDO,A,1,X-ray,0,0,NA
4n1e_H-L,B:U,2,4n1e,H,L,2,X-ray,4n1e,H,2,X-ray,7CDM,A,1,X-ray,0,0,NA
3pgf_H+L-A,B:U,0,3pgf,H+L,A,2,X-ray,3pgf,H+L,2,X-ray,5B3Y,A,1,X-ray,0,0,NA
3pgf_H+L-A,B:U,1,3pgf,H+L,A,2,X-ray,3pgf,H+L,2,X-ray,4PE2,A,1,X-ray,0,0,NA
3pgf_H+L-A,B:U,2,3pgf,H+L,A,2,X-ray,3pgf,H+L,2,X-ray,6ZHO,A,1,X-ray,0,0,small molecules with n_atoms > 15 detected
3pgf_H+L-A,B:U,3,3pgf,H+L,A,2,X-ray,3pgf,H+L,2,X-ray,6ZIS,A,1,X-ray,0,0,small molecules with n_atoms > 15 detected
3pgf_H+L-A,B:U,4,3pgf,H+L,A,2,X-ray,3pgf,H+L,2,X-ray,5ZCA,A,1,X-ray,0,5,small molecules with 7 < n_atoms <= 15 detected
6war_P-O,B:U,0,6war,P,O,3,X-ray,6war,P,3,X-ray,4ZPW,R,3,X-ray,0,0,small molecules with 7 < n_atoms <= 15 detected
6war_P-O,B:U,1,6war,P,O,3,X-ray,6war,P,3,X-ray,4ZPW,S,3,X-ray,0,0,small molecules with 7 < n_atoms <= 15 detected
5lhp_B-A,B:U,0,5lhp,B,A,2,X-ray,5lhp,B,2,X-ray,5LHS,B,3,X-ray,0,0,NA
5lhp_B-A,B:U,1,5lhp,B,A,2,X-ray,5lhp,B,2,X-ray,5LHS,A,3,X-ray,0,0,NA
5lhp_B-A,B:U,2,5lhp,B,A,2,X-ray,5lhp,B,2,X-ray,5LHS,C,3,X-ray,0,0,NA
5lhp_B-A,B:U,3,5lhp,B,A,2,X-ray,5lhp,B,2,X-ray,5LHS,D,3,X-ray,0,0,NA
6war_B-A,B:U,0,6war,B,A,3,X-ray,6war,B,3,X-ray,4ZPW,R,3,X-ray,0,0,small molecules with 7 < n_atoms <= 15 detected
6war_B-A,B:U,1,6war,B,A,3,X-ray,6war,B,3,X-ray,4ZPW,S,3,X-ray,0,0,small molecules with 7 < n_atoms <= 15 detected
5vlp_H+L-A,B:U,1,5vlp,H+L,A,2,X-ray,5vlp,H+L,2,X-ray,2P4E,A,1,X-ray,0,0,NA
5vlp_H+L-A,B:U,3,5vlp,H+L,A,2,X-ray,5vlp,H+L,2,X-ray,6U26,B,1,X-ray,0,0,small molecules with n_atoms > 15 detected
3t2n_I+M-B,B:U,0,3t2n,I+M,B,2,X-ray,3t2n,I+M,2,X-ray,5CE1,A,2,X-ray,0,0,small molecules with n_atoms > 15 detected
6wno_E+F-D,B:U,0,6wno,E+F,D,3,X-ray,6wno,E+F,3,X-ray,5W53,A,1,X-ray,0,0,NA
6wno_E+F-D,B:U,1,6wno,E+F,D,3,X-ray,6wno,E+F,3,X-ray,5W53,B,1,X-ray,0,0,NA
5l0q_F+E-D,B:U,0,5l0q,F+E,D,2,X-ray,5l0q,F+E,2,X-ray,2AO7,A,2,X-ray,0,0,small molecules with 7 < n_atoms <= 15 detected
1xgt_B+A-C,B:U,0,1xgt,B+A,C,2,X-ray,1xgt,B+A,2,X-ray,7BYP,A,1,X-ray,0,0,NA
1xgt_B+A-C,B:U,1,1xgt,B+A,C,2,X-ray,1xgt,B+A,2,X-ray,7CDO,A,1,X-ray,0,0,NA
1xgt_B+A-C,B:U,2,1xgt,B+A,C,2,X-ray,1xgt,B+A,2,X-ray,7CDM,A,1,X-ray,0,0,NA
5wk3_S+R-B,U:U,0,5wk3,S+R,B,1,X-ray,5WK2,H+L,1,X-ray,1NR2,A,2,X-ray,0,1,small molecules with 7 < n_atoms <= 15 detected
5wk3_S+R-B,U:U,1,5wk3,S+R,B,1,X-ray,5WK2,H+L,1,X-ray,1NR2,B,2,X-ray,0,1,small molecules with 7 < n_atoms <= 15 detected
3ngb_E+F-D,B:U,0,3ngb,E+F,D,2,X-ray,3ngb,E+F,2,X-ray,3TGT,A,1,X-ray,0,0,small molecules with 7 < n_atoms <= 15 detected
4rgm_H+L-S,B:U,0,4rgm,H+L,S,2,X-ray,4rgm,H+L,2,X-ray,3SEB,A,1,X-ray,0,0,NA
4rgm_H+L-S,B:U,1,4rgm,H+L,S,2,X-ray,4rgm,H+L,2,X-ray,1SE3,A,2,X-ray,0,0,NA
4rgm_H+L-S,B:U,2,4rgm,H+L,S,2,X-ray,4rgm,H+L,2,X-ray,1SE4,A,1,X-ray,0,0,NA
2p46_D-C,B:U,0,2p46,D,C,2,X-ray,2p46,D,2,X-ray,8RAT,A,1,X-ray,0,0,NA
2p46_D-C,B:U,1,2p46,D,C,2,X-ray,2p46,D,2,X-ray,6ETL,A,0,X-ray,0,0,NA
2p46_D-C,B:U,2,2p46,D,C,2,X-ray,2p46,D,2,X-ray,6ETM,A,0,X-ray,0,0,NA
2p46_D-C,B:U,3,2p46,D,C,2,X-ray,2p46,D,2,X-ray,7RSA,A,1,X-ray,0,0,small molecules with 7 < n_atoms <= 15 detected
2p46_D-C,B:U,4,2p46,D,C,2,X-ray,2p46,D,2,X-ray,6ETK,A,0,X-ray,0,0,NA
6fyu_F-E+D,B:U,0,6fyu,F,E+D,2,X-ray,6fyu,F,2,X-ray,4LN8,B+A,2,X-ray,0,0,small molecules with 7 < n_atoms <= 15 detected
6fyu_F-E+D,B:U,1,6fyu,F,E+D,2,X-ray,6fyu,F,2,X-ray,4LN8,D+C,2,X-ray,0,0,small molecules with 7 < n_atoms <= 15 detected
6fyu_F-E+D,B:U,2,6fyu,F,E+D,2,X-ray,6fyu,F,2,X-ray,4LN8,F+E,2,X-ray,0,0,small molecules with 7 < n_atoms <= 15 detected
6fyu_F-E+D,B:U,3,6fyu,F,E+D,2,X-ray,6fyu,F,2,X-ray,4LN8,H+G,2,X-ray,0,0,small molecules with 7 < n_atoms <= 15 detected
6fyu_F-E+D,B:U,4,6fyu,F,E+D,2,X-ray,6fyu,F,2,X-ray,4LN8,J+I,2,X-ray,0,0,small molecules with 7 < n_atoms <= 15 detected
6fyu_F-E+D,B:U,5,6fyu,F,E+D,2,X-ray,6fyu,F,2,X-ray,4LN8,L+K,2,X-ray,0,0,small molecules with 7 < n_atoms <= 15 detected
6fyu_F-E+D,B:U,6,6fyu,F,E+D,2,X-ray,6fyu,F,2,X-ray,4LN6,B+A,2,X-ray,0,0,small molecules with 7 < n_atoms <= 15 detected
6fyu_F-E+D,B:U,7,6fyu,F,E+D,2,X-ray,6fyu,F,2,X-ray,4LN6,D+C,2,X-ray,0,0,small molecules with 7 < n_atoms <= 15 detected
6fyu_F-E+D,B:U,8,6fyu,F,E+D,2,X-ray,6fyu,F,2,X-ray,4LN6,F+E,2,X-ray,0,0,small molecules with 7 < n_atoms <= 15 detected
6fyu_F-E+D,B:U,9,6fyu,F,E+D,2,X-ray,6fyu,F,2,X-ray,4LN6,H+G,2,X-ray,0,0,small molecules with 7 < n_atoms <= 15 detected
6fyu_F-E+D,B:U,10,6fyu,F,E+D,2,X-ray,6fyu,F,2,X-ray,4LN6,J+I,2,X-ray,0,0,small molecules with 7 < n_atoms <= 15 detected
6fyu_F-E+D,B:U,11,6fyu,F,E+D,2,X-ray,6fyu,F,2,X-ray,4LN6,L+K,2,X-ray,0,0,small molecules with 7 < n_atoms <= 15 detected
6wqo_B+C-A,B:U,0,6wqo,B+C,A,3,X-ray,6wqo,B+C,3,X-ray,5W53,A,1,X-ray,0,0,NA
6wqo_B+C-A,B:U,1,6wqo,B+C,A,3,X-ray,6wqo,B+C,3,X-ray,5W53,B,1,X-ray,0,0,NA
5c0n_H+L-A,B:U,0,5c0n,H+L,A,3,X-ray,5c0n,H+L,3,X-ray,3HK1,A,1,X-ray,0,0,small molecules with n_atoms > 15 detected
5tih_H+L-A,B:U,0,5tih,H+L,A,2,X-ray,5tih,H+L,2,X-ray,5TIK,A,3,X-ray,0,0,NA
5tih_H+L-A,B:U,1,5tih,H+L,A,2,X-ray,5tih,H+L,2,X-ray,5TIK,B,3,X-ray,0,0,NA
5tih_H+L-A,B:U,2,5tih,H+L,A,2,X-ray,5tih,H+L,2,X-ray,5TIK,C,3,X-ray,0,0,NA
5tih_H+L-A,B:U,3,5tih,H+L,A,2,X-ray,5tih,H+L,2,X-ray,5TIK,D,3,X-ray,0,0,NA
3jab_Q+R-O,U:U,0,3jab,Q+R,O,11,EM,12E8,H+L,1,X-ray,3JWQ,A,2,X-ray,0,0,small molecules with n_atoms > 15 detected
3jab_Q+R-O,U:U,1,3jab,Q+R,O,11,EM,12E8,P+M,1,X-ray,3JWQ,A,2,X-ray,0,0,small molecules with n_atoms > 15 detected
3jab_Q+R-O,U:U,2,3jab,Q+R,O,11,EM,12E8,H+L,1,X-ray,3JWQ,B,2,X-ray,0,0,small molecules with n_atoms > 15 detected
3jab_Q+R-O,U:U,3,3jab,Q+R,O,11,EM,12E8,P+M,1,X-ray,3JWQ,B,2,X-ray,0,0,small molecules with n_atoms > 15 detected
3jab_Q+R-O,U:U,4,3jab,Q+R,O,11,EM,12E8,H+L,1,X-ray,3JWQ,C,2,X-ray,0,0,small molecules with n_atoms > 15 detected
3jab_Q+R-O,U:U,5,3jab,Q+R,O,11,EM,12E8,P+M,1,X-ray,3JWQ,C,2,X-ray,0,0,small molecules with n_atoms > 15 detected
3jab_Q+R-O,U:U,6,3jab,Q+R,O,11,EM,12E8,H+L,1,X-ray,3JWQ,D,2,X-ray,0,0,small molecules with n_atoms > 15 detected
3jab_Q+R-O,U:U,7,3jab,Q+R,O,11,EM,12E8,P+M,1,X-ray,3JWQ,D,2,X-ray,0,0,small molecules with n_atoms > 15 detected
2dqg_H+L-Y,B:U,0,2dqg,H+L,Y,2,X-ray,2dqg,H+L,2,X-ray,7BYP,A,1,X-ray,0,0,NA
2dqg_H+L-Y,B:U,1,2dqg,H+L,Y,2,X-ray,2dqg,H+L,2,X-ray,7CDO,A,1,X-ray,0,0,NA
2dqg_H+L-Y,B:U,2,2dqg,H+L,Y,2,X-ray,2dqg,H+L,2,X-ray,7CDM,A,1,X-ray,0,0,NA
4lgs_B-A,B:U,0,4lgs,B,A,2,X-ray,4lgs,B,2,X-ray,4HUO,X,1,X-ray,0,0,small molecules with n_atoms > 15 detected
4lgs_B-A,B:U,1,4lgs,B,A,2,X-ray,4lgs,B,2,X-ray,6URX,A,1,X-ray,0,0,small molecules with 7 < n_atoms <= 15 detected
4lgs_B-A,B:U,2,4lgs,B,A,2,X-ray,4lgs,B,2,X-ray,4HV7,X,1,X-ray,0,0,small molecules with n_atoms > 15 detected
4lgs_B-A,B:U,3,4lgs,B,A,2,X-ray,4lgs,B,2,X-ray,4MX5,X,1,X-ray,0,0,small molecules with n_atoms > 15 detected
4lgs_B-A,B:U,4,4lgs,B,A,2,X-ray,4lgs,B,2,X-ray,6URY,A,1,X-ray,0,0,small molecules with n_atoms > 15 detected
4lgs_B-A,B:U,5,4lgs,B,A,2,X-ray,4lgs,B,2,X-ray,6URY,B,1,X-ray,0,0,NA
5wob_M+N-C,B:U,0,5wob,M+N,C,3,X-ray,5wob,M+N,3,X-ray,4GS8,A,2,X-ray,0,0,small molecules with n_atoms > 15 detected
5wob_M+N-C,B:U,1,5wob,M+N,C,3,X-ray,5wob,M+N,3,X-ray,4GS8,B,2,X-ray,0,0,small molecules with n_atoms > 15 detected
5wob_M+N-C,B:U,2,5wob,M+N,C,3,X-ray,5wob,M+N,3,X-ray,4GSC,A,2,X-ray,0,0,small molecules with n_atoms > 15 detected
5wob_M+N-C,B:U,3,5wob,M+N,C,3,X-ray,5wob,M+N,3,X-ray,4GSC,B,2,X-ray,0,0,small molecules with n_atoms > 15 detected
5wob_M+N-C,B:U,4,5wob,M+N,C,3,X-ray,5wob,M+N,3,X-ray,4NXO,A,2,X-ray,0,0,small molecules with n_atoms > 15 detected
5wob_M+N-C,B:U,5,5wob,M+N,C,3,X-ray,5wob,M+N,3,X-ray,4NXO,B,2,X-ray,0,0,small molecules with n_atoms > 15 detected
7cz0_E-A,B:U,0,7cz0,E,A,2,X-ray,7cz0,E,2,X-ray,6WZN,A,2,X-ray,0,0,NA
7cz0_E-A,B:U,1,7cz0,E,A,2,X-ray,7cz0,E,2,X-ray,4TZA,C,1,X-ray,0,0,NA
7cz0_E-A,B:U,2,7cz0,E,A,2,X-ray,7cz0,E,2,X-ray,4TZA,A,1,X-ray,0,0,NA
7cz0_E-A,B:U,3,7cz0,E,A,2,X-ray,7cz0,E,2,X-ray,4TZA,B,1,X-ray,0,0,NA
7cz0_E-A,B:U,4,7cz0,E,A,2,X-ray,7cz0,E,2,X-ray,4TZA,D,1,X-ray,0,0,NA
2oz4_H+L-A,B:U,0,2oz4,H+L,A,2,X-ray,2oz4,H+L,2,X-ray,1P53,A,3,X-ray,0,0,small molecules with 7 < n_atoms <= 15 detected
2oz4_H+L-A,B:U,1,2oz4,H+L,A,2,X-ray,2oz4,H+L,2,X-ray,1P53,B,3,X-ray,0,0,small molecules with 7 < n_atoms <= 15 detected
5e8e_B+A-H,B:U,0,5e8e,B+A,H,1,X-ray,5e8e,B+A,1,X-ray,4NZQ,A,2,X-ray,0,0,small molecules with 7 < n_atoms <= 15 detected
5e8e_B+A-H,B:U,1,5e8e,B+A,H,1,X-ray,5e8e,B+A,1,X-ray,5EDM,A,2,X-ray,0,0,small molecules with 7 < n_atoms <= 15 detected
5e8e_B+A-H,B:U,2,5e8e,B+A,H,1,X-ray,5e8e,B+A,1,X-ray,5EDK,A,3,X-ray,0,0,small molecules with 7 < n_atoms <= 15 detected
6wtv_E+F-D,B:U,0,6wtv,E+F,D,3,X-ray,6wtv,E+F,3,X-ray,5W53,A,1,X-ray,0,0,NA
6wtv_E+F-D,B:U,1,6wtv,E+F,D,3,X-ray,6wtv,E+F,3,X-ray,5W53,B,1,X-ray,0,0,NA
5vjo_A+B-E,B:U,0,5vjo,A+B,E,2,X-ray,5vjo,A+B,2,X-ray,5V8G,A,1,X-ray,0,0,NA
6aq7_H+L-A,B:U,0,6aq7,H+L,A,1,X-ray,6aq7,H+L,1,X-ray,1AG2,A,100,UNKNOWN,0,0,small molecules with n_atoms > 15 detected
6aq7_H+L-A,B:U,1,6aq7,H+L,A,1,X-ray,6aq7,H+L,1,X-ray,2L1H,A,100,UNKNOWN,0,0,small molecules with n_atoms > 15 detected
6aq7_H+L-A,B:U,2,6aq7,H+L,A,1,X-ray,6aq7,H+L,1,X-ray,2L39,A,100,UNKNOWN,0,0,small molecules with n_atoms > 15 detected
4ki5_C+D-M,B:U,0,4ki5,C+D,M,2,X-ray,4ki5,C+D,2,X-ray,3HNY,M,1,X-ray,0,0,NA
4ki5_C+D-M,B:U,1,4ki5,C+D,M,2,X-ray,4ki5,C+D,2,X-ray,6MF2,A,3,X-ray,0,14,NA
4ki5_C+D-M,B:U,2,4ki5,C+D,M,2,X-ray,4ki5,C+D,2,X-ray,3HOB,M,2,X-ray,0,0,NA
4ki5_C+D-M,B:U,3,4ki5,C+D,M,2,X-ray,4ki5,C+D,2,X-ray,3HOB,A,2,X-ray,0,0,NA
4ki5_C+D-M,B:U,4,4ki5,C+D,M,2,X-ray,4ki5,C+D,2,X-ray,6MF0,A,3,X-ray,0,14,NA
4ki5_C+D-M,B:U,5,4ki5,C+D,M,2,X-ray,4ki5,C+D,2,X-ray,3HNB,M,1,X-ray,0,0,small molecules with n_atoms > 15 detected
5ovw_K-E,B:U,0,5ovw,K,E,2,X-ray,5ovw,K,2,X-ray,1N2Z,A,2,X-ray,0,0,small molecules with n_atoms > 15 detected
5ovw_K-E,B:U,1,5ovw,K,E,2,X-ray,5ovw,K,2,X-ray,1N2Z,B,2,X-ray,0,0,small molecules with n_atoms > 15 detected
6vmj_B+A-Z,B:U,0,6vmj,B+A,Z,2,X-ray,6vmj,B+A,2,X-ray,6FTY,A,1,X-ray,0,0,small molecules with n_atoms > 15 detected
6vmj_B+A-Z,B:U,1,6vmj,B+A,Z,2,X-ray,6vmj,B+A,2,X-ray,6FUT,A,1,X-ray,0,0,small molecules with n_atoms > 15 detected
6vmj_B+A-Z,B:U,2,6vmj,B+A,Z,2,X-ray,6vmj,B+A,2,X-ray,6FUI,A,1,X-ray,0,0,small molecules with n_atoms > 15 detected
6vmj_B+A-Z,B:U,3,6vmj,B+A,Z,2,X-ray,6vmj,B+A,2,X-ray,6QMT,A,1,X-ray,0,0,small molecules with n_atoms > 15 detected
6vmj_B+A-Z,B:U,4,6vmj,B+A,Z,2,X-ray,6vmj,B+A,2,X-ray,6QMT,B,1,X-ray,0,0,small molecules with n_atoms > 15 detected
6vmj_B+A-Z,B:U,5,6vmj,B+A,Z,2,X-ray,6vmj,B+A,2,X-ray,6FUH,A,1,X-ray,0,0,small molecules with n_atoms > 15 detected
3wih_H+L-A,U:U,0,3wih,H+L,A,1,X-ray,3WII,H+L,1,X-ray,4HLJ,A,1,X-ray,0,0,small molecules with n_atoms > 15 detected
3wih_H+L-A,U:U,1,3wih,H+L,A,1,X-ray,3WII,I+M,1,X-ray,4HLJ,A,1,X-ray,0,0,small molecules with n_atoms > 15 detected
5uea_A+B-X,B:U,0,5uea,A+B,X,1,X-ray,5uea,A+B,1,X-ray,2IDC,A,2,X-ray,0,0,NA
5uea_A+B-X,B:U,1,5uea,A+B,X,1,X-ray,5uea,A+B,1,X-ray,1WG3,A,3,X-ray,0,0,NA
5uea_A+B-X,B:U,2,5uea,A+B,X,1,X-ray,5uea,A+B,1,X-ray,1ROC,A,1,X-ray,0,0,NA
4q6i_G+F-I,B:U,0,4q6i,G+F,I,3,X-ray,4q6i,G+F,3,X-ray,1WIO,A,3,X-ray,0,0,NA
4q6i_G+F-I,B:U,1,4q6i,G+F,I,3,X-ray,4q6i,G+F,3,X-ray,1WIO,B,3,X-ray,0,0,NA
4q6i_G+F-I,B:U,2,4q6i,G+F,I,3,X-ray,4q6i,G+F,3,X-ray,1CDJ,A,2,X-ray,0,0,NA
4q6i_G+F-I,B:U,3,4q6i,G+F,I,3,X-ray,4q6i,G+F,3,X-ray,1WIP,A,4,X-ray,0,0,NA
4q6i_G+F-I,B:U,4,4q6i,G+F,I,3,X-ray,4q6i,G+F,3,X-ray,1WIP,B,4,X-ray,0,0,NA
2dqf_B+A-C,B:U,0,2dqf,B+A,C,2,X-ray,2dqf,B+A,2,X-ray,7BYP,A,1,X-ray,0,0,NA
2dqf_B+A-C,B:U,1,2dqf,B+A,C,2,X-ray,2dqf,B+A,2,X-ray,7CDO,A,1,X-ray,0,0,NA
2dqf_B+A-C,B:U,2,2dqf,B+A,C,2,X-ray,2dqf,B+A,2,X-ray,7CDM,A,1,X-ray,0,0,NA
1ahw_B+A-C,U:U,0,1ahw,B+A,C,3,X-ray,1FGN,H+L,2,X-ray,1TFH,A,2,X-ray,0,0,NA
1ahw_B+A-C,U:U,1,1ahw,B+A,C,3,X-ray,1FGN,H+L,2,X-ray,1TFH,B,2,X-ray,0,0,NA
5f9w_H+L-G,B:U,0,5f9w,H+L,G,2,X-ray,5f9w,H+L,2,X-ray,3TGT,A,1,X-ray,0,0,small molecules with 7 < n_atoms <= 15 detected
6c6y_H+L-R,U:U,0,6c6y,H+L,R,3,X-ray,6C6X,A+B,1,X-ray,4ZPW,R,3,X-ray,0,0,small molecules with 7 < n_atoms <= 15 detected
6c6y_H+L-R,U:U,1,6c6y,H+L,R,3,X-ray,6C6X,C+D,1,X-ray,4ZPW,R,3,X-ray,0,0,small molecules with 7 < n_atoms <= 15 detected
6c6y_H+L-R,U:U,2,6c6y,H+L,R,3,X-ray,6C6X,E+F,1,X-ray,4ZPW,R,3,X-ray,0,0,small molecules with 7 < n_atoms <= 15 detected
6c6y_H+L-R,U:U,3,6c6y,H+L,R,3,X-ray,6C6X,A+B,1,X-ray,4ZPW,S,3,X-ray,0,0,small molecules with 7 < n_atoms <= 15 detected
6c6y_H+L-R,U:U,4,6c6y,H+L,R,3,X-ray,6C6X,C+D,1,X-ray,4ZPW,S,3,X-ray,0,0,small molecules with 7 < n_atoms <= 15 detected
6c6y_H+L-R,U:U,5,6c6y,H+L,R,3,X-ray,6C6X,E+F,1,X-ray,4ZPW,S,3,X-ray,0,0,small molecules with 7 < n_atoms <= 15 detected
7now_C-D,B:U,0,7now,C,D,1,X-ray,7now,C,1,X-ray,7NQ6,A,1,X-ray,0,0,small molecules with n_atoms > 15 detected
5cba_C+D-F,B:U,0,5cba,C+D,F,2,X-ray,5cba,C+D,2,X-ray,6VGJ,A,2,X-ray,0,0,NA
5cba_C+D-F,B:U,1,5cba,C+D,F,2,X-ray,5cba,C+D,2,X-ray,6VGJ,B,2,X-ray,0,0,NA
5cba_C+D-F,B:U,2,5cba,C+D,F,2,X-ray,5cba,C+D,2,X-ray,6VGJ,C,2,X-ray,0,0,NA
5cba_C+D-F,B:U,3,5cba,C+D,F,2,X-ray,5cba,C+D,2,X-ray,6VGJ,D,2,X-ray,0,0,NA
5cba_C+D-F,B:U,4,5cba,C+D,F,2,X-ray,5cba,C+D,2,X-ray,6VGJ,E,2,X-ray,0,0,NA
5cba_C+D-F,B:U,5,5cba,C+D,F,2,X-ray,5cba,C+D,2,X-ray,6VGJ,F,2,X-ray,0,0,NA
5cba_C+D-F,B:U,6,5cba,C+D,F,2,X-ray,5cba,C+D,2,X-ray,6VGJ,G,2,X-ray,0,0,NA
5cba_C+D-F,B:U,7,5cba,C+D,F,2,X-ray,5cba,C+D,2,X-ray,7JNY,A,1,X-ray,0,0,NA
3ulu_F+E-A,U:U,0,3ulu,F+E,A,3,X-ray,3QPQ,H+L,1,X-ray,1ZIW,A,2,X-ray,0,4,small molecules with 7 < n_atoms <= 15 detected
3ulu_F+E-A,U:U,1,3ulu,F+E,A,3,X-ray,3QPQ,F+E,1,X-ray,1ZIW,A,2,X-ray,0,4,small molecules with 7 < n_atoms <= 15 detected
3ulu_F+E-A,U:U,2,3ulu,F+E,A,3,X-ray,3QPQ,D+C,1,X-ray,1ZIW,A,2,X-ray,0,4,small molecules with 7 < n_atoms <= 15 detected
3ulu_F+E-A,U:U,3,3ulu,F+E,A,3,X-ray,3QPQ,J+I,1,X-ray,1ZIW,A,2,X-ray,0,4,small molecules with 7 < n_atoms <= 15 detected
3ulu_F+E-A,U:U,4,3ulu,F+E,A,3,X-ray,3QPQ,H+L,1,X-ray,2A0Z,A,2,X-ray,0,0,small molecules with 7 < n_atoms <= 15 detected
3ulu_F+E-A,U:U,5,3ulu,F+E,A,3,X-ray,3QPQ,F+E,1,X-ray,2A0Z,A,2,X-ray,0,0,small molecules with 7 < n_atoms <= 15 detected
3ulu_F+E-A,U:U,6,3ulu,F+E,A,3,X-ray,3QPQ,D+C,1,X-ray,2A0Z,A,2,X-ray,0,0,small molecules with 7 < n_atoms <= 15 detected
3ulu_F+E-A,U:U,7,3ulu,F+E,A,3,X-ray,3QPQ,J+I,1,X-ray,2A0Z,A,2,X-ray,0,0,small molecules with 7 < n_atoms <= 15 detected
6ruv_R-Y+X,U:U,0,6ruv,R,Y+X,6,X-ray,6RU3,C,1,X-ray,6RV6,B+A,3,X-ray,0,0,small molecules with 7 < n_atoms <= 15 detected
6ruv_R-Y+X,U:U,1,6ruv,R,Y+X,6,X-ray,6RU3,C,1,X-ray,6SEJ,B+A,3,X-ray,0,0,small molecules with 7 < n_atoms <= 15 detected
3ulv_F+E-A,B:U,0,3ulv,F+E,A,3,X-ray,3ulv,F+E,3,X-ray,1ZIW,A,2,X-ray,0,4,small molecules with 7 < n_atoms <= 15 detected
3ulv_F+E-A,B:U,1,3ulv,F+E,A,3,X-ray,3ulv,F+E,3,X-ray,2A0Z,A,2,X-ray,0,0,small molecules with 7 < n_atoms <= 15 detected
4r2g_J+I-K,B:U,0,4r2g,J+I,K,3,X-ray,4r2g,J+I,3,X-ray,1WIO,A,3,X-ray,0,0,NA
4r2g_J+I-K,B:U,1,4r2g,J+I,K,3,X-ray,4r2g,J+I,3,X-ray,1WIO,B,3,X-ray,0,0,NA
4r2g_J+I-K,B:U,2,4r2g,J+I,K,3,X-ray,4r2g,J+I,3,X-ray,1WIQ,A,5,X-ray,0,0,NA
4r2g_J+I-K,B:U,3,4r2g,J+I,K,3,X-ray,4r2g,J+I,3,X-ray,1WIQ,B,5,X-ray,0,0,NA
4r2g_J+I-K,B:U,4,4r2g,J+I,K,3,X-ray,4r2g,J+I,3,X-ray,1WIP,A,4,X-ray,0,0,NA
4r2g_J+I-K,B:U,5,4r2g,J+I,K,3,X-ray,4r2g,J+I,3,X-ray,1WIP,B,4,X-ray,0,0,NA
1kiq_B+A-C,B:U,0,1kiq,B+A,C,1,X-ray,1kiq,B+A,1,X-ray,7BYP,A,1,X-ray,0,0,NA
1kiq_B+A-C,B:U,1,1kiq,B+A,C,1,X-ray,1kiq,B+A,1,X-ray,7CDO,A,1,X-ray,0,0,NA
1kiq_B+A-C,B:U,2,1kiq,B+A,C,1,X-ray,1kiq,B+A,1,X-ray,7CDM,A,1,X-ray,0,0,NA
6wtu_B+C-A,B:U,0,6wtu,B+C,A,2,X-ray,6wtu,B+C,2,X-ray,5W53,A,1,X-ray,0,0,NA
6wtu_B+C-A,B:U,1,6wtu,B+C,A,2,X-ray,6wtu,B+C,2,X-ray,5W53,B,1,X-ray,0,0,NA
2p4a_D-C,B:U,0,2p4a,D,C,1,X-ray,2p4a,D,1,X-ray,8RAT,A,1,X-ray,0,0,NA
2p4a_D-C,B:U,1,2p4a,D,C,1,X-ray,2p4a,D,1,X-ray,6ETL,A,0,X-ray,0,0,NA
2p4a_D-C,B:U,2,2p4a,D,C,1,X-ray,2p4a,D,1,X-ray,6ETM,A,0,X-ray,0,0,NA
2p4a_D-C,B:U,3,2p4a,D,C,1,X-ray,2p4a,D,1,X-ray,7RSA,A,1,X-ray,0,0,small molecules with 7 < n_atoms <= 15 detected
2p4a_D-C,B:U,4,2p4a,D,C,1,X-ray,2p4a,D,1,X-ray,6ETK,A,0,X-ray,0,0,NA
4rwy_H+L-A,B:U,0,4rwy,H+L,A,2,X-ray,4rwy,H+L,2,X-ray,3TGQ,A,3,X-ray,0,0,small molecules with 7 < n_atoms <= 15 detected
4rwy_H+L-A,B:U,1,4rwy,H+L,A,2,X-ray,4rwy,H+L,2,X-ray,3TGQ,B,3,X-ray,0,0,small molecules with 7 < n_atoms <= 15 detected
4rwy_H+L-A,B:U,2,4rwy,H+L,A,2,X-ray,4rwy,H+L,2,X-ray,3TGQ,C,3,X-ray,0,0,small molecules with 7 < n_atoms <= 15 detected
4rwy_H+L-A,B:U,3,4rwy,H+L,A,2,X-ray,4rwy,H+L,2,X-ray,3TGQ,D,3,X-ray,0,0,small molecules with 7 < n_atoms <= 15 detected
5vxj_H-G,B:U,0,5vxj,H,G,2,X-ray,5vxj,H,2,X-ray,3R9V,A,1,X-ray,0,0,NA
5vxj_H-G,B:U,1,5vxj,H,G,2,X-ray,5vxj,H,2,X-ray,3R9V,B,1,X-ray,0,0,small molecules with n_atoms > 15 detected
6iap_E+D-A,B:U,0,6iap,E+D,A,2,X-ray,6iap,E+D,2,X-ray,1OLL,A,1,X-ray,0,0,NA
6iap_E+D-A,B:U,1,6iap,E+D,A,2,X-ray,6iap,E+D,2,X-ray,1P6F,A,2,X-ray,0,0,NA
3l5w_H+L-I,U:U,0,3l5w,H+L,I,2,X-ray,3L7E,H+L,2,X-ray,1GA3,A,100,UNKNOWN,0,0,NA
3l5w_H+L-I,U:U,1,3l5w,H+L,I,2,X-ray,3L7E,B+A,2,X-ray,1GA3,A,100,UNKNOWN,0,0,NA
6sv2_H+L-A,B:U,0,6sv2,H+L,A,2,X-ray,6sv2,H+L,2,X-ray,5YJ4,A,100,UNKNOWN,0,0,NA
1kip_B+A-C,B:U,0,1kip,B+A,C,2,X-ray,1kip,B+A,2,X-ray,7BYP,A,1,X-ray,0,0,NA
1kip_B+A-C,B:U,1,1kip,B+A,C,2,X-ray,1kip,B+A,2,X-ray,7CDO,A,1,X-ray,0,0,NA
1kip_B+A-C,B:U,2,1kip,B+A,C,2,X-ray,1kip,B+A,2,X-ray,7CDM,A,1,X-ray,0,0,NA
4aei_J+N-C,B:U,0,4aei,J+N,C,2,X-ray,4aei,J+N,2,X-ray,1PTX,A,1,X-ray,0,0,NA
4aei_J+N-C,B:U,1,4aei,J+N,C,2,X-ray,4aei,J+N,2,X-ray,1AHO,A,0,X-ray,0,0,NA
6ui1_B-A,B:U,0,6ui1,B,A,2,X-ray,6ui1,B,2,X-ray,3V0C,A,4,X-ray,0,0,NA
4nby_C-A,B:U,0,4nby,C,A,2,X-ray,4nby,C,2,X-ray,2G7C,A,2,X-ray,0,0,NA
4nby_C-A,B:U,1,4nby,C,A,2,X-ray,4nby,C,2,X-ray,2G7C,B,2,X-ray,0,0,NA
4i77_H+L-Z,B:U,0,4i77,H+L,Z,1,X-ray,4i77,H+L,1,X-ray,1GA3,A,100,UNKNOWN,0,0,NA
5lhq_B-A,B:U,0,5lhq,B,A,2,X-ray,5lhq,B,2,X-ray,5LHS,B,3,X-ray,0,0,NA
5lhq_B-A,B:U,1,5lhq,B,A,2,X-ray,5lhq,B,2,X-ray,5LHS,A,3,X-ray,0,0,NA
5lhq_B-A,B:U,2,5lhq,B,A,2,X-ray,5lhq,B,2,X-ray,5LHS,C,3,X-ray,0,0,NA
5lhq_B-A,B:U,3,5lhq,B,A,2,X-ray,5lhq,B,2,X-ray,5LHS,D,3,X-ray,0,0,NA
1g7j_B+A-C,B:U,0,1g7j,B+A,C,1,X-ray,1g7j,B+A,1,X-ray,7BYP,A,1,X-ray,0,0,NA
1g7j_B+A-C,B:U,1,1g7j,B+A,C,1,X-ray,1g7j,B+A,1,X-ray,7CDO,A,1,X-ray,0,0,NA
1g7j_B+A-C,B:U,2,1g7j,B+A,C,1,X-ray,1g7j,B+A,1,X-ray,7CDM,A,1,X-ray,0,0,NA
2nz9_D+C-A,B:U,0,2nz9,D+C,A,3,X-ray,2nz9,D+C,3,X-ray,3BTA,A,3,X-ray,0,0,NA
5i9q_H+L-G,B:U,0,5i9q,H+L,G,3,X-ray,5i9q,H+L,3,X-ray,5FA2,A,2,X-ray,0,0,small molecules with n_atoms > 15 detected
5i9q_H+L-G,B:U,1,5i9q,H+L,G,3,X-ray,5i9q,H+L,3,X-ray,5FA2,B,2,X-ray,0,0,small molecules with 7 < n_atoms <= 15 detected
7dr4_A+B-J,B:U,0,7dr4,A+B,J,2,X-ray,7dr4,A+B,2,X-ray,1PY2,A,2,X-ray,0,0,small molecules with n_atoms > 15 detected
7dr4_A+B-J,B:U,1,7dr4,A+B,J,2,X-ray,7dr4,A+B,2,X-ray,1PY2,B,2,X-ray,0,0,small molecules with n_atoms > 15 detected
7dr4_A+B-J,B:U,2,7dr4,A+B,J,2,X-ray,7dr4,A+B,2,X-ray,1PY2,C,2,X-ray,0,0,small molecules with n_atoms > 15 detected
7dr4_A+B-J,B:U,3,7dr4,A+B,J,2,X-ray,7dr4,A+B,2,X-ray,1PY2,D,2,X-ray,0,0,small molecules with n_atoms > 15 detected
7dr4_A+B-J,B:U,4,7dr4,A+B,J,2,X-ray,7dr4,A+B,2,X-ray,1PY2,C,2,X-ray,0,0,small molecules with n_atoms > 15 detected
7dr4_A+B-J,B:U,5,7dr4,A+B,J,2,X-ray,7dr4,A+B,2,X-ray,1PY2,B,2,X-ray,0,0,small molecules with n_atoms > 15 detected
7dr4_A+B-J,B:U,6,7dr4,A+B,J,2,X-ray,7dr4,A+B,2,X-ray,1PW6,A,2,X-ray,0,0,small molecules with n_atoms > 15 detected
7dr4_A+B-J,B:U,7,7dr4,A+B,J,2,X-ray,7dr4,A+B,2,X-ray,1PW6,B,2,X-ray,0,0,small molecules with n_atoms > 15 detected
7dr4_A+B-J,B:U,8,7dr4,A+B,J,2,X-ray,7dr4,A+B,2,X-ray,1M49,A,2,X-ray,0,0,small molecules with n_atoms > 15 detected
7dr4_A+B-J,B:U,9,7dr4,A+B,J,2,X-ray,7dr4,A+B,2,X-ray,1M49,B,2,X-ray,0,0,small molecules with n_atoms > 15 detected
7dr4_A+B-J,B:U,10,7dr4,A+B,J,2,X-ray,7dr4,A+B,2,X-ray,1M47,A,1,X-ray,0,0,NA
7dr4_A+B-J,B:U,11,7dr4,A+B,J,2,X-ray,7dr4,A+B,2,X-ray,1M48,A,1,X-ray,0,0,small molecules with n_atoms > 15 detected
7dr4_A+B-J,B:U,12,7dr4,A+B,J,2,X-ray,7dr4,A+B,2,X-ray,1M48,B,1,X-ray,0,0,small molecules with n_atoms > 15 detected
7cj2_K+L-B,B:U,0,7cj2,K+L,B,2,X-ray,7cj2,K+L,2,X-ray,1NWU,A,2,X-ray,0,0,NA
7cj2_K+L-B,B:U,1,7cj2,K+L,B,2,X-ray,7cj2,K+L,2,X-ray,1NWU,B,2,X-ray,0,0,NA
7cj2_K+L-B,B:U,2,7cj2,K+L,B,2,X-ray,7cj2,K+L,2,X-ray,1NWU,C,2,X-ray,0,0,NA
7cj2_K+L-B,B:U,3,7cj2,K+L,B,2,X-ray,7cj2,K+L,2,X-ray,1NWU,D,2,X-ray,0,0,NA
7cj2_K+L-B,B:U,4,7cj2,K+L,B,2,X-ray,7cj2,K+L,2,X-ray,1NWS,A,2,X-ray,0,0,NA
7cj2_K+L-B,B:U,5,7cj2,K+L,B,2,X-ray,7cj2,K+L,2,X-ray,1NWS,B,2,X-ray,0,0,NA
7cj2_K+L-B,B:U,6,7cj2,K+L,B,2,X-ray,7cj2,K+L,2,X-ray,1NWS,C,2,X-ray,0,0,NA
7cj2_K+L-B,B:U,7,7cj2,K+L,B,2,X-ray,7cj2,K+L,2,X-ray,1NWS,D,2,X-ray,0,0,NA
7cj2_K+L-B,B:U,8,7cj2,K+L,B,2,X-ray,7cj2,K+L,2,X-ray,1HJW,A,2,X-ray,0,0,NA
7cj2_K+L-B,B:U,9,7cj2,K+L,B,2,X-ray,7cj2,K+L,2,X-ray,1HJW,B,2,X-ray,0,0,small molecules with 7 < n_atoms <= 15 detected
7cj2_K+L-B,B:U,10,7cj2,K+L,B,2,X-ray,7cj2,K+L,2,X-ray,1NWT,A,2,X-ray,0,0,NA
7cj2_K+L-B,B:U,11,7cj2,K+L,B,2,X-ray,7cj2,K+L,2,X-ray,1NWT,B,2,X-ray,0,0,NA
7cj2_K+L-B,B:U,12,7cj2,K+L,B,2,X-ray,7cj2,K+L,2,X-ray,1NWT,C,2,X-ray,0,0,NA
7cj2_K+L-B,B:U,13,7cj2,K+L,B,2,X-ray,7cj2,K+L,2,X-ray,1NWT,D,2,X-ray,0,0,NA
6u3i_H+L-A,B:U,1,6u3i,H+L,A,2,X-ray,6u3i,H+L,2,X-ray,2P4E,A,1,X-ray,0,0,NA
6u3i_H+L-A,B:U,3,6u3i,H+L,A,2,X-ray,6u3i,H+L,2,X-ray,6U26,B,1,X-ray,0,0,small molecules with n_atoms > 15 detected
4eiz_D-A,B:U,0,4eiz,D,A,2,X-ray,4eiz,D,2,X-ray,7LVC,A,1,X-ray,0,0,small molecules with n_atoms > 15 detected
4eiz_D-A,B:U,1,4eiz,D,A,2,X-ray,4eiz,D,2,X-ray,4PSS,A,0,X-ray,0,0,small molecules with n_atoms > 15 detected
4eiz_D-A,B:U,2,4eiz,D,A,2,X-ray,4eiz,D,2,X-ray,4PSY,A,0,X-ray,0,0,small molecules with n_atoms > 15 detected
4eiz_D-A,B:U,3,4eiz,D,A,2,X-ray,4eiz,D,2,X-ray,7D6G,A,1,Multiple methods,0,0,small molecules with n_atoms > 15 detected
4eiz_D-A,B:U,4,4eiz,D,A,2,X-ray,4eiz,D,2,X-ray,4PTH,A,0,X-ray,0,0,small molecules with n_atoms > 15 detected
2xt1_B-A,B:U,0,2xt1,B,A,1,X-ray,2xt1,B,1,X-ray,4IPY,A,1,X-ray,0,0,NA
2xt1_B-A,B:U,1,2xt1,B,A,1,X-ray,2xt1,B,1,X-ray,4IPY,B,1,X-ray,0,0,NA
2xt1_B-A,B:U,2,2xt1,B,A,1,X-ray,2xt1,B,1,X-ray,4IPY,C,1,X-ray,0,0,NA
2xt1_B-A,B:U,3,2xt1,B,A,1,X-ray,2xt1,B,1,X-ray,4IPY,D,1,X-ray,0,0,NA
4nbz_B-A,B:U,0,4nbz,B,A,1,X-ray,4nbz,B,1,X-ray,2G7C,A,2,X-ray,0,0,NA
4nbz_B-A,B:U,1,4nbz,B,A,1,X-ray,4nbz,B,1,X-ray,2G7C,B,2,X-ray,0,0,NA
6mfp_C+D-A,U:U,0,6mfp,C+D,A,3,X-ray,6MFJ,H+L,2,X-ray,4DKO,A,1,X-ray,0,0,small molecules with n_atoms > 15 detected
6mfp_C+D-A,U:U,1,6mfp,C+D,A,3,X-ray,6MFJ,A+B,2,X-ray,4DKO,A,1,X-ray,0,0,small molecules with n_atoms > 15 detected
6mfp_C+D-A,U:U,2,6mfp,C+D,A,3,X-ray,6MFJ,H+L,2,X-ray,4DKO,C,1,X-ray,0,0,small molecules with n_atoms > 15 detected
6mfp_C+D-A,U:U,3,6mfp,C+D,A,3,X-ray,6MFJ,A+B,2,X-ray,4DKO,C,1,X-ray,0,0,small molecules with n_atoms > 15 detected
6mfp_C+D-A,U:U,4,6mfp,C+D,A,3,X-ray,6MFJ,H+L,2,X-ray,4RZ8,A,1,X-ray,0,0,small molecules with n_atoms > 15 detected
6mfp_C+D-A,U:U,5,6mfp,C+D,A,3,X-ray,6MFJ,A+B,2,X-ray,4RZ8,A,1,X-ray,0,0,small molecules with n_atoms > 15 detected
6mfp_C+D-A,U:U,6,6mfp,C+D,A,3,X-ray,6MFJ,H+L,2,X-ray,4RZ8,B,1,X-ray,0,0,small molecules with n_atoms > 15 detected
6mfp_C+D-A,U:U,7,6mfp,C+D,A,3,X-ray,6MFJ,A+B,2,X-ray,4RZ8,B,1,X-ray,0,0,small molecules with n_atoms > 15 detected
6mfp_C+D-A,U:U,8,6mfp,C+D,A,3,X-ray,6MFJ,H+L,2,X-ray,4RZ8,C,1,X-ray,0,0,small molecules with n_atoms > 15 detected
6mfp_C+D-A,U:U,9,6mfp,C+D,A,3,X-ray,6MFJ,A+B,2,X-ray,4RZ8,C,1,X-ray,0,0,small molecules with n_atoms > 15 detected
6mfp_C+D-A,U:U,10,6mfp,C+D,A,3,X-ray,6MFJ,H+L,2,X-ray,4RZ8,D,1,X-ray,0,0,small molecules with n_atoms > 15 detected
6mfp_C+D-A,U:U,11,6mfp,C+D,A,3,X-ray,6MFJ,A+B,2,X-ray,4RZ8,D,1,X-ray,0,0,small molecules with n_atoms > 15 detected
6mfp_C+D-A,U:U,12,6mfp,C+D,A,3,X-ray,6MFJ,H+L,2,X-ray,4DVV,A,1,X-ray,0,0,small molecules with n_atoms > 15 detected
6mfp_C+D-A,U:U,13,6mfp,C+D,A,3,X-ray,6MFJ,A+B,2,X-ray,4DVV,A,1,X-ray,0,0,small molecules with n_atoms > 15 detected
6mfp_C+D-A,U:U,14,6mfp,C+D,A,3,X-ray,6MFJ,H+L,2,X-ray,4DVV,B,1,X-ray,0,0,small molecules with n_atoms > 15 detected
6mfp_C+D-A,U:U,15,6mfp,C+D,A,3,X-ray,6MFJ,A+B,2,X-ray,4DVV,B,1,X-ray,0,0,small molecules with n_atoms > 15 detected
6mfp_C+D-A,U:U,16,6mfp,C+D,A,3,X-ray,6MFJ,H+L,2,X-ray,4DKP,A,1,X-ray,0,0,small molecules with n_atoms > 15 detected
6mfp_C+D-A,U:U,17,6mfp,C+D,A,3,X-ray,6MFJ,A+B,2,X-ray,4DKP,A,1,X-ray,0,0,small molecules with n_atoms > 15 detected
6mfp_C+D-A,U:U,18,6mfp,C+D,A,3,X-ray,6MFJ,H+L,2,X-ray,4DKP,C,1,X-ray,0,0,small molecules with n_atoms > 15 detected
6mfp_C+D-A,U:U,19,6mfp,C+D,A,3,X-ray,6MFJ,A+B,2,X-ray,4DKP,C,1,X-ray,0,0,small molecules with n_atoms > 15 detected
6mfp_C+D-A,U:U,20,6mfp,C+D,A,3,X-ray,6MFJ,H+L,2,X-ray,4DKQ,A,1,X-ray,0,0,small molecules with n_atoms > 15 detected
6mfp_C+D-A,U:U,21,6mfp,C+D,A,3,X-ray,6MFJ,A+B,2,X-ray,4DKQ,A,1,X-ray,0,0,small molecules with n_atoms > 15 detected
6wno_B+C-A,B:U,0,6wno,B+C,A,3,X-ray,6wno,B+C,3,X-ray,5W53,A,1,X-ray,0,0,NA
6wno_B+C-A,B:U,1,6wno,B+C,A,3,X-ray,6wno,B+C,3,X-ray,5W53,B,1,X-ray,0,0,NA
3wkm_H+L-A,B:U,0,3wkm,H+L,A,2,X-ray,3wkm,H+L,2,X-ray,3WKL,A,2,X-ray,0,0,NA
3a6b_H+L-Y,B:U,0,3a6b,H+L,Y,1,X-ray,3a6b,H+L,1,X-ray,7BYP,A,1,X-ray,0,0,NA
3a6b_H+L-Y,B:U,1,3a6b,H+L,Y,1,X-ray,3a6b,H+L,1,X-ray,7CDO,A,1,X-ray,0,0,NA
3a6b_H+L-Y,B:U,2,3a6b,H+L,Y,1,X-ray,3a6b,H+L,1,X-ray,7CDM,A,1,X-ray,0,0,NA
6s3t_E+I-T,U:U,0,6s3t,E+I,T,3,X-ray,6RNN,H+L,1,X-ray,6RUX,A,2,X-ray,0,0,NA
6s3t_E+I-T,U:U,1,6s3t,E+I,T,3,X-ray,6RNN,D+C,1,X-ray,6RUX,A,2,X-ray,0,0,NA
6s3t_E+I-T,U:U,2,6s3t,E+I,T,3,X-ray,6RNN,H+L,1,X-ray,6RUX,B,2,X-ray,0,0,NA
6s3t_E+I-T,U:U,3,6s3t,E+I,T,3,X-ray,6RNN,D+C,1,X-ray,6RUX,B,2,X-ray,0,0,NA
6s3t_E+I-T,U:U,4,6s3t,E+I,T,3,X-ray,6RNN,H+L,1,X-ray,6RUX,C,2,X-ray,0,0,NA
6s3t_E+I-T,U:U,5,6s3t,E+I,T,3,X-ray,6RNN,D+C,1,X-ray,6RUX,C,2,X-ray,0,0,NA
6s3t_E+I-T,U:U,6,6s3t,E+I,T,3,X-ray,6RNN,H+L,1,X-ray,6RQG,A,3,X-ray,0,0,NA
6s3t_E+I-T,U:U,7,6s3t,E+I,T,3,X-ray,6RNN,D+C,1,X-ray,6RQG,A,3,X-ray,0,0,NA
6s3t_E+I-T,U:U,8,6s3t,E+I,T,3,X-ray,6RNN,H+L,1,X-ray,6RQG,B,3,X-ray,0,0,NA
6s3t_E+I-T,U:U,9,6s3t,E+I,T,3,X-ray,6RNN,D+C,1,X-ray,6RQG,B,3,X-ray,0,0,NA
6s3t_E+I-T,U:U,10,6s3t,E+I,T,3,X-ray,6RNN,H+L,1,X-ray,6RQG,C,3,X-ray,0,0,NA
6s3t_E+I-T,U:U,11,6s3t,E+I,T,3,X-ray,6RNN,D+C,1,X-ray,6RQG,C,3,X-ray,0,0,NA
1ua6_H+L-Y,B:U,0,1ua6,H+L,Y,1,X-ray,1ua6,H+L,1,X-ray,7BYP,A,1,X-ray,0,0,NA
1ua6_H+L-Y,B:U,1,1ua6,H+L,Y,1,X-ray,1ua6,H+L,1,X-ray,7CDO,A,1,X-ray,0,0,NA
1ua6_H+L-Y,B:U,2,1ua6,H+L,Y,1,X-ray,1ua6,H+L,1,X-ray,7CDM,A,1,X-ray,0,0,NA
6i9i_A+B-C,B:U,0,6i9i,A+B,C,1,X-ray,6i9i,A+B,1,X-ray,6F8P,A,1,X-ray,0,0,NA
5wob_Q+R-E,B:U,0,5wob,Q+R,E,3,X-ray,5wob,Q+R,3,X-ray,4GS8,A,2,X-ray,0,0,small molecules with n_atoms > 15 detected
5wob_Q+R-E,B:U,1,5wob,Q+R,E,3,X-ray,5wob,Q+R,3,X-ray,4GS8,B,2,X-ray,0,0,small molecules with n_atoms > 15 detected
5wob_Q+R-E,B:U,2,5wob,Q+R,E,3,X-ray,5wob,Q+R,3,X-ray,4GSC,A,2,X-ray,0,0,small molecules with n_atoms > 15 detected
5wob_Q+R-E,B:U,3,5wob,Q+R,E,3,X-ray,5wob,Q+R,3,X-ray,4GSC,B,2,X-ray,0,0,small molecules with n_atoms > 15 detected
5wob_Q+R-E,B:U,4,5wob,Q+R,E,3,X-ray,5wob,Q+R,3,X-ray,4NXO,A,2,X-ray,0,0,small molecules with n_atoms > 15 detected
5wob_Q+R-E,B:U,5,5wob,Q+R,E,3,X-ray,5wob,Q+R,3,X-ray,4NXO,B,2,X-ray,0,0,small molecules with n_atoms > 15 detected
1h0d_B+A-C,B:U,0,1h0d,B+A,C,2,X-ray,1h0d,B+A,2,X-ray,5EPZ,A,1,X-ray,0,0,NA
1h0d_B+A-C,B:U,1,1h0d,B+A,C,2,X-ray,1h0d,B+A,2,X-ray,5EOP,A,1,X-ray,0,0,NA
1h0d_B+A-C,B:U,2,1h0d,B+A,C,2,X-ray,1h0d,B+A,2,X-ray,1B1I,A,1,X-ray,0,0,small molecules with 7 < n_atoms <= 15 detected
1h0d_B+A-C,B:U,3,1h0d,B+A,C,2,X-ray,1h0d,B+A,2,X-ray,2ANG,A,2,X-ray,0,0,small molecules with 7 < n_atoms <= 15 detected
1h0d_B+A-C,B:U,4,1h0d,B+A,C,2,X-ray,1h0d,B+A,2,X-ray,4AOH,A,1,X-ray,0,0,small molecules with 7 < n_atoms <= 15 detected
1xgu_B+A-C,B:U,0,1xgu,B+A,C,2,X-ray,1xgu,B+A,2,X-ray,7BYP,A,1,X-ray,0,0,NA
1xgu_B+A-C,B:U,1,1xgu,B+A,C,2,X-ray,1xgu,B+A,2,X-ray,7CDO,A,1,X-ray,0,0,NA
1xgu_B+A-C,B:U,2,1xgu,B+A,C,2,X-ray,1xgu,B+A,2,X-ray,7CDM,A,1,X-ray,0,0,NA
4rgn_F+G-S,B:U,0,4rgn,F+G,S,2,X-ray,4rgn,F+G,2,X-ray,3SEB,A,1,X-ray,0,0,NA
4rgn_F+G-S,B:U,1,4rgn,F+G,S,2,X-ray,4rgn,F+G,2,X-ray,1SE3,A,2,X-ray,0,0,NA
4rgn_F+G-S,B:U,2,4rgn,F+G,S,2,X-ray,4rgn,F+G,2,X-ray,1SE4,A,1,X-ray,0,0,NA
4xx1_E+G-B,B:U,0,4xx1,E+G,B,3,X-ray,4xx1,E+G,3,X-ray,4X96,A,8,X-ray,0,0,small molecules with 7 < n_atoms <= 15 detected
4xx1_E+G-B,B:U,1,4xx1,E+G,B,3,X-ray,4xx1,E+G,3,X-ray,4X96,B,8,X-ray,0,0,small molecules with 7 < n_atoms <= 15 detected
4xx1_E+G-B,B:U,2,4xx1,E+G,B,3,X-ray,4xx1,E+G,3,X-ray,4X96,C,8,X-ray,0,0,small molecules with 7 < n_atoms <= 15 detected
4xx1_E+G-B,B:U,3,4xx1,E+G,B,3,X-ray,4xx1,E+G,3,X-ray,4X96,D,8,X-ray,0,0,small molecules with 7 < n_atoms <= 15 detected
4xx1_E+G-B,B:U,4,4xx1,E+G,B,3,X-ray,4xx1,E+G,3,X-ray,5TXF,A,3,X-ray,0,0,small molecules with 7 < n_atoms <= 15 detected
4xx1_E+G-B,B:U,5,4xx1,E+G,B,3,X-ray,4xx1,E+G,3,X-ray,5TXF,B,3,X-ray,0,0,NA
4xx1_E+G-B,B:U,6,4xx1,E+G,B,3,X-ray,4xx1,E+G,3,X-ray,5TXF,C,3,X-ray,0,0,NA
4xx1_E+G-B,B:U,7,4xx1,E+G,B,3,X-ray,4xx1,E+G,3,X-ray,5TXF,D,3,X-ray,0,0,small molecules with 7 < n_atoms <= 15 detected
4xx1_E+G-B,B:U,8,4xx1,E+G,B,3,X-ray,4xx1,E+G,3,X-ray,6MVD,A,3,X-ray,0,0,small molecules with n_atoms > 15 detected
4xx1_E+G-B,B:U,9,4xx1,E+G,B,3,X-ray,4xx1,E+G,3,X-ray,6MVD,B,3,X-ray,0,0,small molecules with n_atoms > 15 detected
5f1k_D-B,B:U,0,5f1k,D,B,2,X-ray,5f1k,D,2,X-ray,4F46,A,1,X-ray,0,0,small molecules with n_atoms > 15 detected
5f1k_D-B,B:U,1,5f1k,D,B,2,X-ray,5f1k,D,2,X-ray,4F46,B,1,X-ray,0,0,small molecules with n_atoms > 15 detected
5f1k_D-B,B:U,2,5f1k,D,B,2,X-ray,5f1k,D,2,X-ray,3I9M,A,1,X-ray,0,0,small molecules with n_atoms > 15 detected
5f1k_D-B,B:U,3,5f1k,D,B,2,X-ray,5f1k,D,2,X-ray,3I9M,B,1,X-ray,0,0,small molecules with n_atoms > 15 detected
5f1k_D-B,B:U,4,5f1k,D,B,2,X-ray,5f1k,D,2,X-ray,3U4H,A,1,X-ray,0,0,small molecules with n_atoms > 15 detected
5f1k_D-B,B:U,5,5f1k,D,B,2,X-ray,5f1k,D,2,X-ray,3U4H,B,1,X-ray,0,0,small molecules with n_atoms > 15 detected
5f1k_D-B,B:U,6,5f1k,D,B,2,X-ray,5f1k,D,2,X-ray,3DZG,A,1,X-ray,0,0,small molecules with 7 < n_atoms <= 15 detected
5f1k_D-B,B:U,7,5f1k,D,B,2,X-ray,5f1k,D,2,X-ray,3DZG,B,1,X-ray,0,0,small molecules with 7 < n_atoms <= 15 detected
5f1k_D-B,B:U,8,5f1k,D,B,2,X-ray,5f1k,D,2,X-ray,3DZK,A,1,X-ray,0,0,small molecules with n_atoms > 15 detected
5f1k_D-B,B:U,9,5f1k,D,B,2,X-ray,5f1k,D,2,X-ray,3DZK,B,1,X-ray,0,0,small molecules with n_atoms > 15 detected
5vxj_F-E,B:U,0,5vxj,F,E,2,X-ray,5vxj,F,2,X-ray,3R9V,A,1,X-ray,0,0,NA
5vxj_F-E,B:U,1,5vxj,F,E,2,X-ray,5vxj,F,2,X-ray,3R9V,B,1,X-ray,0,0,small molecules with n_atoms > 15 detected
5vxj_J-I,B:U,0,5vxj,J,I,2,X-ray,5vxj,J,2,X-ray,3R9V,A,1,X-ray,0,0,NA
5vxj_J-I,B:U,1,5vxj,J,I,2,X-ray,5vxj,J,2,X-ray,3R9V,B,1,X-ray,0,0,small molecules with n_atoms > 15 detected
5e94_D+C-H,B:U,0,5e94,D+C,H,2,X-ray,5e94,D+C,2,X-ray,7LCK,R,3,EM,0,0,small molecules with n_atoms > 15 detected
5e94_D+C-H,B:U,1,5e94,D+C,H,2,X-ray,5e94,D+C,2,X-ray,7LCJ,R,2,EM,0,0,small molecules with n_atoms > 15 detected
5ovw_J-D,B:U,0,5ovw,J,D,2,X-ray,5ovw,J,2,X-ray,1N2Z,A,2,X-ray,0,0,small molecules with n_atoms > 15 detected
5ovw_J-D,B:U,1,5ovw,J,D,2,X-ray,5ovw,J,2,X-ray,1N2Z,B,2,X-ray,0,0,small molecules with n_atoms > 15 detected
2vyr_F-B,B:U,0,2vyr,F,B,2,X-ray,2vyr,F,2,X-ray,3LBJ,E,1,X-ray,0,0,small molecules with n_atoms > 15 detected
2vyr_F-B,B:U,1,2vyr,F,B,2,X-ray,2vyr,F,2,X-ray,6Q9W,A,1,X-ray,0,1,small molecules with n_atoms > 15 detected
2vyr_F-B,B:U,2,2vyr,F,B,2,X-ray,2vyr,F,2,X-ray,6Q9W,B,1,X-ray,0,1,small molecules with n_atoms > 15 detected
2vyr_F-B,B:U,3,2vyr,F,B,2,X-ray,2vyr,F,2,X-ray,6Q9Y,A,1,X-ray,0,1,small molecules with n_atoms > 15 detected
2vyr_F-B,B:U,4,2vyr,F,B,2,X-ray,2vyr,F,2,X-ray,6Q9Y,B,1,X-ray,0,1,small molecules with n_atoms > 15 detected
2vyr_F-B,B:U,5,2vyr,F,B,2,X-ray,2vyr,F,2,X-ray,7EL4,A,2,X-ray,0,2,small molecules with n_atoms > 15 detected
6bfs_H+L-C,B:U,0,6bfs,H+L,C,2,X-ray,6bfs,H+L,2,X-ray,2GMF,A,2,X-ray,0,0,NA
6bfs_H+L-C,B:U,1,6bfs,H+L,C,2,X-ray,6bfs,H+L,2,X-ray,2GMF,B,2,X-ray,0,0,NA
3k80_A-C,B:U,0,3k80,A,C,2,X-ray,3k80,A,2,X-ray,4DNI,A,2,X-ray,0,2,NA
3bsz_H+L-F,B:U,0,3bsz,H+L,F,3,X-ray,3bsz,H+L,3,X-ray,5NU8,A,1,X-ray,0,0,small molecules with n_atoms > 15 detected
3bsz_H+L-F,B:U,1,3bsz,H+L,F,3,X-ray,3bsz,H+L,3,X-ray,5NU7,A,1,X-ray,0,0,small molecules with n_atoms > 15 detected
3bsz_H+L-F,B:U,2,3bsz,H+L,F,3,X-ray,3bsz,H+L,3,X-ray,5NU2,A,1,X-ray,0,0,small molecules with n_atoms > 15 detected
3bsz_H+L-F,B:U,3,3bsz,H+L,F,3,X-ray,3bsz,H+L,3,X-ray,5NUA,A,1,X-ray,0,0,small molecules with 7 < n_atoms <= 15 detected
3bsz_H+L-F,B:U,4,3bsz,H+L,F,3,X-ray,3bsz,H+L,3,X-ray,5NU6,A,1,X-ray,0,0,small molecules with n_atoms > 15 detected
1zvh_A-L,B:U,0,1zvh,A,L,1,X-ray,1zvh,A,1,X-ray,7BYP,A,1,X-ray,0,0,NA
1zvh_A-L,B:U,1,1zvh,A,L,1,X-ray,1zvh,A,1,X-ray,7CDO,A,1,X-ray,0,0,NA
1zvh_A-L,B:U,2,1zvh,A,L,1,X-ray,1zvh,A,1,X-ray,7CDM,A,1,X-ray,0,0,NA
6vy6_H+L-A,B:U,0,6vy6,H+L,A,2,X-ray,6vy6,H+L,2,X-ray,6PD4,A,2,X-ray,0,0,small molecules with 7 < n_atoms <= 15 detected
6vy6_H+L-A,B:U,1,6vy6,H+L,A,2,X-ray,6vy6,H+L,2,X-ray,6PD4,B,2,X-ray,0,0,small molecules with 7 < n_atoms <= 15 detected
5f1k_C-A,B:U,0,5f1k,C,A,2,X-ray,5f1k,C,2,X-ray,4F46,A,1,X-ray,0,0,small molecules with n_atoms > 15 detected
5f1k_C-A,B:U,1,5f1k,C,A,2,X-ray,5f1k,C,2,X-ray,4F46,B,1,X-ray,0,0,small molecules with n_atoms > 15 detected
5f1k_C-A,B:U,2,5f1k,C,A,2,X-ray,5f1k,C,2,X-ray,3I9M,A,1,X-ray,0,0,small molecules with n_atoms > 15 detected
5f1k_C-A,B:U,3,5f1k,C,A,2,X-ray,5f1k,C,2,X-ray,3I9M,B,1,X-ray,0,0,small molecules with n_atoms > 15 detected
5f1k_C-A,B:U,4,5f1k,C,A,2,X-ray,5f1k,C,2,X-ray,3U4H,A,1,X-ray,0,0,small molecules with n_atoms > 15 detected
5f1k_C-A,B:U,5,5f1k,C,A,2,X-ray,5f1k,C,2,X-ray,3U4H,B,1,X-ray,0,0,small molecules with n_atoms > 15 detected
5f1k_C-A,B:U,6,5f1k,C,A,2,X-ray,5f1k,C,2,X-ray,3DZG,A,1,X-ray,0,0,small molecules with 7 < n_atoms <= 15 detected
5f1k_C-A,B:U,7,5f1k,C,A,2,X-ray,5f1k,C,2,X-ray,3DZG,B,1,X-ray,0,0,small molecules with 7 < n_atoms <= 15 detected
5f1k_C-A,B:U,8,5f1k,C,A,2,X-ray,5f1k,C,2,X-ray,3DZK,A,1,X-ray,0,0,small molecules with n_atoms > 15 detected
5f1k_C-A,B:U,9,5f1k,C,A,2,X-ray,5f1k,C,2,X-ray,3DZK,B,1,X-ray,0,0,small molecules with n_atoms > 15 detected
6ewb_E+F-A,B:U,0,6ewb,E+F,A,2,X-ray,6ewb,E+F,2,X-ray,4OOS,A,1,X-ray,0,0,NA
7a6o_B-A,B:U,0,7a6o,B,A,2,X-ray,7a6o,B,2,X-ray,1AUQ,A,2,X-ray,0,0,NA
4n1e_D-J,B:U,0,4n1e,D,J,2,X-ray,4n1e,D,2,X-ray,7BYP,A,1,X-ray,0,0,NA
4n1e_D-J,B:U,1,4n1e,D,J,2,X-ray,4n1e,D,2,X-ray,7CDO,A,1,X-ray,0,0,NA
4n1e_D-J,B:U,2,4n1e,D,J,2,X-ray,4n1e,D,2,X-ray,7CDM,A,1,X-ray,0,0,NA
5hvg_D-C,B:U,0,5hvg,D,C,3,X-ray,5hvg,D,3,X-ray,7NEE,A,2,X-ray,0,0,small molecules with n_atoms > 15 detected
6rp8_H+L-C,B:U,0,6rp8,H+L,C,2,X-ray,6rp8,H+L,2,X-ray,1AH1,A,100,UNKNOWN,0,0,NA
6ewb_H+L-B,B:U,0,6ewb,H+L,B,2,X-ray,6ewb,H+L,2,X-ray,4OOS,A,1,X-ray,0,0,NA
2qqn_H+L-A,B:U,0,2qqn,H+L,A,2,X-ray,2qqn,H+L,2,X-ray,6FMC,A,0,X-ray,0,0,small molecules with n_atoms > 15 detected
2qqn_H+L-A,B:U,1,2qqn,H+L,A,2,X-ray,2qqn,H+L,2,X-ray,5JGQ,A,1,X-ray,0,0,NA
2qqn_H+L-A,B:U,2,2qqn,H+L,A,2,X-ray,2qqn,H+L,2,X-ray,5JGQ,B,1,X-ray,0,0,small molecules with n_atoms > 15 detected
2qqn_H+L-A,B:U,3,2qqn,H+L,A,2,X-ray,2qqn,H+L,2,X-ray,5JHK,A,1,X-ray,0,0,small molecules with n_atoms > 15 detected
2qqn_H+L-A,B:U,4,2qqn,H+L,A,2,X-ray,2qqn,H+L,2,X-ray,5JHK,B,1,X-ray,0,0,NA
2qqn_H+L-A,B:U,5,2qqn,H+L,A,2,X-ray,2qqn,H+L,2,X-ray,5IYY,A,1,X-ray,0,0,small molecules with n_atoms > 15 detected
2qqn_H+L-A,B:U,6,2qqn,H+L,A,2,X-ray,2qqn,H+L,2,X-ray,5IYY,B,1,X-ray,0,0,small molecules with n_atoms > 15 detected
2qqn_H+L-A,B:U,7,2qqn,H+L,A,2,X-ray,2qqn,H+L,2,X-ray,5C7G,A,1,X-ray,0,1,small molecules with n_atoms > 15 detected
6s3d_A+B-N,B:U,0,6s3d,A+B,N,3,X-ray,6s3d,A+B,3,X-ray,6XWI,A,100,UNKNOWN,0,0,NA
6ba5_H+G-P,B:U,0,6ba5,H+G,P,1,X-ray,6ba5,H+G,1,X-ray,5Z55,A,100,UNKNOWN,0,0,NA
2dqe_H+L-Y,B:U,0,2dqe,H+L,Y,1,X-ray,2dqe,H+L,1,X-ray,7BYP,A,1,X-ray,0,0,NA
2dqe_H+L-Y,B:U,1,2dqe,H+L,Y,1,X-ray,2dqe,H+L,1,X-ray,7CDO,A,1,X-ray,0,0,NA
2dqe_H+L-Y,B:U,2,2dqe,H+L,Y,1,X-ray,2dqe,H+L,1,X-ray,7CDM,A,1,X-ray,0,0,NA
6qgw_B-A,B:U,0,6qgw,B,A,1,X-ray,6qgw,B,1,X-ray,6FSU,A,2,X-ray,0,0,NA
6qgw_B-A,B:U,1,6qgw,B,A,1,X-ray,6qgw,B,1,X-ray,6FSU,B,2,X-ray,0,0,NA
6ruv_S-V+U,U:U,0,6ruv,S,V+U,6,X-ray,6RU3,C,1,X-ray,6RV6,B+A,3,X-ray,0,0,small molecules with 7 < n_atoms <= 15 detected
6ruv_S-V+U,U:U,1,6ruv,S,V+U,6,X-ray,6RU3,C,1,X-ray,6SEJ,B+A,3,X-ray,0,0,small molecules with 7 < n_atoms <= 15 detected
7mxl_A+B-C,B:U,0,7mxl,A+B,C,3,EM,7mxl,A+B,3,EM,4A87,A,1,X-ray,0,0,small molecules with n_atoms > 15 detected
7mxl_A+B-C,B:U,1,7mxl,A+B,C,3,EM,7mxl,A+B,3,EM,4BTZ,A,1,X-ray,0,0,small molecules with 7 < n_atoms <= 15 detected
7mxl_A+B-C,B:U,2,7mxl,A+B,C,3,EM,7mxl,A+B,3,EM,4A83,A,1,X-ray,0,0,small molecules with n_atoms > 15 detected
7mxl_A+B-C,B:U,3,7mxl,A+B,C,3,EM,7mxl,A+B,3,EM,4A80,A,1,X-ray,0,0,small molecules with n_atoms > 15 detected
7mxl_A+B-C,B:U,4,7mxl,A+B,C,3,EM,7mxl,A+B,3,EM,4A85,A,1,X-ray,0,0,small molecules with n_atoms > 15 detected
5mvz_A+B-V,B:U,0,5mvz,A+B,V,2,X-ray,5mvz,A+B,2,X-ray,5R7W,A,1,X-ray,0,0,NA
5mvz_A+B-V,B:U,1,5mvz,A+B,V,2,X-ray,5mvz,A+B,2,X-ray,5R8F,A,1,X-ray,0,0,small molecules with 7 < n_atoms <= 15 detected
5mvz_A+B-V,B:U,2,5mvz,A+B,V,2,X-ray,5mvz,A+B,2,X-ray,5R8P,A,1,X-ray,0,0,small molecules with 7 < n_atoms <= 15 detected
5mvz_A+B-V,B:U,3,5mvz,A+B,V,2,X-ray,5mvz,A+B,2,X-ray,6Y8M,A,1,X-ray,0,0,small molecules with 7 < n_atoms <= 15 detected
5mvz_A+B-V,B:U,4,5mvz,A+B,V,2,X-ray,5mvz,A+B,2,X-ray,6Y8I,A,1,X-ray,0,0,small molecules with 7 < n_atoms <= 15 detected
5w06_H+L-T,B:U,0,5w06,H+L,T,2,X-ray,5w06,H+L,2,X-ray,1TFH,A,2,X-ray,0,0,NA
5w06_H+L-T,B:U,1,5w06,H+L,T,2,X-ray,5w06,H+L,2,X-ray,1TFH,B,2,X-ray,0,0,NA
1j1o_H+L-Y,B:U,0,1j1o,H+L,Y,1,X-ray,1j1o,H+L,1,X-ray,7BYP,A,1,X-ray,0,0,NA
1j1o_H+L-Y,B:U,1,1j1o,H+L,Y,1,X-ray,1j1o,H+L,1,X-ray,7CDO,A,1,X-ray,0,0,NA
1j1o_H+L-Y,B:U,2,1j1o,H+L,Y,1,X-ray,1j1o,H+L,1,X-ray,7CDM,A,1,X-ray,0,0,NA
5wob_K+L-B,B:U,0,5wob,K+L,B,3,X-ray,5wob,K+L,3,X-ray,4GS8,A,2,X-ray,0,0,small molecules with n_atoms > 15 detected
5wob_K+L-B,B:U,1,5wob,K+L,B,3,X-ray,5wob,K+L,3,X-ray,4GS8,B,2,X-ray,0,0,small molecules with n_atoms > 15 detected
5wob_K+L-B,B:U,2,5wob,K+L,B,3,X-ray,5wob,K+L,3,X-ray,4GSC,A,2,X-ray,0,0,small molecules with n_atoms > 15 detected
5wob_K+L-B,B:U,3,5wob,K+L,B,3,X-ray,5wob,K+L,3,X-ray,4GSC,B,2,X-ray,0,0,small molecules with n_atoms > 15 detected
5wob_K+L-B,B:U,4,5wob,K+L,B,3,X-ray,5wob,K+L,3,X-ray,4NXO,A,2,X-ray,0,0,small molecules with n_atoms > 15 detected
5wob_K+L-B,B:U,5,5wob,K+L,B,3,X-ray,5wob,K+L,3,X-ray,4NXO,B,2,X-ray,0,0,small molecules with n_atoms > 15 detected
3ogo_E-A,B:U,0,3ogo,E,A,2,X-ray,3ogo,E,2,X-ray,4EUL,A,1,X-ray,0,0,NA
3ogo_E-A,B:U,1,3ogo,E,A,2,X-ray,3ogo,E,2,X-ray,2Y0G,A,1,X-ray,0,4,NA
3ogo_E-A,B:U,3,3ogo,E,A,2,X-ray,3ogo,E,2,X-ray,6YLQ,A,1,X-ray,0,4,NA
7lf7_A+B-M,B:U,0,7lf7,A+B,M,2,X-ray,7lf7,A+B,2,X-ray,7L6K,A,100,UNKNOWN,0,0,small molecules with 7 < n_atoms <= 15 detected
5eii_H+L-G,B:U,0,5eii,H+L,G,2,X-ray,5eii,H+L,2,X-ray,2IDC,A,2,X-ray,0,0,NA
5eii_H+L-G,B:U,1,5eii,H+L,G,2,X-ray,5eii,H+L,2,X-ray,1WG3,A,3,X-ray,0,0,NA
5eii_H+L-G,B:U,2,5eii,H+L,G,2,X-ray,5eii,H+L,2,X-ray,1ROC,A,1,X-ray,0,0,NA
5o14_H+L-A,B:U,0,5o14,H+L,A,2,X-ray,5o14,H+L,2,X-ray,3KVD,D,2,X-ray,0,0,NA
6gk4_B-A,B:U,0,6gk4,B,A,2,X-ray,6gk4,B,2,X-ray,5TFI,A,1,X-ray,0,0,small molecules with n_atoms > 15 detected
6gk4_B-A,B:U,1,6gk4,B,A,2,X-ray,6gk4,B,2,X-ray,5TFF,A,1,X-ray,0,0,small molecules with n_atoms > 15 detected
6gk4_B-A,B:U,2,6gk4,B,A,2,X-ray,6gk4,B,2,X-ray,5TF7,A,1,X-ray,0,0,small molecules with n_atoms > 15 detected
6gk4_B-A,B:U,3,6gk4,B,A,2,X-ray,6gk4,B,2,X-ray,5TFG,A,1,X-ray,0,0,small molecules with n_atoms > 15 detected
6gk4_B-A,B:U,4,6gk4,B,A,2,X-ray,6gk4,B,2,X-ray,5TFB,A,1,X-ray,0,0,small molecules with n_atoms > 15 detected
6c6z_C+D-A,B:U,0,6c6z,C+D,A,2,X-ray,6c6z,C+D,2,X-ray,4ZPW,R,3,X-ray,0,0,small molecules with 7 < n_atoms <= 15 detected
6c6z_C+D-A,B:U,1,6c6z,C+D,A,2,X-ray,6c6z,C+D,2,X-ray,4ZPW,S,3,X-ray,0,0,small molecules with 7 < n_atoms <= 15 detected
5bvp_H+L-I,U:U,0,5bvp,H+L,I,2,X-ray,5BVJ,B+A,2,X-ray,5R7W,A,1,X-ray,0,0,NA
5bvp_H+L-I,U:U,1,5bvp,H+L,I,2,X-ray,5BVJ,D+C,2,X-ray,5R7W,A,1,X-ray,0,0,NA
5bvp_H+L-I,U:U,2,5bvp,H+L,I,2,X-ray,5BVJ,F+E,2,X-ray,5R7W,A,1,X-ray,0,0,NA
5bvp_H+L-I,U:U,3,5bvp,H+L,I,2,X-ray,5BVJ,H+G,2,X-ray,5R7W,A,1,X-ray,0,0,NA
5bvp_H+L-I,U:U,4,5bvp,H+L,I,2,X-ray,5BVJ,B+A,2,X-ray,5R8F,A,1,X-ray,0,0,small molecules with 7 < n_atoms <= 15 detected
5bvp_H+L-I,U:U,5,5bvp,H+L,I,2,X-ray,5BVJ,D+C,2,X-ray,5R8F,A,1,X-ray,0,0,small molecules with 7 < n_atoms <= 15 detected
5bvp_H+L-I,U:U,6,5bvp,H+L,I,2,X-ray,5BVJ,F+E,2,X-ray,5R8F,A,1,X-ray,0,0,small molecules with 7 < n_atoms <= 15 detected
5bvp_H+L-I,U:U,7,5bvp,H+L,I,2,X-ray,5BVJ,H+G,2,X-ray,5R8F,A,1,X-ray,0,0,small molecules with 7 < n_atoms <= 15 detected
5bvp_H+L-I,U:U,8,5bvp,H+L,I,2,X-ray,5BVJ,B+A,2,X-ray,5R8P,A,1,X-ray,0,0,small molecules with 7 < n_atoms <= 15 detected
5bvp_H+L-I,U:U,9,5bvp,H+L,I,2,X-ray,5BVJ,D+C,2,X-ray,5R8P,A,1,X-ray,0,0,small molecules with 7 < n_atoms <= 15 detected
5bvp_H+L-I,U:U,10,5bvp,H+L,I,2,X-ray,5BVJ,F+E,2,X-ray,5R8P,A,1,X-ray,0,0,small molecules with 7 < n_atoms <= 15 detected
5bvp_H+L-I,U:U,11,5bvp,H+L,I,2,X-ray,5BVJ,H+G,2,X-ray,5R8P,A,1,X-ray,0,0,small molecules with 7 < n_atoms <= 15 detected
5bvp_H+L-I,U:U,12,5bvp,H+L,I,2,X-ray,5BVJ,B+A,2,X-ray,6Y8M,A,1,X-ray,0,0,small molecules with 7 < n_atoms <= 15 detected
5bvp_H+L-I,U:U,13,5bvp,H+L,I,2,X-ray,5BVJ,D+C,2,X-ray,6Y8M,A,1,X-ray,0,0,small molecules with 7 < n_atoms <= 15 detected
5bvp_H+L-I,U:U,14,5bvp,H+L,I,2,X-ray,5BVJ,F+E,2,X-ray,6Y8M,A,1,X-ray,0,0,small molecules with 7 < n_atoms <= 15 detected
5bvp_H+L-I,U:U,15,5bvp,H+L,I,2,X-ray,5BVJ,H+G,2,X-ray,6Y8M,A,1,X-ray,0,0,small molecules with 7 < n_atoms <= 15 detected
5bvp_H+L-I,U:U,16,5bvp,H+L,I,2,X-ray,5BVJ,B+A,2,X-ray,6Y8I,A,1,X-ray,0,0,small molecules with 7 < n_atoms <= 15 detected
5bvp_H+L-I,U:U,17,5bvp,H+L,I,2,X-ray,5BVJ,D+C,2,X-ray,6Y8I,A,1,X-ray,0,0,small molecules with 7 < n_atoms <= 15 detected
5bvp_H+L-I,U:U,18,5bvp,H+L,I,2,X-ray,5BVJ,F+E,2,X-ray,6Y8I,A,1,X-ray,0,0,small molecules with 7 < n_atoms <= 15 detected
5bvp_H+L-I,U:U,19,5bvp,H+L,I,2,X-ray,5BVJ,H+G,2,X-ray,6Y8I,A,1,X-ray,0,0,small molecules with 7 < n_atoms <= 15 detected
5eii_A+B-I,B:U,0,5eii,A+B,I,2,X-ray,5eii,A+B,2,X-ray,2IDC,A,2,X-ray,0,0,NA
5eii_A+B-I,B:U,1,5eii,A+B,I,2,X-ray,5eii,A+B,2,X-ray,1WG3,A,3,X-ray,0,0,NA
5eii_A+B-I,B:U,2,5eii,A+B,I,2,X-ray,5eii,A+B,2,X-ray,1ROC,A,1,X-ray,0,0,NA
5th9_I+M-B,B:U,0,5th9,I+M,B,3,X-ray,5th9,I+M,3,X-ray,5UE4,A,1,X-ray,0,0,NA
5th9_I+M-B,B:U,1,5th9,I+M,B,3,X-ray,5th9,I+M,3,X-ray,5UE4,B,1,X-ray,0,0,small molecules with n_atoms > 15 detected
5th9_I+M-B,B:U,2,5th9,I+M,B,3,X-ray,5th9,I+M,3,X-ray,5TH6,A,1,X-ray,0,0,NA
5th9_I+M-B,B:U,3,5th9,I+M,B,3,X-ray,5th9,I+M,3,X-ray,5TH6,B,1,X-ray,0,0,NA
5th9_I+M-B,B:U,4,5th9,I+M,B,3,X-ray,5th9,I+M,3,X-ray,5TH6,C,1,X-ray,0,0,NA
5th9_I+M-B,B:U,5,5th9,I+M,B,3,X-ray,5th9,I+M,3,X-ray,5TH6,D,1,X-ray,0,0,NA
5th9_I+M-B,B:U,6,5th9,I+M,B,3,X-ray,5th9,I+M,3,X-ray,5UE3,A,1,X-ray,0,0,NA
5th9_I+M-B,B:U,7,5th9,I+M,B,3,X-ray,5th9,I+M,3,X-ray,5UE3,B,1,X-ray,0,0,small molecules with 7 < n_atoms <= 15 detected
6b20_E-B+D,B:U,0,6b20,E,B+D,2,X-ray,6b20,E,2,X-ray,1TBG,G+G,2,X-ray,0,0,NA
6b20_E-B+D,B:U,1,6b20,E,B+D,2,X-ray,6b20,E,2,X-ray,1TBG,E+E,2,X-ray,0,0,NA
3pnw_H+G-I,B:U,0,3pnw,H+G,I,2,X-ray,3pnw,H+G,2,X-ray,3S6W,A,1,X-ray,0,0,NA
3pnw_H+G-I,B:U,1,3pnw,H+G,I,2,X-ray,3pnw,H+G,2,X-ray,3PMT,A,1,X-ray,0,0,small molecules with 7 < n_atoms <= 15 detected
4ej1_D-A,B:U,0,4ej1,D,A,1,X-ray,4ej1,D,1,X-ray,7LVC,A,1,X-ray,0,0,small molecules with n_atoms > 15 detected
4ej1_D-A,B:U,1,4ej1,D,A,1,X-ray,4ej1,D,1,X-ray,4PSS,A,0,X-ray,0,0,small molecules with n_atoms > 15 detected
4ej1_D-A,B:U,2,4ej1,D,A,1,X-ray,4ej1,D,1,X-ray,4PSY,A,0,X-ray,0,0,small molecules with n_atoms > 15 detected
4ej1_D-A,B:U,3,4ej1,D,A,1,X-ray,4ej1,D,1,X-ray,7D6G,A,1,Multiple methods,0,0,small molecules with n_atoms > 15 detected
4ej1_D-A,B:U,4,4ej1,D,A,1,X-ray,4ej1,D,1,X-ray,4PTH,A,0,X-ray,0,0,small molecules with n_atoms > 15 detected
7o06_B-D,B:U,0,7o06,B,D,1,X-ray,7o06,B,1,X-ray,7NWJ,A,100,UNKNOWN,0,0,NA
6gk4_F-D,B:U,0,6gk4,F,D,2,X-ray,6gk4,F,2,X-ray,5TFI,A,1,X-ray,0,0,small molecules with n_atoms > 15 detected
6gk4_F-D,B:U,1,6gk4,F,D,2,X-ray,6gk4,F,2,X-ray,5TFF,A,1,X-ray,0,0,small molecules with n_atoms > 15 detected
6gk4_F-D,B:U,2,6gk4,F,D,2,X-ray,6gk4,F,2,X-ray,5TF7,A,1,X-ray,0,0,small molecules with n_atoms > 15 detected
6gk4_F-D,B:U,3,6gk4,F,D,2,X-ray,6gk4,F,2,X-ray,5TFG,A,1,X-ray,0,0,small molecules with n_atoms > 15 detected
6gk4_F-D,B:U,4,6gk4,F,D,2,X-ray,6gk4,F,2,X-ray,5TFB,A,1,X-ray,0,0,small molecules with n_atoms > 15 detected
1rjl_B+A-C,B:U,0,1rjl,B+A,C,2,X-ray,1rjl,B+A,2,X-ray,1P4P,A,2,X-ray,0,0,NA
3qsk_B-A,B:U,0,3qsk,B,A,1,X-ray,3qsk,B,1,X-ray,8RAT,A,1,X-ray,0,0,NA
3qsk_B-A,B:U,1,3qsk,B,A,1,X-ray,3qsk,B,1,X-ray,6ETL,A,0,X-ray,0,0,NA
3qsk_B-A,B:U,2,3qsk,B,A,1,X-ray,3qsk,B,1,X-ray,6ETM,A,0,X-ray,0,0,NA
3qsk_B-A,B:U,3,3qsk,B,A,1,X-ray,3qsk,B,1,X-ray,7RSA,A,1,X-ray,0,0,small molecules with 7 < n_atoms <= 15 detected
3qsk_B-A,B:U,4,3qsk,B,A,1,X-ray,3qsk,B,1,X-ray,6ETK,A,0,X-ray,0,0,NA
5w4l_F+I-A,B:U,0,5w4l,F+I,A,2,X-ray,5w4l,F+I,2,X-ray,4DKO,A,1,X-ray,0,0,small molecules with n_atoms > 15 detected
5w4l_F+I-A,B:U,1,5w4l,F+I,A,2,X-ray,5w4l,F+I,2,X-ray,4DKO,C,1,X-ray,0,0,small molecules with n_atoms > 15 detected
5w4l_F+I-A,B:U,2,5w4l,F+I,A,2,X-ray,5w4l,F+I,2,X-ray,4RZ8,A,1,X-ray,0,0,small molecules with n_atoms > 15 detected
5w4l_F+I-A,B:U,3,5w4l,F+I,A,2,X-ray,5w4l,F+I,2,X-ray,4RZ8,B,1,X-ray,0,0,small molecules with n_atoms > 15 detected
5w4l_F+I-A,B:U,4,5w4l,F+I,A,2,X-ray,5w4l,F+I,2,X-ray,4RZ8,C,1,X-ray,0,0,small molecules with n_atoms > 15 detected
5w4l_F+I-A,B:U,5,5w4l,F+I,A,2,X-ray,5w4l,F+I,2,X-ray,4RZ8,D,1,X-ray,0,0,small molecules with n_atoms > 15 detected
5w4l_F+I-A,B:U,6,5w4l,F+I,A,2,X-ray,5w4l,F+I,2,X-ray,4DVV,A,1,X-ray,0,0,small molecules with n_atoms > 15 detected
5w4l_F+I-A,B:U,7,5w4l,F+I,A,2,X-ray,5w4l,F+I,2,X-ray,4DVV,B,1,X-ray,0,0,small molecules with n_atoms > 15 detected
5w4l_F+I-A,B:U,8,5w4l,F+I,A,2,X-ray,5w4l,F+I,2,X-ray,4DKP,A,1,X-ray,0,0,small molecules with n_atoms > 15 detected
5w4l_F+I-A,B:U,9,5w4l,F+I,A,2,X-ray,5w4l,F+I,2,X-ray,4DKP,C,1,X-ray,0,0,small molecules with n_atoms > 15 detected
5w4l_F+I-A,B:U,10,5w4l,F+I,A,2,X-ray,5w4l,F+I,2,X-ray,4DKQ,A,1,X-ray,0,0,small molecules with n_atoms > 15 detected
2r56_H+L-A,B:U,0,2r56,H+L,A,2,X-ray,2r56,H+L,2,X-ray,3NQ3,A,1,X-ray,0,0,small molecules with 7 < n_atoms <= 15 detected
2r56_H+L-A,B:U,1,2r56,H+L,A,2,X-ray,2r56,H+L,2,X-ray,7KOT,A,1,X-ray,0,0,small molecules with n_atoms > 15 detected
2r56_H+L-A,B:U,2,2r56,H+L,A,2,X-ray,2r56,H+L,2,X-ray,6GHH,A,1,X-ray,0,0,small molecules with 7 < n_atoms <= 15 detected
5vig_A+B-G,B:U,0,5vig,A+B,G,3,X-ray,5vig,A+B,3,X-ray,5OMZ,A,100,UNKNOWN,0,0,small molecules with 7 < n_atoms <= 15 detected
2i9l_H+G-L,B:U,0,2i9l,H+G,L,3,X-ray,2i9l,H+G,3,X-ray,1YPY,A,1,X-ray,0,0,NA
2i9l_H+G-L,B:U,1,2i9l,H+G,L,3,X-ray,2i9l,H+G,3,X-ray,1YPY,B,1,X-ray,0,0,NA
2p44_B-A,B:U,0,2p44,B,A,1,X-ray,2p44,B,1,X-ray,8RAT,A,1,X-ray,0,0,NA
2p44_B-A,B:U,1,2p44,B,A,1,X-ray,2p44,B,1,X-ray,6ETL,A,0,X-ray,0,0,NA
2p44_B-A,B:U,2,2p44,B,A,1,X-ray,2p44,B,1,X-ray,6ETM,A,0,X-ray,0,0,NA
2p44_B-A,B:U,3,2p44,B,A,1,X-ray,2p44,B,1,X-ray,7RSA,A,1,X-ray,0,0,small molecules with 7 < n_atoms <= 15 detected
2p44_B-A,B:U,4,2p44,B,A,1,X-ray,2p44,B,1,X-ray,6ETK,A,0,X-ray,0,0,NA
5o4o_B+A-C,B:U,0,5o4o,B+A,C,3,X-ray,5o4o,B+A,3,X-ray,1M6B,A,2,X-ray,0,1,small molecules with 7 < n_atoms <= 15 detected
5o4o_B+A-C,B:U,1,5o4o,B+A,C,3,X-ray,5o4o,B+A,3,X-ray,1M6B,B,2,X-ray,0,1,small molecules with 7 < n_atoms <= 15 detected
2p43_B-A,B:U,0,2p43,B,A,1,X-ray,2p43,B,1,X-ray,8RAT,A,1,X-ray,0,0,NA
2p43_B-A,B:U,1,2p43,B,A,1,X-ray,2p43,B,1,X-ray,6ETL,A,0,X-ray,0,0,NA
2p43_B-A,B:U,2,2p43,B,A,1,X-ray,2p43,B,1,X-ray,6ETM,A,0,X-ray,0,0,NA
2p43_B-A,B:U,3,2p43,B,A,1,X-ray,2p43,B,1,X-ray,7RSA,A,1,X-ray,0,0,small molecules with 7 < n_atoms <= 15 detected
2p43_B-A,B:U,4,2p43,B,A,1,X-ray,2p43,B,1,X-ray,6ETK,A,0,X-ray,0,0,NA
4ydj_H+L-G,B:U,0,4ydj,H+L,G,2,X-ray,4ydj,H+L,2,X-ray,3TGT,A,1,X-ray,0,0,small molecules with n_atoms > 15 detected
6rvc_D-A,B:U,0,6rvc,D,A,2,X-ray,6rvc,D,2,X-ray,6DMO,A,4,EM,0,0,small molecules with 7 < n_atoms <= 15 detected
6rvc_D-A,B:U,1,6rvc,D,A,2,X-ray,6rvc,D,2,X-ray,6OEU,A,3,EM,0,0,NA
6rvc_D-A,B:U,2,6rvc,D,A,2,X-ray,6rvc,D,2,X-ray,6DMB,A,3,EM,0,0,small molecules with n_atoms > 15 detected
3zkx_C-A,B:U,0,3zkx,C,A,2,X-ray,3zkx,C,2,X-ray,3ZKI,A,2,X-ray,0,0,small molecules with n_atoms > 15 detected
3zkx_C-A,B:U,1,3zkx,C,A,2,X-ray,3zkx,C,2,X-ray,3ZKI,B,2,X-ray,0,0,small molecules with n_atoms > 15 detected
3zkx_C-A,B:U,2,3zkx,C,A,2,X-ray,3zkx,C,2,X-ray,3ZKG,A,1,X-ray,0,0,small molecules with n_atoms > 15 detected
3zkx_C-A,B:U,3,3zkx,C,A,2,X-ray,3zkx,C,2,X-ray,3ZKG,B,1,X-ray,0,0,NA
3zkx_C-A,B:U,4,3zkx,C,A,2,X-ray,3zkx,C,2,X-ray,6UJ1,A,3,X-ray,0,0,small molecules with n_atoms > 15 detected
3zkx_C-A,B:U,5,3zkx,C,A,2,X-ray,3zkx,C,2,X-ray,6UJ1,B,3,X-ray,0,0,small molecules with n_atoms > 15 detected
4r2g_Q+P-E,U:U,0,4r2g,Q+P,E,3,X-ray,4R26,H+L,2,X-ray,1WIO,A,3,X-ray,0,0,NA
4r2g_Q+P-E,U:U,1,4r2g,Q+P,E,3,X-ray,4R26,H+L,2,X-ray,1WIO,B,3,X-ray,0,0,NA
4r2g_Q+P-E,U:U,2,4r2g,Q+P,E,3,X-ray,4R26,H+L,2,X-ray,1WIQ,A,5,X-ray,0,0,NA
4r2g_Q+P-E,U:U,3,4r2g,Q+P,E,3,X-ray,4R26,H+L,2,X-ray,1WIQ,B,5,X-ray,0,0,NA
4r2g_Q+P-E,U:U,4,4r2g,Q+P,E,3,X-ray,4R26,H+L,2,X-ray,1WIP,A,4,X-ray,0,0,NA
4r2g_Q+P-E,U:U,5,4r2g,Q+P,E,3,X-ray,4R26,H+L,2,X-ray,1WIP,B,4,X-ray,0,0,NA
7duo_H+L-B,U:U,0,7duo,H+L,B,2,X-ray,7DUN,H+L,1,X-ray,2EF1,A,2,X-ray,0,0,small molecules with 7 < n_atoms <= 15 detected
7duo_H+L-B,U:U,1,7duo,H+L,B,2,X-ray,7DUN,H+L,1,X-ray,2EF1,B,2,X-ray,0,0,small molecules with 7 < n_atoms <= 15 detected
5d93_F+E-D,B:U,0,5d93,F+E,D,2,X-ray,5d93,F+E,2,X-ray,5D8I,A,2,X-ray,0,0,NA
5d93_F+E-D,B:U,1,5d93,F+E,D,2,X-ray,5d93,F+E,2,X-ray,5D8I,B,2,X-ray,0,0,NA
2p47_B-A,B:U,0,2p47,B,A,2,X-ray,2p47,B,2,X-ray,8RAT,A,1,X-ray,0,0,NA
2p47_B-A,B:U,1,2p47,B,A,2,X-ray,2p47,B,2,X-ray,6ETL,A,0,X-ray,0,0,NA
2p47_B-A,B:U,2,2p47,B,A,2,X-ray,2p47,B,2,X-ray,6ETM,A,0,X-ray,0,0,NA
2p47_B-A,B:U,3,2p47,B,A,2,X-ray,2p47,B,2,X-ray,7RSA,A,1,X-ray,0,0,small molecules with 7 < n_atoms <= 15 detected
2p47_B-A,B:U,4,2p47,B,A,2,X-ray,2p47,B,2,X-ray,6ETK,A,0,X-ray,0,0,NA
6ute_C+D-S,B:U,0,6ute,C+D,S,2,X-ray,6ute,C+D,2,X-ray,2I69,A,3,X-ray,0,0,NA
6ute_C+D-S,B:U,1,6ute,C+D,S,2,X-ray,6ute,C+D,2,X-ray,2P5P,A,2,X-ray,0,0,NA
6ute_C+D-S,B:U,2,6ute,C+D,S,2,X-ray,6ute,C+D,2,X-ray,2P5P,B,2,X-ray,0,0,NA
6ute_C+D-S,B:U,3,6ute,C+D,S,2,X-ray,6ute,C+D,2,X-ray,2P5P,C,2,X-ray,0,0,NA
6ute_C+D-S,B:U,4,6ute,C+D,S,2,X-ray,6ute,C+D,2,X-ray,2HG0,A,3,X-ray,0,0,NA
3zlq_D-B,B:U,0,3zlq,D,B,2,X-ray,3zlq,D,2,X-ray,3ZKI,A,2,X-ray,0,0,small molecules with n_atoms > 15 detected
3zlq_D-B,B:U,1,3zlq,D,B,2,X-ray,3zlq,D,2,X-ray,3ZKI,B,2,X-ray,0,0,small molecules with n_atoms > 15 detected
3zlq_D-B,B:U,2,3zlq,D,B,2,X-ray,3zlq,D,2,X-ray,3ZKG,A,1,X-ray,0,0,small molecules with n_atoms > 15 detected
3zlq_D-B,B:U,3,3zlq,D,B,2,X-ray,3zlq,D,2,X-ray,3ZKG,B,1,X-ray,0,0,NA
3zlq_D-B,B:U,4,3zlq,D,B,2,X-ray,3zlq,D,2,X-ray,6UJ1,A,3,X-ray,0,0,small molecules with n_atoms > 15 detected
3zlq_D-B,B:U,5,3zlq,D,B,2,X-ray,3zlq,D,2,X-ray,6UJ1,B,3,X-ray,0,0,small molecules with n_atoms > 15 detected
6lz2_B-A,B:U,0,6lz2,B,A,2,X-ray,6lz2,B,2,X-ray,4TZA,C,1,X-ray,0,0,NA
6lz2_B-A,B:U,1,6lz2,B,A,2,X-ray,6lz2,B,2,X-ray,4TZA,A,1,X-ray,0,0,NA
6lz2_B-A,B:U,2,6lz2,B,A,2,X-ray,6lz2,B,2,X-ray,4TZA,B,1,X-ray,0,0,NA
6lz2_B-A,B:U,3,6lz2,B,A,2,X-ray,6lz2,B,2,X-ray,4TZA,D,1,X-ray,0,0,NA
6u38_H+L-B,B:U,1,6u38,H+L,B,2,X-ray,6u38,H+L,2,X-ray,2P4E,A,1,X-ray,0,0,NA
6u38_H+L-B,B:U,3,6u38,H+L,B,2,X-ray,6u38,H+L,2,X-ray,6U26,B,1,X-ray,0,0,small molecules with n_atoms > 15 detected
6j5g_H+L-A,B:U,0,6j5g,H+L,A,3,X-ray,6j5g,H+L,3,X-ray,1SVB,A,1,X-ray,0,0,small molecules with 7 < n_atoms <= 15 detected
6qgy_D-C,B:U,0,6qgy,D,C,2,X-ray,6qgy,D,2,X-ray,6FSU,A,2,X-ray,0,0,NA
6qgy_D-C,B:U,1,6qgy,D,C,2,X-ray,6qgy,D,2,X-ray,6FSU,B,2,X-ray,0,0,NA
4z9k_B-A,B:U,0,4z9k,B,A,1,X-ray,4z9k,B,1,X-ray,4HUO,X,1,X-ray,0,0,small molecules with n_atoms > 15 detected
4z9k_B-A,B:U,1,4z9k,B,A,1,X-ray,4z9k,B,1,X-ray,6URX,A,1,X-ray,0,0,small molecules with 7 < n_atoms <= 15 detected
4z9k_B-A,B:U,2,4z9k,B,A,1,X-ray,4z9k,B,1,X-ray,4HV7,X,1,X-ray,0,0,small molecules with n_atoms > 15 detected
4z9k_B-A,B:U,3,4z9k,B,A,1,X-ray,4z9k,B,1,X-ray,4MX5,X,1,X-ray,0,0,small molecules with n_atoms > 15 detected
4z9k_B-A,B:U,4,4z9k,B,A,1,X-ray,4z9k,B,1,X-ray,6URY,A,1,X-ray,0,0,small molecules with n_atoms > 15 detected
4z9k_B-A,B:U,5,4z9k,B,A,1,X-ray,4z9k,B,1,X-ray,6URY,B,1,X-ray,0,0,NA
4lgp_B-A,B:U,0,4lgp,B,A,2,X-ray,4lgp,B,2,X-ray,4HUO,X,1,X-ray,0,0,small molecules with n_atoms > 15 detected
4lgp_B-A,B:U,1,4lgp,B,A,2,X-ray,4lgp,B,2,X-ray,6URX,A,1,X-ray,0,0,small molecules with 7 < n_atoms <= 15 detected
4lgp_B-A,B:U,2,4lgp,B,A,2,X-ray,4lgp,B,2,X-ray,4HV7,X,1,X-ray,0,0,small molecules with n_atoms > 15 detected
4lgp_B-A,B:U,3,4lgp,B,A,2,X-ray,4lgp,B,2,X-ray,4MX5,X,1,X-ray,0,0,small molecules with n_atoms > 15 detected
4lgp_B-A,B:U,4,4lgp,B,A,2,X-ray,4lgp,B,2,X-ray,6URY,A,1,X-ray,0,0,small molecules with n_atoms > 15 detected
4lgp_B-A,B:U,5,4lgp,B,A,2,X-ray,4lgp,B,2,X-ray,6URY,B,1,X-ray,0,0,NA
1pkq_G+F-J,B:U,0,1pkq,G+F,J,3,X-ray,1pkq,G+F,3,X-ray,1PKO,A,1,X-ray,0,0,NA
4olv_H+L-G,B:U,0,4olv,H+L,G,2,X-ray,4olv,H+L,2,X-ray,3TGT,A,1,X-ray,0,0,small molecules with 7 < n_atoms <= 15 detected
5otj_B+A-D,B:U,0,5otj,B+A,D,2,X-ray,5otj,B+A,2,X-ray,2LVK,A,100,UNKNOWN,0,0,NA
5otj_B+A-D,B:U,1,5otj,B+A,D,2,X-ray,5otj,B+A,2,X-ray,2LVJ,A,100,UNKNOWN,0,0,NA
5otj_B+A-D,B:U,2,5otj,B+A,D,2,X-ray,5otj,B+A,2,X-ray,2LVI,A,100,UNKNOWN,0,0,NA
2dqc_H+L-Y,B:U,0,2dqc,H+L,Y,1,X-ray,2dqc,H+L,1,X-ray,7BYP,A,1,X-ray,0,0,NA
2dqc_H+L-Y,B:U,1,2dqc,H+L,Y,1,X-ray,2dqc,H+L,1,X-ray,7CDO,A,1,X-ray,0,0,NA
2dqc_H+L-Y,B:U,2,2dqc,H+L,Y,1,X-ray,2dqc,H+L,1,X-ray,7CDM,A,1,X-ray,0,0,NA
1xgp_B+A-C,B:U,0,1xgp,B+A,C,2,X-ray,1xgp,B+A,2,X-ray,7BYP,A,1,X-ray,0,0,NA
1xgp_B+A-C,B:U,1,1xgp,B+A,C,2,X-ray,1xgp,B+A,2,X-ray,7CDO,A,1,X-ray,0,0,NA
1xgp_B+A-C,B:U,2,1xgp,B+A,C,2,X-ray,1xgp,B+A,2,X-ray,7CDM,A,1,X-ray,0,0,NA
3stb_A-D,B:U,0,3stb,A,D,2,X-ray,3stb,A,2,X-ray,4DNI,A,2,X-ray,0,0,NA
2j88_H+L-A,B:U,0,2j88,H+L,A,2,X-ray,2j88,H+L,2,X-ray,1FCQ,A,1,X-ray,0,0,NA
2j88_H+L-A,B:U,1,2j88,H+L,A,2,X-ray,2j88,H+L,2,X-ray,1FCU,A,2,X-ray,0,0,NA
2j88_H+L-A,B:U,2,2j88,H+L,A,2,X-ray,2j88,H+L,2,X-ray,1FCV,A,2,X-ray,0,0,NA
2nr6_D+C-A,B:U,0,2nr6,D+C,A,2,X-ray,2nr6,D+C,2,X-ray,1YG9,A,1,X-ray,0,0,small molecules with 7 < n_atoms <= 15 detected
5imk_B-A,B:U,0,5imk,B,A,1,X-ray,5imk,B,1,X-ray,2ICC,A,1,X-ray,0,0,NA
6obg_D-B,B:U,0,6obg,D,B,2,X-ray,6obg,D,2,X-ray,4HUO,X,1,X-ray,0,0,small molecules with n_atoms > 15 detected
6obg_D-B,B:U,1,6obg,D,B,2,X-ray,6obg,D,2,X-ray,6URX,A,1,X-ray,0,0,small molecules with 7 < n_atoms <= 15 detected
6obg_D-B,B:U,2,6obg,D,B,2,X-ray,6obg,D,2,X-ray,4HV7,X,1,X-ray,0,0,small molecules with n_atoms > 15 detected
6obg_D-B,B:U,3,6obg,D,B,2,X-ray,6obg,D,2,X-ray,4MX5,X,1,X-ray,0,0,small molecules with n_atoms > 15 detected
6obg_D-B,B:U,4,6obg,D,B,2,X-ray,6obg,D,2,X-ray,6URY,A,1,X-ray,0,0,small molecules with n_atoms > 15 detected
6obg_D-B,B:U,5,6obg,D,B,2,X-ray,6obg,D,2,X-ray,6URY,B,1,X-ray,0,0,NA
1uac_H+L-Y,B:U,0,1uac,H+L,Y,1,X-ray,1uac,H+L,1,X-ray,1TEW,A,1,X-ray,0,0,NA
1uac_H+L-Y,B:U,1,1uac,H+L,Y,1,X-ray,1uac,H+L,1,X-ray,135L,A,1,X-ray,0,0,NA
1uac_H+L-Y,B:U,2,1uac,H+L,Y,1,X-ray,1uac,H+L,1,X-ray,1LZY,A,1,X-ray,0,0,NA
1uac_H+L-Y,B:U,3,1uac,H+L,Y,1,X-ray,1uac,H+L,1,X-ray,1JSE,A,1,X-ray,0,0,NA
1uac_H+L-Y,B:U,4,1uac,H+L,Y,1,X-ray,1uac,H+L,1,X-ray,1LJN,A,1,X-ray,0,0,NA
3ngb_H+L-G,B:U,0,3ngb,H+L,G,2,X-ray,3ngb,H+L,2,X-ray,3TGT,A,1,X-ray,0,0,small molecules with 7 < n_atoms <= 15 detected
6xzw_H+L-D,B:U,0,6xzw,H+L,D,2,X-ray,6xzw,H+L,2,X-ray,3KVD,D,2,X-ray,0,0,NA
4rgm_C+B-A,B:U,0,4rgm,C+B,A,2,X-ray,4rgm,C+B,2,X-ray,3SEB,A,1,X-ray,0,0,NA
4rgm_C+B-A,B:U,1,4rgm,C+B,A,2,X-ray,4rgm,C+B,2,X-ray,1SE3,A,2,X-ray,0,0,NA
4rgm_C+B-A,B:U,2,4rgm,C+B,A,2,X-ray,4rgm,C+B,2,X-ray,1SE4,A,1,X-ray,0,0,NA
3rvv_D+C-A,U:U,0,3rvv,D+C,A,1,X-ray,3RVT,D+D,2,X-ray,3D6S,A,2,X-ray,0,0,small molecules with 7 < n_atoms <= 15 detected
3rvv_D+C-A,U:U,1,3rvv,D+C,A,1,X-ray,3RVU,D+D,2,X-ray,3D6S,A,2,X-ray,0,0,small molecules with 7 < n_atoms <= 15 detected
3rvv_D+C-A,U:U,2,3rvv,D+C,A,1,X-ray,3RVT,D+D,2,X-ray,3D6S,B,2,X-ray,0,0,small molecules with 7 < n_atoms <= 15 detected
3rvv_D+C-A,U:U,3,3rvv,D+C,A,1,X-ray,3RVU,D+D,2,X-ray,3D6S,B,2,X-ray,0,0,small molecules with 7 < n_atoms <= 15 detected
3rvv_D+C-A,U:U,4,3rvv,D+C,A,1,X-ray,3RVT,D+D,2,X-ray,3D6S,C,2,X-ray,0,0,NA
3rvv_D+C-A,U:U,5,3rvv,D+C,A,1,X-ray,3RVU,D+D,2,X-ray,3D6S,C,2,X-ray,0,0,NA
4qex_H+L-A,B:U,0,4qex,H+L,A,4,X-ray,4qex,H+L,4,X-ray,1ZRL,A,2,X-ray,0,0,NA
3skj_I+M-F,B:U,0,3skj,I+M,F,2,X-ray,3skj,I+M,2,X-ray,3FL7,A,2,X-ray,0,0,small molecules with 7 < n_atoms <= 15 detected
3skj_I+M-F,B:U,1,3skj,I+M,F,2,X-ray,3skj,I+M,2,X-ray,2X10,A,3,X-ray,0,0,small molecules with 7 < n_atoms <= 15 detected
3skj_I+M-F,B:U,2,3skj,I+M,F,2,X-ray,3skj,I+M,2,X-ray,3HPN,A,2,X-ray,0,0,NA
3skj_I+M-F,B:U,3,3skj,I+M,F,2,X-ray,3skj,I+M,2,X-ray,3HPN,B,2,X-ray,0,0,NA
3skj_I+M-F,B:U,4,3skj,I+M,F,2,X-ray,3skj,I+M,2,X-ray,3HPN,C,2,X-ray,0,0,NA
3skj_I+M-F,B:U,5,3skj,I+M,F,2,X-ray,3skj,I+M,2,X-ray,3HPN,D,2,X-ray,0,0,NA
3skj_I+M-F,B:U,6,3skj,I+M,F,2,X-ray,3skj,I+M,2,X-ray,3HPN,E,2,X-ray,0,0,NA
3skj_I+M-F,B:U,7,3skj,I+M,F,2,X-ray,3skj,I+M,2,X-ray,3HPN,F,2,X-ray,0,0,NA
5hvh_C-A,B:U,0,5hvh,C,A,3,X-ray,5hvh,C,3,X-ray,7NEE,A,2,X-ray,0,0,small molecules with n_atoms > 15 detected
4lsu_H+L-G,B:U,0,4lsu,H+L,G,2,X-ray,4lsu,H+L,2,X-ray,3TGT,A,1,X-ray,0,0,small molecules with 7 < n_atoms <= 15 detected
6wzm_A+B-E,B:U,0,6wzm,A+B,E,2,X-ray,6wzm,A+B,2,X-ray,5D14,A,1,X-ray,0,0,NA
6wzm_A+B-E,B:U,1,6wzm,A+B,E,2,X-ray,6wzm,A+B,2,X-ray,4XDX,A,0,X-ray,0,0,NA
6wzm_A+B-E,B:U,2,6wzm,A+B,E,2,X-ray,6wzm,A+B,2,X-ray,5WDZ,A,100,UNKNOWN,0,0,NA
6ofi_H+L-G,U:U,0,6ofi,H+L,G,3,X-ray,6OED,H+L,2,X-ray,4DKO,A,1,X-ray,0,0,small molecules with n_atoms > 15 detected
6ofi_H+L-G,U:U,1,6ofi,H+L,G,3,X-ray,6OED,A+B,2,X-ray,4DKO,A,1,X-ray,0,0,small molecules with n_atoms > 15 detected
6ofi_H+L-G,U:U,2,6ofi,H+L,G,3,X-ray,6OED,C+D,2,X-ray,4DKO,A,1,X-ray,0,0,small molecules with n_atoms > 15 detected
6ofi_H+L-G,U:U,3,6ofi,H+L,G,3,X-ray,6OED,H+L,2,X-ray,4DKO,C,1,X-ray,0,0,small molecules with n_atoms > 15 detected
6ofi_H+L-G,U:U,4,6ofi,H+L,G,3,X-ray,6OED,A+B,2,X-ray,4DKO,C,1,X-ray,0,0,small molecules with n_atoms > 15 detected
6ofi_H+L-G,U:U,5,6ofi,H+L,G,3,X-ray,6OED,C+D,2,X-ray,4DKO,C,1,X-ray,0,0,small molecules with n_atoms > 15 detected
6ofi_H+L-G,U:U,6,6ofi,H+L,G,3,X-ray,6OED,H+L,2,X-ray,4RZ8,A,1,X-ray,0,0,small molecules with n_atoms > 15 detected
6ofi_H+L-G,U:U,7,6ofi,H+L,G,3,X-ray,6OED,A+B,2,X-ray,4RZ8,A,1,X-ray,0,0,small molecules with n_atoms > 15 detected
6ofi_H+L-G,U:U,8,6ofi,H+L,G,3,X-ray,6OED,C+D,2,X-ray,4RZ8,A,1,X-ray,0,0,small molecules with n_atoms > 15 detected
6ofi_H+L-G,U:U,9,6ofi,H+L,G,3,X-ray,6OED,H+L,2,X-ray,4RZ8,B,1,X-ray,0,0,small molecules with n_atoms > 15 detected
6ofi_H+L-G,U:U,10,6ofi,H+L,G,3,X-ray,6OED,A+B,2,X-ray,4RZ8,B,1,X-ray,0,0,small molecules with n_atoms > 15 detected
6ofi_H+L-G,U:U,11,6ofi,H+L,G,3,X-ray,6OED,C+D,2,X-ray,4RZ8,B,1,X-ray,0,0,small molecules with n_atoms > 15 detected
6ofi_H+L-G,U:U,12,6ofi,H+L,G,3,X-ray,6OED,H+L,2,X-ray,4RZ8,C,1,X-ray,0,0,small molecules with n_atoms > 15 detected
6ofi_H+L-G,U:U,13,6ofi,H+L,G,3,X-ray,6OED,A+B,2,X-ray,4RZ8,C,1,X-ray,0,0,small molecules with n_atoms > 15 detected
6ofi_H+L-G,U:U,14,6ofi,H+L,G,3,X-ray,6OED,C+D,2,X-ray,4RZ8,C,1,X-ray,0,0,small molecules with n_atoms > 15 detected
6ofi_H+L-G,U:U,15,6ofi,H+L,G,3,X-ray,6OED,H+L,2,X-ray,4RZ8,D,1,X-ray,0,0,small molecules with n_atoms > 15 detected
6ofi_H+L-G,U:U,16,6ofi,H+L,G,3,X-ray,6OED,A+B,2,X-ray,4RZ8,D,1,X-ray,0,0,small molecules with n_atoms > 15 detected
6ofi_H+L-G,U:U,17,6ofi,H+L,G,3,X-ray,6OED,C+D,2,X-ray,4RZ8,D,1,X-ray,0,0,small molecules with n_atoms > 15 detected
6ofi_H+L-G,U:U,18,6ofi,H+L,G,3,X-ray,6OED,H+L,2,X-ray,4DVV,A,1,X-ray,0,0,small molecules with n_atoms > 15 detected
6ofi_H+L-G,U:U,19,6ofi,H+L,G,3,X-ray,6OED,A+B,2,X-ray,4DVV,A,1,X-ray,0,0,small molecules with n_atoms > 15 detected
6ofi_H+L-G,U:U,20,6ofi,H+L,G,3,X-ray,6OED,C+D,2,X-ray,4DVV,A,1,X-ray,0,0,small molecules with n_atoms > 15 detected
6ofi_H+L-G,U:U,21,6ofi,H+L,G,3,X-ray,6OED,H+L,2,X-ray,4DVV,B,1,X-ray,0,0,small molecules with n_atoms > 15 detected
6ofi_H+L-G,U:U,22,6ofi,H+L,G,3,X-ray,6OED,A+B,2,X-ray,4DVV,B,1,X-ray,0,0,small molecules with n_atoms > 15 detected
6ofi_H+L-G,U:U,23,6ofi,H+L,G,3,X-ray,6OED,C+D,2,X-ray,4DVV,B,1,X-ray,0,0,small molecules with n_atoms > 15 detected
6ofi_H+L-G,U:U,24,6ofi,H+L,G,3,X-ray,6OED,H+L,2,X-ray,4DKP,A,1,X-ray,0,0,small molecules with n_atoms > 15 detected
6ofi_H+L-G,U:U,25,6ofi,H+L,G,3,X-ray,6OED,A+B,2,X-ray,4DKP,A,1,X-ray,0,0,small molecules with n_atoms > 15 detected
6ofi_H+L-G,U:U,26,6ofi,H+L,G,3,X-ray,6OED,C+D,2,X-ray,4DKP,A,1,X-ray,0,0,small molecules with n_atoms > 15 detected
6ofi_H+L-G,U:U,27,6ofi,H+L,G,3,X-ray,6OED,H+L,2,X-ray,4DKP,C,1,X-ray,0,0,small molecules with n_atoms > 15 detected
6ofi_H+L-G,U:U,28,6ofi,H+L,G,3,X-ray,6OED,A+B,2,X-ray,4DKP,C,1,X-ray,0,0,small molecules with n_atoms > 15 detected
6ofi_H+L-G,U:U,29,6ofi,H+L,G,3,X-ray,6OED,C+D,2,X-ray,4DKP,C,1,X-ray,0,0,small molecules with n_atoms > 15 detected
6ofi_H+L-G,U:U,30,6ofi,H+L,G,3,X-ray,6OED,H+L,2,X-ray,4DKQ,A,1,X-ray,0,0,small molecules with n_atoms > 15 detected
6ofi_H+L-G,U:U,31,6ofi,H+L,G,3,X-ray,6OED,A+B,2,X-ray,4DKQ,A,1,X-ray,0,0,small molecules with n_atoms > 15 detected
6ofi_H+L-G,U:U,32,6ofi,H+L,G,3,X-ray,6OED,C+D,2,X-ray,4DKQ,A,1,X-ray,0,0,small molecules with n_atoms > 15 detected
4yk4_Z+Y-E,B:U,0,4yk4,Z+Y,E,2,X-ray,4yk4,Z+Y,2,X-ray,6CHX,A,1,X-ray,0,0,NA
4yk4_Z+Y-E,B:U,1,4yk4,Z+Y,E,2,X-ray,4yk4,Z+Y,2,X-ray,6CHX,B,1,X-ray,0,0,NA
5d96_C+B-A,B:U,0,5d96,C+B,A,2,X-ray,5d96,C+B,2,X-ray,5D8I,A,2,X-ray,0,0,NA
5d96_C+B-A,B:U,1,5d96,C+B,A,2,X-ray,5d96,C+B,2,X-ray,5D8I,B,2,X-ray,0,0,NA
3mj9_H+L-A,U:U,0,3mj9,H+L,A,2,X-ray,3MJ8,H+L,2,X-ray,3MJ6,A,2,X-ray,0,0,small molecules with 7 < n_atoms <= 15 detected
3mj9_H+L-A,U:U,1,3mj9,H+L,A,2,X-ray,3MJ8,B+A,2,X-ray,3MJ6,A,2,X-ray,0,0,small molecules with 7 < n_atoms <= 15 detected
3pnw_T+S-U,B:U,0,3pnw,T+S,U,2,X-ray,3pnw,T+S,2,X-ray,3S6W,A,1,X-ray,0,0,NA
3pnw_T+S-U,B:U,1,3pnw,T+S,U,2,X-ray,3pnw,T+S,2,X-ray,5YJ8,A,1,X-ray,0,0,small molecules with 7 < n_atoms <= 15 detected
3pnw_T+S-U,B:U,2,3pnw,T+S,U,2,X-ray,3pnw,T+S,2,X-ray,3PMT,A,1,X-ray,0,0,small molecules with 7 < n_atoms <= 15 detected
4fhb_D-A,B:U,0,4fhb,D,A,2,X-ray,4fhb,D,2,X-ray,7LVC,A,1,X-ray,0,0,small molecules with n_atoms > 15 detected
4fhb_D-A,B:U,1,4fhb,D,A,2,X-ray,4fhb,D,2,X-ray,4PSS,A,0,X-ray,0,0,small molecules with n_atoms > 15 detected
4fhb_D-A,B:U,2,4fhb,D,A,2,X-ray,4fhb,D,2,X-ray,4PSY,A,0,X-ray,0,0,small molecules with n_atoms > 15 detected
4fhb_D-A,B:U,3,4fhb,D,A,2,X-ray,4fhb,D,2,X-ray,7D6G,A,1,Multiple methods,0,0,small molecules with n_atoms > 15 detected
4fhb_D-A,B:U,4,4fhb,D,A,2,X-ray,4fhb,D,2,X-ray,4PTH,A,0,X-ray,0,0,small molecules with n_atoms > 15 detected
6i6j_C-A,B:U,0,6i6j,C,A,2,X-ray,6i6j,C,2,X-ray,6I6B,A,2,X-ray,0,0,small molecules with n_atoms > 15 detected
6gwq_B-A,B:U,0,6gwq,B,A,2,X-ray,6gwq,B,2,X-ray,7AQF,A,1,X-ray,0,0,small molecules with n_atoms > 15 detected
6gwq_B-A,B:U,1,6gwq,B,A,2,X-ray,6gwq,B,2,X-ray,7AQF,B,1,X-ray,0,0,NA
6gwq_B-A,B:U,2,6gwq,B,A,2,X-ray,6gwq,B,2,X-ray,3EOX,A,2,X-ray,0,0,NA
7n3d_H+L-C,B:U,0,7n3d,H+L,C,1,X-ray,7n3d,H+L,1,X-ray,7CDZ,A,1,X-ray,0,0,NA
7n3d_H+L-C,B:U,1,7n3d,H+L,C,1,X-ray,7n3d,H+L,1,X-ray,7CDZ,B,1,X-ray,0,0,NA
7n3d_H+L-C,B:U,2,7n3d,H+L,C,1,X-ray,7n3d,H+L,1,X-ray,7CDZ,C,1,X-ray,0,0,NA
7n3d_H+L-C,B:U,3,7n3d,H+L,C,1,X-ray,7n3d,H+L,1,X-ray,7CDZ,D,1,X-ray,0,0,NA
7n3d_H+L-C,B:U,4,7n3d,H+L,C,1,X-ray,7n3d,H+L,1,X-ray,6YI3,A,100,UNKNOWN,0,0,NA
7n3d_H+L-C,B:U,5,7n3d,H+L,C,1,X-ray,7n3d,H+L,1,X-ray,6M3M,A,2,X-ray,0,0,NA
7n3d_H+L-C,B:U,6,7n3d,H+L,C,1,X-ray,7n3d,H+L,1,X-ray,6M3M,B,2,X-ray,0,0,NA
7n3d_H+L-C,B:U,7,7n3d,H+L,C,1,X-ray,7n3d,H+L,1,X-ray,6M3M,C,2,X-ray,0,0,NA
7n3d_H+L-C,B:U,8,7n3d,H+L,C,1,X-ray,7n3d,H+L,1,X-ray,6M3M,D,2,X-ray,0,0,NA
4xak_H+L-A,B:U,0,4xak,H+L,A,2,X-ray,4xak,H+L,2,X-ray,4ZPW,R,3,X-ray,0,0,small molecules with 7 < n_atoms <= 15 detected
4xak_H+L-A,B:U,1,4xak,H+L,A,2,X-ray,4xak,H+L,2,X-ray,4ZPW,S,3,X-ray,0,0,small molecules with 7 < n_atoms <= 15 detected
5d70_H+L-A,B:U,0,5d70,H+L,A,2,X-ray,5d70,H+L,2,X-ray,2GMF,A,2,X-ray,0,0,NA
5d70_H+L-A,B:U,1,5d70,H+L,A,2,X-ray,5d70,H+L,2,X-ray,2GMF,B,2,X-ray,0,0,NA
2p48_B-A,B:U,0,2p48,B,A,2,X-ray,2p48,B,2,X-ray,8RAT,A,1,X-ray,0,0,NA
2p48_B-A,B:U,1,2p48,B,A,2,X-ray,2p48,B,2,X-ray,6ETL,A,0,X-ray,0,0,NA
2p48_B-A,B:U,2,2p48,B,A,2,X-ray,2p48,B,2,X-ray,6ETM,A,0,X-ray,0,0,NA
2p48_B-A,B:U,3,2p48,B,A,2,X-ray,2p48,B,2,X-ray,7RSA,A,1,X-ray,0,0,small molecules with 7 < n_atoms <= 15 detected
2p48_B-A,B:U,4,2p48,B,A,2,X-ray,2p48,B,2,X-ray,6ETK,A,0,X-ray,0,0,NA
4i0c_D-A,B:U,0,4i0c,D,A,1,X-ray,4i0c,D,1,X-ray,3FE0,A,1,X-ray,0,0,NA
4i0c_D-A,B:U,1,4i0c,D,A,1,X-ray,4i0c,D,1,X-ray,6LFH,X,1,X-ray,0,0,NA
4i0c_D-A,B:U,2,4i0c,D,A,1,X-ray,4i0c,D,1,X-ray,2ZIJ,A,1,X-ray,0,0,NA
4i0c_D-A,B:U,3,4i0c,D,A,1,X-ray,4i0c,D,1,X-ray,2NWD,X,1,X-ray,0,0,NA
4i0c_D-A,B:U,4,4i0c,D,A,1,X-ray,4i0c,D,1,X-ray,5LSH,A,1,X-ray,0,0,NA
7nqa_D-A,B:U,0,7nqa,D,A,2,X-ray,7nqa,D,2,X-ray,7NQ6,A,1,X-ray,0,0,small molecules with n_atoms > 15 detected
4ps4_H+L-A,B:U,0,4ps4,H+L,A,2,X-ray,4ps4,H+L,2,X-ray,1GA3,A,100,UNKNOWN,0,0,NA
5uoe_V+W-E,B:U,0,5uoe,V+W,E,3,X-ray,5uoe,V+W,3,X-ray,4IFH,A,3,X-ray,0,0,NA
5uoe_V+W-E,B:U,1,5uoe,V+W,E,3,X-ray,5uoe,V+W,3,X-ray,4IFH,B,3,X-ray,0,0,small molecules with n_atoms > 15 detected
5uoe_V+W-E,B:U,2,5uoe,V+W,E,3,X-ray,5uoe,V+W,3,X-ray,4RE9,A,2,X-ray,0,0,small molecules with n_atoms > 15 detected
5uoe_V+W-E,B:U,3,5uoe,V+W,E,3,X-ray,5uoe,V+W,3,X-ray,4RE9,B,2,X-ray,0,0,small molecules with n_atoms > 15 detected
