comp_name,type,chain_ids,candidate_pdb_id,candidate_chain_ids,assembly_id
6kyz_B+C-A,AG,A,2IN2,A,1
6kyz_E+F-D,AG,D,2IN2,A,1
6p4b_H+L-C,AB,H+L,6P4C,H+L,1
6p4b_B+A-D,AB,B+A,6P4C,H+L,1
6wps_H+L-A,AB,H+L,6WS6,A+B,1
6wps_H+L-A,AB,H+L,6WS6,C+D,2
6wps_H+L-A,AB,H+L,6WS6,E+F,3
6wps_C+D-B,AB,C+D,6WS6,B+B,1
6wps_C+D-B,AB,C+D,6WS6,D+D,2
6wps_C+D-B,AB,C+D,6WS6,F+F,3
6wps_F+G-E,AB,F+G,6WS6,B+B,1
6wps_F+G-E,AB,F+G,6WS6,D+D,2
6wps_F+G-E,AB,F+G,6WS6,F+F,3
6wpt_H+L-C,AB,H+L,6WS6,A+B,1
6wpt_H+L-C,AB,H+L,6WS6,C+D,2
6wpt_H+L-C,AB,H+L,6WS6,E+F,3
6wpt_D+E-A,AB,D+E,6WS6,A+B,1
6wpt_D+E-A,AB,D+E,6WS6,C+D,2
6wpt_D+E-A,AB,D+E,6WS6,E+F,3
2ny3_D+C-A,AB,D+C,1RZ8,B+A,1
2ny3_D+C-A,AB,D+C,1RZ8,D+C,2
3qa3_B+A-E,AG,E,4XW2,A,1
5toj_E-B,AB,E,5TP3,A,1
5toj_E-B,AB,E,5TP3,B,2
4u3x_A-B,AG,B,7CDO,A,1
4u3x_A-B,AG,B,7NKF,A,1
4u3x_A-B,AG,B,7AC2,A,1
6hga_H+L-B,AB,H+L,6HGU,A+B,1
6hga_H+L-B,AB,H+L,6HGU,H+L,2
5bk2_C+D-B,AG,B,5ZCA,A,1
5bk2_C+D-B,AG,B,6ZIS,A,1
5bk2_C+D-B,AG,B,4PE2,A,1
5bk2_C+D-B,AG,B,5B3Y,A,1
5bk2_C+D-B,AG,B,6ZHO,A,1
6bdz_H+L-A,AG,A,6BE6,A,1
6bdz_H+L-A,AG,A,6BE6,B,2
6bdz_H+L-A,AG,A,6BE6,C,3
6bdz_H+L-A,AG,A,6BE6,D,4
5wdu_U+V-R,AB,U+V,4TOY,L+L,1
3x3f_H+L-A,AB,H+L,3X3G,H+L,1
4w2o_A-B,AB,A,6APQ,A,1
3pnw_W+V-X,AG,X,5YJ8,A,1
3pnw_W+V-X,AG,X,3S6W,A,1
3pnw_W+V-X,AG,X,3PMT,A,1
7lq7_T+U-B,AB,T+U,7JMX,H+L,1
7lq7_P+Q-A,AB,P+Q,7JMX,H+L,1
7lq7_y+z-E,AB,y+z,7JMX,H+L,1
7o0s_A-B,AG,B,7NWJ,A,1
4xx1_H+L-A,AG,A,4X96,A,1
4xx1_H+L-A,AG,A,4X96,B,2
4xx1_H+L-A,AG,A,4X96,C,3
4xx1_H+L-A,AG,A,4X96,D,4
4xx1_H+L-A,AG,A,5TXF,A,1
4xx1_H+L-A,AG,A,5TXF,B,2
4xx1_H+L-A,AG,A,5TXF,C,3
4xx1_H+L-A,AG,A,5TXF,D,4
4xx1_H+L-A,AG,A,6MVD,A,1
4xx1_H+L-A,AG,A,6MVD,B,2
7mxl_J+K-C,AG,C,4A87,A,1
7mxl_J+K-C,AG,C,4BTZ,A,1
7mxl_J+K-C,AG,C,4A83,A,1
7mxl_J+K-C,AG,C,4A80,A,1
7mxl_J+K-C,AG,C,4A85,A,1
6wj1_J+K-D+C,AB,J+K,6WJ0,L+L,1
6ul6_C-A,AG,A,3V0C,A,1
2ny0_D+C-A,AB,D+C,1RZ8,B+A,1
2ny0_D+C-A,AB,D+C,1RZ8,D+C,2
4n1c_B-C,AG,C,7BYP,A,1
4n1c_B-C,AG,C,7CDO,A,1
4n1c_B-C,AG,C,7CDM,A,1
1g6v_K-A,AB,K,1F2X,K,1
1g6v_K-A,AB,K,1F2X,L,2
1g6v_K-A,AG,A,6OE0,A,1
1g6v_K-A,AG,A,4FU5,A,1
1g6v_K-A,AG,A,4FPT,A,1
1g6v_K-A,AG,A,6T4O,A,1
1g6v_K-A,AG,A,6S9Z,A,1
6nb6_I+M-B,AB,I+M,6NB8,H+L,1
5dup_H+L-A,AG,A,5DUT,A,1
5fhc_A+B-J,AB,A+B,5FHB,H+L,1
5fhc_A+B-J,AG,J,2LCY,A,1
6nip_H+L-Z,AB,H+L,6MTX,H+L,1
3ulu_D+C-A,AB,D+C,3ULS,H+L,1
3ulu_D+C-A,AB,D+C,3ULS,B+A,2
3ulu_D+C-A,AG,A,1ZIW,A,1
3ulu_D+C-A,AG,A,2A0Z,A,1
1vfb_B+A-C,AB,B+A,1VFA,B+A,1
1vfb_B+A-C,AG,C,7BYP,A,1
1vfb_B+A-C,AG,C,7CDO,A,1
1vfb_B+A-C,AG,C,7CDM,A,1
2p42_D-C,AG,C,8RAT,A,1
2p42_D-C,AG,C,6ETL,A,1
2p42_D-C,AG,C,6ETM,A,1
2p42_D-C,AG,C,7RSA,A,1
2p42_D-C,AG,C,6ETK,A,1
6rp8_h+l-c,AG,c,1AH1,A,1
3hi6_H+L-A,AB,H+L,3HI5,H+L,1
6awo_B+C-A,AB,B+C,5I66,A+B,1
6pzw_F+E-C,AB,F+E,6PZH,H+L,1
6pzw_F+E-C,AB,F+E,6PZH,B+A,2
3k74_B-A,AG,A,7LVC,A,1
3k74_B-A,AG,A,4PSS,A,1
3k74_B-A,AG,A,4PSY,A,1
3k74_B-A,AG,A,7D6G,A,1
3k74_B-A,AG,A,4PTH,A,1
6mfp_H+L-G,AB,H+L,6MFJ,L+L,1
6mfp_H+L-G,AB,H+L,6MFJ,B+B,2
3opz_I+M-B,AG,B,1MS1,A,1
3opz_I+M-B,AG,B,1MS1,B,2
3opz_I+M-B,AG,B,2AH2,A,1
3opz_I+M-B,AG,B,1MS9,A,1
3opz_I+M-B,AG,B,1MS9,B,2
3opz_I+M-B,AG,B,1MS3,A,1
3opz_I+M-B,AG,B,1MS3,B,2
3opz_I+M-B,AG,B,3B69,A,1
6s3t_N+M-A,AB,N+M,6RNN,H+L,1
6s3t_N+M-A,AB,N+M,6RNN,D+C,2
6s3t_N+M-A,AG,A,6RUX,A,1
6s3t_N+M-A,AG,A,6RUX,B,2
6s3t_N+M-A,AG,A,6RUX,C,3
6s3t_N+M-A,AG,A,6RQG,A,1
6s3t_N+M-A,AG,A,6RQG,B,2
6s3t_N+M-A,AG,A,6RQG,C,3
7lue_J+N-C,AB,J+N,7LUD,H+L,1
7lue_J+N-C,AB,J+N,7LUD,A+B,2
5x0t_A+B-E,AB,A+B,5X4G,A+B,1
6tyl_H-F,AB,H,4N0E,A,1
6tyl_H-F,AB,H,4N0D,A,1
6tyl_H-F,AB,H,2ZJY,A,1
6tyl_H-F,AB,H,1CIP,A,1
6nb7_H+L-A,AB,H+L,6NB8,L+L,1
4w2q_G-H,AB,G,4W2P,A,1
4w2q_G-H,AB,G,4W2P,B,2
4w2q_G-H,AB,G,4W2P,C,3
4w2q_G-H,AB,G,4W2P,D,4
6vmj_F+E-Y,AG,Y,6FTY,A,1
6vmj_F+E-Y,AG,Y,6FUT,A,1
6vmj_F+E-Y,AG,Y,6FUI,A,1
6vmj_F+E-Y,AG,Y,6QMT,A,1
6vmj_F+E-Y,AG,Y,6QMT,B,2
6vmj_F+E-Y,AG,Y,6FUH,A,1
6h3t_I+M-B,AG,B,6H3S,B,1
6h3t_I+M-B,AG,B,6H3S,A,2
5uoe_M+N-B,AG,B,4IFH,A,2
5uoe_M+N-B,AG,B,4IFH,B,3
5uoe_M+N-B,AG,B,4RE9,A,1
5uoe_M+N-B,AG,B,4RE9,B,2
7r8m_H+L-B,AB,H+L,7N3E,H+L,1
6pz8_C+G-J,AB,C+G,6PXG,A+B,1
6pz8_C+G-J,AB,C+G,6PXG,C+D,2
6pz8_C+G-J,AB,C+G,6PXG,E+F,3
2x89_A-D,AG,D,2XKU,A,1
4kro_B-A,AB,B,4KRN,A,1
4i2x_D+C-F,AB,D+C,3DIF,B+A,1
4i2x_D+C-F,AB,D+C,3DIF,D+C,2
5ovw_I-B,AG,B,1N2Z,A,1
5ovw_I-B,AG,B,1N2Z,B,2
4ut6_I+M-B,AG,B,4UTC,A,1
4ut6_I+M-B,AG,B,4UTC,B,2
5m14_C-A,AG,A,5B3Y,A,1
5m14_C-A,AG,A,6ZHO,A,1
5m14_C-A,AG,A,6ZIS,A,1
5m14_C-A,AG,A,5ZCA,A,1
5m14_C-A,AG,A,7MQ7,A,1
5wth_E+D-B,AB,E+D,5WTG,B+A,1
5wth_E+D-B,AB,E+D,5WTG,D+C,2
4n1e_A-I,AG,I,7BYP,A,1
4n1e_A-I,AG,I,7CDO,A,1
4n1e_A-I,AG,I,7CDM,A,1
4dn4_H+L-M,AB,H+L,4DN3,H+L,1
4dn4_H+L-M,AG,M,1DOL,A,1
5toj_F-C,AB,F,5TP3,A,1
5toj_F-C,AB,F,5TP3,B,2
5mev_H+L-A,AG,A,6FS1,A,1
5mev_H+L-A,AG,A,6FS1,B,2
5mev_H+L-A,AG,A,5KU9,A,1
5mev_H+L-A,AG,A,5KU9,B,2
1mel_A-L,AG,L,7BYP,A,1
1mel_A-L,AG,L,7CDO,A,1
1mel_A-L,AG,L,7CDM,A,1
4i13_B-A,AG,A,7LVC,A,1
4i13_B-A,AG,A,4PSS,A,1
4i13_B-A,AG,A,4PSY,A,1
4i13_B-A,AG,A,7D6G,A,1
4i13_B-A,AG,A,4PTH,A,1
3iu3_A+B-K,AB,A+B,1MIM,H+L,1
3iu3_A+B-K,AG,K,6VWU,A,1
6obe_B-A,AG,A,4HUO,X,1
6obe_B-A,AG,A,6URX,A,1
6obe_B-A,AG,A,4HV7,X,1
6obe_B-A,AG,A,4MX5,X,1
6obe_B-A,AG,A,6URY,A,1
6obe_B-A,AG,A,6URY,B,2
5vjq_C+D-J,AG,J,5V8G,A,1
6wty_H+I-G,AG,G,5W53,A,1
6wty_H+I-G,AG,G,5W53,B,2
4m5z_H+L-A,AB,H+L,4M5Y,H+L,1
4m5z_H+L-A,AB,H+L,4M5Y,I+M,2
1jps_H+L-T,AB,H+L,1JPT,H+L,1
1jps_H+L-T,AG,T,1TFH,A,1
1jps_H+L-T,AG,T,1TFH,B,2
4uao_C+B-A,AG,A,4UV6,A,1
4uao_C+B-A,AG,A,4UV6,B,2
2dqi_H+L-Y,AG,Y,7BYP,A,1
2dqi_H+L-Y,AG,Y,7CDO,A,1
2dqi_H+L-Y,AG,Y,7CDM,A,1
3csy_E+F-L+K,AB,E+F,3INU,H+L,1
3csy_E+F-L+K,AB,E+F,3INU,M+N,2
4n1e_B-I,AG,I,7BYP,A,1
4n1e_B-I,AG,I,7CDO,A,1
4n1e_B-I,AG,I,7CDM,A,1
6rcv_J+I-F,AB,J+I,6RCS,A+B,1
5e5m_D-C,AG,C,5E56,A,1
6mvl_H+L-A,AG,A,6OIL,A,1
6k69_A-B,AB,A,3LRG,A,1
6k69_A-B,AB,A,3LRG,B,2
3ogo_G-B,AG,B,5N9O,A,1
3ogo_G-B,AG,B,4EUL,A,1
3ogo_G-B,AG,B,2Y0G,A,1
3ogo_G-B,AG,B,6YLQ,A,1
3ogo_G-B,AG,B,7FBS,A,1
6pxh_C+D-A,AB,C+D,6PXG,A+B,1
6pxh_C+D-A,AB,C+D,6PXG,C+D,2
6pxh_C+D-A,AB,C+D,6PXG,E+F,3
6pxh_C+D-A,AG,A,5X4R,A,1
6pxh_C+D-A,AG,A,5VYH,A,1
6dc5_H+I-G,AB,H+I,6DC4,H+L,1
3so3_C+B-A,AG,A,6T9T,A,1
3so3_C+B-A,AG,A,3NCL,A,1
5mvz_H+L-U,AG,U,5R7W,A,1
5mvz_H+L-U,AG,U,5R8F,A,1
5mvz_H+L-U,AG,U,5R8P,A,1
5mvz_H+L-U,AG,U,6Y8M,A,1
5mvz_H+L-U,AG,U,6Y8I,A,1
5bo1_I+M-A,AG,A,4CC0,A,1
5bo1_I+M-A,AG,A,4CC0,B,2
5bo1_I+M-A,AG,A,4CBZ,A,1
5bo1_I+M-A,AG,A,4CBZ,B,2
5bo1_I+M-A,AG,A,2VJ2,A,1
5bo1_I+M-A,AG,A,2VJ2,B,2
5bo1_I+M-A,AG,A,4CC1,A,1
5bo1_I+M-A,AG,A,4CC1,B,2
4om1_H+L-G,AG,G,3TGT,A,1
1ic5_H+L-Y,AG,Y,7BYP,A,1
1ic5_H+L-Y,AG,Y,7CDO,A,1
1ic5_H+L-Y,AG,Y,7CDM,A,1
6ye3_D+E-F,AG,F,1PW6,A,1
6ye3_D+E-F,AG,F,1PW6,B,2
6ye3_D+E-F,AG,F,1M4C,A,1
6ye3_D+E-F,AG,F,1M4C,B,2
6ye3_D+E-F,AG,F,1M49,A,1
6ye3_D+E-F,AG,F,1M49,B,2
6ye3_D+E-F,AG,F,1M47,A,1
6ye3_D+E-F,AG,F,1M48,A,1
6ye3_D+E-F,AG,F,1M48,B,2
1g7i_B+A-C,AG,C,7BYP,A,1
1g7i_B+A-C,AG,C,7CDO,A,1
1g7i_B+A-C,AG,C,7CDM,A,1
4jre_H+L-D,AG,D,4U4T,A,1
4jre_H+L-D,AG,D,4U4W,A,1
4jre_H+L-D,AG,D,4U4W,B,2
4jre_H+L-D,AG,D,4U4V,A,1
6i9i_H+L-D,AG,D,6F8P,A,1
6wty_K+L-J,AG,J,5W53,A,1
6wty_K+L-J,AG,J,5W53,B,2
3sqo_H+L-A,AG,A,2P4E,P,1
3sqo_H+L-A,AG,A,2P4E,A,2
3sqo_H+L-A,AG,A,6U26,A,1
3sqo_H+L-A,AG,A,6U26,B,2
5y9j_H+L-A,AB,H+L,5Y9K,H+L,1
5y9j_H+L-A,AG,A,4ZCH,A,1
5y9j_H+L-A,AG,A,4ZCH,B,2
6a77_H+L-A,AB,H+L,6A76,H+L,1
4yga_B-A,AG,A,3I7B,A,1
4yga_B-A,AG,A,3HX4,A,1
4yga_B-A,AG,A,4JBV,A,1
4yga_B-A,AG,A,3NYV,A,1
4yga_B-A,AG,A,3V51,A,1
6cm3_O+N-E,AB,O+N,1RZ8,B+A,1
6cm3_O+N-E,AB,O+N,1RZ8,D+C,2
7k8s_H+L-A,AB,H+L,7K8O,H+L,1
4m8q_A+B-S,AB,A+B,4LRN,H+L,1
5ggv_H+L-Y,AB,H+L,5GGU,H+L,1
5ggv_H+L-Y,AB,H+L,5GGU,A+B,2
2vh5_H+L-R,AG,R,3OIV,A,1
2vh5_H+L-R,AG,R,4EFM,A,1
2vh5_H+L-R,AG,R,1RVD,A,1
2vh5_H+L-R,AG,R,3OIW,A,1
7chz_H+L-I,AG,I,5R7W,A,1
7chz_H+L-I,AG,I,5R8F,A,1
7chz_H+L-I,AG,I,5R8P,A,1
7chz_H+L-I,AG,I,6Y8M,A,1
7chz_H+L-I,AG,I,6Y8I,A,1
4cmh_B+C-A,AG,A,1ZVM,A,1
4cmh_B+C-A,AG,A,1ZVM,B,2
4cmh_B+C-A,AG,A,1ZVM,C,3
4cmh_B+C-A,AG,A,1ZVM,D,4
4cmh_B+C-A,AG,A,6EDR,A,1
4cmh_B+C-A,AG,A,6EDR,B,2
4cmh_B+C-A,AG,A,4XJS,A,1
4cmh_B+C-A,AG,A,6VUA,A,1
4cmh_B+C-A,AG,A,6VUA,B,2
6ni2_H+L-B,AG,B,1ZSH,A,1
6ni2_H+L-B,AG,B,1G4R,A,1
6ni2_H+L-B,AG,B,1G4M,A,1
6ni2_H+L-B,AG,B,1G4M,B,2
6ni2_H+L-B,AG,B,2WTR,A,1
6ni2_H+L-B,AG,B,1JSY,A,1
5fhc_H+L-K,AB,H+L,5FHA,H+L,1
5o2u_D-C,AG,C,4IPY,A,2
5o2u_D-C,AG,C,4IPY,B,3
5o2u_D-C,AG,C,4IPY,C,4
5o2u_D-C,AG,C,4IPY,D,5
4s1r_H+L-G,AG,G,3TGT,A,1
6e5p_3+4-E,AB,3+4,3OAY,H+K,1
6e5p_3+4-E,AB,3+4,3OAY,M+L,2
6e5p_3+4-E,AB,3+4,3OAZ,H+K,1
6e5p_3+4-E,AB,3+4,3OAZ,M+L,2
5njd_T+S-G+F,AB,T+S,5N2K,B+A,1
5njd_T+S-G+F,AB,T+S,5N2K,D+C,2
5njd_T+S-G+F,AB,T+S,5N2K,F+E,3
5njd_T+S-G+F,AB,T+S,5N2K,H+G,4
5njd_T+S-G+F,AB,T+S,5N2K,J+I,5
5njd_T+S-G+F,AB,T+S,5N2K,L+K,6
5njd_T+S-G+F,AB,T+S,5N2K,N+M,7
3sob_H+L-B,AG,B,3S94,A,1
3sob_H+L-B,AG,B,3S94,B,2
3sob_H+L-B,AG,B,4DG6,A,1
3eoa_H+L-I,AB,H+L,3EO9,H+L,1
3eoa_H+L-I,AG,I,1ZON,A,1
3eoa_H+L-I,AG,I,1RD4,A,1
3eoa_H+L-I,AG,I,1RD4,B,2
3eoa_H+L-I,AG,I,1RD4,C,3
3eoa_H+L-I,AG,I,1RD4,D,4
4q6i_H+L-C,AG,C,1WIO,A,1
4q6i_H+L-C,AG,C,1WIO,B,2
4q6i_H+L-C,AG,C,1CDJ,A,1
4q6i_H+L-C,AG,C,1WIP,A,1
4q6i_H+L-C,AG,C,1WIP,B,2
6x07_B-A,AG,A,2QX5,A,1
6x07_B-A,AG,A,2QX5,B,2
6x07_B-A,AG,A,2RFO,A,1
6x07_B-A,AG,A,2RFO,B,2
3nps_B+C-A,AG,A,6T9T,A,1
3nps_B+C-A,AG,A,3NCL,A,1
3opz_J+N-C,AG,C,1MS1,A,1
3opz_J+N-C,AG,C,1MS1,B,2
3opz_J+N-C,AG,C,2AH2,A,1
3opz_J+N-C,AG,C,1MS9,A,1
3opz_J+N-C,AG,C,1MS9,B,2
3opz_J+N-C,AG,C,1MS3,A,1
3opz_J+N-C,AG,C,1MS3,B,2
3opz_J+N-C,AG,C,3B69,A,1
1s78_F+E-B,AB,F+E,1L7I,H+L,1
6fyu_I-H+G,AG,H+G,4LN8,B+A,2
6fyu_I-H+G,AG,H+G,4LN8,D+C,3
6fyu_I-H+G,AG,H+G,4LN8,F+E,4
6fyu_I-H+G,AG,H+G,4LN8,H+G,6
6fyu_I-H+G,AG,H+G,4LN8,J+I,7
6fyu_I-H+G,AG,H+G,4LN8,L+K,8
6fyu_I-H+G,AG,H+G,4LN6,B+A,2
6fyu_I-H+G,AG,H+G,4LN6,D+C,3
6fyu_I-H+G,AG,H+G,4LN6,F+E,4
6fyu_I-H+G,AG,H+G,4LN6,H+G,6
6fyu_I-H+G,AG,H+G,4LN6,J+I,7
6fyu_I-H+G,AG,H+G,4LN6,L+K,8
6k64_A-C,AB,A,3LRG,A,1
6k64_A-C,AB,A,3LRG,B,2
6qgy_B-A,AG,A,6FSU,A,1
6qgy_B-A,AG,A,6FSU,B,2
5k9o_H+L-I,AG,I,3UYW,A,1
5k9o_H+L-I,AG,I,3UYW,B,2
5k9o_H+L-I,AG,I,3UYW,C,3
5k9o_H+L-I,AG,I,3UYW,D,4
4n1e_C-J,AG,J,7BYP,A,1
4n1e_C-J,AG,J,7CDO,A,1
4n1e_C-J,AG,J,7CDM,A,1
4xnz_H+L-G,AG,G,3TGT,A,1
5vl3_H+L-Q,AB,H+L,5VKK,H+L,1
5vl3_H+L-Q,AB,H+L,5VKK,A+B,2
2nyy_D+C-A,AG,A,3BTA,A,1
1rzk_H+L-G,AB,H+L,1RZ8,B+A,1
1rzk_H+L-G,AB,H+L,1RZ8,D+C,2
5boz_I-C,AG,C,4HUO,X,1
5boz_I-C,AG,C,6URX,A,1
5boz_I-C,AG,C,4HV7,X,1
5boz_I-C,AG,C,4MX5,X,1
5boz_I-C,AG,C,6URY,A,1
5boz_I-C,AG,C,6URY,B,2
5m30_D-B,AB,D,5M2W,A,1
5m30_D-B,AB,D,5M2W,B,2
5m30_D-B,AG,B,5M2Y,A,1
5m30_D-B,AG,B,5M2Y,B,2
6uc6_C-A,AG,A,1G9A,A,1
6uc6_C-A,AG,A,1S0D,A,1
6uc6_C-A,AG,A,1G9D,A,1
6uc6_C-A,AG,A,1S0E,A,1
6uc6_C-A,AG,A,1EPW,A,1
4m3k_B-A,AB,B,4M3J,A,1
4m3k_B-A,AB,B,4M3J,B,2
6u36_H+L-B,AG,B,2P4E,P,1
6u36_H+L-B,AG,B,2P4E,A,2
6u36_H+L-B,AG,B,6U26,A,1
6u36_H+L-B,AG,B,6U26,B,2
5cbe_C+D-F,AG,F,6VGJ,A,1
5cbe_C+D-F,AG,F,6VGJ,B,2
5cbe_C+D-F,AG,F,6VGJ,C,3
5cbe_C+D-F,AG,F,6VGJ,D,4
5cbe_C+D-F,AG,F,6VGJ,E,5
5cbe_C+D-F,AG,F,6VGJ,F,6
5cbe_C+D-F,AG,F,6VGJ,G,7
5cbe_C+D-F,AG,F,7JNY,A,1
3pnw_B+A-C,AG,C,3S6W,A,1
6wty_B+C-A,AG,A,5W53,A,1
6wty_B+C-A,AG,A,5W53,B,2
4iof_E+F-B,AG,B,4IFH,A,2
4iof_E+F-B,AG,B,4IFH,B,3
4iof_E+F-B,AG,B,4RE9,A,1
4iof_E+F-B,AG,B,4RE9,B,2
6jep_H+L-E,AG,E,5OMZ,A,1
5n88_A-D,AG,D,6EMQ,A,1
5n88_A-D,AG,D,6EMO,A,1
4yc2_B+C-A,AB,B+C,3TNM,H+L,1
4yc2_B+C-A,AB,B+C,3TNM,A+B,2
4rfo_H+L-G,AG,G,4DKO,A,1
4rfo_H+L-G,AG,G,4DKO,C,2
4rfo_H+L-G,AG,G,4RZ8,A,1
4rfo_H+L-G,AG,G,4RZ8,B,2
4rfo_H+L-G,AG,G,4RZ8,C,3
4rfo_H+L-G,AG,G,4RZ8,D,4
4rfo_H+L-G,AG,G,4DVV,A,1
4rfo_H+L-G,AG,G,4DVV,B,2
4rfo_H+L-G,AG,G,4DKP,A,1
4rfo_H+L-G,AG,G,4DKP,C,2
4rfo_H+L-G,AG,G,4DKQ,A,1
6sge_D-A,AG,A,6HXU,A,1
1bzq_K-D,AG,D,8RAT,A,1
1bzq_K-D,AG,D,6ETL,A,1
1bzq_K-D,AG,D,6ETM,A,1
1bzq_K-D,AG,D,7RSA,A,1
1bzq_K-D,AG,D,6ETK,A,1
6dc5_B+C-A,AB,B+C,6DC4,H+L,1
7o7f_H+F-A+B,AB,H+F,6QNK,B+B,1
7o7f_H+F-A+B,AB,H+F,6QNK,D+D,2
5njd_N+M-K,AB,N+M,5N2K,B+A,1
5njd_N+M-K,AB,N+M,5N2K,D+C,2
5njd_N+M-K,AB,N+M,5N2K,F+E,3
5njd_N+M-K,AB,N+M,5N2K,H+G,4
5njd_N+M-K,AB,N+M,5N2K,J+I,5
5njd_N+M-K,AB,N+M,5N2K,L+K,6
5njd_N+M-K,AB,N+M,5N2K,N+M,7
5njd_N+M-K,AG,K,1F42,A,1
7kdm_C-B+A,AG,B+A,3RTI,B+A,1
5w9p_D+E-B,AB,D+E,5VZR,L+L,1
5w9p_D+E-B,AB,D+E,5VZR,B+B,2
5hgg_T-A,AB,T,5HDO,A,1
5hgg_T-A,AB,T,5HDO,B,2
5hgg_T-A,AB,T,5HDO,C,3
5hgg_T-A,AB,T,5HDO,D,4
5hgg_T-A,AG,A,5ZAJ,U,1
5hgg_T-A,AG,A,6AG2,U,1
5hgg_T-A,AG,A,6AG9,U,1
5hgg_T-A,AG,A,5ZA7,U,1
5hgg_T-A,AG,A,6AG7,U,1
4lhj_B-A,AG,A,4HUO,X,1
4lhj_B-A,AG,A,6URX,A,1
4lhj_B-A,AG,A,4HV7,X,1
4lhj_B-A,AG,A,4MX5,X,1
4lhj_B-A,AG,A,6URY,A,1
4lhj_B-A,AG,A,6URY,B,2
5hys_A+B-G,AB,A+B,2XA8,H+L,1
5hys_A+B-G,AB,A+B,4X7T,H+L,1
5hys_A+B-G,AB,A+B,4X7T,A+B,2
5hys_A+B-G,AB,A+B,6TCN,H+L,1
5hys_A+B-G,AB,A+B,6TCN,B+A,2
5hys_A+B-G,AB,A+B,6TCM,H+L,1
5n0a_H+L-A,AB,H+L,4UT7,H+L,1
6gk4_E-D,AG,D,5TFI,A,1
6gk4_E-D,AG,D,5TFF,A,1
6gk4_E-D,AG,D,5TF7,A,1
6gk4_E-D,AG,D,5TFG,A,1
6gk4_E-D,AG,D,5TFB,A,1
2vis_B+A-C,AB,B+A,1GIG,H+L,1
5gxb_B-A,AG,A,4ZYR,A,1
5gxb_B-A,AG,A,4ZYR,B,2
4aei_H+L-A,AG,A,1PTX,A,1
4aei_H+L-A,AG,A,1AHO,A,1
7k8s_O+P-B,AB,O+P,7K8O,H+L,1
7jva_H+L-A,AB,H+L,7JXD,A+B,1
7jva_H+L-A,AB,H+L,7JXD,C+D,2
5mes_H+L-A,AG,A,6FS1,A,1
5mes_H+L-A,AG,A,6FS1,B,2
5mes_H+L-A,AG,A,5KU9,A,1
5mes_H+L-A,AG,A,5KU9,B,2
5i73_B+C-A,AB,B+C,5I66,A+B,1
1ic7_H+L-Y,AG,Y,7BYP,A,1
1ic7_H+L-Y,AG,Y,7CDO,A,1
1ic7_H+L-Y,AG,Y,7CDM,A,1
5w4l_D+E-G,AG,G,4DKO,A,1
5w4l_D+E-G,AG,G,4DKO,C,2
5w4l_D+E-G,AG,G,4RZ8,A,1
5w4l_D+E-G,AG,G,4RZ8,B,2
5w4l_D+E-G,AG,G,4RZ8,C,3
5w4l_D+E-G,AG,G,4RZ8,D,4
5w4l_D+E-G,AG,G,4DVV,A,1
5w4l_D+E-G,AG,G,4DVV,B,2
5w4l_D+E-G,AG,G,4DKP,A,1
5w4l_D+E-G,AG,G,4DKP,C,2
5w4l_D+E-G,AG,G,4DKQ,A,1
6did_K+E-G+J,AB,K+E,6CJK,B+A,1
6did_K+E-G+J,AB,K+E,6CJK,D+C,2
6did_K+E-G+J,AG,G+J,6CJK,A+B,1
6did_K+E-G+J,AG,G+J,6CJK,C+D,2
7lue_H+L-A,AB,H+L,7LUD,L+L,1
7lue_H+L-A,AB,H+L,7LUD,B+B,2
4ut9_J+N-D,AG,D,4UTC,A,1
4ut9_J+N-D,AG,D,4UTC,B,2
6gwp_B-A,AG,A,7AQF,A,1
6gwp_B-A,AG,A,7AQF,B,2
6gwp_B-A,AG,A,3EOX,A,1
5e7f_B-H,AB,B,5E7B,A,1
4xnz_B+C-A,AG,A,3TGT,A,1
6iut_H+L-A,AG,A,5DUT,A,1
4l5f_H+L-E,AG,E,3IRC,A,1
2eks_B+A-C,AG,C,7BYP,A,1
2eks_B+A-C,AG,C,7CDO,A,1
2eks_B+A-C,AG,C,7CDM,A,1
3nfp_H+L-I,AB,H+L,3NFS,H+L,1
3nfp_H+L-I,AG,I,6VWU,A,1
4jan_A+B-I,AB,A+B,4JAM,H+L,1
4jan_A+B-I,AB,A+B,4JAM,A+B,2
3jcx_H+L-A,AB,H+L,3IY6,B+A,1
6obo_D-B,AG,B,4HUO,X,1
6obo_D-B,AG,B,6URX,A,1
6obo_D-B,AG,B,4HV7,X,1
6obo_D-B,AG,B,4MX5,X,1
6obo_D-B,AG,B,6URY,A,1
6obo_D-B,AG,B,6URY,B,2
4w2o_G-H,AB,G,6APQ,A,1
4yzf_E+F-A,AB,E+F,5A16,G+H,1
4yzf_E+F-A,AB,E+F,5A16,C+D,2
4yzf_E+F-A,AB,E+F,5A16,E+F,3
4yzf_E+F-A,AB,E+F,5A16,A+B,4
7lvw_K-F,AB,K,7LVU,A,1
7lvw_K-F,AB,K,7LVU,B,2
7lvw_K-F,AB,K,7LVU,C,3
7lvw_K-F,AB,K,7LVU,D,4
4ki5_E+F-M,AG,M,3HNY,M,1
4ki5_E+F-M,AG,M,6MF2,A,1
4ki5_E+F-M,AG,M,3HOB,M,1
4ki5_E+F-M,AG,M,3HOB,A,2
4ki5_E+F-M,AG,M,6MF0,A,2
4ki5_E+F-M,AG,M,3HNB,M,1
5e5m_B-A,AG,A,5E56,A,1
5f21_B-A,AG,A,4F46,A,1
5f21_B-A,AG,A,4F46,B,2
5f21_B-A,AG,A,3DZI,A,1
5f21_B-A,AG,A,3DZI,B,2
5f21_B-A,AG,A,3I9M,A,1
5f21_B-A,AG,A,3I9M,B,2
5f21_B-A,AG,A,3U4H,A,1
5f21_B-A,AG,A,3U4H,B,2
5f21_B-A,AG,A,3DZK,A,1
5f21_B-A,AG,A,3DZK,B,2
5h37_K+L-B,AG,B,5OMZ,A,1
6y90_C+D-B,AB,C+D,4KAQ,H+L,1
5l0q_C+B-A,AG,A,2AO7,A,1
7ahu_B+A-E+F,AG,E+F,4Y71,A+B,1
7ahu_B+A-E+F,AG,E+F,4ZH8,A+B,1
7ahu_B+A-E+F,AG,E+F,4Y7A,A+B,1
7ahu_B+A-E+F,AG,E+F,4Y6D,A+B,1
7ahu_B+A-E+F,AG,E+F,4ZHA,A+B,1
5tud_F+E-D,AG,D,6DRX,A,1
5tud_F+E-D,AG,D,5YM7,A,1
5tud_F+E-D,AG,D,4IB4,A,1
5tud_F+E-D,AG,D,4NC3,A,1
5tud_F+E-D,AG,D,1M6T,A,1
5njg_E+F-A,AB,E+F,5NIV,B+A,1
4r4n_F+G-E,AB,F+G,4R4B,H+L,1
4r4n_F+G-E,AB,F+G,4R4B,B+A,2
4r4n_F+G-E,AB,F+G,4R4B,D+C,3
4r4n_F+G-E,AB,F+G,4R4B,F+E,4
7nfd_D+C-B,AB,D+C,5NIV,B+B,1
5v8l_J+N-A,AB,J+N,3U1S,H+L,1
6um5_C+D-A,AB,C+D,5U15,A+B,1
6um5_C+D-A,AB,C+D,5U15,H+L,2
4d9r_H+L-A,AG,A,6FTY,A,1
4d9r_H+L-A,AG,A,6FUT,A,1
4d9r_H+L-A,AG,A,6FUI,A,1
4d9r_H+L-A,AG,A,6QMT,A,1
4d9r_H+L-A,AG,A,6QMT,B,2
4d9r_H+L-A,AG,A,6FUH,A,1
6u51_A-D,AB,A,6U50,C,1
7bts_B-A,AG,A,7BVQ,A,1
7bts_B-A,AG,A,7BVQ,B,2
5w9m_B+C-A,AB,B+C,5VZR,H+L,1
5w9m_B+C-A,AB,B+C,5VZR,A+B,2
6ul4_B-A,AG,A,1G9A,A,1
6ul4_B-A,AG,A,1S0D,A,1
6ul4_B-A,AG,A,1G9D,A,1
6ul4_B-A,AG,A,1S0E,A,1
6ul4_B-A,AG,A,1EPW,A,1
6fxn_D+E-A,AB,D+E,5Y9K,H+L,1
5boz_G-A,AG,A,4HUO,X,1
5boz_G-A,AG,A,6URX,A,1
5boz_G-A,AG,A,4HV7,X,1
5boz_G-A,AG,A,4MX5,X,1
5boz_G-A,AG,A,6URY,A,1
5boz_G-A,AG,A,6URY,B,2
4ydj_A+B-I,AG,I,3TGT,A,1
6hx4_H+L-B,AB,H+L,6GXX,H+L,1
6hx4_H+L-B,AG,B,3NE4,A,1
6hx4_H+L-B,AG,B,2QUG,A,1
6hx4_H+L-B,AG,B,1QLP,A,1
6hx4_H+L-B,AG,B,3CWM,A,1
6hx4_H+L-B,AG,B,3CWL,A,1
4etq_H+L-C,AG,C,4E9O,X,1
6k7o_F+G-R,AG,R,3P2T,A,1
6ieq_D+E-B,AB,D+E,4TOY,H+L,1
6hjp_K+L-F+E,AB,K+L,6HKG,B+B,1
5w9k_H+I-G,AB,H+I,5VZR,H+L,1
5w9k_H+I-G,AB,H+I,5VZR,A+B,2
5wob_U+V-G,AG,G,4GS8,A,1
5wob_U+V-G,AG,G,4GS8,B,2
5wob_U+V-G,AG,G,4GSC,A,1
5wob_U+V-G,AG,G,4GSC,B,2
5wob_U+V-G,AG,G,4NXO,A,1
5wob_U+V-G,AG,G,4NXO,B,2
6obo_C-A,AG,A,4HUO,X,1
6obo_C-A,AG,A,6URX,A,1
6obo_C-A,AG,A,4HV7,X,1
6obo_C-A,AG,A,4MX5,X,1
6obo_C-A,AG,A,6URY,A,1
6obo_C-A,AG,A,6URY,B,2
3s36_H+L-X,AB,H+L,3S34,H+L,1
7cz0_F-B,AG,B,4TZA,C,1
7cz0_F-B,AG,B,4TZA,A,2
7cz0_F-B,AG,B,4TZA,B,3
7cz0_F-B,AG,B,4TZA,D,4
7l5j_Y+X-A,AB,Y+X,4NCC,H+L,1
7l5j_Y+X-A,AB,Y+X,4NCC,2+1,2
6icc_H+L-A,AB,H+L,4YNY,A+B,1
6icc_H+L-A,AB,H+L,4YNY,C+D,2
6qd7_X+Z-F+E,AB,X+Z,6QCU,H+L,1
7mem_H+L-E,AG,E,3UYW,A,1
7mem_H+L-E,AG,E,3UYW,B,2
7mem_H+L-E,AG,E,3UYW,C,3
7mem_H+L-E,AG,E,3UYW,D,4
1zv5_A-L,AG,L,7BYP,A,1
1zv5_A-L,AG,L,7CDO,A,1
1zv5_A-L,AG,L,7CDM,A,1
4gxu_M+N-A,AB,M+N,4GXV,H+L,1
4gxu_M+N-A,AB,M+N,4GXV,I+M,2
5wob_S+T-F,AG,F,4GS8,A,1
5wob_S+T-F,AG,F,4GS8,B,2
5wob_S+T-F,AG,F,4GSC,A,1
5wob_S+T-F,AG,F,4GSC,B,2
5wob_S+T-F,AG,F,4NXO,A,1
5wob_S+T-F,AG,F,4NXO,B,2
5t3s_D+E-B,AB,D+E,4TOY,H+L,1
6k3m_A-H,AB,A,3LRG,A,1
6k3m_A-H,AB,A,3LRG,B,2
5o1r_H+L-A,AB,H+L,5NYX,H+L,1
5o1r_H+L-A,AB,H+L,5NYX,M+N,2
5o1r_H+L-A,AB,H+L,5NYX,O+P,3
6k7o_H+L-A,AG,A,3P2T,A,1
4ogx_H+L-A,AB,H+L,4PUB,H+L,1
4ogx_H+L-A,AG,A,6O1S,E,1
4ogx_H+L-A,AG,A,2ANY,A,1
4ogx_H+L-A,AG,A,5TJX,A,1
6pe8_H+L-T,AB,H+L,6PE7,H+L,1
5njd_V+U-A+J,AB,V+U,5N2K,B+A,1
5njd_V+U-A+J,AB,V+U,5N2K,D+C,2
5njd_V+U-A+J,AB,V+U,5N2K,F+E,3
5njd_V+U-A+J,AB,V+U,5N2K,H+G,4
5njd_V+U-A+J,AB,V+U,5N2K,J+I,5
5njd_V+U-A+J,AB,V+U,5N2K,L+K,6
5njd_V+U-A+J,AB,V+U,5N2K,N+M,7
2dqd_H+L-Y,AG,Y,7BYP,A,1
2dqd_H+L-Y,AG,Y,7CDO,A,1
2dqd_H+L-Y,AG,Y,7CDM,A,1
4aei_I+M-B,AG,B,1PTX,A,1
4aei_I+M-B,AG,B,1AHO,A,1
2i9l_F+E-K,AG,K,1YPY,A,1
2i9l_F+E-K,AG,K,1YPY,B,2
6cmg_C+B-A,AG,A,6PD4,A,1
6cmg_C+B-A,AG,A,6PD4,B,2
1g7l_B+A-C,AG,C,7BYP,A,1
1g7l_B+A-C,AG,C,7CDO,A,1
1g7l_B+A-C,AG,C,7CDM,A,1
7klc_H+L-A,AB,H+L,7KKZ,H+L,1
6rpj_B-A,AG,A,1AH1,A,1
4oly_H+L-G,AG,G,3TGT,A,1
4odx_H+B-X,AB,H+B,4OB5,H+L,1
6ww2_H+L-R,AG,R,5YM7,A,1
6ww2_H+L-R,AG,R,1M6T,A,1
6olp_G+I-D+C+B,AB,G+I,4NUG,H+L,1
6niu_I+J-A,AB,I+J,6MTY,H+L,1
4nc1_E-A,AG,A,2G7C,A,1
4nc1_E-A,AG,A,2G7C,B,2
3jbq_H+L-F,AG,F,3JWQ,A,1
3jbq_H+L-F,AG,F,3JWQ,B,2
3jbq_H+L-F,AG,F,3JWQ,C,3
3jbq_H+L-F,AG,F,3JWQ,D,4
7kc9_C-B+A,AG,B+A,3RTI,B+A,1
1mlc_B+A-E,AB,B+A,1MLB,B+A,1
1mlc_B+A-E,AG,E,7BYP,A,1
1mlc_B+A-E,AG,E,7CDO,A,1
1mlc_B+A-E,AG,E,7CDM,A,1
6vmk_l+k-m,AG,m,6FTY,A,1
6vmk_l+k-m,AG,m,6FUT,A,1
6vmk_l+k-m,AG,m,6FUI,A,1
6vmk_l+k-m,AG,m,6QMT,A,1
6vmk_l+k-m,AG,m,6QMT,B,2
6vmk_l+k-m,AG,m,6FUH,A,1
3u9u_A+B-F,AG,F,2AHX,A,1
3u9u_A+B-F,AG,F,2AHX,B,2
2adf_H+L-A,AG,A,1ATZ,A,1
2adf_H+L-A,AG,A,1ATZ,B,2
2adf_H+L-A,AG,A,1AO3,A,1
2adf_H+L-A,AG,A,1AO3,B,2
6gwp_C-A,AG,A,7AQF,A,1
6gwp_C-A,AG,A,7AQF,B,2
6gwp_C-A,AG,A,3EOX,A,1
6u51_C-B,AB,C,6U50,C,1
2ny1_D+C-A,AB,D+C,1RZ8,B+A,1
2ny1_D+C-A,AB,D+C,1RZ8,D+C,2
5imm_B-A,AB,B,2PND,A,1
5mwn_E-A,AB,E,5M2W,A,1
5mwn_E-A,AB,E,5M2W,B,2
6i8s_G+K-C,AG,C,4G8R,A,1
6i8s_G+K-C,AG,C,4G8R,B,2
6i8s_G+K-C,AG,C,4G8O,A,1
6i8s_G+K-C,AG,C,4G8O,B,2
6i8s_G+K-C,AG,C,4G8O,C,3
6i8s_G+K-C,AG,C,4G8O,D,4
6i8s_G+K-C,AG,C,3UT3,A,1
6i8s_G+K-C,AG,C,3UT3,B,2
6i8s_G+K-C,AG,C,3UT3,C,3
6i8s_G+K-C,AG,C,3UT3,D,4
6i8s_G+K-C,AG,C,1B3K,A,1
6i8s_G+K-C,AG,C,1B3K,B,2
6i8s_G+K-C,AG,C,1B3K,C,3
6i8s_G+K-C,AG,C,1B3K,D,4
4s1s_H+L-G,AG,G,3TGT,A,1
7lbe_H+G-A,AB,H+G,4LRI,P+P,1
7lbe_H+G-A,AB,H+G,4LRI,C+C,2
5vxj_B-A,AG,A,3R9V,A,1
5vxj_B-A,AG,A,3R9V,B,2
4kml_B-A,AG,A,5L6R,A,1
4kml_B-A,AG,A,6DU9,A,1
4kml_B-A,AG,A,5YJ5,A,1
3l5w_B+A-J,AB,B+A,3L7E,H+L,1
3l5w_B+A-J,AB,B+A,3L7E,B+A,2
3l5w_B+A-J,AG,J,1GA3,A,1
5ywy_H+L-A,AB,H+L,5YFI,H+L,1
5vjq_A+B-I,AG,I,5V8G,A,1
3t2n_H+L-A,AG,A,5CE1,A,1
6pzz_K+J-D,AB,K+J,6PZG,H+L,1
4y7m_B-D,AB,B,4QGY,A,1
4y7m_B-D,AB,B,4QGY,B,2
3rjq_B-A,AB,B,3R0M,A,1
3rjq_B-A,AB,B,3R0M,B,2
3rjq_B-A,AG,A,4I53,A,1
3rjq_B-A,AG,A,4I53,B,2
3rjq_B-A,AG,A,3TGR,A,1
3rjq_B-A,AG,A,3TGR,B,2
2i9l_D+C-J,AG,J,1YPY,A,1
2i9l_D+C-J,AG,J,1YPY,B,2
3jwo_H+L-A,AB,H+L,1RZ7,H+L,1
6bpe_E+F-D,AG,D,5W53,A,1
6bpe_E+F-D,AG,D,5W53,B,2
7kjh_B-D,AB,B,7KJ7,B,1
7kjh_B-D,AB,B,7KJ7,A,2
7kjh_B-D,AG,D,7KJ7,B,1
7kjh_B-D,AG,D,7KJ7,A,2
4ttd_C+D-B,AG,B,7BYP,A,1
4ttd_C+D-B,AG,B,7CDO,A,1
4ttd_C+D-B,AG,B,7CDM,A,1
7kmd_H+L-G,AB,H+L,4R26,H+L,1
6plk_I+M-F,AG,F,5OMZ,A,1
4gxu_W+X-K,AB,W+X,4GXV,H+L,1
4gxu_W+X-K,AB,W+X,4GXV,I+M,2
6awp_B+C-A,AB,B+C,5I66,A+B,1
4yzf_K+L-D,AB,K+L,5A16,G+H,1
4yzf_K+L-D,AB,K+L,5A16,C+D,2
4yzf_K+L-D,AB,K+L,5A16,E+F,3
4yzf_K+L-D,AB,K+L,5A16,A+B,4
5cez_D+E-B,AB,D+E,4TOY,H+L,1
6mg7_H+L-G,AG,G,4DKO,A,1
6mg7_H+L-G,AG,G,4DKO,C,2
6mg7_H+L-G,AG,G,4RZ8,A,1
6mg7_H+L-G,AG,G,4RZ8,B,2
6mg7_H+L-G,AG,G,4RZ8,C,3
6mg7_H+L-G,AG,G,4RZ8,D,4
6mg7_H+L-G,AG,G,4DVV,A,1
6mg7_H+L-G,AG,G,4DVV,B,2
6mg7_H+L-G,AG,G,4DKP,A,1
6mg7_H+L-G,AG,G,4DKP,C,2
6mg7_H+L-G,AG,G,4DKQ,A,1
3p0y_H+L-A,AB,H+L,3P0V,H+L,1
3p0y_H+L-A,AB,H+L,3P0V,I+M,2
6avr_H+L-B+A,AB,H+L,5OPY,H+L,1
4gxu_U+V-I,AB,U+V,4GXV,H+L,1
4gxu_U+V-I,AB,U+V,4GXV,I+M,2
5esz_A+B-C,AB,A+B,3TCL,H+L,1
5esz_A+B-C,AB,A+B,3TCL,A+B,2
6vrk_B+C-A,AB,B+C,5I66,A+A,1
4xzu_E+F-G,AG,G,3HNY,M,1
4xzu_E+F-G,AG,G,6MF2,A,1
4xzu_E+F-G,AG,G,3HOB,M,1
4xzu_E+F-G,AG,G,3HOB,A,2
4xzu_E+F-G,AG,G,6MF0,A,2
4xzu_E+F-G,AG,G,3HNB,M,1
7jvc_H+L-A,AB,H+L,7JXD,A+B,1
7jvc_H+L-A,AB,H+L,7JXD,C+D,2
6i8s_F+J-B,AG,B,4G8R,A,1
6i8s_F+J-B,AG,B,4G8R,B,2
6i8s_F+J-B,AG,B,4G8O,A,1
6i8s_F+J-B,AG,B,4G8O,B,2
6i8s_F+J-B,AG,B,4G8O,C,3
6i8s_F+J-B,AG,B,4G8O,D,4
6i8s_F+J-B,AG,B,3UT3,A,1
6i8s_F+J-B,AG,B,3UT3,B,2
6i8s_F+J-B,AG,B,3UT3,C,3
6i8s_F+J-B,AG,B,3UT3,D,4
6i8s_F+J-B,AG,B,1B3K,A,1
6i8s_F+J-B,AG,B,1B3K,B,2
6i8s_F+J-B,AG,B,1B3K,C,3
6i8s_F+J-B,AG,B,1B3K,D,4
1e6j_H+L-P,AB,H+L,1E6O,H+L,1
4u6h_A+B-E,AG,E,1YPY,A,1
4u6h_A+B-E,AG,E,1YPY,B,2
6s3d_C+D-M,AG,M,6XWI,A,1
6mek_F+E-C,AB,F+E,6MEG,H+L,1
1bgx_H+L-T,AB,H+L,1AY1,H+L,1
1bgx_H+L-T,AG,T,1KTQ,A,1
1bgx_H+L-T,AG,T,1JXE,A,1
1bgx_H+L-T,AG,T,5KTQ,A,1
6vy5_H+L-A,AG,A,3D11,A,1
6vy5_H+L-A,AG,A,2VWD,A,1
6vy5_H+L-A,AG,A,2VWD,B,2
4q6i_B+A-K,AG,K,1WIO,A,1
4q6i_B+A-K,AG,K,1WIO,B,2
4q6i_B+A-K,AG,K,1CDJ,A,1
4q6i_B+A-K,AG,K,1WIP,A,1
4q6i_B+A-K,AG,K,1WIP,B,2
6svl_H+L-Q,AG,Q,6O6W,A,1
6svl_H+L-Q,AG,Q,6SVK,A,1
6svl_H+L-Q,AG,Q,6SVK,B,2
6a0z_H+L-A,AB,H+L,6A0X,A+B,1
6a0z_H+L-A,AB,H+L,6A0X,C+D,2
6a0z_H+L-A,AB,H+L,6A0X,E+F,3
6a0z_H+L-A,AB,H+L,6A0X,G+H,4
6e63_H+L-P,AB,H+L,6E65,H+L,1
4pgj_A-B,AG,B,7BYP,A,1
4pgj_A-B,AG,B,7CDO,A,1
4pgj_A-B,AG,B,7CDM,A,1
5xj3_J+K-L,AB,J+K,6JC2,H+L,1
4xvt_H+L-G,AG,G,3TGT,A,1
1c08_B+A-C,AG,C,7BYP,A,1
1c08_B+A-C,AG,C,7CDO,A,1
1c08_B+A-C,AG,C,7CDM,A,1
6flb_H+L-G,AG,G,2JSF,A,1
6a4k_I+M-B,AB,I+M,6JP7,L+L,1
6rcu_E+D-A,AB,E+D,6RCS,A+B,1
6vn0_I+K-F+D,AB,I+K,6VSR,A+B,1
5w9j_B+C-A,AB,B+C,5VZR,H+L,1
5w9j_B+C-A,AB,B+C,5VZR,A+B,2
6cwg_D-C,AB,D,6CWK,A,1
6cwg_D-C,AG,C,4HUO,X,1
6cwg_D-C,AG,C,6URX,A,1
6cwg_D-C,AG,C,4HV7,X,1
6cwg_D-C,AG,C,4MX5,X,1
6cwg_D-C,AG,C,6URY,A,1
6cwg_D-C,AG,C,6URY,B,2
4utb_I+M-B,AG,B,4UTC,A,1
4utb_I+M-B,AG,B,4UTC,B,2
1jtp_B-M,AG,M,1TEW,A,1
1jtp_B-M,AG,M,135L,A,1
1jtp_B-M,AG,M,1LZY,A,1
1jtp_B-M,AG,M,1JSE,A,1
1jtp_B-M,AG,M,1LJN,A,1
6oz3_H+L-G,AG,G,4DKO,A,1
6oz3_H+L-G,AG,G,4DKO,C,2
6oz3_H+L-G,AG,G,4RZ8,A,1
6oz3_H+L-G,AG,G,4RZ8,B,2
6oz3_H+L-G,AG,G,4RZ8,C,3
6oz3_H+L-G,AG,G,4RZ8,D,4
6oz3_H+L-G,AG,G,4DVV,A,1
6oz3_H+L-G,AG,G,4DVV,B,2
6oz3_H+L-G,AG,G,4DKP,A,1
6oz3_H+L-G,AG,G,4DKP,C,2
6oz3_H+L-G,AG,G,4DKQ,A,1
4m7l_H+L-T,AB,H+L,4M7K,H+L,1
4m7l_H+L-T,AG,T,1TFH,A,1
4m7l_H+L-T,AG,T,1TFH,B,2
5ggr_H+L-Z,AB,H+L,5GGQ,H+L,1
2vyr_E-A,AG,A,3LBJ,E,1
2vyr_E-A,AG,A,6Q9W,A,1
2vyr_E-A,AG,A,6Q9W,B,2
2vyr_E-A,AG,A,6Q9Y,A,1
2vyr_E-A,AG,A,6Q9Y,B,2
2vyr_E-A,AG,A,7EL4,A,1
4xt1_C-A,AB,C,5WB1,A,1
4xt1_C-A,AG,A,5WB1,A,1
6s3t_R+Q-B,AB,R+Q,6RNN,H+L,1
6s3t_R+Q-B,AB,R+Q,6RNN,D+C,2
6s3t_R+Q-B,AG,B,6RUX,A,1
6s3t_R+Q-B,AG,B,6RUX,B,2
6s3t_R+Q-B,AG,B,6RUX,C,3
6s3t_R+Q-B,AG,B,6RQG,A,1
6s3t_R+Q-B,AG,B,6RQG,B,2
6s3t_R+Q-B,AG,B,6RQG,C,3
6pi7_C+B-A,AG,A,3FDR,A,1
6niu_H+L-Z,AB,H+L,6MTY,L+L,1
1ahw_E+D-F,AB,E+D,1FGN,H+L,1
1ahw_E+D-F,AG,F,1TFH,A,1
1ahw_E+D-F,AG,F,1TFH,B,2
3lqa_H+L-G+C,AB,H+L,3LMJ,H+L,1
6e63_B+C-A,AB,B+C,6E65,H+L,1
5u4l_B-A,AG,A,4HUO,X,1
5u4l_B-A,AG,A,6URX,A,1
5u4l_B-A,AG,A,4HV7,X,1
5u4l_B-A,AG,A,4MX5,X,1
5u4l_B-A,AG,A,6URY,A,1
5u4l_B-A,AG,A,6URY,B,2
4ydk_H+L-G,AG,G,3TGT,A,1
6rvc_F-C,AG,C,6DMO,A,1
6rvc_F-C,AG,C,6OEU,A,1
6rvc_F-C,AG,C,6DMB,A,1
5ovw_H-A,AG,A,1N2Z,A,1
5ovw_H-A,AG,A,1N2Z,B,2
6rpj_D-C,AG,C,1AH1,A,1
6o3a_B+A-E,AG,E,5T44,A,1
6o3a_B+A-E,AG,E,5T44,B,3
2vyr_G-C,AG,C,3LBJ,E,1
2vyr_G-C,AG,C,6Q9W,A,1
2vyr_G-C,AG,C,6Q9W,B,2
2vyr_G-C,AG,C,6Q9Y,A,1
2vyr_G-C,AG,C,6Q9Y,B,2
2vyr_G-C,AG,C,7EL4,A,1
5vl3_A+B-R,AB,A+B,5VKK,H+L,1
5vl3_A+B-R,AB,A+B,5VKK,A+B,2
3k80_B-D,AG,D,4DNI,A,1
6cm3_M+L-F,AB,M+L,1RZ8,B+A,1
6cm3_M+L-F,AB,M+L,1RZ8,D+C,2
6bpc_B+C-A,AB,B+C,6BPB,A+B,1
6bpc_B+C-A,AG,A,5W53,A,1
6bpc_B+C-A,AG,A,5W53,B,2
6cbv_H+L-B,AG,B,6LPL,A,1
6cbv_H+L-B,AG,B,6IIU,A,1
6cbv_H+L-B,AG,B,6WQA,A,1
6cbv_H+L-B,AG,B,6RZ4,A,1
6cbv_H+L-B,AG,B,6LPJ,A,1
6iec_H+L-A,AG,A,5Y0W,A,1
6iec_H+L-A,AG,A,5Y0Y,A,1
2i5y_R+Q-P,AB,R+Q,1RZ8,B+A,1
2i5y_R+Q-P,AB,R+Q,1RZ8,D+C,2
6oge_E+D-A,AB,E+D,6MH2,B+A,1
6oge_E+D-A,AB,E+D,6MH2,D+C,2
6vo1_G+J-C,AB,G+J,6VOS,H+L,1
1xgr_B+A-C,AG,C,7BYP,A,1
1xgr_B+A-C,AG,C,7CDO,A,1
1xgr_B+A-C,AG,C,7CDM,A,1
1jtt_A-L,AG,L,7BYP,A,1
1jtt_A-L,AG,L,7CDO,A,1
1jtt_A-L,AG,L,7CDM,A,1
1i9r_K+M-B,AB,K+M,6W4W,H+L,1
4s1q_H+L-G,AG,G,3TGT,A,1
6j11_F+G-B,AG,B,5X4R,A,1
6j11_F+G-B,AG,B,5VYH,A,1
4iof_C+D-A,AG,A,4IFH,A,2
4iof_C+D-A,AG,A,4IFH,B,3
4iof_C+D-A,AG,A,4RE9,A,1
4iof_C+D-A,AG,A,4RE9,B,2
5f9w_B+C-A,AG,A,3TGT,A,1
2xxm_B-A,AG,A,4IPY,A,2
2xxm_B-A,AG,A,4IPY,B,3
2xxm_B-A,AG,A,4IPY,C,4
2xxm_B-A,AG,A,4IPY,D,5
5i6x_B+C-A,AB,B+C,5I66,A+B,1
6wtv_H+I-G,AG,G,5W53,A,1
6wtv_H+I-G,AG,G,5W53,B,2
7l0n_A+B-R,AB,A+B,6WS6,A+A,1
7l0n_A+B-R,AB,A+B,6WS6,C+C,2
7l0n_A+B-R,AB,A+B,6WS6,E+E,3
5uoe_P+Q-C,AG,C,4IFH,A,2
5uoe_P+Q-C,AG,C,4IFH,B,3
5uoe_P+Q-C,AG,C,4RE9,A,1
5uoe_P+Q-C,AG,C,4RE9,B,2
4lgp_D-C,AG,C,4HUO,X,1
4lgp_D-C,AG,C,6URX,A,1
4lgp_D-C,AG,C,4HV7,X,1
4lgp_D-C,AG,C,4MX5,X,1
4lgp_D-C,AG,C,6URY,A,1
4lgp_D-C,AG,C,6URY,B,2
6uta_A+B-C,AG,C,5OMZ,A,1
7chy_H+L-I,AG,I,5R7W,A,1
7chy_H+L-I,AG,I,5R8F,A,1
7chy_H+L-I,AG,I,5R8P,A,1
7chy_H+L-I,AG,I,6Y8M,A,1
7chy_H+L-I,AG,I,6Y8I,A,1
6olp_H+L-F+E,AB,H+L,4NUG,L+L,1
6okp_Q+R-F,AB,Q+R,6OKQ,A+B,1
6okp_Q+R-F,AB,Q+R,6OKQ,D+C,2
6okp_Q+R-F,AB,Q+R,6OKQ,F+E,3
5h8o_A-B,AB,A,5H8D,A,1
5h8o_A-B,AG,B,6KI0,A,1
5h8o_A-B,AG,B,6KI0,B,2
5h8o_A-B,AG,B,2KN6,A,1
3nfp_A+B-K,AB,A+B,3NFS,H+L,1
3nfp_A+B-K,AG,K,6VWU,A,1
5j57_B-A,AG,A,4HUO,X,1
5j57_B-A,AG,A,6URX,A,1
5j57_B-A,AG,A,4HV7,X,1
5j57_B-A,AG,A,4MX5,X,1
5j57_B-A,AG,A,6URY,A,1
5j57_B-A,AG,A,6URY,B,2
7dm2_H+L-A,AG,A,1PC3,A,1
7dm2_H+L-A,AG,A,1PC3,B,2
6ukt_F-B,AG,B,1BOF,A,1
6ukt_F-B,AG,B,1GFI,A,1
6ukt_F-B,AG,B,1GDD,A,1
6ukt_F-B,AG,B,1GIA,A,1
6ukt_F-B,AG,B,1CIP,A,1
5dum_H+L-A,AG,A,5DUT,A,1
6orn_A+B-G,AB,A+B,4FQ2,H+L,1
3stb_B-C,AG,C,4DNI,A,1
5mwn_D-B,AB,D,5M2W,A,1
5mwn_D-B,AB,D,5M2W,B,2
5uqy_D+C-A,AB,D+C,5JRP,H+L,1
1zvy_A-B,AB,A,6JB9,A,1
1zvy_A-B,AG,B,7BYP,A,1
1zvy_A-B,AG,B,7CDO,A,1
1zvy_A-B,AG,B,7CDM,A,1
6iek_B+C-A,AG,A,5Y0W,A,1
6iek_B+C-A,AG,A,5Y0Y,A,1
6pwu_H+L-A+C+E,AB,H+L,3MUG,B+A,1
6pwu_H+L-A+C+E,AB,H+L,3MUG,D+C,2
6pwu_H+L-A+C+E,AB,H+L,3MUG,H+G,3
6pwu_H+L-A+C+E,AB,H+L,3MUG,J+I,4
6pwu_H+L-A+C+E,AB,H+L,3MUG,L+K,5
6pwu_H+L-A+C+E,AB,H+L,3MUG,F+E,6
6pwu_H+L-A+C+E,AB,H+L,3MME,H+L,1
6pwu_H+L-A+C+E,AB,H+L,3MME,A+B,2
6pwu_H+L-A+C+E,AB,H+L,3MME,C+D,3
6pwu_H+L-A+C+E,AB,H+L,3LRS,A+B,2
6pwu_H+L-A+C+E,AB,H+L,3LRS,C+D,3
6pwu_H+L-A+C+E,AB,H+L,3LRS,E+F,4
5vl7_H+L-B,AG,B,2P4E,P,1
5vl7_H+L-B,AG,B,2P4E,A,2
5vl7_H+L-B,AG,B,6U26,A,1
5vl7_H+L-B,AG,B,6U26,B,2
6fxn_F+G-B,AB,F+G,5Y9K,H+L,1
4yga_H-G,AG,G,3I7B,A,1
4yga_H-G,AG,G,3HX4,A,1
4yga_H-G,AG,G,4JBV,A,1
4yga_H-G,AG,G,3NYV,A,1
4yga_H-G,AG,G,3V51,A,1
5w9n_E+F-D,AB,E+F,5VZR,H+L,1
5w9n_E+F-D,AB,E+F,5VZR,A+B,2
3kr3_H+L-D,AG,D,1IGL,A,1
3kr3_H+L-D,AG,D,5L3L,A,1
3hmx_H+L-A,AB,H+L,3HMW,H+L,1
3hmx_H+L-A,AG,A,1F42,A,1
6awn_B+C-A,AB,B+C,5I66,A+B,1
4nm8_J+N-F+E,AB,J+N,4NM4,H+L,1
4nm8_J+N-F+E,AB,J+N,4NM4,I+M,2
6ey0_F-B,AB,F,5LZ0,A,1
6ey0_F-B,AB,F,5LZ0,B,2
3csy_G+H-P+O,AB,G+H,3INU,H+L,1
3csy_G+H-P+O,AB,G+H,3INU,M+N,2
7lvw_I-D,AB,I,7LVU,A,1
7lvw_I-D,AB,I,7LVU,B,2
7lvw_I-D,AB,I,7LVU,C,3
7lvw_I-D,AB,I,7LVU,D,4
6bck_H+L-G,AG,G,4DKO,A,1
6bck_H+L-G,AG,G,4DKO,C,2
6bck_H+L-G,AG,G,4RZ8,A,1
6bck_H+L-G,AG,G,4RZ8,B,2
6bck_H+L-G,AG,G,4RZ8,C,3
6bck_H+L-G,AG,G,4RZ8,D,4
6bck_H+L-G,AG,G,4DVV,A,1
6bck_H+L-G,AG,G,4DVV,B,2
6bck_H+L-G,AG,G,4DKP,A,1
6bck_H+L-G,AG,G,4DKP,C,2
6bck_H+L-G,AG,G,4DKQ,A,1
4qti_H+L-U,AB,H+L,4QTH,H+L,1
4qti_H+L-U,AB,H+L,4QTH,A+B,2
6fyt_I-B+A,AB,I,6CK8,A,1
6fyt_I-B+A,AB,I,6CK8,B,2
6fyt_I-B+A,AB,I,6CK8,C,3
3iyw_H+L-A,AB,H+L,3N9G,H+L,1
3iyw_H+L-A,AG,A,2I69,A,1
3iyw_H+L-A,AG,A,2HG0,A,1
6iap_H+L-A,AG,A,1OLL,A,1
6iap_H+L-A,AG,A,1P6F,A,1
4u3x_C-D,AG,D,7BYP,A,1
4u3x_C-D,AG,D,7CDO,A,1
4u3x_C-D,AG,D,7CDM,A,1
4nnp_H+L-A,AG,A,4K3V,A,1
4nnp_H+L-A,AG,A,4K3V,B,2
4nnp_H+L-A,AG,A,4NNO,A,1
5uqy_P+O-M+F,AB,P+O,5JRP,H+L,1
6pzw_J+G-B,AB,J+G,6PZH,H+L,1
6pzw_J+G-B,AB,J+G,6PZH,B+A,2
6dzv_B+C-A,AB,B+C,6D9G,A+B,1
6dzv_B+C-A,AB,B+C,6D9G,C+D,2
6e5p_S+T-C,AB,S+T,3OAY,H+H,1
6e5p_S+T-C,AB,S+T,3OAY,M+M,2
6e5p_S+T-C,AB,S+T,3OAZ,H+H,1
6e5p_S+T-C,AB,S+T,3OAZ,M+M,2
7k8t_O+P-A,AB,O+P,7K8O,H+L,1
5cba_A+B-E,AG,E,6VGJ,A,1
5cba_A+B-E,AG,E,6VGJ,B,2
5cba_A+B-E,AG,E,6VGJ,C,3
5cba_A+B-E,AG,E,6VGJ,D,4
5cba_A+B-E,AG,E,6VGJ,E,5
5cba_A+B-E,AG,E,6VGJ,F,6
5cba_A+B-E,AG,E,6VGJ,G,7
5cba_A+B-E,AG,E,7JNY,A,1
5jmo_C-A,AB,C,5JMR,A,1
5jmo_C-A,AB,C,5JMR,B,2
5jmo_C-A,AG,A,7O1U,A,1
5jmo_C-A,AG,A,7O22,A,1
5jmo_C-A,AG,A,7O1W,A,1
5jmo_C-A,AG,A,7O1Y,A,1
5jmo_C-A,AG,A,7O20,A,1
4fqv_J+N-D+C,AB,J+N,4FQH,L+L,1
4fqv_J+N-D+C,AB,J+N,4FQH,B+B,2
7n3i_H+L-C,AB,H+L,7N3G,H+L,1
4hkx_A+B-E,AG,E,6CHX,A,1
4hkx_A+B-E,AG,E,6CHX,B,2
7k8y_G+I-B+D,AB,G+I,7K8Q,H+L,1
6war_D-C,AG,C,4ZPW,R,1
6war_D-C,AG,C,4ZPW,S,2
6jep_K+I-F,AG,F,5OMZ,A,1
7kbb_A+B-E+C,AB,A+B,7KBA,A+B,1
7kbb_A+B-E+C,AB,A+B,7KBA,H+L,2
7cqd_I+M-B,AB,I+M,4YNY,A+B,1
7cqd_I+M-B,AB,I+M,4YNY,C+D,2
4rgn_B+C-A,AG,A,3SEB,A,1
4rgn_B+C-A,AG,A,1SE3,A,1
4rgn_B+C-A,AG,A,1SE4,A,1
7d5q_D-B,AB,D,6KSN,A,1
7d5q_D-B,AB,D,6KSN,B,2
7kjh_A-C,AG,C,7KJ7,B,1
7kjh_A-C,AG,C,7KJ7,A,2
6mco_H+L-G,AB,H+L,4R26,H+L,1
4x7d_C-B,AG,B,4OOS,A,1
2ny2_D+C-A,AB,D+C,1RZ8,B+A,1
2ny2_D+C-A,AB,D+C,1RZ8,D+C,2
4g3y_H+L-C,AB,H+L,6UGV,H+L,1
4g3y_H+L-C,AB,H+L,6UGV,A+B,2
4g3y_H+L-C,AB,H+L,5VH4,H+L,1
4g3y_H+L-C,AB,H+L,5VH4,A+B,2
4g3y_H+L-C,AB,H+L,6UGS,H+L,1
4g3y_H+L-C,AB,H+L,6UGS,A+B,2
4g3y_H+L-C,AB,H+L,6UGU,H+L,1
4g3y_H+L-C,AB,H+L,6UGU,A+B,2
4g3y_H+L-C,AB,H+L,6UGT,H+L,1
4g3y_H+L-C,AB,H+L,6UGT,A+B,2
4m1c_E+F-B,AG,B,4GS8,A,1
4m1c_E+F-B,AG,B,4GS8,B,2
4m1c_E+F-B,AG,B,4GSC,A,1
4m1c_E+F-B,AG,B,4GSC,B,2
4m1c_E+F-B,AG,B,4NXO,A,1
4m1c_E+F-B,AG,B,4NXO,B,2
5a7x_H+G-E,AB,H+G,1RZ8,B+A,1
5a7x_H+G-E,AB,H+G,1RZ8,D+C,2
2q8a_H+L-A,AG,A,4R1C,A,1
2q8a_H+L-A,AG,A,4R1C,B,2
2q8a_H+L-A,AG,A,4R19,A,1
2q8a_H+L-A,AG,A,4R19,B,2
2q8a_H+L-A,AG,A,4R1B,A,1
6w7s_H+L-A,AG,A,2FR0,A,1
6w7s_H+L-A,AG,A,2FR1,A,1
7o06_A-C,AG,C,7NWJ,A,1
6svl_A+B-C,AG,C,6O6W,A,1
6svl_A+B-C,AG,C,6SVK,A,1
6svl_A+B-C,AG,C,6SVK,B,2
4lhq_B-A,AG,A,4HUO,X,1
4lhq_B-A,AG,A,6URX,A,1
4lhq_B-A,AG,A,4HV7,X,1
4lhq_B-A,AG,A,4MX5,X,1
4lhq_B-A,AG,A,6URY,A,1
4lhq_B-A,AG,A,6URY,B,2
4r0l_H+L-D,AB,H+L,4LCI,H+L,1
5wux_C+D-G,AB,C+D,5WUV,H+L,1
4eiz_C-B,AG,B,7LVC,A,1
4eiz_C-B,AG,B,4PSS,A,1
4eiz_C-B,AG,B,4PSY,A,1
4eiz_C-B,AG,B,7D6G,A,1
4eiz_C-B,AG,B,4PTH,A,1
2wub_R+Q-C,AG,C,1YBW,A,1
2wub_R+Q-C,AG,C,1YBW,B,2
6ba5_F+E-O,AG,O,5Z55,A,1
7k8z_M+N-C,AB,M+N,7K8R,H+L,1
4jpw_H+L-G,AG,G,4DKO,A,1
4jpw_H+L-G,AG,G,4DKO,C,2
4jpw_H+L-G,AG,G,4RZ8,A,1
4jpw_H+L-G,AG,G,4RZ8,B,2
4jpw_H+L-G,AG,G,4RZ8,C,3
4jpw_H+L-G,AG,G,4RZ8,D,4
4jpw_H+L-G,AG,G,4DVV,A,1
4jpw_H+L-G,AG,G,4DVV,B,2
4jpw_H+L-G,AG,G,4DKP,A,1
4jpw_H+L-G,AG,G,4DKP,C,2
4jpw_H+L-G,AG,G,4DKQ,A,1
6osv_H+L-K,AG,K,6OSN,A,1
4s10_A-C,AB,A,4S11,A,1
4nnp_X+Y-B,AG,B,4K3V,A,1
4nnp_X+Y-B,AG,B,4K3V,B,2
4nnp_X+Y-B,AG,B,4NNO,A,1
1a2y_B+A-C,AB,B+A,1VFA,B+A,1
4xnz_E+F-D,AG,D,3TGT,A,1
4dgi_H+L-A,AG,A,5L6R,A,1
4dgi_H+L-A,AG,A,6DU9,A,1
4dgi_H+L-A,AG,A,5YJ5,A,1
6s8d_Y+U-E,AG,E,2LCY,A,1
6s8d_Y+U-E,AG,E,2LCZ,A,1
7nd0_H+L-A,AB,H+L,7BM5,B+A,2
7nd0_H+L-A,AB,H+L,7BM5,D+C,3
7nd0_H+L-A,AB,H+L,7BM5,F+E,4
7nd0_H+L-A,AB,H+L,7BM5,I+G,6
3jwd_P+O-B,AB,P+O,1RZ7,H+L,1
3jwd_P+O-B,AG,B,1WIO,A,1
3jwd_P+O-B,AG,B,1WIO,B,2
3jwd_P+O-B,AG,B,1WIQ,A,1
3jwd_P+O-B,AG,B,1WIQ,B,2
3jwd_P+O-B,AG,B,1WIP,A,1
3jwd_P+O-B,AG,B,1WIP,B,2
1nby_B+A-C,AB,B+A,1DQQ,B+A,1
1nby_B+A-C,AB,B+A,1DQQ,D+C,2
1nby_B+A-C,AB,B+A,1DQM,H+L,1
5grj_H+L-A,AB,H+L,4NKI,H+L,1
5grj_H+L-A,AG,A,3BIS,A,1
5grj_H+L-A,AG,A,3BIS,B,2
5igx_H+L-G,AB,H+L,4JDV,A+B,1
5igx_H+L-G,AB,H+L,4JDV,H+L,2
5t3z_H+L-G,AB,H+L,4FQ2,H+L,1
4x7d_D-A,AG,A,4OOS,A,1
1g7m_B+A-C,AG,C,7BYP,A,1
1g7m_B+A-C,AG,C,7CDO,A,1
1g7m_B+A-C,AG,C,7CDM,A,1
6wxl_H+L-B+A,AG,B+A,4LN3,B+A,2
6wxl_H+L-B+A,AG,B+A,4LN3,D+C,3
6wxl_H+L-B+A,AG,B+A,4LN3,F+E,4
6wxl_H+L-B+A,AG,B+A,4LN3,H+G,6
6wxl_H+L-B+A,AG,B+A,4LN3,J+I,7
6wxl_H+L-B+A,AG,B+A,4LN3,L+K,8
6wxl_H+L-B+A,AG,B+A,4LN4,B+A,2
6wxl_H+L-B+A,AG,B+A,4LN4,D+C,3
6wxl_H+L-B+A,AG,B+A,4LN4,F+E,4
6wxl_H+L-B+A,AG,B+A,4LN4,H+G,6
6wxl_H+L-B+A,AG,B+A,4LN4,J+I,7
6wxl_H+L-B+A,AG,B+A,4LN4,L+K,8
5wk3_W+V-D,AB,W+V,5WK2,H+L,1
5wk3_W+V-D,AG,D,1NR2,A,1
5wk3_W+V-D,AG,D,1NR2,B,2
3u30_F+E-D,AG,D,2W9N,A,1
3u30_F+E-D,AG,D,3AXC,A,1
6dcq_H+L-B+A,AB,H+L,4NUG,L+L,1
6txz_J+N-C,AG,C,5F71,A,1
6txz_J+N-C,AG,C,5F71,B,2
3pnw_K+J-L,AG,L,3S6W,A,1
3pnw_K+J-L,AG,L,5YJ8,A,1
3pnw_K+J-L,AG,L,3PMT,A,1
7bua_H+L-A,AG,A,5OMZ,A,1
6vy2_H+L-A,AB,H+L,6VU2,H+L,1
4ut9_H+L-A,AG,A,4UTC,A,1
4ut9_H+L-A,AG,A,4UTC,B,2
7kbt_E+F-A,AG,A,6MF0,A,2
1fe8_H+L-A,AG,A,1ATZ,A,1
1fe8_H+L-A,AG,A,1ATZ,B,2
1fe8_H+L-A,AG,A,1AO3,A,1
1fe8_H+L-A,AG,A,1AO3,B,2
5vxl_B-A,AG,A,3R9V,A,1
5vxl_B-A,AG,A,3R9V,B,2
4nc0_B-A,AG,A,2G7C,A,1
4nc0_B-A,AG,A,2G7C,B,2
5vl3_C+D-S,AB,C+D,5VKK,H+L,1
5vl3_C+D-S,AB,C+D,5VKK,A+B,2
6did_D+C-F+I,AB,D+C,6CJK,B+A,1
6did_D+C-F+I,AB,D+C,6CJK,D+C,2
4pou_B-A,AG,A,8RAT,A,1
4pou_B-A,AG,A,6ETL,A,1
4pou_B-A,AG,A,6ETM,A,1
4pou_B-A,AG,A,7RSA,A,1
4pou_B-A,AG,A,6ETK,A,1
1bzq_M-C,AG,C,8RAT,A,1
1bzq_M-C,AG,C,6ETL,A,1
1bzq_M-C,AG,C,6ETM,A,1
1bzq_M-C,AG,C,7RSA,A,1
1bzq_M-C,AG,C,6ETK,A,1
7lo6_L+K-A,AB,L+K,1RZ8,B+A,1
7lo6_L+K-A,AB,L+K,1RZ8,D+C,2
3jbq_h+l-B,AG,B,3JWQ,A,1
3jbq_h+l-B,AG,B,3JWQ,B,2
3jbq_h+l-B,AG,B,3JWQ,C,3
3jbq_h+l-B,AG,B,3JWQ,D,4
5thr_N+K-E,AB,N+K,1RZ8,B+A,1
5thr_N+K-E,AB,N+K,1RZ8,D+C,2
6jb2_A-B,AG,B,7BYP,A,1
6jb2_A-B,AG,B,7CDO,A,1
6jb2_A-B,AG,B,7CDM,A,1
3w2d_H+L-A,AG,A,3SEB,A,1
3w2d_H+L-A,AG,A,1SE3,A,1
3w2d_H+L-A,AG,A,1SE4,A,1
6svl_G+I-J,AG,J,6O6W,A,1
6svl_G+I-J,AG,J,6SVK,A,1
6svl_G+I-J,AG,J,6SVK,B,2
1op9_A-B,AG,B,3FE0,A,1
1op9_A-B,AG,B,6LFH,X,1
1op9_A-B,AG,B,2ZIJ,A,1
1op9_A-B,AG,B,2NWD,X,1
1op9_A-B,AG,B,5LSH,A,1
4cdg_D-B,AG,B,2MH9,A,1
6cwg_B-A,AB,B,6CWK,A,1
6cwg_B-A,AG,A,4HUO,X,1
6cwg_B-A,AG,A,6URX,A,1
6cwg_B-A,AG,A,4HV7,X,1
6cwg_B-A,AG,A,4MX5,X,1
6cwg_B-A,AG,A,6URY,A,1
6cwg_B-A,AG,A,6URY,B,2
4gxu_S+T-G,AB,S+T,4GXV,H+L,1
4gxu_S+T-G,AB,S+T,4GXV,I+M,2
4hkz_B+A-H+E,AB,B+A,6MH2,B+A,1
4hkz_B+A-H+E,AB,B+A,6MH2,D+C,2
1n8z_B+A-C,AB,B+A,6MH2,B+A,1
1n8z_B+A-C,AB,B+A,6MH2,D+C,2
3opz_H+L-A,AG,A,1MS1,A,1
3opz_H+L-A,AG,A,1MS1,B,2
3opz_H+L-A,AG,A,2AH2,A,1
3opz_H+L-A,AG,A,1MS9,A,1
3opz_H+L-A,AG,A,1MS9,B,2
3opz_H+L-A,AG,A,1MS3,A,1
3opz_H+L-A,AG,A,1MS3,B,2
3opz_H+L-A,AG,A,3B69,A,1
1g7h_B+A-C,AG,C,7BYP,A,1
1g7h_B+A-C,AG,C,7CDO,A,1
1g7h_B+A-C,AG,C,7CDM,A,1
5toj_D-A,AB,D,5TP3,A,1
5toj_D-A,AB,D,5TP3,B,2
7lvw_L-C,AB,L,7LVU,A,1
7lvw_L-C,AB,L,7LVU,B,2
7lvw_L-C,AB,L,7LVU,C,3
7lvw_L-C,AB,L,7LVU,D,4
4ydl_B+C-A,AG,A,3TGT,A,1
4k9e_H+L-C,AG,C,2EC8,A,1
6r8x_C+B-A,AG,A,6VLV,A,1
6r8x_C+B-A,AG,A,6USY,A,1
6r8x_C+B-A,AG,A,6VLU,A,1
6r8x_C+B-A,AG,A,7MBO,A,1
6r8x_C+B-A,AG,A,6TS5,A,1
6fxn_O+P-L,AB,O+P,5Y9K,H+L,1
5ush_D+E-A,AG,A,4E9O,X,1
5ukr_H+L-G,AB,H+L,5UKQ,H+L,1
3pnw_Q+P-R,AG,R,3S6W,A,1
1mlc_D+C-F,AB,D+C,1MLB,B+A,1
1mlc_D+C-F,AG,F,7BYP,A,1
1mlc_D+C-F,AG,F,7CDO,A,1
1mlc_D+C-F,AG,F,7CDM,A,1
6ayz_R+C-M,AG,M,2IDC,A,1
6ayz_R+C-M,AG,M,1WG3,A,1
6ayz_R+C-M,AG,M,1ROC,A,1
1jto_B-M,AG,M,7BYP,A,1
1jto_B-M,AG,M,7CDO,A,1
1jto_B-M,AG,M,7CDM,A,1
4g6j_H+L-A,AB,H+L,4G5Z,H+L,1
4g6j_H+L-A,AG,A,5R7W,A,1
4g6j_H+L-A,AG,A,5R8F,A,1
4g6j_H+L-A,AG,A,5R8P,A,1
4g6j_H+L-A,AG,A,6Y8M,A,1
4g6j_H+L-A,AG,A,6Y8I,A,1
2qad_D+C-A,AB,D+C,1RZG,A+B,1
2qad_D+C-A,AB,D+C,1RZG,C+D,2
5usl_H+L-X,AG,X,4E9O,X,1
4n9o_B-A,AG,A,5L6R,A,1
4n9o_B-A,AG,A,6DU9,A,1
4n9o_B-A,AG,A,5YJ5,A,1
4lhq_D-C,AG,C,4HUO,X,1
4lhq_D-C,AG,C,6URX,A,1
4lhq_D-C,AG,C,4HV7,X,1
4lhq_D-C,AG,C,4MX5,X,1
4lhq_D-C,AG,C,6URY,A,1
4lhq_D-C,AG,C,6URY,B,2
3jab_H+L-C,AB,H+L,12E8,H+H,1
3jab_H+L-C,AB,H+L,12E8,P+P,2
3jab_H+L-C,AG,C,3JWQ,A,1
3jab_H+L-C,AG,C,3JWQ,B,2
3jab_H+L-C,AG,C,3JWQ,C,3
3jab_H+L-C,AG,C,3JWQ,D,4
5utz_F+G-E,AG,E,1PW6,A,1
5utz_F+G-E,AG,E,1PW6,B,2
5utz_F+G-E,AG,E,1M4C,A,1
5utz_F+G-E,AG,E,1M4C,B,2
5utz_F+G-E,AG,E,1M49,A,1
5utz_F+G-E,AG,E,1M49,B,2
5utz_F+G-E,AG,E,1M47,A,1
5utz_F+G-E,AG,E,1M48,A,1
5utz_F+G-E,AG,E,1M48,B,2
4ybl_B+C-A,AB,B+C,3TNM,H+L,1
4ybl_B+C-A,AB,B+C,3TNM,A+B,2
3ld8_C+B-A,AG,A,6MEV,A,1
3ld8_C+B-A,AG,A,6MEV,B,2
3ld8_C+B-A,AG,A,6MEV,C,3
3ld8_C+B-A,AG,A,6MEV,D,4
3ld8_C+B-A,AG,A,6MEV,E,5
3ld8_C+B-A,AG,A,6MEV,F,6
3ld8_C+B-A,AG,A,6MEV,G,7
3ld8_C+B-A,AG,A,6MEV,H,8
4jan_H+L-G,AB,H+L,4JAM,H+L,1
4jan_H+L-G,AB,H+L,4JAM,A+B,2
6dc5_E+F-D,AB,E+F,6DC4,L+L,1
3mxw_H+L-A,AB,H+L,3MXV,H+L,1
3mxw_H+L-A,AG,A,3M1N,A,1
3mxw_H+L-A,AG,A,3M1N,B,2
3mxw_H+L-A,AG,A,6PJV,A,1
5w6d_D+E-B,AB,D+E,4TOY,H+L,1
4grw_E-D,AG,D,1F42,A,1
5a7x_D+C-A,AB,D+C,1RZ8,B+A,1
5a7x_D+C-A,AB,D+C,1RZ8,D+C,2
6vn0_H+L-B+A,AB,H+L,6VSR,B+B,1
5k9o_A+B-F,AG,F,3UYW,A,1
5k9o_A+B-F,AG,F,3UYW,B,2
5k9o_A+B-F,AG,F,3UYW,C,3
5k9o_A+B-F,AG,F,3UYW,D,4
2fjg_H+L-W,AB,H+L,2FJF,B+A,2
2fjg_H+L-W,AB,H+L,2FJF,D+C,3
2fjg_H+L-W,AB,H+L,2FJF,F+E,4
2fjg_H+L-W,AB,H+L,2FJF,I+G,5
2fjg_H+L-W,AB,H+L,2FJF,N+M,7
2fjg_H+L-W,AB,H+L,2FJF,P+O,8
2fjg_H+L-W,AB,H+L,2FJF,R+Q,9
2fjg_H+L-W,AB,H+L,2FJF,T+S,10
2fjg_H+L-W,AB,H+L,2FJF,V+U,11
2fjg_H+L-W,AB,H+L,2FJF,X+W,12
7d8b_B-A,AG,A,7MEU,A,1
7d8b_B-A,AG,A,7MEU,B,2
7d8b_B-A,AG,A,4TPW,A,1
7d8b_B-A,AG,A,4TPW,B,2
7d8b_B-A,AG,A,4TQC,A,1
7d8b_B-A,AG,A,4TQC,B,2
7d8b_B-A,AG,A,4TQB,A,1
7d8b_B-A,AG,A,4TQB,B,2
7d8b_B-A,AG,A,4DUM,A,1
5vig_H+L-Z,AG,Z,5OMZ,A,1
3ulv_H+L-A,AB,H+L,3NA9,H+L,1
3ulv_H+L-A,AG,A,1ZIW,A,1
3ulv_H+L-A,AG,A,2A0Z,A,1
6sge_B-C,AG,C,6HXU,A,1
6vmk_Z+Y-a,AG,a,6FTY,A,1
6vmk_Z+Y-a,AG,a,6FUT,A,1
6vmk_Z+Y-a,AG,a,6FUI,A,1
6vmk_Z+Y-a,AG,a,6QMT,A,1
6vmk_Z+Y-a,AG,a,6QMT,B,2
6vmk_Z+Y-a,AG,a,6FUH,A,1
4py8_I+J-B+A,AB,I+J,4PY7,I+J,1
4py8_I+J-B+A,AB,I+J,4PY7,A+B,2
6ey0_E-A,AB,E,5LZ0,A,1
6ey0_E-A,AB,E,5LZ0,B,2
6mek_B+D-A,AB,B+D,6MED,A+B,1
6mek_B+D-A,AB,B+D,6MED,C+D,2
6mek_B+D-A,AB,B+D,6MED,G+I,3
6z3q_H+L-C+A+B,AB,H+L,6Z3K,A+B,2
6z3q_H+L-C+A+B,AB,H+L,6Z3K,C+D,3
6z3q_H+L-C+A+B,AB,H+L,6Z3K,E+F,4
6z3q_H+L-C+A+B,AB,H+L,6Z3K,M+N,6
6z3q_H+L-C+A+B,AB,H+L,6Z3K,O+P,7
6z3q_H+L-C+A+B,AB,H+L,6Z3K,Q+R,8
6z3q_H+L-C+A+B,AB,H+L,6Z3K,G+I,9
5x8m_B+C-A,AG,A,5C3T,A,1
4xx1_M+O-J,AG,J,4X96,A,1
4xx1_M+O-J,AG,J,4X96,B,2
4xx1_M+O-J,AG,J,4X96,C,3
4xx1_M+O-J,AG,J,4X96,D,4
4xx1_M+O-J,AG,J,5TXF,A,1
4xx1_M+O-J,AG,J,5TXF,B,2
4xx1_M+O-J,AG,J,5TXF,C,3
4xx1_M+O-J,AG,J,5TXF,D,4
4xx1_M+O-J,AG,J,6MVD,A,1
4xx1_M+O-J,AG,J,6MVD,B,2
6war_H-G,AG,G,4ZPW,R,1
6war_H-G,AG,G,4ZPW,S,2
3p0g_B-A,AG,A,6OBA,A,1
3p0g_B-A,AG,A,5D6L,A,1
3p0g_B-A,AG,A,5D5A,A,1
3p0g_B-A,AG,A,2RH1,A,1
3p0g_B-A,AG,A,5X7D,A,1
5c7x_H+L-A,AB,H+L,5D7S,H+L,1
5c7x_H+L-A,AG,A,2GMF,A,1
5c7x_H+L-A,AG,A,2GMF,B,2
4w2o_E-F,AB,E,6APQ,A,1
5vkd_H+L-A,AG,A,5DSD,A,1
6vn0_G+J-E+C,AB,G+J,6VSR,A+B,1
5j56_B-A,AG,A,4HUO,X,1
5j56_B-A,AG,A,6URX,A,1
5j56_B-A,AG,A,4HV7,X,1
5j56_B-A,AG,A,4MX5,X,1
5j56_B-A,AG,A,6URY,A,1
5j56_B-A,AG,A,6URY,B,2
5njg_C+D-B,AB,C+D,5NIV,B+A,1
6mdt_H+L-G,AB,H+L,4R26,H+L,1
7cqc_H+L-A,AB,H+L,4YNY,A+B,1
7cqc_H+L-A,AB,H+L,4YNY,C+D,2
6ccb_D+E-C,AB,D+E,4FQ2,H+L,1
2p46_B-A,AG,A,8RAT,A,1
2p46_B-A,AG,A,6ETL,A,1
2p46_B-A,AG,A,6ETM,A,1
2p46_B-A,AG,A,7RSA,A,1
2p46_B-A,AG,A,6ETK,A,1
3a6c_H+L-Y,AG,Y,7BYP,A,1
3a6c_H+L-Y,AG,Y,7CDO,A,1
3a6c_H+L-Y,AG,Y,7CDM,A,1
6gwn_B-A,AG,A,3Q02,A,1
6gwn_B-A,AG,A,3Q02,B,2
6gwn_B-A,AG,A,3Q03,A,1
6gwn_B-A,AG,A,3Q03,B,2
2yss_B+A-C,AG,C,7BYP,A,1
2yss_B+A-C,AG,C,7CDO,A,1
2yss_B+A-C,AG,C,7CDM,A,1
6u0l_I+J-B,AB,I+J,1RZF,L+L,1
7l0n_C+D-S,AB,C+D,6WS6,A+A,1
7l0n_C+D-S,AB,C+D,6WS6,C+C,2
7l0n_C+D-S,AB,C+D,6WS6,E+E,3
6vja_H+L-C,AB,H+L,4KAQ,H+L,1
1z3g_I+M-B,AG,B,1Z27,A,1
5kvf_H+L-E,AG,E,5OMZ,A,1
6fxn_H+I-C,AB,H+I,5Y9K,H+L,1
5w9o_H+I-G,AB,H+I,5VZR,H+L,1
5w9o_H+I-G,AB,H+I,5VZR,A+B,2
7kgk_B-A,AB,B,7MFV,B,1
7lfa_H+L-C,AG,C,7L6K,A,1
5i8h_I+J-A,AB,I+J,4JY5,H+H,1
5w4l_B+C-A,AG,A,4DKO,A,1
5w4l_B+C-A,AG,A,4DKO,C,2
5w4l_B+C-A,AG,A,4RZ8,A,1
5w4l_B+C-A,AG,A,4RZ8,B,2
5w4l_B+C-A,AG,A,4RZ8,C,3
5w4l_B+C-A,AG,A,4RZ8,D,4
5w4l_B+C-A,AG,A,4DVV,A,1
5w4l_B+C-A,AG,A,4DVV,B,2
5w4l_B+C-A,AG,A,4DKP,A,1
5w4l_B+C-A,AG,A,4DKP,C,2
5w4l_B+C-A,AG,A,4DKQ,A,1
5ush_H+L-X,AG,X,4E9O,X,1
4fqy_H+L-B+A,AB,H+L,4FQH,H+L,1
4fqy_H+L-B+A,AB,H+L,4FQH,A+B,2
5j3d_H+L-K+J,AB,H+L,5ITB,H+L,1
1mel_B-M,AG,M,7BYP,A,1
1mel_B-M,AG,M,7CDO,A,1
1mel_B-M,AG,M,7CDM,A,1
5mo9_H+L-X,AG,X,1WWB,X,1
5hvh_B-A,AG,A,7NEE,A,1
6vmk_i+h-j,AG,j,6FTY,A,1
6vmk_i+h-j,AG,j,6FUT,A,1
6vmk_i+h-j,AG,j,6FUI,A,1
6vmk_i+h-j,AG,j,6QMT,A,1
6vmk_i+h-j,AG,j,6QMT,B,2
6vmk_i+h-j,AG,j,6FUH,A,1
5w9p_F+G-J,AB,F+G,5VZR,H+L,1
5w9p_F+G-J,AB,F+G,5VZR,A+B,2
1xgq_B+A-C,AG,C,7BYP,A,1
1xgq_B+A-C,AG,C,7CDO,A,1
1xgq_B+A-C,AG,C,7CDM,A,1
1qle_H+L-B,AB,H+L,1MQK,H+L,1
4ksd_B-A,AG,A,5KPJ,A,1
4ksd_B-A,AG,A,3G60,A,1
4ksd_B-A,AG,A,3G60,B,2
4ksd_B-A,AG,A,4KSC,A,1
4ksd_B-A,AG,A,4KSB,A,1
4ksd_B-A,AG,A,5KPI,A,1
4ksd_B-A,AG,A,5KPI,B,2
5v7j_D+E-B,AB,D+E,4TOY,H+L,1
4i0c_C-B,AG,B,3FE0,A,1
4i0c_C-B,AG,B,6LFH,X,1
4i0c_C-B,AG,B,2ZIJ,A,1
4i0c_C-B,AG,B,2NWD,X,1
4i0c_C-B,AG,B,5LSH,A,1
7r6w_A+B-R,AB,A+B,6WS6,A+A,1
7r6w_A+B-R,AB,A+B,6WS6,C+C,2
7r6w_A+B-R,AB,A+B,6WS6,E+E,3
4n1c_A-C,AG,C,7BYP,A,1
4n1c_A-C,AG,C,7CDO,A,1
4n1c_A-C,AG,C,7CDM,A,1
6okp_K+L-E,AB,K+L,6OKQ,A+B,1
6okp_K+L-E,AB,K+L,6OKQ,D+C,2
6okp_K+L-E,AB,K+L,6OKQ,F+E,3
5jxe_G+F-A,AG,A,2M2D,A,1
5iml_B-A,AG,A,2ICC,A,1
6s3t_D+C-S,AB,D+C,6RNN,H+L,1
6s3t_D+C-S,AB,D+C,6RNN,D+C,2
6s3t_D+C-S,AG,S,6RUX,A,1
6s3t_D+C-S,AG,S,6RUX,B,2
6s3t_D+C-S,AG,S,6RUX,C,3
6s3t_D+C-S,AG,S,6RQG,A,1
6s3t_D+C-S,AG,S,6RQG,B,2
6s3t_D+C-S,AG,S,6RQG,C,3
6vmj_M+L-W,AG,W,6FTY,A,1
6vmj_M+L-W,AG,W,6FUT,A,1
6vmj_M+L-W,AG,W,6FUI,A,1
6vmj_M+L-W,AG,W,6QMT,A,1
6vmj_M+L-W,AG,W,6QMT,B,2
6vmj_M+L-W,AG,W,6FUH,A,1
2w9e_H+L-A,AG,A,5L6R,A,1
2w9e_H+L-A,AG,A,6DU9,A,1
2w9e_H+L-A,AG,A,5YJ5,A,1
1zmy_A-L,AG,L,7BYP,A,1
1zmy_A-L,AG,L,7CDO,A,1
1zmy_A-L,AG,L,7CDM,A,1
4ttd_H+L-A,AG,A,7BYP,A,1
4ttd_H+L-A,AG,A,7CDO,A,1
4ttd_H+L-A,AG,A,7CDM,A,1
3pnw_N+M-O,AG,O,3S6W,A,1
6vbg_C-A,AG,A,4ZYR,A,1
6vbg_C-A,AG,A,4ZYR,B,2
6eyo_H+L-A,AB,H+L,6EYN,H+L,1
6eyo_H+L-A,AB,H+L,6EYN,B+A,2
6eyo_H+L-A,AB,H+L,6EYN,D+C,3
1rjc_A-B,AG,B,7BYP,A,1
1rjc_A-B,AG,B,7CDO,A,1
1rjc_A-B,AG,B,7CDM,A,1
6w2c_B+C-A,AB,B+C,5I66,A+B,1
3qa3_D+C-G,AG,G,4XW2,A,1
5n0a_I+M-B,AB,I+M,4UT7,H+L,1
6bpe_H+I-G,AG,G,5W53,A,1
6bpe_H+I-G,AG,G,5W53,B,2
1xfp_A-L,AG,L,7BYP,A,1
1xfp_A-L,AG,L,7CDO,A,1
1xfp_A-L,AG,L,7CDM,A,1
6u54_A-B,AB,A,6U53,A,1
6u54_A-B,AG,B,6EHL,A,1
6u54_A-B,AG,B,4QAZ,A,1
6u54_A-B,AG,B,4QB0,A,1
5fcu_H+L-G,AB,H+L,4RFE,H+L,1
5fcu_H+L-G,AB,H+L,4RFE,A+B,2
5fcu_H+L-G,AB,H+L,4RFE,C+D,3
5fcu_H+L-G,AB,H+L,4RFE,E+F,4
7ncs_H+L-A,AB,H+L,7BM5,B+A,2
7ncs_H+L-A,AB,H+L,7BM5,D+C,3
7ncs_H+L-A,AB,H+L,7BM5,F+E,4
7ncs_H+L-A,AB,H+L,7BM5,I+G,6
7kdm_F-E+D,AG,E+D,3RTI,B+A,1
6w4s_H+L-F,AB,H+L,6W4V,C+D,1
6rqm_B-A,AB,B,1AH1,A,1
6rqm_B-A,AG,A,1AH1,A,1
2vyr_H-D,AG,D,3LBJ,E,1
2vyr_H-D,AG,D,6Q9W,A,1
2vyr_H-D,AG,D,6Q9W,B,2
2vyr_H-D,AG,D,6Q9Y,A,1
2vyr_H-D,AG,D,6Q9Y,B,2
2vyr_H-D,AG,D,7EL4,A,1
5t3x_H+L-G,AB,H+L,4FQ2,H+L,1
6pzz_I+G-C,AB,I+G,6PZG,H+L,1
5wux_A+B-F,AB,A+B,5WUV,H+L,1
6y9a_H+L-A+B,AB,H+L,3PP3,H+L,1
6y9a_H+L-A+B,AB,H+L,3PP3,I+K,2
5w9j_E+F-D,AB,E+F,5VZR,H+L,1
5w9j_E+F-D,AB,E+F,5VZR,A+B,2
6ey0_H-D,AB,H,5LZ0,A,1
6ey0_H-D,AB,H,5LZ0,B,2
5m15_C-A,AG,A,5B3Y,A,1
5m15_C-A,AG,A,6ZHO,A,1
5m15_C-A,AG,A,6ZIS,A,1
5m15_C-A,AG,A,5ZCA,A,1
5m15_C-A,AG,A,7MQ7,A,1
2vxq_H+L-A,AG,A,1WHP,A,1
6obg_C-A,AG,A,4HUO,X,1
6obg_C-A,AG,A,6URX,A,1
6obg_C-A,AG,A,4HV7,X,1
6obg_C-A,AG,A,4MX5,X,1
6obg_C-A,AG,A,6URY,A,1
6obg_C-A,AG,A,6URY,B,2
6gkd_B-A,AG,A,5TFI,A,1
6gkd_B-A,AG,A,5TFF,A,1
6gkd_B-A,AG,A,5TF7,A,1
6gkd_B-A,AG,A,5TFG,A,1
6gkd_B-A,AG,A,5TFB,A,1
4hcr_M+N-B,AG,B,1GSM,A,1
4hcr_M+N-B,AG,B,4HD9,A,1
4hcr_M+N-B,AG,B,1BQS,A,1
7kbk_C-A+B,AG,A+B,3RTI,A+B,1
3l5x_H+L-A,AB,H+L,3L7F,H+L,1
3l5x_H+L-A,AB,H+L,3L7F,B+A,2
3l5x_H+L-A,AG,A,1GA3,A,1
4yc2_H+L-G,AB,H+L,3TNM,H+L,1
4yc2_H+L-G,AB,H+L,3TNM,A+B,2
6rcv_H+G-F,AB,H+G,6RCQ,A+B,1
6ocd_B-A,AG,A,4HUO,X,1
6ocd_B-A,AG,A,6URX,A,1
6ocd_B-A,AG,A,4HV7,X,1
6ocd_B-A,AG,A,4MX5,X,1
6ocd_B-A,AG,A,6URY,A,1
6ocd_B-A,AG,A,6URY,B,2
6um5_G+H-E,AB,G+H,5U15,A+B,1
6um5_G+H-E,AB,G+H,5U15,H+L,2
4nc1_C-A,AG,A,2G7C,A,1
4nc1_C-A,AG,A,2G7C,B,2
6pi7_F+E-D,AG,D,3FDR,A,1
6xzf_B-A,AB,B,6Y0E,A,1
6xzf_B-A,AB,B,6Y0E,B,2
6xzf_B-A,AG,A,5N9O,A,1
6xzf_B-A,AG,A,4EUL,A,1
6xzf_B-A,AG,A,2Y0G,A,1
6xzf_B-A,AG,A,6YLQ,A,1
6xzf_B-A,AG,A,7FBS,A,1
5tud_C+B-A,AG,A,6DRX,A,1
5tud_C+B-A,AG,A,5YM7,A,1
5tud_C+B-A,AG,A,4IB4,A,1
5tud_C+B-A,AG,A,4NC3,A,1
5tud_C+B-A,AG,A,1M6T,A,1
5w9k_B+C-A,AB,B+C,5VZR,H+L,1
5w9k_B+C-A,AB,B+C,5VZR,A+B,2
4rgn_D+E-A,AG,A,3SEB,A,1
4rgn_D+E-A,AG,A,1SE3,A,1
4rgn_D+E-A,AG,A,1SE4,A,1
6lz2_D-C,AG,C,4TZA,C,1
6lz2_D-C,AG,C,4TZA,A,2
6lz2_D-C,AG,C,4TZA,B,3
6lz2_D-C,AG,C,4TZA,D,4
5lhr_B-A,AG,A,5LHS,B,1
5lhr_B-A,AG,A,5LHS,A,2
5lhr_B-A,AG,A,5LHS,C,3
5lhr_B-A,AG,A,5LHS,D,4
5bk2_H+L-A,AG,A,5B3Y,A,1
5bk2_H+L-A,AG,A,4PE2,A,1
5bk2_H+L-A,AG,A,6ZHO,A,1
5bk2_H+L-A,AG,A,6ZIS,A,1
5bk2_H+L-A,AG,A,5ZCA,A,1
7d8b_D-C,AG,C,7MEU,A,1
7d8b_D-C,AG,C,7MEU,B,2
7d8b_D-C,AG,C,4TPW,A,1
7d8b_D-C,AG,C,4TPW,B,2
7d8b_D-C,AG,C,4TQC,A,1
7d8b_D-C,AG,C,4TQC,B,2
7d8b_D-C,AG,C,4TQB,A,1
7d8b_D-C,AG,C,4TQB,B,2
7d8b_D-C,AG,C,4DUM,A,1
5w9i_C+D-A,AB,C+D,5VZR,H+L,1
5w9i_C+D-A,AB,C+D,5VZR,A+B,2
6ul6_B-A,AG,A,3V0C,A,1
6hhd_B-A,AG,A,1AG2,A,1
5w9m_H+I-G,AB,H+I,5VZR,H+L,1
5w9m_H+I-G,AB,H+I,5VZR,A+B,2
3hi6_X+Y-B,AB,X+Y,3HI5,H+L,1
4r2g_N+M-A,AB,N+M,4R26,H+H,1
5viy_H+G-F,AB,H+G,5VVF,H+L,1
7lwd_H+L-A,AB,H+L,6D9G,A+B,1
7lwd_H+L-A,AB,H+L,6D9G,C+D,2
6cm3_K+J-D,AB,K+J,1RZ8,B+A,1
6cm3_K+J-D,AB,K+J,1RZ8,D+C,2
6udk_F+I-K,AB,F+I,4FQ2,H+L,1
6bpc_E+F-D,AB,E+F,6BPB,A+B,1
6bpc_E+F-D,AG,D,5W53,A,1
6bpc_E+F-D,AG,D,5W53,B,2
7bua_G+I-B,AG,B,5OMZ,A,1
6ye3_A+B-C,AG,C,1PW6,A,1
6ye3_A+B-C,AG,C,1PW6,B,2
6ye3_A+B-C,AG,C,1M4C,A,1
6ye3_A+B-C,AG,C,1M4C,B,2
6ye3_A+B-C,AG,C,1M49,A,1
6ye3_A+B-C,AG,C,1M49,B,2
6ye3_A+B-C,AG,C,1M47,A,1
6ye3_A+B-C,AG,C,1M48,A,1
6ye3_A+B-C,AG,C,1M48,B,2
7mxl_H+L-C,AG,C,4A87,A,1
7mxl_H+L-C,AG,C,4BTZ,A,1
7mxl_H+L-C,AG,C,4A83,A,1
7mxl_H+L-C,AG,C,4A80,A,1
7mxl_H+L-C,AG,C,4A85,A,1
5vnw_C-B,AB,C,5VNV,A,1
5vnw_C-B,AG,B,6HSC,A,1
5vnw_C-B,AG,B,6HSC,B,2
5vnw_C-B,AG,B,7JWN,A,1
5vnw_C-B,AG,B,6YG9,A,1
4gxu_Q+R-E,AB,Q+R,4GXV,H+L,1
4gxu_Q+R-E,AB,Q+R,4GXV,I+M,2
7l5j_W+L-B,AB,W+L,4NCC,H+L,1
7l5j_W+L-B,AB,W+L,4NCC,2+1,2
1z3g_H+L-A,AG,A,1Z27,A,1
1dqj_B+A-C,AB,B+A,1DQQ,B+A,1
1dqj_B+A-C,AB,B+A,1DQQ,D+C,2
1dqj_B+A-C,AB,B+A,1DQM,H+L,1
1dqj_B+A-C,AG,C,7BYP,A,1
1dqj_B+A-C,AG,C,7CDO,A,1
1dqj_B+A-C,AG,C,7CDM,A,1
4gxu_O+P-C,AB,O+P,4GXV,H+L,1
4gxu_O+P-C,AB,O+P,4GXV,I+M,2
7lfb_H+L-X,AG,X,7L6K,A,1
4ut6_H+L-A,AG,A,4UTC,A,1
4ut6_H+L-A,AG,A,4UTC,B,2
5o1r_I+M-B,AB,I+M,5NYX,H+L,1
5o1r_I+M-B,AB,I+M,5NYX,M+N,2
5o1r_I+M-B,AB,I+M,5NYX,O+P,3
5te6_H+L-G,AG,G,3TGT,A,1
4n1e_F-K,AG,K,7BYP,A,1
4n1e_F-K,AG,K,7CDO,A,1
4n1e_F-K,AG,K,7CDM,A,1
5bjz_C+L-A,AG,A,5B3Y,A,1
5bjz_C+L-A,AG,A,4PE2,A,1
5bjz_C+L-A,AG,A,6ZHO,A,1
5bjz_C+L-A,AG,A,6ZIS,A,1
5bjz_C+L-A,AG,A,5ZCA,A,1
7neq_F+E-A,AB,F+E,5NIV,B+B,1
5mp2_D-B,AG,B,4E9J,A,2
5mp2_D-B,AG,B,4E9J,B,3
6ztr_H+L-I,AB,H+L,6ZTF,A+B,1
6ztr_H+L-I,AB,H+L,6ZTF,H+L,2
6ztr_H+L-I,AG,I,6ZTB,I,1
5i6z_B+C-A,AB,B+C,5I66,A+B,1
6nb3_D+E-A,AB,D+E,6NB5,H+L,1
6nb3_D+E-A,AB,D+E,6NB5,I+M,2
7lm8_H+L-A,AB,H+L,7JMX,H+L,1
6nip_A+B-E,AB,A+B,6MTX,H+L,1
4w2o_C-D,AB,C,6APQ,A,1
6jb5_A-B,AG,B,7BYP,A,1
6jb5_A-B,AG,B,7CDO,A,1
6jb5_A-B,AG,B,7CDM,A,1
4olw_H+L-G,AG,G,3TGT,A,1
6dbf_B-A,AB,B,6DBA,A,1
6dbf_B-A,AB,B,6DBA,B,2
6ui1_C-A,AG,A,3V0C,A,1
6pzw_K+I-D,AB,K+I,6PZH,H+L,1
6pzw_K+I-D,AB,K+I,6PZH,B+A,2
6e62_H+L-P,AB,H+L,6E64,H+L,1
6e62_H+L-P,AB,H+L,6E64,A+B,2
4olz_H+L-G,AG,G,3TGT,A,1
5hvg_B-A,AG,A,7NEE,A,1
2jel_H+L-P,AG,P,1HDN,A,1
2jel_H+L-P,AG,P,1PFH,A,1
2jel_H+L-P,AG,P,1POH,A,1
5usl_B+C-A,AG,A,4E9O,X,1
1nsn_H+L-S,AG,S,1SNC,A,1
1nsn_H+L-S,AG,S,1STH,A,1
1nsn_H+L-S,AG,S,1STN,A,1
1nsn_H+L-S,AG,S,1STG,A,1
1nsn_H+L-S,AG,S,4WOR,A,1
3tyg_H+L-A,AB,H+L,6B3D,H+L,1
5mp2_C-A,AG,A,4E9J,A,2
5mp2_C-A,AG,A,4E9J,B,3
6vy2_I+M-C,AB,I+M,6VU2,H+L,1
4tsb_H+L-A,AG,A,7BYP,A,1
4tsb_H+L-A,AG,A,7CDO,A,1
4tsb_H+L-A,AG,A,7CDM,A,1
2nxz_D+C-A,AB,D+C,1RZ8,B+A,1
2nxz_D+C-A,AB,D+C,1RZ8,D+C,2
4n1e_E-K,AG,K,7BYP,A,1
4n1e_E-K,AG,K,7CDO,A,1
4n1e_E-K,AG,K,7CDM,A,1
6vmk_u+t-v,AG,v,6FTY,A,1
6vmk_u+t-v,AG,v,6FUT,A,1
6vmk_u+t-v,AG,v,6FUI,A,1
6vmk_u+t-v,AG,v,6QMT,A,1
6vmk_u+t-v,AG,v,6QMT,B,2
6vmk_u+t-v,AG,v,6FUH,A,1
5nj3_C+D-B,AB,C+D,5NIV,B+A,1
1p2c_B+A-C,AG,C,7BYP,A,1
1p2c_B+A-C,AG,C,7CDO,A,1
1p2c_B+A-C,AG,C,7CDM,A,1
5da0_B-A,AB,B,5DA4,A,1
5da0_B-A,AB,B,5DA4,B,2
5da0_B-A,AB,B,5DA4,C,3
7aej_D-A,AB,D,4B50,A,1
7aej_D-A,AG,A,2M8O,A,1
6p50_H+L-C,AB,H+L,6P4Y,H+L,1
6war_F-E,AG,E,4ZPW,R,1
6war_F-E,AG,E,4ZPW,S,2
6bpa_E+F-D,AG,D,5W53,A,1
6bpa_E+F-D,AG,D,5W53,B,2
6wm9_B+C-A,AG,A,5W53,A,1
6wm9_B+C-A,AG,A,5W53,B,2
6rcu_B+C-A,AB,B+C,6RCO,A+B,1
6rcu_B+C-A,AB,B+C,6RCO,C+D,2
1jto_A-L,AG,L,7BYP,A,1
1jto_A-L,AG,L,7CDO,A,1
1jto_A-L,AG,L,7CDM,A,1
2i9l_B+A-I,AG,I,1YPY,A,1
2i9l_B+A-I,AG,I,1YPY,B,2
6vmj_J+I-X,AG,X,6FTY,A,1
6vmj_J+I-X,AG,X,6FUT,A,1
6vmj_J+I-X,AG,X,6FUI,A,1
6vmj_J+I-X,AG,X,6QMT,A,1
6vmj_J+I-X,AG,X,6QMT,B,2
6vmj_J+I-X,AG,X,6FUH,A,1
5xj3_A+B-C,AB,A+B,6JC2,H+L,1
5kw9_H+L-A,AG,A,3BY2,A,1
5kw9_H+L-A,AG,A,3BY1,A,1
4odx_A+L-Y,AB,A+L,4OB5,H+L,1
6vpx_P+Q-D+C+B,AB,P+Q,4NUG,H+L,1
1bvk_B+A-C,AB,B+A,1BVL,A+B,1
1bvk_B+A-C,AB,B+A,1BVL,C+D,2
1bvk_B+A-C,AG,C,7BYP,A,1
1bvk_B+A-C,AG,C,7CDO,A,1
1bvk_B+A-C,AG,C,7CDM,A,1
6fyu_C-B+A,AG,B+A,4LN8,B+A,2
6fyu_C-B+A,AG,B+A,4LN8,D+C,3
6fyu_C-B+A,AG,B+A,4LN8,F+E,4
6fyu_C-B+A,AG,B+A,4LN8,H+G,6
6fyu_C-B+A,AG,B+A,4LN8,J+I,7
6fyu_C-B+A,AG,B+A,4LN8,L+K,8
6fyu_C-B+A,AG,B+A,4LN6,B+A,2
6fyu_C-B+A,AG,B+A,4LN6,D+C,3
6fyu_C-B+A,AG,B+A,4LN6,F+E,4
6fyu_C-B+A,AG,B+A,4LN6,H+G,6
6fyu_C-B+A,AG,B+A,4LN6,J+I,7
6fyu_C-B+A,AG,B+A,4LN6,L+K,8
4w6y_B-A,AG,A,4B4Q,A,1
4w6y_B-A,AG,A,4B4Q,B,2
4w6y_B-A,AG,A,4B4R,A,1
4w6y_B-A,AG,A,4B4R,B,2
6nb7_G+I-C,AB,G+I,6NB8,H+L,1
6uta_H+L-E,AG,E,5OMZ,A,1
4nm8_I+M-D+C,AB,I+M,4NM4,H+L,1
4nm8_I+M-D+C,AB,I+M,4NM4,I+M,2
1nbz_B+A-C,AB,B+A,1DQQ,B+A,1
1nbz_B+A-C,AB,B+A,1DQQ,D+C,2
1nbz_B+A-C,AB,B+A,1DQM,H+L,1
1oaz_H+L-A,AB,H+L,1OAQ,H+L,1
1oaz_H+L-A,AB,H+L,1OAU,I+M,2
1oaz_H+L-A,AB,H+L,1OAU,J+N,3
1oaz_H+L-A,AB,H+L,1OAU,K+O,4
6orn_F+I-K,AB,F+I,4FQ2,H+L,1
3bt2_H+L-U,AB,H+L,2FAT,H+L,1
1rzj_H+L-G,AB,H+L,1RZ8,B+A,1
1rzj_H+L-G,AB,H+L,1RZ8,D+C,2
5nj6_H+L-A,AG,A,5YM7,A,1
5nj6_H+L-A,AG,A,5NDD,A,1
5nj6_H+L-A,AG,A,5NDZ,A,1
5nj6_H+L-A,AG,A,1M6T,A,1
4kuc_H+D-A,AG,A,4HUO,X,1
4kuc_H+D-A,AG,A,6URX,A,1
4kuc_H+D-A,AG,A,4HV7,X,1
4kuc_H+D-A,AG,A,4MX5,X,1
4kuc_H+D-A,AG,A,6URY,A,1
4kuc_H+D-A,AG,A,6URY,B,2
6i8s_H+L-D,AG,D,4G8R,A,1
6i8s_H+L-D,AG,D,4G8R,B,2
6i8s_H+L-D,AG,D,4G8O,A,1
6i8s_H+L-D,AG,D,4G8O,B,2
6i8s_H+L-D,AG,D,4G8O,C,3
6i8s_H+L-D,AG,D,4G8O,D,4
6i8s_H+L-D,AG,D,3UT3,A,1
6i8s_H+L-D,AG,D,3UT3,B,2
6i8s_H+L-D,AG,D,3UT3,C,3
6i8s_H+L-D,AG,D,3UT3,D,4
6i8s_H+L-D,AG,D,1B3K,A,1
6i8s_H+L-D,AG,D,1B3K,B,2
6i8s_H+L-D,AG,D,1B3K,C,3
6i8s_H+L-D,AG,D,1B3K,D,4
5e7f_C-I,AB,C,5E7B,A,1
5w9i_K+L-I,AB,K+L,5VZR,H+L,1
5w9i_K+L-I,AB,K+L,5VZR,A+B,2
7lfa_B+D-A,AG,A,7L6K,A,1
5lhn_B-A,AG,A,5LHS,B,1
5lhn_B-A,AG,A,5LHS,A,2
5lhn_B-A,AG,A,5LHS,C,3
5lhn_B-A,AG,A,5LHS,D,4
6app_A-B,AB,A,6APO,A,1
4olx_H+L-G,AG,G,3TGT,A,1
1uj3_B+A-C,AG,C,1TFH,A,1
1uj3_B+A-C,AG,C,1TFH,B,2
6i8s_E+I-A,AG,A,4G8R,A,1
6i8s_E+I-A,AG,A,4G8R,B,2
6i8s_E+I-A,AG,A,4G8O,A,1
6i8s_E+I-A,AG,A,4G8O,B,2
6i8s_E+I-A,AG,A,4G8O,C,3
6i8s_E+I-A,AG,A,4G8O,D,4
6i8s_E+I-A,AG,A,3UT3,A,1
6i8s_E+I-A,AG,A,3UT3,B,2
6i8s_E+I-A,AG,A,3UT3,C,3
6i8s_E+I-A,AG,A,3UT3,D,4
6i8s_E+I-A,AG,A,1B3K,A,1
6i8s_E+I-A,AG,A,1B3K,B,2
6i8s_E+I-A,AG,A,1B3K,C,3
6i8s_E+I-A,AG,A,1B3K,D,4
5yhl_H+L-A,AB,H+L,5YFI,H+L,1
3p11_H+L-A,AB,H+L,3P0V,H+L,1
3p11_H+L-A,AB,H+L,3P0V,I+M,2
6uft_B-A,AG,A,1G9A,A,1
6uft_B-A,AG,A,1S0D,A,1
6uft_B-A,AG,A,1G9D,A,1
6uft_B-A,AG,A,1S0E,A,1
6uft_B-A,AG,A,1EPW,A,1
6fla_H+L-I,AG,I,2JSF,A,1
6txz_H+L-A,AG,A,5F71,A,1
6txz_H+L-A,AG,A,5F71,B,2
4nby_B-A,AG,A,2G7C,A,1
4nby_B-A,AG,A,2G7C,B,2
5d72_M+N-B,AG,B,2GMF,A,1
5d72_M+N-B,AG,B,2GMF,B,2
3raj_H+L-A,AG,A,4F46,A,1
3raj_H+L-A,AG,A,4F46,B,2
3raj_H+L-A,AG,A,3I9M,A,1
3raj_H+L-A,AG,A,3I9M,B,2
3raj_H+L-A,AG,A,3U4H,A,1
3raj_H+L-A,AG,A,3U4H,B,2
3raj_H+L-A,AG,A,3DZG,A,1
3raj_H+L-A,AG,A,3DZG,B,2
3raj_H+L-A,AG,A,3DZK,A,1
3raj_H+L-A,AG,A,3DZK,B,2
6gk4_C-A,AG,A,5TFI,A,1
6gk4_C-A,AG,A,5TFF,A,1
6gk4_C-A,AG,A,5TF7,A,1
6gk4_C-A,AG,A,5TFG,A,1
6gk4_C-A,AG,A,5TFB,A,1
2eiz_B+A-C,AG,C,7BYP,A,1
2eiz_B+A-C,AG,C,7CDO,A,1
2eiz_B+A-C,AG,C,7CDM,A,1
5hys_E+F-J,AB,E+F,2XA8,H+L,1
5hys_E+F-J,AB,E+F,4X7T,H+L,1
5hys_E+F-J,AB,E+F,4X7T,A+B,2
5hys_E+F-J,AB,E+F,6TCN,H+L,1
5hys_E+F-J,AB,E+F,6TCN,B+A,2
5hys_E+F-J,AB,E+F,6TCM,H+L,1
5g64_I+M-B,AB,I+M,6TCR,H+L,1
6vmk_c+b-d,AG,d,6FTY,A,1
6vmk_c+b-d,AG,d,6FUT,A,1
6vmk_c+b-d,AG,d,6FUI,A,1
6vmk_c+b-d,AG,d,6QMT,A,1
6vmk_c+b-d,AG,d,6QMT,B,2
6vmk_c+b-d,AG,d,6FUH,A,1
3bn9_F+E-A,AG,A,6T9T,A,1
3bn9_F+E-A,AG,A,3NCL,A,1
2dqf_E+D-F,AG,F,7BYP,A,1
2dqf_E+D-F,AG,F,7CDO,A,1
2dqf_E+D-F,AG,F,7CDM,A,1
5xj3_G+H-I,AB,G+H,6JC2,H+L,1
6txz_K+O-D,AG,D,5F71,A,1
6txz_K+O-D,AG,D,5F71,B,2
5hgg_S-B,AB,S,5HDO,A,1
5hgg_S-B,AB,S,5HDO,B,2
5hgg_S-B,AB,S,5HDO,C,3
5hgg_S-B,AB,S,5HDO,D,4
5hgg_S-B,AG,B,5ZAJ,U,1
5hgg_S-B,AG,B,6AG2,U,1
5hgg_S-B,AG,B,6AG9,U,1
5hgg_S-B,AG,B,5ZA7,U,1
5hgg_S-B,AG,B,6AG7,U,1
5w9h_H+I-G,AB,H+I,5VZR,H+L,1
5w9h_H+I-G,AB,H+I,5VZR,A+B,2
2dqj_H+L-Y,AG,Y,7BYP,A,1
2dqj_H+L-Y,AG,Y,7CDO,A,1
2dqj_H+L-Y,AG,Y,7CDM,A,1
5t5f_H+L-A,AG,A,3KVD,D,1
2nz9_F+E-B,AG,B,3BTA,A,1
1s78_D+C-A,AB,D+C,1L7I,H+L,1
3rvx_D+C-A,AB,D+C,3RVT,D+D,1
3rvx_D+C-A,AB,D+C,3RVU,D+D,1
4k8r_D+C-B,AB,D+C,4LKC,B+A,1
4k8r_D+C-B,AG,B,2P4E,P,1
4k8r_D+C-B,AG,B,2P4E,A,2
4k8r_D+C-B,AG,B,6U26,A,1
4k8r_D+C-B,AG,B,6U26,B,2
5nj3_E+F-A,AB,E+F,5NIV,B+A,1
6s3d_E+F-O,AG,O,6XWI,A,1
7kd0_C-B+A,AG,B+A,3RTI,B+A,1
5vxj_D-C,AG,C,3R9V,A,1
5vxj_D-C,AG,C,3R9V,B,2
5vco_D+C-E,AB,D+C,4POZ,D+C,1
4rfn_B+C-A,AB,B+C,4RFE,H+L,1
4rfn_B+C-A,AB,B+C,4RFE,A+B,2
4rfn_B+C-A,AB,B+C,4RFE,C+D,3
4rfn_B+C-A,AB,B+C,4RFE,E+F,4
4rfn_B+C-A,AG,A,4DKO,A,1
4rfn_B+C-A,AG,A,4DKO,C,2
4rfn_B+C-A,AG,A,4RZ8,A,1
4rfn_B+C-A,AG,A,4RZ8,B,2
4rfn_B+C-A,AG,A,4RZ8,C,3
4rfn_B+C-A,AG,A,4RZ8,D,4
4rfn_B+C-A,AG,A,4DVV,A,1
4rfn_B+C-A,AG,A,4DVV,B,2
4rfn_B+C-A,AG,A,4DKP,A,1
4rfn_B+C-A,AG,A,4DKP,C,2
4rfn_B+C-A,AG,A,4DKQ,A,1
7dm1_F+E-B,AG,B,1PC3,A,1
7dm1_F+E-B,AG,B,1PC3,B,2
7r98_D-A,AG,A,7CDZ,A,1
7r98_D-A,AG,A,7CDZ,B,2
7r98_D-A,AG,A,7CDZ,C,3
7r98_D-A,AG,A,7CDZ,D,4
7r98_D-A,AG,A,6YI3,A,1
7r98_D-A,AG,A,6M3M,A,1
7r98_D-A,AG,A,6M3M,B,2
7r98_D-A,AG,A,6M3M,C,3
7r98_D-A,AG,A,6M3M,D,4
6txz_I+M-B,AG,B,5F71,A,1
6txz_I+M-B,AG,B,5F71,B,2
7kdd_D+E-A,AB,D+E,4OSU,H+L,1
2wuc_H+L-A,AG,A,1YBW,A,1
2wuc_H+L-A,AG,A,1YBW,B,2
3gi9_H+L-C,AG,C,3GIA,A,1
6pz8_H+L-B,AB,H+L,6PXG,B+B,1
6pz8_H+L-B,AB,H+L,6PXG,D+D,2
6pz8_H+L-B,AB,H+L,6PXG,F+F,3
3iu3_C+D-J,AB,C+D,1MIM,H+L,1
3iu3_C+D-J,AG,J,6VWU,A,1
5th9_J+N-C,AG,C,5TH6,A,1
5th9_J+N-C,AG,C,5TH6,B,2
5th9_J+N-C,AG,C,5TH6,C,3
5th9_J+N-C,AG,C,5TH6,D,4
5viy_J+I-D,AB,J+I,5VVF,H+L,1
3rvw_D+C-A,AB,D+C,3RVT,D+D,1
3rvw_D+C-A,AB,D+C,3RVU,D+D,1
3eba_A-B,AG,B,3FE0,A,1
3eba_A-B,AG,B,6LFH,X,1
3eba_A-B,AG,B,2ZIJ,A,1
3eba_A-B,AG,B,2NWD,X,1
3eba_A-B,AG,B,5LSH,A,1
5uoe_H+L-A,AG,A,4IFH,A,2
5uoe_H+L-A,AG,A,4IFH,B,3
5uoe_H+L-A,AG,A,4RE9,A,1
5uoe_H+L-A,AG,A,4RE9,B,2
4r4n_T+U-S,AB,T+U,4R4B,H+L,1
4r4n_T+U-S,AB,T+U,4R4B,B+A,2
4r4n_T+U-S,AB,T+U,4R4B,D+C,3
4r4n_T+U-S,AB,T+U,4R4B,F+E,4
4zpv_H+L-R,AG,R,4ZPW,R,1
4zpv_H+L-R,AG,R,4ZPW,S,2
6y97_H+L-A+B,AB,H+L,3PP3,H+L,1
6y97_H+L-A+B,AB,H+L,3PP3,I+K,2
4grw_I-D,AG,D,1F42,A,1
7lf7_H+L-K,AG,K,7L6K,A,1
5vxm_B-A,AG,A,3R9V,A,1
5vxm_B-A,AG,A,3R9V,B,2
5esz_H+L-G,AB,H+L,3TCL,H+L,1
5esz_H+L-G,AB,H+L,3TCL,A+B,2
6svl_O+P-R,AG,R,6O6W,A,1
6svl_O+P-R,AG,R,6SVK,A,1
6svl_O+P-R,AG,R,6SVK,B,2
4zpv_A+B-S,AG,S,4ZPW,R,1
4zpv_A+B-S,AG,S,4ZPW,S,2
6woz_H+I-G,AG,G,5W53,A,1
6woz_H+I-G,AG,G,5W53,B,2
5w23_J+N-A,AB,J+N,5W24,H+L,1
6svl_D+E-F,AG,F,6O6W,A,1
6svl_D+E-F,AG,F,6SVK,A,1
6svl_D+E-F,AG,F,6SVK,B,2
5d1x_B+A-E,AG,E,3RTL,A,1
5d1x_B+A-E,AG,E,3RTL,B,2
5d1x_B+A-E,AG,E,3RTL,C,3
5d1x_B+A-E,AG,E,3RTL,D,4
5d1x_B+A-E,AG,E,3RUR,A,1
5d1x_B+A-E,AG,E,3RUR,B,2
5d1x_B+A-E,AG,E,3RUR,C,3
5d1x_B+A-E,AG,E,3RUR,D,4
6vlr_D+K-H,AB,D+K,4JY5,H+L,1
4qo1_A-B,AG,B,2XWR,A,1
4qo1_A-B,AG,B,2XWR,B,2
5gs0_D+C-A,AG,A,1ZIW,A,1
5gs0_D+C-A,AG,A,2A0Z,A,1
2ny5_H+L-G,AB,H+L,1RZ8,B+A,1
2ny5_H+L-G,AB,H+L,1RZ8,D+C,2
4zpt_H+L-S,AG,S,4ZPW,R,1
4zpt_H+L-S,AG,S,4ZPW,S,2
5if0_A+B-I,AB,A+B,5IFA,H+L,1
5if0_A+B-I,AG,I,5IDL,A,1
6tyl_I-F,AB,I,4N0E,A,1
6tyl_I-F,AB,I,4N0D,A,1
6tyl_I-F,AB,I,2ZJY,A,1
6tyl_I-F,AB,I,1CIP,A,1
6avq_H+L-B+A,AB,H+L,5OPY,H+L,1
4etq_A+B-X,AG,X,4E9O,X,1
7cr5_H+L-A,AG,A,7CDZ,A,1
7cr5_H+L-A,AG,A,7CDZ,B,2
7cr5_H+L-A,AG,A,7CDZ,C,3
7cr5_H+L-A,AG,A,7CDZ,D,4
7cr5_H+L-A,AG,A,6YI3,A,1
7cr5_H+L-A,AG,A,6M3M,A,1
7cr5_H+L-A,AG,A,6M3M,B,2
7cr5_H+L-A,AG,A,6M3M,C,3
7cr5_H+L-A,AG,A,6M3M,D,4
3eoa_B+A-J,AB,B+A,3EO9,H+L,1
3eoa_B+A-J,AG,J,1ZON,A,1
3eoa_B+A-J,AG,J,1RD4,A,1
3eoa_B+A-J,AG,J,1RD4,B,2
3eoa_B+A-J,AG,J,1RD4,C,3
3eoa_B+A-J,AG,J,1RD4,D,4
5cbe_A+B-E,AG,E,6VGJ,A,1
5cbe_A+B-E,AG,E,6VGJ,B,2
5cbe_A+B-E,AG,E,6VGJ,C,3
5cbe_A+B-E,AG,E,6VGJ,D,4
5cbe_A+B-E,AG,E,6VGJ,E,5
5cbe_A+B-E,AG,E,6VGJ,F,6
5cbe_A+B-E,AG,E,6VGJ,G,7
5cbe_A+B-E,AG,E,7JNY,A,1
1yqv_H+L-Y,AG,Y,7BYP,A,1
1yqv_H+L-Y,AG,Y,7CDO,A,1
1yqv_H+L-Y,AG,Y,7CDM,A,1
1i9r_X+Y-C,AB,X+Y,6W4W,H+L,1
7k66_B+C-A,AG,A,3HNY,M,1
7k66_B+C-A,AG,A,3HOB,M,1
7k66_B+C-A,AG,A,3HOB,A,2
7k66_B+C-A,AG,A,6MF0,A,2
7k66_B+C-A,AG,A,3HNB,M,1
6wbv_H+L-A,AB,H+L,6W4V,C+D,1
5vco_B+A-F,AB,B+A,4POZ,D+C,1
1ztx_H+L-E,AG,E,2I69,A,1
1ztx_H+L-E,AG,E,2P5P,A,1
1ztx_H+L-E,AG,E,2P5P,B,2
1ztx_H+L-E,AG,E,2P5P,C,3
1ztx_H+L-E,AG,E,2HG0,A,1
2fjg_B+A-V,AB,B+A,2FJF,B+A,2
2fjg_B+A-V,AB,B+A,2FJF,D+C,3
2fjg_B+A-V,AB,B+A,2FJF,F+E,4
2fjg_B+A-V,AB,B+A,2FJF,I+G,5
2fjg_B+A-V,AB,B+A,2FJF,N+M,7
2fjg_B+A-V,AB,B+A,2FJF,P+O,8
2fjg_B+A-V,AB,B+A,2FJF,R+Q,9
2fjg_B+A-V,AB,B+A,2FJF,T+S,10
2fjg_B+A-V,AB,B+A,2FJF,V+U,11
2fjg_B+A-V,AB,B+A,2FJF,X+W,12
6jsz_D-A,AG,A,2EWY,A,1
6jsz_D-A,AG,A,2EWY,B,2
6jsz_D-A,AG,A,2EWY,C,3
6jsz_D-A,AG,A,2EWY,D,4
7niw_C+B-A,AG,A,6S7P,A,1
5bo1_H+L-B,AG,B,4CC0,A,1
5bo1_H+L-B,AG,B,4CC0,B,2
5bo1_H+L-B,AG,B,4CBZ,A,1
5bo1_H+L-B,AG,B,4CBZ,B,2
5bo1_H+L-B,AG,B,2VJ2,A,1
5bo1_H+L-B,AG,B,2VJ2,B,2
5bo1_H+L-B,AG,B,4CC1,A,1
5bo1_H+L-B,AG,B,4CC1,B,2
6orn_O+P-R,AB,O+P,4FQ2,H+L,1
7kdu_C-B+A,AG,B+A,3RTI,B+A,1
4hcr_H+L-A,AG,A,1GSM,A,1
4hcr_H+L-A,AG,A,4HD9,A,1
4hcr_H+L-A,AG,A,1BQS,A,1
6hhc_H+L-A,AG,A,6VLV,A,1
6hhc_H+L-A,AG,A,6USY,A,1
6hhc_H+L-A,AG,A,6VLU,A,1
6hhc_H+L-A,AG,A,7MBO,A,1
6hhc_H+L-A,AG,A,6TS5,A,1
4ut9_K+O-C,AG,C,4UTC,A,1
4ut9_K+O-C,AG,C,4UTC,B,2
6k64_B-H,AB,B,3LRG,A,1
6k64_B-H,AB,B,3LRG,B,2
6nb6_H+L-C+A,AB,H+L,6NB8,H+L,1
6oca_C-A,AG,A,4HUO,X,1
6oca_C-A,AG,A,6URX,A,1
6oca_C-A,AG,A,4HV7,X,1
6oca_C-A,AG,A,4MX5,X,1
6oca_C-A,AG,A,6URY,A,1
6oca_C-A,AG,A,6URY,B,2
4m1c_C+D-A,AG,A,4GS8,A,1
4m1c_C+D-A,AG,A,4GS8,B,2
4m1c_C+D-A,AG,A,4GSC,A,1
4m1c_C+D-A,AG,A,4GSC,B,2
4m1c_C+D-A,AG,A,4NXO,A,1
4m1c_C+D-A,AG,A,4NXO,B,2
4ogy_H+L-A,AB,H+L,4PUB,H+L,1
4ogy_H+L-A,AG,A,6O1S,E,1
4ogy_H+L-A,AG,A,2ANY,A,1
4ogy_H+L-A,AG,A,5TJX,A,1
5d1x_C+D-E,AG,E,3RTL,A,1
5d1x_C+D-E,AG,E,3RTL,B,2
5d1x_C+D-E,AG,E,3RTL,C,3
5d1x_C+D-E,AG,E,3RTL,D,4
5d1x_C+D-E,AG,E,3RUR,A,1
5d1x_C+D-E,AG,E,3RUR,B,2
5d1x_C+D-E,AG,E,3RUR,C,3
5d1x_C+D-E,AG,E,3RUR,D,4
5wob_I+J-A,AG,A,4GS8,A,1
5wob_I+J-A,AG,A,4GS8,B,2
5wob_I+J-A,AG,A,4GSC,A,1
5wob_I+J-A,AG,A,4GSC,B,2
5wob_I+J-A,AG,A,4NXO,A,1
5wob_I+J-A,AG,A,4NXO,B,2
2xv6_B-A,AG,A,4IPY,A,2
2xv6_B-A,AG,A,4IPY,B,3
2xv6_B-A,AG,A,4IPY,C,4
2xv6_B-A,AG,A,4IPY,D,5
1bql_H+L-Y,AG,Y,1DKJ,A,1
1bql_H+L-Y,AG,Y,1DKK,A,1
1bql_H+L-Y,AG,Y,1DKK,B,2
5cd5_C+D-A,AB,C+D,5CD3,H+H,1
5cd5_C+D-A,AB,C+D,5CD3,B+B,2
5cd5_C+D-A,AB,C+D,5CD3,D+D,3
5cd5_C+D-A,AB,C+D,5CD3,F+F,4
5cd5_C+D-A,AG,A,3TGT,A,1
6umg_h+l-c+r,AB,h+l,6UMH,H+L,1
6umg_h+l-c+r,AB,h+l,6UMH,h+l,2
6umg_h+l-c+r,AB,h+l,6UMI,H+L,1
6umg_h+l-c+r,AB,h+l,6UMJ,H+L,1
2qad_H+G-E,AB,H+G,1RZG,A+B,1
2qad_H+G-E,AB,H+G,1RZG,C+D,2
1kir_B+A-C,AG,C,7BYP,A,1
1kir_B+A-C,AG,C,7CDO,A,1
1kir_B+A-C,AG,C,7CDM,A,1
6dbg_C-B,AB,C,6DBA,A,1
6dbg_C-B,AB,C,6DBA,B,2
6dbg_C-B,AG,B,2Y5Q,A,1
6dbg_C-B,AG,B,2WQU,A,1
6dbg_C-B,AG,B,2WQU,B,2
6dbg_C-B,AG,B,2WQU,C,3
6dbg_C-B,AG,B,2WQU,D,4
6dbg_C-B,AG,B,2WQU,E,5
6dbg_C-B,AG,B,2WQU,F,6
6dbg_C-B,AG,B,1H6T,A,1
6dbg_C-B,AG,B,2WQV,A,1
6dbg_C-B,AG,B,2WQV,B,2
5uek_H+L-A,AG,A,2IDC,A,1
5uek_H+L-A,AG,A,1WG3,A,1
5uek_H+L-A,AG,A,1ROC,A,1
1ic4_H+L-Y,AG,Y,7BYP,A,1
1ic4_H+L-Y,AG,Y,7CDO,A,1
1ic4_H+L-Y,AG,Y,7CDM,A,1
6qb6_H+L-A,AB,H+L,6QBC,H+L,1
6qb6_H+L-A,AG,A,6FS1,A,1
6qb6_H+L-A,AG,A,6FS1,B,2
6qb6_H+L-A,AG,A,5KU9,A,1
6qb6_H+L-A,AG,A,5KU9,B,2
1bzq_N-B,AG,B,8RAT,A,1
1bzq_N-B,AG,B,6ETL,A,1
1bzq_N-B,AG,B,6ETM,A,1
1bzq_N-B,AG,B,7RSA,A,1
1bzq_N-B,AG,B,6ETK,A,1
3hfm_H+L-Y,AG,Y,7BYP,A,1
3hfm_H+L-Y,AG,Y,7CDO,A,1
3hfm_H+L-Y,AG,Y,7CDM,A,1
5w4l_H+L-G,AG,G,4DKO,A,1
5w4l_H+L-G,AG,G,4DKO,C,2
5w4l_H+L-G,AG,G,4RZ8,A,1
5w4l_H+L-G,AG,G,4RZ8,B,2
5w4l_H+L-G,AG,G,4RZ8,C,3
5w4l_H+L-G,AG,G,4RZ8,D,4
5w4l_H+L-G,AG,G,4DVV,A,1
5w4l_H+L-G,AG,G,4DVV,B,2
5w4l_H+L-G,AG,G,4DKP,A,1
5w4l_H+L-G,AG,G,4DKP,C,2
5w4l_H+L-G,AG,G,4DKQ,A,1
6wh9_H+I-A,AG,A,2FR0,A,1
6wh9_H+I-A,AG,A,2FR1,A,1
6ui1_D-A,AG,A,3V0C,A,1
7now_A-B,AG,B,7NQ6,A,1
6dfi_H+L-E,AG,E,5OMZ,A,1
7kc1_H+L-B+A,AB,H+L,5JW5,L+L,1
7kc1_H+L-B+A,AB,H+L,5JW5,B+B,2
3ngb_B+C-A,AG,A,3TGT,A,1
1ndm_B+A-C,AG,C,7BYP,A,1
1ndm_B+A-C,AG,C,7CDO,A,1
1ndm_B+A-C,AG,C,7CDM,A,1
4tsa_H+L-A,AG,A,7BYP,A,1
4tsa_H+L-A,AG,A,7CDO,A,1
4tsa_H+L-A,AG,A,7CDM,A,1
4kuc_F+E-I,AG,I,4HUO,X,1
4kuc_F+E-I,AG,I,6URX,A,1
4kuc_F+E-I,AG,I,4HV7,X,1
4kuc_F+E-I,AG,I,4MX5,X,1
4kuc_F+E-I,AG,I,6URY,A,1
4kuc_F+E-I,AG,I,6URY,B,2
1p2c_E+D-F,AG,F,7BYP,A,1
1p2c_E+D-F,AG,F,7CDO,A,1
1p2c_E+D-F,AG,F,7CDM,A,1
4h8w_H+L-G,AB,H+L,3TNN,A+B,2
4h8w_H+L-G,AB,H+L,3TNN,C+D,3
4h8w_H+L-G,AB,H+L,3TNN,E+F,4
4h8w_H+L-G,AG,G,4DKO,A,1
4h8w_H+L-G,AG,G,4DKO,C,2
4h8w_H+L-G,AG,G,4RZ8,A,1
4h8w_H+L-G,AG,G,4RZ8,B,2
4h8w_H+L-G,AG,G,4RZ8,C,3
4h8w_H+L-G,AG,G,4RZ8,D,4
4h8w_H+L-G,AG,G,4DVV,A,1
4h8w_H+L-G,AG,G,4DVV,B,2
4h8w_H+L-G,AG,G,4DKP,A,1
4h8w_H+L-G,AG,G,4DKP,C,2
4h8w_H+L-G,AG,G,4DKQ,A,1
5njd_R+Q-C+D,AB,R+Q,5N2K,B+A,1
5njd_R+Q-C+D,AB,R+Q,5N2K,D+C,2
5njd_R+Q-C+D,AB,R+Q,5N2K,F+E,3
5njd_R+Q-C+D,AB,R+Q,5N2K,H+G,4
5njd_R+Q-C+D,AB,R+Q,5N2K,J+I,5
5njd_R+Q-C+D,AB,R+Q,5N2K,L+K,6
5njd_R+Q-C+D,AB,R+Q,5N2K,N+M,7
7aqg_C-A,AG,A,3Q02,A,1
7aqg_C-A,AG,A,3Q02,B,2
7aqg_C-A,AG,A,3Q03,A,1
7aqg_C-A,AG,A,3Q03,B,2
6j11_D+E-C,AG,C,5X4R,A,1
6j11_D+E-C,AG,C,5VYH,A,1
5wk3_Q+P-A,AB,Q+P,5WK2,H+L,1
5wk3_Q+P-A,AG,A,1NR2,A,1
5wk3_Q+P-A,AG,A,1NR2,B,2
2ny6_D+C-A,AB,D+C,1RZ8,B+A,1
2ny6_D+C-A,AB,D+C,1RZ8,D+C,2
5b71_D+C-F,AG,F,3CU7,A,1
5b71_D+C-F,AG,F,3CU7,B,2
4grw_H-B,AG,B,1F42,A,1
1bzq_L-A,AG,A,8RAT,A,1
1bzq_L-A,AG,A,6ETL,A,1
1bzq_L-A,AG,A,6ETM,A,1
1bzq_L-A,AG,A,7RSA,A,1
1bzq_L-A,AG,A,6ETK,A,1
5e5m_F-E,AG,E,5E56,A,1
7r6w_H+L-R,AB,H+L,7JXE,H+L,1
4olu_H+L-G,AG,G,3TGT,A,1
6mej_H+L-C,AB,H+L,6MED,A+B,1
6mej_H+L-C,AB,H+L,6MED,C+D,2
6mej_H+L-C,AB,H+L,6MED,G+I,3
2vxt_H+L-I,AB,H+L,2VXU,H+L,1
2vxt_H+L-I,AB,H+L,2VXU,I+M,2
6h1f_A-B,AG,B,6QBF,A,1
6h1f_A-B,AG,B,6QBF,B,2
5i74_B+C-A,AB,B+C,5I66,A+B,1
6svl_K+M-N,AG,N,6O6W,A,1
6svl_K+M-N,AG,N,6SVK,A,1
6svl_K+M-N,AG,N,6SVK,B,2
4yfl_H+L-G,AG,G,3TGT,A,1
6phc_A+B-I,AB,A+B,6PHH,C+D,1
6phc_A+B-I,AB,A+B,6PHH,A+B,2
7cz0_G-C,AG,C,4TZA,C,1
7cz0_G-C,AG,C,4TZA,A,2
7cz0_G-C,AG,C,4TZA,B,3
7cz0_G-C,AG,C,4TZA,D,4
4lgr_B-A,AG,A,4HUO,X,1
4lgr_B-A,AG,A,6URX,A,1
4lgr_B-A,AG,A,4HV7,X,1
4lgr_B-A,AG,A,4MX5,X,1
4lgr_B-A,AG,A,6URY,A,1
4lgr_B-A,AG,A,6URY,B,2
5i71_B+C-A,AB,B+C,5I66,A+B,1
7jmw_H+L-A,AB,H+L,7JMX,H+L,1
5ovw_G-C,AG,C,1N2Z,A,1
5ovw_G-C,AG,C,1N2Z,B,2
7kd2_C-B+A,AG,B+A,3RTI,B+A,1
3s37_H+L-X,AB,H+L,3S34,H+L,1
4pgj_C-D,AG,D,7BYP,A,1
4pgj_C-D,AG,D,7CDO,A,1
4pgj_C-D,AG,D,7CDM,A,1
5ggr_A+B-Y,AB,A+B,5GGQ,H+L,1
5hdq_H+L-A,AG,A,4K3V,A,1
5hdq_H+L-A,AG,A,4K3V,B,2
5hdq_H+L-A,AG,A,4NNO,A,1
1j1x_H+L-Y,AG,Y,7BYP,A,1
1j1x_H+L-Y,AG,Y,7CDO,A,1
1j1x_H+L-Y,AG,Y,7CDM,A,1
5xj3_D+E-F,AB,D+E,6JC2,H+L,1
5x8l_F+K-A,AG,A,5C3T,A,1
6um5_K+L-I,AB,K+L,5U15,A+B,1
6um5_K+L-I,AB,K+L,5U15,H+L,2
6gwn_C-A,AG,A,3Q02,A,1
6gwn_C-A,AG,A,3Q02,B,2
6gwn_C-A,AG,A,3Q03,A,1
6gwn_C-A,AG,A,3Q03,B,2
5whk_H+L-A+B,AB,H+L,5WHJ,H+L,1
4dw2_H+L-U,AG,U,5ZAJ,U,1
4dw2_H+L-U,AG,U,6AG2,U,1
4dw2_H+L-U,AG,U,6AG9,U,1
4dw2_H+L-U,AG,U,5ZA8,U,1
4dw2_H+L-U,AG,U,5ZA7,U,1
5k9k_H+L-F,AB,H+L,5K9J,H+L,1
1tqb_B+C-A,AG,A,2N53,A,1
4hc1_H+L-A,AG,A,4HBQ,A,1
4hc1_H+L-A,AG,A,4HBQ,B,2
5utz_H+L-D,AG,D,1PW6,A,1
5utz_H+L-D,AG,D,1PW6,B,2
5utz_H+L-D,AG,D,1M4C,A,1
5utz_H+L-D,AG,D,1M4C,B,2
5utz_H+L-D,AG,D,1M49,A,1
5utz_H+L-D,AG,D,1M49,B,2
5utz_H+L-D,AG,D,1M47,A,1
5utz_H+L-D,AG,D,1M48,A,1
5utz_H+L-D,AG,D,1M48,B,2
2q8b_H+L-A,AG,A,4R1C,A,1
2q8b_H+L-A,AG,A,4R1C,B,2
2q8b_H+L-A,AG,A,4R19,A,1
2q8b_H+L-A,AG,A,4R19,B,2
2q8b_H+L-A,AG,A,4R1B,A,1
3ulv_D+C-A,AB,D+C,3ULS,H+L,1
3ulv_D+C-A,AB,D+C,3ULS,B+A,2
3ulv_D+C-A,AG,A,1ZIW,A,1
3ulv_D+C-A,AG,A,2A0Z,A,1
3hi1_H+L-G,AB,H+L,1U6A,H+L,1
3ldb_C+B-A,AG,A,6MEV,A,1
3ldb_C+B-A,AG,A,6MEV,B,2
3ldb_C+B-A,AG,A,6MEV,C,3
3ldb_C+B-A,AG,A,6MEV,D,4
3ldb_C+B-A,AG,A,6MEV,E,5
3ldb_C+B-A,AG,A,6MEV,F,6
3ldb_C+B-A,AG,A,6MEV,G,7
3ldb_C+B-A,AG,A,6MEV,H,8
4cdg_C-A,AG,A,2MH9,A,1
4w2q_E-F,AB,E,4W2P,A,1
4w2q_E-F,AB,E,4W2P,B,2
4w2q_E-F,AB,E,4W2P,C,3
4w2q_E-F,AB,E,4W2P,D,4
3ubx_G+I-D,AG,D,5OQI,A,1
3ubx_G+I-D,AG,D,5OQI,B,2
3ubx_G+I-D,AG,D,5OQH,A,1
3ubx_G+I-D,AG,D,5OQH,B,2
3ubx_G+I-D,AG,D,5OQG,A,1
3ubx_G+I-D,AG,D,5OQG,B,2
3ubx_G+I-D,AG,D,5OQF,A,1
3ubx_G+I-D,AG,D,5OQF,B,2
5t3s_H+L-G,AB,H+L,4R26,H+L,1
5m30_F-C,AB,F,5M2W,A,1
5m30_F-C,AB,F,5M2W,B,2
6ocd_D-C,AG,C,4HUO,X,1
6ocd_D-C,AG,C,6URX,A,1
6ocd_D-C,AG,C,4HV7,X,1
6ocd_D-C,AG,C,4MX5,X,1
6ocd_D-C,AG,C,6URY,A,1
6ocd_D-C,AG,C,6URY,B,2
5fec_A+B-D,AB,A+B,5F7E,H+L,1
3iyw_K+M-C,AB,K+M,3N9G,H+L,1
3iyw_K+M-C,AG,C,2I69,A,1
3iyw_K+M-C,AG,C,2HG0,A,1
5e7f_A-G,AB,A,5E7B,A,1
6zrv_B-A,AG,A,3Q02,A,1
6zrv_B-A,AG,A,3Q02,B,2
6zrv_B-A,AG,A,3Q03,A,1
6zrv_B-A,AG,A,3Q03,B,2
5wob_O+P-D,AG,D,4GS8,A,1
5wob_O+P-D,AG,D,4GS8,B,2
5wob_O+P-D,AG,D,4GSC,A,1
5wob_O+P-D,AG,D,4GSC,B,2
5wob_O+P-D,AG,D,4NXO,A,1
5wob_O+P-D,AG,D,4NXO,B,2
4dvr_H+L-G,AB,H+L,1RZ7,H+L,1
4dvr_H+L-G,AG,G,3TGQ,A,1
4dvr_H+L-G,AG,G,3TGQ,B,2
4dvr_H+L-G,AG,G,3TGQ,C,3
4dvr_H+L-G,AG,G,3TGQ,D,4
5ywp_R+Q-A,AB,R+Q,5YWF,B+A,1
5ywp_R+Q-A,AB,R+Q,5YWF,D+C,2
5uqy_H+G-E+J,AB,H+G,5JRP,H+L,1
3u30_C+B-A,AG,A,3H1U,A,1
3u30_C+B-A,AG,A,3H1U,B,2
3u30_C+B-A,AG,A,1OGW,A,1
7k45_H+L-B,AB,H+L,7K3Q,H+L,1
1yy9_D+C-A,AB,D+C,5I76,B+B,1
1yy9_D+C-A,AB,D+C,5I76,D+D,2
1yy9_D+C-A,AB,D+C,1YY8,B+B,1
1yy9_D+C-A,AB,D+C,1YY8,D+D,2
5dur_B+D-A,AG,A,5DUT,A,1
7lvw_J-B,AB,J,7LVU,A,1
7lvw_J-B,AB,J,7LVU,B,2
7lvw_J-B,AB,J,7LVU,C,3
7lvw_J-B,AB,J,7LVU,D,4
7lvw_J-B,AG,B,7LVU,A,1
7lvw_J-B,AG,B,7LVU,B,2
7lvw_J-B,AG,B,7LVU,C,3
7lvw_J-B,AG,B,7LVU,D,4
5d8j_H+L-A,AG,A,3HK1,A,1
7jx3_C+D-R,AB,C+D,7JXC,H+H,1
5wk3_U+T-C,AB,U+T,5WK2,H+L,1
2nr6_F+E-B,AG,B,1YG9,A,1
6war_J-I,AG,I,4ZPW,R,1
6war_J-I,AG,I,4ZPW,S,2
6vmk_o+n-p,AG,p,6FTY,A,1
6vmk_o+n-p,AG,p,6FUT,A,1
6vmk_o+n-p,AG,p,6FUI,A,1
6vmk_o+n-p,AG,p,6QMT,A,1
6vmk_o+n-p,AG,p,6QMT,B,2
6vmk_o+n-p,AG,p,6FUH,A,1
6ir1_B-A,AG,A,5FHV,A,1
6ir1_B-A,AG,A,6YLM,A,1
6ir1_B-A,AG,A,2H5Q,A,1
6k6b_A-B,AB,A,3LRG,A,1
6k6b_A-B,AB,A,3LRG,B,2
7k8z_H+L-A,AB,H+L,7K8R,H+L,1
5k9k_A+B-I,AB,A+B,5K9J,H+L,1
7lvw_G-A,AB,G,7LVU,A,1
7lvw_G-A,AB,G,7LVU,B,2
7lvw_G-A,AB,G,7LVU,C,3
7lvw_G-A,AB,G,7LVU,D,4
3lev_H+L-A,AG,A,3LES,A,1
3lev_H+L-A,AG,A,3LES,B,2
4ffy_H+L-A,AG,A,3IRC,A,1
5e5m_H-G,AG,G,5E56,A,1
3v0a_C-A,AG,A,3V0C,A,1
4f3f_B+A-C,AB,B+A,4F33,B+A,1
4f3f_B+A-C,AB,B+A,4F33,D+C,2
4f3f_B+A-C,AB,B+A,4F33,F+E,3
4f3f_B+A-C,AB,B+A,4F33,H+G,4
5c7k_A+B-C,AB,A+B,6B3D,H+L,1
1oaz_J+N-B,AB,J+N,1OAQ,H+L,1
1oaz_J+N-B,AB,J+N,1OAU,I+M,2
1oaz_J+N-B,AB,J+N,1OAU,J+N,3
1oaz_J+N-B,AB,J+N,1OAU,K+O,4
3zlq_C-A,AG,A,3ZKI,A,1
3zlq_C-A,AG,A,3ZKI,B,2
3zlq_C-A,AG,A,3ZKG,A,1
3zlq_C-A,AG,A,3ZKG,B,2
3zlq_C-A,AG,A,6UJ1,A,1
3zlq_C-A,AG,A,6UJ1,B,2
6ieq_H+L-G,AB,H+L,4R26,H+L,1
3ulu_H+L-A,AB,H+L,3NA9,H+L,1
3ulu_H+L-A,AG,A,1ZIW,A,1
3ulu_H+L-A,AG,A,2A0Z,A,1
1ors_B+A-C,AG,C,2KYH,A,1
4w6x_B-A,AG,A,4B4Q,A,1
4w6x_B-A,AG,A,4B4Q,B,2
4w6x_B-A,AG,A,4B4R,A,1
4w6x_B-A,AG,A,4B4R,B,2
7jx3_A+B-R,AB,A+B,6WS6,A+A,1
7jx3_A+B-R,AB,A+B,6WS6,C+C,2
7jx3_A+B-R,AB,A+B,6WS6,E+E,3
5vjq_G+H-L,AG,L,5V8G,A,1
5w23_I+M-B,AB,I+M,5W24,L+L,1
5cjq_H+L-B+A,AB,H+L,4FQH,H+L,1
5cjq_H+L-B+A,AB,H+L,4FQH,A+B,2
6vlr_F+N-I+B,AB,F+N,6VOR,A+B,1
6vlr_F+N-I+B,AB,F+N,6VOR,C+D,2
6vmk_r+q-s,AG,s,6FTY,A,1
6vmk_r+q-s,AG,s,6FUT,A,1
6vmk_r+q-s,AG,s,6FUI,A,1
6vmk_r+q-s,AG,s,6QMT,A,1
6vmk_r+q-s,AG,s,6QMT,B,2
6vmk_r+q-s,AG,s,6FUH,A,1
5u4m_B-A,AG,A,4HUO,X,1
5u4m_B-A,AG,A,6URX,A,1
5u4m_B-A,AG,A,4HV7,X,1
5u4m_B-A,AG,A,4MX5,X,1
5u4m_B-A,AG,A,6URY,A,1
5u4m_B-A,AG,A,6URY,B,2
5e1h_B-A,AG,A,4HUO,X,1
5e1h_B-A,AG,A,6URX,A,1
5e1h_B-A,AG,A,4HV7,X,1
5e1h_B-A,AG,A,4MX5,X,1
5e1h_B-A,AG,A,6URY,A,1
5e1h_B-A,AG,A,6URY,B,2
4i2x_B+A-E,AB,B+A,3DIF,B+A,1
4i2x_B+A-E,AB,B+A,3DIF,D+C,2
6bfq_C+D-G,AG,G,2GMF,A,1
6bfq_C+D-G,AG,G,2GMF,B,2
5ucb_H+L-B,AG,B,2IDC,A,1
5ucb_H+L-B,AG,B,1WG3,A,1
5ucb_H+L-B,AG,B,1ROC,A,1
4ydl_H+L-G,AG,G,3TGT,A,1
4uta_H+L-B,AG,B,4UTC,A,1
4uta_H+L-B,AG,B,4UTC,B,2
5vpl_D+C-A,AB,D+C,3RVT,D+D,1
5vpl_D+C-A,AB,D+C,3RVU,D+D,1
5vpl_D+C-A,AG,A,5VPK,A,1
5vpl_D+C-A,AG,A,5VPK,B,2
5vpl_D+C-A,AG,A,5VPK,C,3
6gjs_C-A,AG,A,5TFI,A,1
6gjs_C-A,AG,A,5TFF,A,1
6gjs_C-A,AG,A,5TF7,A,1
6gjs_C-A,AG,A,5TFG,A,1
6gjs_C-A,AG,A,5TFB,A,1
4pp2_D+C-E,AB,D+C,4POZ,D+C,1
7cj2_C+D-A,AG,A,1NWU,A,1
7cj2_C+D-A,AG,A,1NWU,B,2
7cj2_C+D-A,AG,A,1NWU,C,3
7cj2_C+D-A,AG,A,1NWU,D,4
7cj2_C+D-A,AG,A,1NWS,A,1
7cj2_C+D-A,AG,A,1NWS,B,2
7cj2_C+D-A,AG,A,1NWS,C,3
7cj2_C+D-A,AG,A,1NWS,D,4
7cj2_C+D-A,AG,A,1HJW,A,1
7cj2_C+D-A,AG,A,1HJW,B,2
7cj2_C+D-A,AG,A,1NWT,A,1
7cj2_C+D-A,AG,A,1NWT,B,2
7cj2_C+D-A,AG,A,1NWT,C,3
7cj2_C+D-A,AG,A,1NWT,D,4
4yga_F-E,AG,E,3I7B,A,1
4yga_F-E,AG,E,3HX4,A,1
4yga_F-E,AG,E,4JBV,A,1
4yga_F-E,AG,E,3NYV,A,1
4yga_F-E,AG,E,3V51,A,1
5tru_h+l-c,AG,c,1AH1,A,1
6niu_M+N-E,AB,M+N,6MTY,H+L,1
6wn1_B+C-A,AG,A,5W53,A,1
6wn1_B+C-A,AG,A,5W53,B,2
6pz8_D+K-F,AB,D+K,6PXG,B+B,1
6pz8_D+K-F,AB,D+K,6PXG,D+D,2
6pz8_D+K-F,AB,D+K,6PXG,F+F,3
5w9j_H+I-G,AB,H+I,5VZR,H+L,1
5w9j_H+I-G,AB,H+I,5VZR,A+B,2
5vxk_B-A,AG,A,3R9V,A,1
5vxk_B-A,AG,A,3R9V,B,2
4xzu_A+B-M,AG,M,3HNY,M,1
4xzu_A+B-M,AG,M,6MF2,A,1
4xzu_A+B-M,AG,M,3HOB,M,1
4xzu_A+B-M,AG,M,3HOB,A,2
4xzu_A+B-M,AG,M,6MF0,A,2
4xzu_A+B-M,AG,M,3HNB,M,1
4w2q_C-D,AB,C,4W2P,A,1
4w2q_C-D,AB,C,4W2P,B,2
4w2q_C-D,AB,C,4W2P,C,3
4w2q_C-D,AB,C,4W2P,D,4
6xy2_H+L-A,AG,A,1AH1,A,1
6dzm_G+H-D+A,AB,G+H,6DZN,H+H,1
2b4c_H+L-G+C,AB,H+L,1RHH,B+A,1
2b4c_H+L-G+C,AB,H+L,1RHH,D+C,2
3r08_H+L-E,AB,H+L,3R06,B+A,1
3r08_H+L-E,AB,H+L,3R06,D+C,2
3r08_H+L-E,AB,H+L,3R06,F+E,3
3r08_H+L-E,AB,H+L,3R06,H+L,4
3zkq_D-A,AG,A,2EWY,A,1
3zkq_D-A,AG,A,2EWY,B,2
3zkq_D-A,AG,A,2EWY,C,3
3zkq_D-A,AG,A,2EWY,D,4
4hwb_H+L-A,AB,H+L,4HWE,H+L,1
5w9o_B+C-A,AB,B+C,5VZR,H+L,1
5w9o_B+C-A,AB,B+C,5VZR,A+B,2
4ma7_H+L-A,AG,A,1AG2,A,1
6m58_H+L-A,AG,A,6HSC,A,1
6m58_H+L-A,AG,A,6HSC,B,2
6m58_H+L-A,AG,A,7JWN,A,1
6m58_H+L-A,AG,A,6YG9,A,1
6w52_H+L-B+A,AB,H+L,6W5D,H+L,1
6w52_H+L-B+A,AB,H+L,6W5D,A+B,2
6um6_K+L-I,AB,K+L,5TQA,H+L,1
6um6_K+L-I,AB,K+L,5TQA,A+B,2
5i9q_B+C-A,AG,A,5FA2,A,1
5i9q_B+C-A,AG,A,5FA2,B,2
5uoe_S+T-D,AG,D,4IFH,A,2
5uoe_S+T-D,AG,D,4IFH,B,3
5uoe_S+T-D,AG,D,4RE9,A,1
5uoe_S+T-D,AG,D,4RE9,B,2
5a8h_P+O-M,AB,P+O,1RZ8,B+A,1
5a8h_P+O-M,AB,P+O,1RZ8,D+C,2
5thr_O+L-F,AB,O+L,1RZ8,B+A,1
5thr_O+L-F,AB,O+L,1RZ8,D+C,2
6az2_A+F-B,AG,B,2IDC,A,1
6az2_A+F-B,AG,B,1WG3,A,1
6az2_A+F-B,AG,B,1ROC,A,1
4lu5_I+M-A,AG,A,3K7B,A,1
4lu5_I+M-A,AG,A,3K7B,B,2
3w9e_A+B-C,AB,A+B,3W9D,A+B,1
3w9e_A+B-C,AB,A+B,3W9D,C+D,2
6vrl_B+C-A,AB,B+C,5I66,A+A,1
5x8l_S+N-D,AG,D,5C3T,A,1
4jr9_H+L-A,AG,A,4U4T,A,1
4jr9_H+L-A,AG,A,4U4W,A,1
4jr9_H+L-A,AG,A,4U4W,B,2
4jr9_H+L-A,AG,A,4U4V,A,1
2wub_H+L-A,AG,A,1YBW,A,1
2wub_H+L-A,AG,A,1YBW,B,2
7kbi_C-A+B,AG,A+B,3RTI,A+B,1
4jm2_D+C-E,AB,D+C,1RZ8,B+A,1
4jm2_D+C-E,AB,D+C,1RZ8,D+C,2
2bdn_H+L-A,AG,A,1DOL,A,1
5vnw_D-A,AB,D,5VNV,A,1
5vnw_D-A,AG,A,6HSC,A,1
5vnw_D-A,AG,A,6HSC,B,2
5vnw_D-A,AG,A,7JWN,A,1
5vnw_D-A,AG,A,6YG9,A,1
5ies_H+L-C,AB,H+L,5IFA,H+L,1
5ies_H+L-C,AG,C,5IDL,A,1
4lu5_H+L-B,AG,B,3K7B,A,1
4lu5_H+L-B,AG,B,3K7B,B,2
5w9o_E+F-D,AB,E+F,5VZR,H+L,1
5w9o_E+F-D,AB,E+F,5VZR,A+B,2
4lsp_H+L-G,AG,G,3TGT,A,1
7lvw_H-E,AB,H,7LVU,A,1
7lvw_H-E,AB,H,7LVU,B,2
7lvw_H-E,AB,H,7LVU,C,3
7lvw_H-E,AB,H,7LVU,D,4
6rvc_E-B,AG,B,6DMO,A,1
6rvc_E-B,AG,B,6OEU,A,1
6rvc_E-B,AG,B,6DMB,A,1
6jb8_A-B,AB,A,6JB9,A,1
6jb8_A-B,AG,B,7BYP,A,1
6jb8_A-B,AG,B,7CDO,A,1
6jb8_A-B,AG,B,7CDM,A,1
6h3t_H+L-A,AG,A,6H3S,B,1
6h3t_H+L-A,AG,A,6H3S,A,2
5f9o_H+L-G,AG,G,3TGT,A,1
4utb_H+L-A,AG,A,4UTC,A,1
4utb_H+L-A,AG,A,4UTC,B,2
6lgw_A+B-E,AB,A+B,4M43,H+L,1
5sv3_C-D,AB,C,5SV4,A,1
5sv3_C-D,AB,C,5SV4,B,2
2p49_B-A,AG,A,8RAT,A,1
2p49_B-A,AG,A,6ETL,A,1
2p49_B-A,AG,A,6ETM,A,1
2p49_B-A,AG,A,7RSA,A,1
2p49_B-A,AG,A,6ETK,A,1
6ccb_H+L-G,AB,H+L,4FQ2,L+L,1
4nzr_H+L-M,AB,H+L,4JM4,H+L,1
7kdd_H+I-C,AB,H+I,4OSU,H+L,1
1iqd_B+A-C,AG,C,1D7P,M,1
1fdl_H+L-Y,AG,Y,7BYP,A,1
1fdl_H+L-Y,AG,Y,7CDO,A,1
1fdl_H+L-Y,AG,Y,7CDM,A,1
5d96_J+I-D,AG,D,5D8I,A,1
5d96_J+I-D,AG,D,5D8I,B,2
5uqy_L+K-I+N,AB,L+K,5JRP,H+L,1
6qgx_B-A,AG,A,6FSU,A,1
6qgx_B-A,AG,A,6FSU,B,2
7aqg_B-A,AG,A,3Q02,A,1
7aqg_B-A,AG,A,3Q02,B,2
7aqg_B-A,AG,A,3Q03,A,1
7aqg_B-A,AG,A,3Q03,B,2
4om0_H+L-G,AG,G,3TGT,A,1
5otj_H+L-C,AG,C,2LVK,A,1
5otj_H+L-C,AG,C,2LVJ,A,1
5otj_H+L-C,AG,C,2LVI,A,1
7dm1_D+C-A,AG,A,1PC3,A,1
7dm1_D+C-A,AG,A,1PC3,B,2
2p42_B-A,AG,A,8RAT,A,1
2p42_B-A,AG,A,6ETL,A,1
2p42_B-A,AG,A,6ETM,A,1
2p42_B-A,AG,A,7RSA,A,1
2p42_B-A,AG,A,6ETK,A,1
6vrh_B+C-A,AB,B+C,5I66,A+A,1
4g6m_H+L-A,AB,H+L,4G6K,H+L,1
4g6m_H+L-A,AG,A,5R7W,A,1
4g6m_H+L-A,AG,A,5R8F,A,1
4g6m_H+L-A,AG,A,5R8P,A,1
4g6m_H+L-A,AG,A,6Y8M,A,1
4g6m_H+L-A,AG,A,6Y8I,A,1
6wgl_A+B-C,AB,A+B,6WGK,A+B,1
6wgl_A+B-C,AB,A+B,6WGK,C+D,2
6wgl_A+B-C,AB,A+B,6WGK,E+F,3
6wgl_A+B-C,AB,A+B,6WGK,G+H,4
6wgl_A+B-C,AB,A+B,6WG8,A+B,1
4i1n_B-A,AG,A,7LVC,A,1
4i1n_B-A,AG,A,4PSS,A,1
4i1n_B-A,AG,A,4PSY,A,1
4i1n_B-A,AG,A,7D6G,A,1
4i1n_B-A,AG,A,4PTH,A,1
5c7x_M+N-B,AB,M+N,5D7S,H+L,1
5c7x_M+N-B,AG,B,2GMF,A,1
5c7x_M+N-B,AG,B,2GMF,B,2
4rgo_H+L-S,AG,S,3SEB,A,1
4rgo_H+L-S,AG,S,1SE3,A,1
4rgo_H+L-S,AG,S,1SE4,A,1
5do2_C+D-B,AB,C+D,2A6J,L+L,2
5do2_C+D-B,AB,C+D,2A6J,A+A,3
5do2_C+D-B,AB,C+D,5VGA,A+A,1
1bvk_E+D-F,AB,E+D,1BVL,A+B,1
1bvk_E+D-F,AB,E+D,1BVL,C+D,2
1bvk_E+D-F,AG,F,7BYP,A,1
1bvk_E+D-F,AG,F,7CDO,A,1
1bvk_E+D-F,AG,F,7CDM,A,1
6woq_G+H-F,AB,G+H,6WOR,H+L,1
5w9h_E+F-D,AB,E+F,5VZR,H+L,1
5w9h_E+F-D,AB,E+F,5VZR,A+B,2
6al5_H+L-A,AB,H+L,6AL4,B+A,1
6al5_H+L-A,AB,H+L,6AL4,D+C,2
6al5_H+L-A,AB,H+L,6AL4,F+E,3
7bu8_H+L-A,AG,A,5OMZ,A,1
5f96_H+L-G,AG,G,3TGT,A,1
6wj1_G+I-B+A,AB,G+I,6WJ0,H+L,1
6hjq_K+L-F+E,AG,F+E,6HKG,A+A,1
7k8t_H+L-C,AB,H+L,7K8O,H+L,1
6w2b_B+C-A,AB,B+C,5I66,A+B,1
3qa3_K+J-L,AG,L,4XW2,A,1
4u6h_C+D-J,AG,J,1YPY,A,1
4u6h_C+D-J,AG,J,1YPY,B,2
1qfw_H+L-A,AG,A,1HD4,A,1
1qfw_H+L-A,AG,A,1E9J,A,1
1qfw_H+L-A,AG,A,1DZ7,A,1
2nxy_D+C-A,AB,D+C,1RZ8,B+A,1
2nxy_D+C-A,AB,D+C,1RZ8,D+C,2
5a8h_J+I-G,AB,J+I,1RZ8,B+A,1
5a8h_J+I-G,AB,J+I,1RZ8,D+C,2
6ir2_B-A,AG,A,5FHV,A,1
6ir2_B-A,AG,A,6YLM,A,1
6ir2_B-A,AG,A,2H5Q,A,1
6pxh_H+L-B,AB,H+L,6PXG,A+B,1
6pxh_H+L-B,AB,H+L,6PXG,C+D,2
6pxh_H+L-B,AB,H+L,6PXG,E+F,3
5d72_H+L-A,AG,A,2GMF,A,1
5d72_H+L-A,AG,A,2GMF,B,2
6c5v_H+L-A+C+B,AB,H+L,6BLA,H+L,1
1j1p_H+L-Y,AG,Y,7BYP,A,1
1j1p_H+L-Y,AG,Y,7CDO,A,1
1j1p_H+L-Y,AG,Y,7CDM,A,1
5w5z_H+L-A,AG,A,5W60,A,1
5w5z_H+L-A,AG,A,5W61,A,1
6gkd_C-A,AG,A,5TFI,A,1
6gkd_C-A,AG,A,5TFF,A,1
6gkd_C-A,AG,A,5TF7,A,1
6gkd_C-A,AG,A,5TFG,A,1
6gkd_C-A,AG,A,5TFB,A,1
6k7o_B+C-P,AG,P,3P2T,A,1
4rrp_K+E-Q,AG,Q,2IDC,A,1
4rrp_K+E-Q,AG,Q,1WG3,A,1
2dqh_H+L-Y,AG,Y,7BYP,A,1
2dqh_H+L-Y,AG,Y,7CDO,A,1
2dqh_H+L-Y,AG,Y,7CDM,A,1
7k8t_M+N-B,AB,M+N,7K8O,H+L,1
7kkl_F-D,AB,F,7KKJ,A,1
7kkl_F-D,AB,F,7KKJ,C,2
6fxn_M+N-J,AB,M+N,5Y9K,H+L,1
4lqf_H+L-A,AG,A,3K7B,A,1
4lqf_H+L-A,AG,A,3K7B,B,2
6pe8_A+B-U,AB,A+B,6PE7,H+L,1
5xbm_E+D-F,AG,F,4F7B,A,1
5xbm_E+D-F,AG,F,4F7B,F,4
5xbm_E+D-F,AG,F,4Q4F,A,1
5xbm_E+D-F,AG,F,4TW2,A,1
5xbm_E+D-F,AG,F,4TW2,B,2
6z20_D-C,AB,D,6Z1Z,A,1
6z20_D-C,AB,D,6Z1Z,B,2
6b0s_H+L-C,AB,H+L,6B0W,H+L,1
6b0s_H+L-C,AG,C,3VDL,A,1
6b0s_H+L-C,AG,C,3VDL,B,2
6b0s_H+L-C,AG,C,3VDL,C,3
6b0s_H+L-C,AG,C,3VDJ,A,1
6b0s_H+L-C,AG,C,3VDK,A,1
3bsz_N+M-E,AG,E,5NU8,A,1
3bsz_N+M-E,AG,E,5NU7,A,1
3bsz_N+M-E,AG,E,5NU2,A,1
3bsz_N+M-E,AG,E,5NUA,A,1
3bsz_N+M-E,AG,E,5NU6,A,1
6iea_H+L-A,AG,A,5Y0W,A,1
6iea_H+L-A,AG,A,5Y0Y,A,1
1v7m_I+M-X,AB,I+M,2ZKH,H+L,1
7kc9_F-E+D,AG,E+D,3RTI,B+A,1
3csy_C+D-N+M,AB,C+D,3INU,H+L,1
3csy_C+D-N+M,AB,C+D,3INU,M+N,2
1jtp_A-L,AG,L,1TEW,A,1
1jtp_A-L,AG,L,135L,A,1
1jtp_A-L,AG,L,1LZY,A,1
1jtp_A-L,AG,L,1JSE,A,1
1jtp_A-L,AG,L,1LJN,A,1
5jsa_A+B-C,AB,A+B,6B3D,H+L,1
3pnw_E+D-F,AG,F,3S6W,A,1
3pnw_E+D-F,AG,F,5YJ8,A,1
3pnw_E+D-F,AG,F,3PMT,A,1
1i9r_H+L-A,AB,H+L,6W4W,H+L,1
6mlk_H+L-A,AG,A,5D3Z,A,1
6mlk_H+L-A,AG,A,5D3K,A,1
5h37_G+H-A,AG,A,5OMZ,A,1
5hvf_B-A,AG,A,7NEE,A,1
6dzz_B+C-A,AB,B+C,6D9G,A+B,1
6dzz_B+C-A,AB,B+C,6D9G,C+D,2
2vir_B+A-C,AB,B+A,1GIG,H+L,1
5w9k_E+F-D,AB,E+F,5VZR,H+L,1
5w9k_E+F-D,AB,E+F,5VZR,A+B,2
6knm_A-B,AB,A,1FHH,A,1
6knm_A-B,AB,A,1FHM,A,1
6knm_A-B,AB,A,1R0G,A,1
6knm_A-B,AG,B,1FHH,A,1
6knm_A-B,AG,B,1FHM,A,1
6knm_A-B,AG,B,1R0G,A,1
6opa_K+J-G,AB,K+J,6B3D,H+L,1
2i60_R+Q-P,AB,R+Q,1RZ8,B+A,1
2i60_R+Q-P,AB,R+Q,1RZ8,D+C,2
4yzf_I+J-C,AB,I+J,5A16,G+H,1
4yzf_I+J-C,AB,I+J,5A16,C+D,2
4yzf_I+J-C,AB,I+J,5A16,E+F,3
4yzf_I+J-C,AB,I+J,5A16,A+B,4
6ln2_C+B-A,AG,A,1FHH,A,1
6ln2_C+B-A,AG,A,1FHM,A,1
6ln2_C+B-A,AG,A,1R0G,A,1
6k7o_D+E-Q,AG,Q,3P2T,A,1
6okp_O+P-E,AB,O+P,6OKQ,A+B,1
6okp_O+P-E,AB,O+P,6OKQ,D+C,2
6okp_O+P-E,AB,O+P,6OKQ,F+E,3
2p45_B-A,AG,A,8RAT,A,1
2p45_B-A,AG,A,6ETL,A,1
2p45_B-A,AG,A,6ETM,A,1
2p45_B-A,AG,A,7RSA,A,1
2p45_B-A,AG,A,6ETK,A,1
5if0_H+L-G,AB,H+L,5IFA,H+L,1
5if0_H+L-G,AG,G,5IDL,A,1
4ogy_M+N-B,AB,M+N,4PUB,H+L,1
4ogy_M+N-B,AG,B,6O1S,E,1
4ogy_M+N-B,AG,B,2ANY,A,1
4ogy_M+N-B,AG,B,5TJX,A,1
1rvf_H+L-1+3,AB,H+L,1FOR,H+L,1
5xbm_B+A-C,AG,C,4F7B,A,1
5xbm_B+A-C,AG,C,4F7B,F,4
5xbm_B+A-C,AG,C,4Q4F,A,1
5xbm_B+A-C,AG,C,4TW2,A,1
5xbm_B+A-C,AG,C,4TW2,B,2
6qd7_U+P-B+A,AB,U+P,6QCU,H+L,1
6s3d_H+L-P,AG,P,6XWI,A,1
7k65_B-A,AG,A,6MG8,A,1
4kro_D+C-A,AB,D+C,5I76,B+A,1
4kro_D+C-A,AB,D+C,5I76,D+C,2
4kro_D+C-A,AB,D+C,1YY8,B+A,1
4kro_D+C-A,AB,D+C,1YY8,D+C,2
4jre_B+C-A,AG,A,4U4T,A,1
4jre_B+C-A,AG,A,4U4W,A,1
4jre_B+C-A,AG,A,4U4W,B,2
4jre_B+C-A,AG,A,4U4V,A,1
5xjm_H+L-A,AG,A,5YM7,A,1
5xjm_H+L-A,AG,A,1M6T,A,1
5jmo_D-B,AB,D,5JMR,A,1
5jmo_D-B,AB,D,5JMR,B,2
5jmo_D-B,AG,B,7O1U,A,1
5jmo_D-B,AG,B,7O22,A,1
5jmo_D-B,AG,B,7O1W,A,1
5jmo_D-B,AG,B,7O1Y,A,1
5jmo_D-B,AG,B,7O20,A,1
2vyr_J-A,AG,A,3LBJ,E,1
2vyr_J-A,AG,A,6Q9W,A,1
2vyr_J-A,AG,A,6Q9W,B,2
2vyr_J-A,AG,A,6Q9Y,A,1
2vyr_J-A,AG,A,6Q9Y,B,2
2vyr_J-A,AG,A,7EL4,A,1
5ugy_J+N-E,AB,J+N,4WUK,L+L,1
5imo_B-A,AB,B,2PND,A,1
5imo_B-A,AG,A,2PND,A,1
6uyf_H+L-E,AB,H+L,6WOS,H+L,1
4fp8_H+L-A,AB,H+L,4FNL,L+L,1
4fp8_H+L-A,AB,H+L,4FNL,M+M,2
5o2u_B-A,AG,A,4IPY,A,2
5o2u_B-A,AG,A,4IPY,B,3
5o2u_B-A,AG,A,4IPY,C,4
5o2u_B-A,AG,A,4IPY,D,5
7lo6_H+G-E,AB,H+G,1RZ8,B+A,1
7lo6_H+G-E,AB,H+G,1RZ8,D+C,2
6pzz_H+L-A,AB,H+L,6PZG,H+H,1
6uht_D-B,AG,B,1G9A,A,1
6uht_D-B,AG,B,1S0D,A,1
6uht_D-B,AG,B,1G9D,A,1
6uht_D-B,AG,B,1S0E,A,1
6uht_D-B,AG,B,1EPW,A,1
5cjo_H+L-A,AG,A,4GS8,A,1
5cjo_H+L-A,AG,A,4GS8,B,2
5cjo_H+L-A,AG,A,4GSC,A,1
5cjo_H+L-A,AG,A,4GSC,B,2
5cjo_H+L-A,AG,A,4NXO,A,1
5cjo_H+L-A,AG,A,4NXO,B,2
6ztr_A+B-J,AB,A+B,6ZTF,A+B,1
6ztr_A+B-J,AB,A+B,6ZTF,H+L,2
6ztr_A+B-J,AG,J,6ZTB,I,1
7cbp_R+S-N,AG,N,5OMZ,A,1
1ri8_A-B,AG,B,7BYP,A,1
1ri8_A-B,AG,B,7CDO,A,1
1ri8_A-B,AG,B,7CDM,A,1
6hx4_I+M-A,AB,I+M,6GXX,H+L,1
6hx4_I+M-A,AG,A,3NE4,A,1
6hx4_I+M-A,AG,A,2QUG,A,1
6hx4_I+M-A,AG,A,1QLP,A,1
6hx4_I+M-A,AG,A,3CWM,A,1
6hx4_I+M-A,AG,A,3CWL,A,1
6c6y_A+B-S,AB,A+B,6C6X,A+B,1
6c6y_A+B-S,AB,A+B,6C6X,C+D,2
6c6y_A+B-S,AB,A+B,6C6X,E+F,3
6c6y_A+B-S,AG,S,4ZPW,R,1
6c6y_A+B-S,AG,S,4ZPW,S,2
5wb9_H+L-G,AG,G,4DKO,A,1
5wb9_H+L-G,AG,G,4DKO,C,2
5wb9_H+L-G,AG,G,4RZ8,A,1
5wb9_H+L-G,AG,G,4RZ8,B,2
5wb9_H+L-G,AG,G,4RZ8,C,3
5wb9_H+L-G,AG,G,4RZ8,D,4
5wb9_H+L-G,AG,G,4DVV,A,1
5wb9_H+L-G,AG,G,4DVV,B,2
5wb9_H+L-G,AG,G,4DKP,A,1
5wb9_H+L-G,AG,G,4DKP,C,2
5wb9_H+L-G,AG,G,4DKQ,A,1
5mzv_D-A,AG,A,1F42,A,1
6vlr_C+L-A,AB,C+L,4JY5,H+L,1
6j11_H+L-A,AG,A,5X4R,A,1
6j11_H+L-A,AG,A,5VYH,A,1
3qa3_H+F-I,AG,I,4XW2,A,1
4ybl_H+L-G,AB,H+L,3TNM,H+L,1
4ybl_H+L-G,AB,H+L,3TNM,A+B,2
6nb4_H+L-A,AB,H+L,6NB5,H+L,1
6nb4_H+L-A,AB,H+L,6NB5,I+M,2
6iek_E+F-D,AG,D,5Y0W,A,1
6iek_E+F-D,AG,D,5Y0Y,A,1
5vjq_E+F-K,AG,K,5V8G,A,1
6war_N-M,AG,M,4ZPW,R,1
6war_N-M,AG,M,4ZPW,S,2
4ut9_I+M-B,AG,B,4UTC,A,1
4ut9_I+M-B,AG,B,4UTC,B,2
4tsc_H+L-A,AG,A,7BYP,A,1
4tsc_H+L-A,AG,A,7CDO,A,1
4tsc_H+L-A,AG,A,7CDM,A,1
7dr4_H+L-K,AG,K,1PY2,A,1
7dr4_H+L-K,AG,K,1PY2,B,2
7dr4_H+L-K,AG,K,1PY2,C,3
7dr4_H+L-K,AG,K,1PY2,D,4
7dr4_H+L-K,AG,K,1PY2,C,5
7dr4_H+L-K,AG,K,1PY2,B,6
7dr4_H+L-K,AG,K,1PW6,A,1
7dr4_H+L-K,AG,K,1PW6,B,2
7dr4_H+L-K,AG,K,1M49,A,1
7dr4_H+L-K,AG,K,1M49,B,2
7dr4_H+L-K,AG,K,1M47,A,1
7dr4_H+L-K,AG,K,1M48,A,1
7dr4_H+L-K,AG,K,1M48,B,2
6wtv_B+C-A,AG,A,5W53,A,1
6wtv_B+C-A,AG,A,5W53,B,2
3skj_H+L-E,AG,E,3FL7,A,2
7kji_A-B,AG,B,7KJ7,B,1
7kji_A-B,AG,B,7KJ7,A,2
6x06_K-A,AG,A,3H7N,A,1
6x06_K-A,AG,A,3H7N,B,2
6x06_K-A,AG,A,3H7N,C,3
6x06_K-A,AG,A,3H7N,D,4
6x06_K-A,AG,A,3HXR,A,1
5wob_W+X-H,AG,H,4GS8,A,1
5wob_W+X-H,AG,H,4GS8,B,2
5wob_W+X-H,AG,H,4GSC,A,1
5wob_W+X-H,AG,H,4GSC,B,2
5wob_W+X-H,AG,H,4NXO,A,1
5wob_W+X-H,AG,H,4NXO,B,2
4rgn_H+L-S,AG,S,3SEB,A,1
4rgn_H+L-S,AG,S,1SE3,A,1
4rgn_H+L-S,AG,S,1SE4,A,1
5fhx_H-A,AG,A,2B8U,A,1
3u4e_H+L-G,AB,H+L,3U36,A+B,2
3u4e_H+L-G,AB,H+L,3U36,C+D,3
3u4e_H+L-G,AB,H+L,3U36,E+F,4
1wej_H+L-F,AB,H+L,1QBL,H+L,1
1wej_H+L-F,AG,F,4RSZ,A,1
1wej_H+L-F,AG,F,4RSZ,B,2
1wej_H+L-F,AG,F,4RSZ,C,3
1wej_H+L-F,AG,F,4RSZ,D,4
1wej_H+L-F,AG,F,4RSZ,E,5
1wej_H+L-F,AG,F,4RSZ,F,6
5y11_A+B-C,AG,C,5Y10,C,1
5ovw_L-F,AG,F,1N2Z,A,1
5ovw_L-F,AG,F,1N2Z,B,2
3u2s_H+L-G,AB,H+L,3U36,A+B,2
3u2s_H+L-G,AB,H+L,3U36,C+D,3
3u2s_H+L-G,AB,H+L,3U36,E+F,4
7kej_G+J-A,AB,G+J,7KFG,B+B,1
6osh_H+L-K,AG,K,6OSN,A,1
4jb9_H+L-G,AG,G,3TGT,A,1
4yga_D-C,AG,C,3I7B,A,1
4yga_D-C,AG,C,3HX4,A,1
4yga_D-C,AG,C,4JBV,A,1
4yga_D-C,AG,C,3NYV,A,1
4yga_D-C,AG,C,3V51,A,1
5b71_B+A-E,AG,E,3CU7,A,1
5b71_B+A-E,AG,E,3CU7,B,2
2uzi_H+L-R,AG,R,3OIV,A,1
2uzi_H+L-R,AG,R,4EFM,A,1
2uzi_H+L-R,AG,R,1RVD,A,1
2uzi_H+L-R,AG,R,3OIW,A,1
6p65_H+L-A,AB,H+L,6PEH,H+L,1
6p65_H+L-A,AB,H+L,6PEH,A+B,2
5bk1_C+D-B,AG,B,5B3Y,A,1
5bk1_C+D-B,AG,B,6ZHO,A,1
5bk1_C+D-B,AG,B,6ZIS,A,1
5bk1_C+D-B,AG,B,5ZCA,A,1
5bk1_C+D-B,AG,B,7MQ7,A,1
5w9n_B+C-A,AB,B+C,5VZR,H+L,1
5w9n_B+C-A,AB,B+C,5VZR,A+B,2
6vo1_H+L-A,AB,H+L,6VOS,L+L,1
5w9h_B+C-A,AB,B+C,5VZR,H+L,1
5w9h_B+C-A,AB,B+C,5VZR,A+B,2
3i50_H+L-E,AG,E,2I69,A,1
3i50_H+L-E,AG,E,2HG0,A,1
6rpj_H-G,AG,G,1AH1,A,1
4eig_B-A,AG,A,7LVC,A,1
4eig_B-A,AG,A,4PSS,A,1
4eig_B-A,AG,A,4PSY,A,1
4eig_B-A,AG,A,7D6G,A,1
4eig_B-A,AG,A,4PTH,A,1
5j3d_A+B-F+E,AB,A+B,5ITB,H+L,1
6fxn_Q+R-K,AB,Q+R,5Y9K,H+L,1
6gjs_B-A,AG,A,5TFI,A,1
6gjs_B-A,AG,A,5TFF,A,1
6gjs_B-A,AG,A,5TF7,A,1
6gjs_B-A,AG,A,5TFG,A,1
6gjs_B-A,AG,A,5TFB,A,1
6her_B-A,AG,A,1AG2,A,1
6c9w_B-A,AG,A,4ZYR,A,1
6c9w_B-A,AG,A,4ZYR,B,2
5utz_B+C-A,AG,A,1PY2,A,1
5utz_B+C-A,AG,A,1PY2,B,2
5utz_B+C-A,AG,A,1PY2,C,3
5utz_B+C-A,AG,A,1PY2,D,4
5utz_B+C-A,AG,A,1PY2,C,5
5utz_B+C-A,AG,A,1PY2,B,6
5utz_B+C-A,AG,A,1PW6,A,1
5utz_B+C-A,AG,A,1PW6,B,2
5utz_B+C-A,AG,A,1M49,A,1
5utz_B+C-A,AG,A,1M49,B,2
5utz_B+C-A,AG,A,1M47,A,1
5utz_B+C-A,AG,A,1M48,A,1
5utz_B+C-A,AG,A,1M48,B,2
6k67_A-B,AB,A,3LRG,A,1
6k67_A-B,AB,A,3LRG,B,2
2r0k_H+L-A,AG,A,1YBW,A,1
2r0k_H+L-A,AG,A,1YBW,B,2
4hf5_H+L-A,AG,A,3QQI,A,1
4hf5_H+L-A,AG,A,3QQI,B,2
5d71_H+L-A,AG,A,2GMF,A,1
5d71_H+L-A,AG,A,2GMF,B,2
4zpt_A+B-R,AG,R,4ZPW,R,1
4zpt_A+B-R,AG,R,4ZPW,S,2
6ulc_H+L-A+E,AB,H+L,3MUG,A+A,1
6ulc_H+L-A+E,AB,H+L,3MUG,C+C,2
6ulc_H+L-A+E,AB,H+L,3MUG,G+G,3
6ulc_H+L-A+E,AB,H+L,3MUG,I+I,4
6ulc_H+L-A+E,AB,H+L,3MUG,K+K,5
6ulc_H+L-A+E,AB,H+L,3MUG,E+E,6
6ulc_H+L-A+E,AB,H+L,3MME,L+L,1
6ulc_H+L-A+E,AB,H+L,3MME,B+B,2
6ulc_H+L-A+E,AB,H+L,3MME,D+D,3
6ulc_H+L-A+E,AB,H+L,3LRS,B+B,2
6ulc_H+L-A+E,AB,H+L,3LRS,D+D,3
6ulc_H+L-A+E,AB,H+L,3LRS,F+F,4
6woz_B+C-A,AG,A,5W53,A,1
6woz_B+C-A,AG,A,5W53,B,2
6al0_H+L-A,AB,H+L,4YNY,A+B,1
6al0_H+L-A,AB,H+L,4YNY,C+D,2
6al0_H+L-A,AG,A,6AKQ,A,1
7cz0_H-D,AG,D,6WZN,A,1
7cz0_H-D,AG,D,4TZA,C,1
7cz0_H-D,AG,D,4TZA,A,2
7cz0_H-D,AG,D,4TZA,B,3
7cz0_H-D,AG,D,4TZA,D,4
5ezo_H+L-A,AB,H+L,5EZI,H+L,1
5ezo_H+L-A,AB,H+L,5EZL,A+B,1
5ezo_H+L-A,AB,H+L,5EZL,H+L,2
5th9_H+L-A,AG,A,5UE4,A,1
5th9_H+L-A,AG,A,5UE4,B,2
5th9_H+L-A,AG,A,5TH6,A,1
5th9_H+L-A,AG,A,5TH6,B,2
5th9_H+L-A,AG,A,5TH6,C,3
5th9_H+L-A,AG,A,5TH6,D,4
5th9_H+L-A,AG,A,5UE3,A,1
5th9_H+L-A,AG,A,5UE3,B,2
6obc_B-A,AG,A,4HUO,X,1
6obc_B-A,AG,A,6URX,A,1
6obc_B-A,AG,A,4HV7,X,1
6obc_B-A,AG,A,4MX5,X,1
6obc_B-A,AG,A,6URY,A,1
6obc_B-A,AG,A,6URY,B,2
6wzm_C+D-F,AG,F,5WDZ,A,1
6cnv_H+L-B,AB,H+L,4FQH,H+L,1
6cnv_H+L-B,AB,H+L,4FQH,A+B,2
3k2u_H+L-A,AG,A,1YBW,A,1
3k2u_H+L-A,AG,A,1YBW,B,2
3a67_H+L-Y,AG,Y,7BYP,A,1
3a67_H+L-Y,AG,Y,7CDO,A,1
3a67_H+L-Y,AG,Y,7CDM,A,1
2vit_B+A-C,AB,B+A,1GIG,H+L,1
6bpe_B+C-A,AG,A,5W53,A,1
6bpe_B+C-A,AG,A,5W53,B,2
2p4a_B-A,AG,A,8RAT,A,1
2p4a_B-A,AG,A,6ETL,A,1
2p4a_B-A,AG,A,6ETM,A,1
2p4a_B-A,AG,A,7RSA,A,1
2p4a_B-A,AG,A,6ETK,A,1
6rpj_F-E,AG,E,1AH1,A,1
4n1e_G-L,AG,L,7BYP,A,1
4n1e_G-L,AG,L,7CDO,A,1
4n1e_G-L,AG,L,7CDM,A,1
1yym_R+Q-P,AB,R+Q,1RZ8,B+A,1
1yym_R+Q-P,AB,R+Q,1RZ8,D+C,2
4fqv_I+M-F+E,AB,I+M,4FQH,H+L,1
4fqv_I+M-F+E,AB,I+M,4FQH,A+B,2
6vmk_f+e-g,AG,g,6FTY,A,1
6vmk_f+e-g,AG,g,6FUT,A,1
6vmk_f+e-g,AG,g,6FUI,A,1
6vmk_f+e-g,AG,g,6QMT,A,1
6vmk_f+e-g,AG,g,6QMT,B,2
6vmk_f+e-g,AG,g,6FUH,A,1
6bpa_B+C-A,AG,A,5W53,A,1
6bpa_B+C-A,AG,A,5W53,B,2
3jwd_H+L-A,AB,H+L,1RZ7,H+L,1
3zkx_B-A,AG,A,3ZKI,A,1
3zkx_B-A,AG,A,3ZKI,B,2
3zkx_B-A,AG,A,3ZKG,A,1
3zkx_B-A,AG,A,3ZKG,B,2
3zkx_B-A,AG,A,6UJ1,A,1
3zkx_B-A,AG,A,6UJ1,B,2
5e94_B+A-G,AG,G,7LCK,R,1
5e94_B+A-G,AG,G,7LCJ,R,1
6ye3_G+H-I,AG,I,1PY2,A,1
6ye3_G+H-I,AG,I,1PY2,B,2
6ye3_G+H-I,AG,I,1PY2,C,3
6ye3_G+H-I,AG,I,1PY2,D,4
6ye3_G+H-I,AG,I,1PY2,C,5
6ye3_G+H-I,AG,I,1PY2,B,6
6ye3_G+H-I,AG,I,1PW6,A,1
6ye3_G+H-I,AG,I,1PW6,B,2
6ye3_G+H-I,AG,I,1M49,A,1
6ye3_G+H-I,AG,I,1M49,B,2
6ye3_G+H-I,AG,I,1M47,A,1
6ye3_G+H-I,AG,I,1M48,A,1
6ye3_G+H-I,AG,I,1M48,B,2
4q6i_E+D-J,AG,J,1WIO,A,1
4q6i_E+D-J,AG,J,1WIO,B,2
4q6i_E+D-J,AG,J,1CDJ,A,1
4q6i_E+D-J,AG,J,1WIP,A,1
4q6i_E+D-J,AG,J,1WIP,B,2
4w6w_B-A,AG,A,4B4Q,A,1
4w6w_B-A,AG,A,4B4Q,B,2
4w6w_B-A,AG,A,4B4R,A,1
4w6w_B-A,AG,A,4B4R,B,2
5vjo_C+D-F,AG,F,5V8G,A,1
7m30_H+L-B,AB,H+L,7M1C,L+L,1
5w5x_H+L-A,AG,A,5W60,A,1
5w5x_H+L-A,AG,A,5W61,A,1
3g6d_H+L-A,AB,H+L,3G6A,H+L,1
3g6d_H+L-A,AB,H+L,3G6A,B+A,2
3g6d_H+L-A,AG,A,1GA3,A,1
6wj1_H+L-F+E,AB,H+L,6WJ0,L+L,1
7k8v_H+L-A+B,AB,H+L,7K8P,H+L,1
4ej1_C-B,AG,B,7LVC,A,1
4ej1_C-B,AG,B,4PSS,A,1
4ej1_C-B,AG,B,4PSY,A,1
4ej1_C-B,AG,B,7D6G,A,1
4ej1_C-B,AG,B,4PTH,A,1
4grw_G-B,AG,B,1F42,A,1
5lqb_H+L-A,AG,A,4NEJ,A,1
5lqb_H+L-A,AG,A,4NEM,A,1
7k8x_D+F-B+C,AB,D+F,7K8Q,H+L,1
3v6z_C+D-E,AB,C+D,3V6F,A+B,1
3v6z_C+D-E,AB,C+D,3V6F,C+D,2
3v6z_C+D-E,AB,C+D,3V6F,E+F,3
7ahu_H+L-C+D,AG,C+D,4Y71,A+B,1
7ahu_H+L-C+D,AG,C+D,4ZH8,A+B,1
7ahu_H+L-C+D,AG,C+D,4Y7A,A+B,1
7ahu_H+L-C+D,AG,C+D,4Y6D,A+B,1
7ahu_H+L-C+D,AG,C+D,4ZHA,A+B,1
5js9_A+B-C,AB,A+B,6B3D,H+L,1
5f1o_B-A,AG,A,4F46,A,1
5f1o_B-A,AG,A,4F46,B,2
5f1o_B-A,AG,A,3I9M,A,1
5f1o_B-A,AG,A,3I9M,B,2
5f1o_B-A,AG,A,3U4H,A,1
5f1o_B-A,AG,A,3U4H,B,2
5f1o_B-A,AG,A,3DZG,A,1
5f1o_B-A,AG,A,3DZG,B,2
5f1o_B-A,AG,A,3DZK,A,1
5f1o_B-A,AG,A,3DZK,B,2
4krp_D+C-A,AB,D+C,5I76,B+A,1
4krp_D+C-A,AB,D+C,5I76,D+C,2
4krp_D+C-A,AB,D+C,1YY8,B+A,1
4krp_D+C-A,AB,D+C,1YY8,D+C,2
4n1e_H-L,AG,L,7BYP,A,1
4n1e_H-L,AG,L,7CDO,A,1
4n1e_H-L,AG,L,7CDM,A,1
6v6w_A+B-K,AB,A+B,4TOY,H+L,1
3pgf_H+L-A,AG,A,5B3Y,A,1
3pgf_H+L-A,AG,A,4PE2,A,1
3pgf_H+L-A,AG,A,6ZHO,A,1
3pgf_H+L-A,AG,A,6ZIS,A,1
3pgf_H+L-A,AG,A,5ZCA,A,1
6ey0_G-C,AB,G,5LZ0,A,1
6ey0_G-C,AB,G,5LZ0,B,2
6war_P-O,AG,O,4ZPW,R,1
6war_P-O,AG,O,4ZPW,S,2
4gms_I+M-C,AB,I+M,4GMT,H+L,1
4gms_I+M-C,AB,I+M,4GMT,I+M,2
6al1_H+L-A,AB,H+L,4YNY,A+B,1
6al1_H+L-A,AB,H+L,4YNY,C+D,2
5lhp_B-A,AG,A,5LHS,B,1
5lhp_B-A,AG,A,5LHS,A,2
5lhp_B-A,AG,A,5LHS,C,3
5lhp_B-A,AG,A,5LHS,D,4
5vpg_D+C-A,AB,D+C,3RVT,D+D,1
5vpg_D+C-A,AB,D+C,3RVU,D+D,1
6war_B-A,AG,A,4ZPW,R,1
6war_B-A,AG,A,4ZPW,S,2
5vlp_H+L-A,AG,A,2P4E,P,1
5vlp_H+L-A,AG,A,2P4E,A,2
5vlp_H+L-A,AG,A,6U26,A,1
5vlp_H+L-A,AG,A,6U26,B,2
3t2n_I+M-B,AG,B,5CE1,A,1
6nb3_H+L-C,AB,H+L,6NB5,H+L,1
6nb3_H+L-C,AB,H+L,6NB5,I+M,2
6wno_E+F-D,AG,D,5W53,A,1
6wno_E+F-D,AG,D,5W53,B,2
5l0q_F+E-D,AG,D,2AO7,A,1
1xgt_B+A-C,AG,C,7BYP,A,1
1xgt_B+A-C,AG,C,7CDO,A,1
1xgt_B+A-C,AG,C,7CDM,A,1
3ehb_C+D-B,AB,C+D,1MQK,H+L,1
5wk3_S+R-B,AB,S+R,5WK2,H+L,1
5wk3_S+R-B,AG,B,1NR2,A,1
5wk3_S+R-B,AG,B,1NR2,B,2
3ngb_E+F-D,AG,D,3TGT,A,1
4rgm_H+L-S,AG,S,3SEB,A,1
4rgm_H+L-S,AG,S,1SE3,A,1
4rgm_H+L-S,AG,S,1SE4,A,1
5m30_E-A,AB,E,5M2W,A,1
5m30_E-A,AB,E,5M2W,B,2
2p46_D-C,AG,C,8RAT,A,1
2p46_D-C,AG,C,6ETL,A,1
2p46_D-C,AG,C,6ETM,A,1
2p46_D-C,AG,C,7RSA,A,1
2p46_D-C,AG,C,6ETK,A,1
6fyu_F-E+D,AG,E+D,4LN8,B+A,2
6fyu_F-E+D,AG,E+D,4LN8,D+C,3
6fyu_F-E+D,AG,E+D,4LN8,F+E,4
6fyu_F-E+D,AG,E+D,4LN8,H+G,6
6fyu_F-E+D,AG,E+D,4LN8,J+I,7
6fyu_F-E+D,AG,E+D,4LN8,L+K,8
6fyu_F-E+D,AG,E+D,4LN6,B+A,2
6fyu_F-E+D,AG,E+D,4LN6,D+C,3
6fyu_F-E+D,AG,E+D,4LN6,F+E,4
6fyu_F-E+D,AG,E+D,4LN6,H+G,6
6fyu_F-E+D,AG,E+D,4LN6,J+I,7
6fyu_F-E+D,AG,E+D,4LN6,L+K,8
6wqo_B+C-A,AG,A,5W53,A,1
6wqo_B+C-A,AG,A,5W53,B,2
5c0n_H+L-A,AG,A,3HK1,A,1
5tih_H+L-A,AG,A,5TIK,A,1
5tih_H+L-A,AG,A,5TIK,B,2
5tih_H+L-A,AG,A,5TIK,C,3
5tih_H+L-A,AG,A,5TIK,D,4
4gms_H+L-A,AB,H+L,4GMT,H+H,1
4gms_H+L-A,AB,H+L,4GMT,I+I,2
6rcv_E+D-A,AB,E+D,6RCS,A+B,1
3jab_Q+R-O,AB,Q+R,12E8,H+L,1
3jab_Q+R-O,AB,Q+R,12E8,P+M,2
3jab_Q+R-O,AG,O,3JWQ,A,1
3jab_Q+R-O,AG,O,3JWQ,B,2
3jab_Q+R-O,AG,O,3JWQ,C,3
3jab_Q+R-O,AG,O,3JWQ,D,4
2dqg_H+L-Y,AG,Y,7BYP,A,1
2dqg_H+L-Y,AG,Y,7CDO,A,1
2dqg_H+L-Y,AG,Y,7CDM,A,1
4lgs_B-A,AG,A,4HUO,X,1
4lgs_B-A,AG,A,6URX,A,1
4lgs_B-A,AG,A,4HV7,X,1
4lgs_B-A,AG,A,4MX5,X,1
4lgs_B-A,AG,A,6URY,A,1
4lgs_B-A,AG,A,6URY,B,2
6oej_B+C-A,AB,B+C,4FZ8,H+L,1
5wob_M+N-C,AG,C,4GS8,A,1
5wob_M+N-C,AG,C,4GS8,B,2
5wob_M+N-C,AG,C,4GSC,A,1
5wob_M+N-C,AG,C,4GSC,B,2
5wob_M+N-C,AG,C,4NXO,A,1
5wob_M+N-C,AG,C,4NXO,B,2
7cz0_E-A,AG,A,6WZN,A,1
7cz0_E-A,AG,A,4TZA,C,1
7cz0_E-A,AG,A,4TZA,A,2
7cz0_E-A,AG,A,4TZA,B,3
7cz0_E-A,AG,A,4TZA,D,4
6mej_A+B-C,AB,A+B,6MEG,H+L,1
2oz4_H+L-A,AG,A,1P53,A,1
2oz4_H+L-A,AG,A,1P53,B,2
5e8e_B+A-H,AG,H,4NZQ,A,1
5e8e_B+A-H,AG,H,5EDM,A,1
5e8e_B+A-H,AG,H,5EDK,A,1
6wtv_E+F-D,AG,D,5W53,A,1
6wtv_E+F-D,AG,D,5W53,B,2
5vjo_A+B-E,AG,E,5V8G,A,1
6y90_H+L-A,AB,H+L,4KAQ,H+L,1
6aq7_H+L-A,AG,A,1AG2,A,1
6aq7_H+L-A,AG,A,2L1H,A,1
6aq7_H+L-A,AG,A,2L39,A,1
4ki5_C+D-M,AG,M,3HNY,M,1
4ki5_C+D-M,AG,M,6MF2,A,1
4ki5_C+D-M,AG,M,3HOB,M,1
4ki5_C+D-M,AG,M,3HOB,A,2
4ki5_C+D-M,AG,M,6MF0,A,2
4ki5_C+D-M,AG,M,3HNB,M,1
5ovw_K-E,AG,E,1N2Z,A,1
5ovw_K-E,AG,E,1N2Z,B,2
6fyw_C-A+B,AB,C,6FYS,C,1
6fyw_C-A+B,AB,C,6FYS,A,2
6fyw_C-A+B,AB,C,6FYS,B,3
6fyw_C-A+B,AB,C,6FYS,D,4
6fyw_C-A+B,AB,C,6FYS,E,5
6fyw_C-A+B,AB,C,6FYS,F,6
6fyw_C-A+B,AB,C,6FYS,G,7
6fyw_C-A+B,AB,C,6FYS,H,8
6vmj_B+A-Z,AG,Z,6FTY,A,1
6vmj_B+A-Z,AG,Z,6FUT,A,1
6vmj_B+A-Z,AG,Z,6FUI,A,1
6vmj_B+A-Z,AG,Z,6QMT,A,1
6vmj_B+A-Z,AG,Z,6QMT,B,2
6vmj_B+A-Z,AG,Z,6FUH,A,1
4jm2_A+B-E,AB,A+B,4JM4,H+L,1
3wih_H+L-A,AB,H+L,3WII,H+L,1
3wih_H+L-A,AB,H+L,3WII,I+M,2
3wih_H+L-A,AG,A,4HLJ,A,1
5i75_B+C-A,AB,B+C,5I66,A+B,1
4w2q_A-B,AB,A,4W2P,A,1
4w2q_A-B,AB,A,4W2P,B,2
4w2q_A-B,AB,A,4W2P,C,3
4w2q_A-B,AB,A,4W2P,D,4
7m30_M+N-C,AB,M+N,7LYV,C+D,2
7m30_M+N-C,AB,M+N,7LYV,A+B,3
7m30_M+N-C,AB,M+N,7LYV,E+F,4
5uea_A+B-X,AG,X,2IDC,A,1
5uea_A+B-X,AG,X,1WG3,A,1
5uea_A+B-X,AG,X,1ROC,A,1
6u52_C-D,AB,C,6U50,C,1
4q6i_G+F-I,AG,I,1WIO,A,1
4q6i_G+F-I,AG,I,1WIO,B,2
4q6i_G+F-I,AG,I,1CDJ,A,1
4q6i_G+F-I,AG,I,1WIP,A,1
4q6i_G+F-I,AG,I,1WIP,B,2
2dqf_B+A-C,AG,C,7BYP,A,1
2dqf_B+A-C,AG,C,7CDO,A,1
2dqf_B+A-C,AG,C,7CDM,A,1
1ahw_B+A-C,AB,B+A,1FGN,H+L,1
1ahw_B+A-C,AG,C,1TFH,A,1
1ahw_B+A-C,AG,C,1TFH,B,2
7k4n_H+L-A,AB,H+L,7K3Q,H+L,1
5f9w_H+L-G,AG,G,3TGT,A,1
6c6y_H+L-R,AB,H+L,6C6X,A+B,1
6c6y_H+L-R,AB,H+L,6C6X,C+D,2
6c6y_H+L-R,AB,H+L,6C6X,E+F,3
6c6y_H+L-R,AG,R,4ZPW,R,1
6c6y_H+L-R,AG,R,4ZPW,S,2
7now_C-D,AG,D,7NQ6,A,1
4yzf_G+H-B,AB,G+H,5A16,G+H,1
4yzf_G+H-B,AB,G+H,5A16,C+D,2
4yzf_G+H-B,AB,G+H,5A16,E+F,3
4yzf_G+H-B,AB,G+H,5A16,A+B,4
7bu8_G+I-B,AG,B,5OMZ,A,1
5cba_C+D-F,AG,F,6VGJ,A,1
5cba_C+D-F,AG,F,6VGJ,B,2
5cba_C+D-F,AG,F,6VGJ,C,3
5cba_C+D-F,AG,F,6VGJ,D,4
5cba_C+D-F,AG,F,6VGJ,E,5
5cba_C+D-F,AG,F,6VGJ,F,6
5cba_C+D-F,AG,F,6VGJ,G,7
5cba_C+D-F,AG,F,7JNY,A,1
3ulu_F+E-A,AB,F+E,3QPQ,H+L,1
3ulu_F+E-A,AB,F+E,3QPQ,F+E,2
3ulu_F+E-A,AB,F+E,3QPQ,D+C,3
3ulu_F+E-A,AB,F+E,3QPQ,J+I,4
3ulu_F+E-A,AG,A,1ZIW,A,1
3ulu_F+E-A,AG,A,2A0Z,A,1
5a8h_D+C-A,AB,D+C,1RZ8,B+A,1
5a8h_D+C-A,AB,D+C,1RZ8,D+C,2
7lue_I+M-B,AB,I+M,7LUD,L+L,1
7lue_I+M-B,AB,I+M,7LUD,B+B,2
6ruv_R-Y+X,AB,R,6RU3,C,1
6ruv_R-Y+X,AG,Y+X,6RV6,B+A,1
6ruv_R-Y+X,AG,Y+X,6SEJ,B+A,1
5sv3_A-B,AB,A,5SV4,A,1
5sv3_A-B,AB,A,5SV4,B,2
3ulv_F+E-A,AG,A,1ZIW,A,1
3ulv_F+E-A,AG,A,2A0Z,A,1
4r2g_J+I-K,AG,K,1WIO,A,1
4r2g_J+I-K,AG,K,1WIO,B,2
4r2g_J+I-K,AG,K,1WIQ,A,1
4r2g_J+I-K,AG,K,1WIQ,B,2
4r2g_J+I-K,AG,K,1WIP,A,1
4r2g_J+I-K,AG,K,1WIP,B,2
1kiq_B+A-C,AG,C,7BYP,A,1
1kiq_B+A-C,AG,C,7CDO,A,1
1kiq_B+A-C,AG,C,7CDM,A,1
7bep_H+L-E,AB,H+L,6WS6,A+B,1
7bep_H+L-E,AB,H+L,6WS6,C+D,2
7bep_H+L-E,AB,H+L,6WS6,E+F,3
5vgj_H+L-G,AB,H+L,5EWI,H+L,1
6icf_H+L-A,AB,H+L,4YNY,A+B,1
6icf_H+L-A,AB,H+L,4YNY,C+D,2
6wtu_B+C-A,AG,A,5W53,A,1
6wtu_B+C-A,AG,A,5W53,B,2
6pzz_F+E-B,AB,F+E,6PZG,H+L,1
2p4a_D-C,AG,C,8RAT,A,1
2p4a_D-C,AG,C,6ETL,A,1
2p4a_D-C,AG,C,6ETM,A,1
2p4a_D-C,AG,C,7RSA,A,1
2p4a_D-C,AG,C,6ETK,A,1
4rwy_H+L-A,AG,A,3TGQ,A,1
4rwy_H+L-A,AG,A,3TGQ,B,2
4rwy_H+L-A,AG,A,3TGQ,C,3
4rwy_H+L-A,AG,A,3TGQ,D,4
5vxj_H-G,AG,G,3R9V,A,1
5vxj_H-G,AG,G,3R9V,B,2
7d5p_D-B,AB,D,6KSN,A,1
7d5p_D-B,AB,D,6KSN,B,2
6iap_E+D-A,AG,A,1OLL,A,1
6iap_E+D-A,AG,A,1P6F,A,1
3u4e_A+B-J,AB,A+B,3U36,A+B,2
3u4e_A+B-J,AB,A+B,3U36,C+D,3
3u4e_A+B-J,AB,A+B,3U36,E+F,4
3l5w_H+L-I,AB,H+L,3L7E,H+L,1
3l5w_H+L-I,AB,H+L,3L7E,B+A,2
3l5w_H+L-I,AG,I,1GA3,A,1
6pzw_H+L-A,AB,H+L,6PZH,H+H,1
6pzw_H+L-A,AB,H+L,6PZH,B+B,2
6sv2_H+L-A,AG,A,5YJ4,A,1
1kip_B+A-C,AG,C,7BYP,A,1
1kip_B+A-C,AG,C,7CDO,A,1
1kip_B+A-C,AG,C,7CDM,A,1
3ogo_H-B,AG,B,5N9O,A,1
3ogo_H-B,AG,B,4EUL,A,1
3ogo_H-B,AG,B,2Y0G,A,1
3ogo_H-B,AG,B,6YLQ,A,1
3ogo_H-B,AG,B,7FBS,A,1
7d5q_C-A,AB,C,6KSN,A,1
7d5q_C-A,AB,C,6KSN,B,2
4aei_J+N-C,AG,C,1PTX,A,1
4aei_J+N-C,AG,C,1AHO,A,1
7k8x_E+G-A,AB,E+G,7K8Q,H+L,1
6ui1_B-A,AG,A,3V0C,A,1
6ce0_H+L-G,AB,H+L,4R26,H+L,1
6opa_S+R-G,AB,S+R,6OO0,H+L,1
4nby_C-A,AG,A,2G7C,A,1
4nby_C-A,AG,A,2G7C,B,2
4i77_H+L-Z,AG,Z,1GA3,A,1
7neq_D+C-B,AB,D+C,5NIV,B+B,1
5lhq_B-A,AG,A,5LHS,B,1
5lhq_B-A,AG,A,5LHS,A,2
5lhq_B-A,AG,A,5LHS,C,3
5lhq_B-A,AG,A,5LHS,D,4
1v7m_H+L-V,AB,H+L,2ZKH,H+L,1
1g7j_B+A-C,AG,C,7BYP,A,1
1g7j_B+A-C,AG,C,7CDO,A,1
1g7j_B+A-C,AG,C,7CDM,A,1
2nz9_D+C-A,AG,A,3BTA,A,1
5i9q_H+L-G,AG,G,5FA2,A,1
5i9q_H+L-G,AG,G,5FA2,B,2
7dr4_A+B-J,AG,J,1PY2,A,1
7dr4_A+B-J,AG,J,1PY2,B,2
7dr4_A+B-J,AG,J,1PY2,C,3
7dr4_A+B-J,AG,J,1PY2,D,4
7dr4_A+B-J,AG,J,1PY2,C,5
7dr4_A+B-J,AG,J,1PY2,B,6
7dr4_A+B-J,AG,J,1PW6,A,1
7dr4_A+B-J,AG,J,1PW6,B,2
7dr4_A+B-J,AG,J,1M49,A,1
7dr4_A+B-J,AG,J,1M49,B,2
7dr4_A+B-J,AG,J,1M47,A,1
7dr4_A+B-J,AG,J,1M48,A,1
7dr4_A+B-J,AG,J,1M48,B,2
7cj2_K+L-B,AG,B,1NWU,A,1
7cj2_K+L-B,AG,B,1NWU,B,2
7cj2_K+L-B,AG,B,1NWU,C,3
7cj2_K+L-B,AG,B,1NWU,D,4
7cj2_K+L-B,AG,B,1NWS,A,1
7cj2_K+L-B,AG,B,1NWS,B,2
7cj2_K+L-B,AG,B,1NWS,C,3
7cj2_K+L-B,AG,B,1NWS,D,4
7cj2_K+L-B,AG,B,1HJW,A,1
7cj2_K+L-B,AG,B,1HJW,B,2
7cj2_K+L-B,AG,B,1NWT,A,1
7cj2_K+L-B,AG,B,1NWT,B,2
7cj2_K+L-B,AG,B,1NWT,C,3
7cj2_K+L-B,AG,B,1NWT,D,4
6u3i_H+L-A,AG,A,2P4E,P,1
6u3i_H+L-A,AG,A,2P4E,A,2
6u3i_H+L-A,AG,A,6U26,A,1
6u3i_H+L-A,AG,A,6U26,B,2
4eiz_D-A,AG,A,7LVC,A,1
4eiz_D-A,AG,A,4PSS,A,1
4eiz_D-A,AG,A,4PSY,A,1
4eiz_D-A,AG,A,7D6G,A,1
4eiz_D-A,AG,A,4PTH,A,1
4m8q_H+L-C,AB,H+L,4LRN,H+L,1
2xt1_B-A,AG,A,4IPY,A,2
2xt1_B-A,AG,A,4IPY,B,3
2xt1_B-A,AG,A,4IPY,C,4
2xt1_B-A,AG,A,4IPY,D,5
6vo1_I+K-D,AB,I+K,6VOS,H+L,1
4y7m_A-C,AB,A,4QGY,A,1
4y7m_A-C,AB,A,4QGY,B,2
6avu_H+L-B+A,AB,H+L,5OPY,H+L,1
7k8s_M+N-C,AB,M+N,7K8O,H+L,1
4nbz_B-A,AG,A,2G7C,A,1
4nbz_B-A,AG,A,2G7C,B,2
6mfp_C+D-A,AB,C+D,6MFJ,H+L,1
6mfp_C+D-A,AB,C+D,6MFJ,A+B,2
6mfp_C+D-A,AG,A,4DKO,A,1
6mfp_C+D-A,AG,A,4DKO,C,2
6mfp_C+D-A,AG,A,4RZ8,A,1
6mfp_C+D-A,AG,A,4RZ8,B,2
6mfp_C+D-A,AG,A,4RZ8,C,3
6mfp_C+D-A,AG,A,4RZ8,D,4
6mfp_C+D-A,AG,A,4DVV,A,1
6mfp_C+D-A,AG,A,4DVV,B,2
6mfp_C+D-A,AG,A,4DKP,A,1
6mfp_C+D-A,AG,A,4DKP,C,2
6mfp_C+D-A,AG,A,4DKQ,A,1
6dcq_M+N-F+E+D,AB,M+N,4NUG,H+L,1
5g64_H+L-A,AB,H+L,6TCR,H+L,1
6wno_B+C-A,AG,A,5W53,A,1
6wno_B+C-A,AG,A,5W53,B,2
3wkm_H+L-A,AG,A,3WKL,A,1
3ogo_F-C,AG,C,4EUL,A,1
3ogo_F-C,AG,C,2Y0G,A,1
3ogo_F-C,AG,C,6UZ0,A,1
3ogo_F-C,AG,C,6YLQ,A,1
3ogo_F-C,AG,C,7FBS,A,1
3a6b_H+L-Y,AG,Y,7BYP,A,1
3a6b_H+L-Y,AG,Y,7CDO,A,1
3a6b_H+L-Y,AG,Y,7CDM,A,1
4k24_H+L-U,AB,H+L,4K23,H+L,1
6woq_J+K-E,AB,J+K,6WOR,L+L,1
6s3t_E+I-T,AB,E+I,6RNN,H+L,1
6s3t_E+I-T,AB,E+I,6RNN,D+C,2
6s3t_E+I-T,AG,T,6RUX,A,1
6s3t_E+I-T,AG,T,6RUX,B,2
6s3t_E+I-T,AG,T,6RUX,C,3
6s3t_E+I-T,AG,T,6RQG,A,1
6s3t_E+I-T,AG,T,6RQG,B,2
6s3t_E+I-T,AG,T,6RQG,C,3
3hi1_B+A-J,AB,B+A,1U6A,H+L,1
1ua6_H+L-Y,AG,Y,7BYP,A,1
1ua6_H+L-Y,AG,Y,7CDO,A,1
1ua6_H+L-Y,AG,Y,7CDM,A,1
6i9i_A+B-C,AG,C,6F8P,A,1
5wob_Q+R-E,AG,E,4GS8,A,1
5wob_Q+R-E,AG,E,4GS8,B,2
5wob_Q+R-E,AG,E,4GSC,A,1
5wob_Q+R-E,AG,E,4GSC,B,2
5wob_Q+R-E,AG,E,4NXO,A,1
5wob_Q+R-E,AG,E,4NXO,B,2
1h0d_B+A-C,AG,C,5EPZ,A,1
1h0d_B+A-C,AG,C,5EOP,A,1
1h0d_B+A-C,AG,C,1B1I,A,1
1h0d_B+A-C,AG,C,2ANG,A,1
1h0d_B+A-C,AG,C,4AOH,A,1
5w9i_G+H-E,AB,G+H,5VZR,H+L,1
5w9i_G+H-E,AB,G+H,5VZR,A+B,2
4yx2_H+L-A,AG,A,1DX1,A,1
1xgu_B+A-C,AG,C,7BYP,A,1
1xgu_B+A-C,AG,C,7CDO,A,1
1xgu_B+A-C,AG,C,7CDM,A,1
4rgn_F+G-S,AG,S,3SEB,A,1
4rgn_F+G-S,AG,S,1SE3,A,1
4rgn_F+G-S,AG,S,1SE4,A,1
6u52_A-B,AB,A,6U50,C,1
4xx1_E+G-B,AG,B,4X96,A,1
4xx1_E+G-B,AG,B,4X96,B,2
4xx1_E+G-B,AG,B,4X96,C,3
4xx1_E+G-B,AG,B,4X96,D,4
4xx1_E+G-B,AG,B,5TXF,A,1
4xx1_E+G-B,AG,B,5TXF,B,2
4xx1_E+G-B,AG,B,5TXF,C,3
4xx1_E+G-B,AG,B,5TXF,D,4
4xx1_E+G-B,AG,B,6MVD,A,1
4xx1_E+G-B,AG,B,6MVD,B,2
6a4k_H+L-A,AB,H+L,6JP7,H+L,1
5f1k_D-B,AG,B,4F46,A,1
5f1k_D-B,AG,B,4F46,B,2
5f1k_D-B,AG,B,3I9M,A,1
5f1k_D-B,AG,B,3I9M,B,2
5f1k_D-B,AG,B,3U4H,A,1
5f1k_D-B,AG,B,3U4H,B,2
5f1k_D-B,AG,B,3DZG,A,1
5f1k_D-B,AG,B,3DZG,B,2
5f1k_D-B,AG,B,3DZK,A,1
5f1k_D-B,AG,B,3DZK,B,2
5vxj_F-E,AG,E,3R9V,A,1
5vxj_F-E,AG,E,3R9V,B,2
5cjs_F+E-K+J,AB,F+E,4FQH,H+L,1
5cjs_F+E-K+J,AB,F+E,4FQH,A+B,2
5vxj_J-I,AG,I,3R9V,A,1
5vxj_J-I,AG,I,3R9V,B,2
4fqv_H+L-B+A,AB,H+L,4FQH,L+L,1
4fqv_H+L-B+A,AB,H+L,4FQH,B+B,2
5e94_D+C-H,AG,H,7LCK,R,1
5e94_D+C-H,AG,H,7LCJ,R,1
5boz_K-E,AG,E,4HUO,X,1
5boz_K-E,AG,E,6URX,A,1
5boz_K-E,AG,E,4HV7,X,1
5boz_K-E,AG,E,4MX5,X,1
5boz_K-E,AG,E,6URY,A,1
5boz_K-E,AG,E,6URY,B,2
5njd_X+W-E+H,AB,X+W,5N2K,B+A,1
5njd_X+W-E+H,AB,X+W,5N2K,D+C,2
5njd_X+W-E+H,AB,X+W,5N2K,F+E,3
5njd_X+W-E+H,AB,X+W,5N2K,H+G,4
5njd_X+W-E+H,AB,X+W,5N2K,J+I,5
5njd_X+W-E+H,AB,X+W,5N2K,L+K,6
5njd_X+W-E+H,AB,X+W,5N2K,N+M,7
6z20_B-A,AB,B,6Z1Z,A,1
6z20_B-A,AB,B,6Z1Z,B,2
5ovw_J-D,AG,D,1N2Z,A,1
5ovw_J-D,AG,D,1N2Z,B,2
2vyr_F-B,AG,B,3LBJ,E,1
2vyr_F-B,AG,B,6Q9W,A,1
2vyr_F-B,AG,B,6Q9W,B,2
2vyr_F-B,AG,B,6Q9Y,A,1
2vyr_F-B,AG,B,6Q9Y,B,2
2vyr_F-B,AG,B,7EL4,A,1
6vja_I+M-D,AB,I+M,4KAQ,H+L,1
2ny4_D+C-A,AB,D+C,1RZ8,B+A,1
2ny4_D+C-A,AB,D+C,1RZ8,D+C,2
6bfs_H+L-C,AG,C,2GMF,A,1
6bfs_H+L-C,AG,C,2GMF,B,2
3k80_A-C,AG,C,4DNI,A,1
3bsz_H+L-F,AG,F,5NU8,A,1
3bsz_H+L-F,AG,F,5NU7,A,1
3bsz_H+L-F,AG,F,5NU2,A,1
3bsz_H+L-F,AG,F,5NUA,A,1
3bsz_H+L-F,AG,F,5NU6,A,1
3wih_I+M-B,AB,I+M,3WII,H+L,1
3wih_I+M-B,AB,I+M,3WII,I+M,2
1zvh_A-L,AG,L,7BYP,A,1
1zvh_A-L,AG,L,7CDO,A,1
1zvh_A-L,AG,L,7CDM,A,1
7kkl_B-A,AB,B,7KKJ,A,1
7kkl_B-A,AB,B,7KKJ,C,2
6phc_C+D-E,AB,C+D,6PHH,D+D,1
6phc_C+D-E,AB,C+D,6PHH,B+B,2
6vy6_H+L-A,AG,A,6PD4,A,1
6vy6_H+L-A,AG,A,6PD4,B,2
5f1k_C-A,AG,A,4F46,A,1
5f1k_C-A,AG,A,4F46,B,2
5f1k_C-A,AG,A,3I9M,A,1
5f1k_C-A,AG,A,3I9M,B,2
5f1k_C-A,AG,A,3U4H,A,1
5f1k_C-A,AG,A,3U4H,B,2
5f1k_C-A,AG,A,3DZG,A,1
5f1k_C-A,AG,A,3DZG,B,2
5f1k_C-A,AG,A,3DZK,A,1
5f1k_C-A,AG,A,3DZK,B,2
6ewb_E+F-A,AG,A,4OOS,A,1
2dd8_H+L-S,AB,H+L,2G75,A+B,2
2dd8_H+L-S,AB,H+L,2G75,C+D,3
6meh_H+L-C,AB,H+L,6MEE,A+B,1
6meh_H+L-C,AB,H+L,6MEE,C+D,2
7a6o_B-A,AG,A,1AUQ,A,1
6eyo_I+M-B,AB,I+M,6EYN,H+L,1
6eyo_I+M-B,AB,I+M,6EYN,B+A,2
6eyo_I+M-B,AB,I+M,6EYN,D+C,3
4n1e_D-J,AG,J,7BYP,A,1
4n1e_D-J,AG,J,7CDO,A,1
4n1e_D-J,AG,J,7CDM,A,1
5mwn_F-C,AB,F,5M2W,A,1
5mwn_F-C,AB,F,5M2W,B,2
5hvg_D-C,AG,C,7NEE,A,1
6rp8_H+L-C,AG,C,1AH1,A,1
6u0n_I+J-B,AB,I+J,1RZF,L+L,1
6ewb_H+L-B,AG,B,4OOS,A,1
2qqn_H+L-A,AG,A,6FMC,A,1
2qqn_H+L-A,AG,A,5JGQ,A,1
2qqn_H+L-A,AG,A,5JGQ,B,2
2qqn_H+L-A,AG,A,5JHK,A,1
2qqn_H+L-A,AG,A,5JHK,B,2
2qqn_H+L-A,AG,A,5IYY,A,1
2qqn_H+L-A,AG,A,5IYY,B,2
2qqn_H+L-A,AG,A,5C7G,A,1
6a4k_J+N-C,AB,J+N,6JP7,H+L,1
5w9p_K+L-H,AB,K+L,5VZR,H+L,1
5w9p_K+L-H,AB,K+L,5VZR,A+B,2
7r8m_D+E-C,AB,D+E,7N3E,H+L,1
6s3d_A+B-N,AG,N,6XWI,A,1
6ba5_H+G-P,AG,P,5Z55,A,1
5vph_D+C-A,AB,D+C,3RVT,D+D,1
5vph_D+C-A,AB,D+C,3RVU,D+D,1
2dqe_H+L-Y,AG,Y,7BYP,A,1
2dqe_H+L-Y,AG,Y,7CDO,A,1
2dqe_H+L-Y,AG,Y,7CDM,A,1
5njd_P+O-I+B,AB,P+O,5N2K,B+A,1
5njd_P+O-I+B,AB,P+O,5N2K,D+C,2
5njd_P+O-I+B,AB,P+O,5N2K,F+E,3
5njd_P+O-I+B,AB,P+O,5N2K,H+G,4
5njd_P+O-I+B,AB,P+O,5N2K,J+I,5
5njd_P+O-I+B,AB,P+O,5N2K,L+K,6
5njd_P+O-I+B,AB,P+O,5N2K,N+M,7
5um8_D+E-B,AB,D+E,4TOY,H+L,1
6qgw_B-A,AG,A,6FSU,A,1
6qgw_B-A,AG,A,6FSU,B,2
1ar1_C+D-B,AB,C+D,1MQK,H+L,1
6ruv_S-V+U,AB,S,6RU3,C,1
6ruv_S-V+U,AG,V+U,6RV6,B+A,1
6ruv_S-V+U,AG,V+U,6SEJ,B+A,1
7mxl_A+B-C,AG,C,4A87,A,1
7mxl_A+B-C,AG,C,4BTZ,A,1
7mxl_A+B-C,AG,C,4A83,A,1
7mxl_A+B-C,AG,C,4A80,A,1
7mxl_A+B-C,AG,C,4A85,A,1
6k67_C-D,AB,C,3LRG,A,1
6k67_C-D,AB,C,3LRG,B,2
6oej_H+L-G,AB,H+L,4FZ8,H+L,1
5mvz_A+B-V,AG,V,5R7W,A,1
5mvz_A+B-V,AG,V,5R8F,A,1
5mvz_A+B-V,AG,V,5R8P,A,1
5mvz_A+B-V,AG,V,6Y8M,A,1
5mvz_A+B-V,AG,V,6Y8I,A,1
6rcv_C+B-A,AB,C+B,6RCQ,A+B,1
5y2m_K+L-E+B,AG,E+B,5XL5,C+C,1
5y2m_K+L-E+B,AG,E+B,5XLC,C+C,1
5y2m_K+L-E+B,AG,E+B,5XL3,C+C,1
5w06_H+L-T,AG,T,1TFH,A,1
5w06_H+L-T,AG,T,1TFH,B,2
1j1o_H+L-Y,AG,Y,7BYP,A,1
1j1o_H+L-Y,AG,Y,7CDO,A,1
1j1o_H+L-Y,AG,Y,7CDM,A,1
5wob_K+L-B,AG,B,4GS8,A,1
5wob_K+L-B,AG,B,4GS8,B,2
5wob_K+L-B,AG,B,4GSC,A,1
5wob_K+L-B,AG,B,4GSC,B,2
5wob_K+L-B,AG,B,4NXO,A,1
5wob_K+L-B,AG,B,4NXO,B,2
3ogo_E-A,AG,A,4EUL,A,1
3ogo_E-A,AG,A,2Y0G,A,1
3ogo_E-A,AG,A,6UZ0,A,1
3ogo_E-A,AG,A,6YLQ,A,1
3ogo_E-A,AG,A,7FBS,A,1
7lf7_A+B-M,AG,M,7L6K,A,1
4pp2_B+A-F,AB,B+A,4POZ,D+C,1
5eii_H+L-G,AG,G,2IDC,A,1
5eii_H+L-G,AG,G,1WG3,A,1
5eii_H+L-G,AG,G,1ROC,A,1
5o14_H+L-A,AG,A,3KVD,D,1
6mar_M+N-B+A+F,AB,M+N,4NUG,H+L,1
6gk4_B-A,AG,A,5TFI,A,1
6gk4_B-A,AG,A,5TFF,A,1
6gk4_B-A,AG,A,5TF7,A,1
6gk4_B-A,AG,A,5TFG,A,1
6gk4_B-A,AG,A,5TFB,A,1
6c6z_C+D-A,AG,A,4ZPW,R,1
6c6z_C+D-A,AG,A,4ZPW,S,2
5bvp_H+L-I,AB,H+L,5BVJ,B+A,1
5bvp_H+L-I,AB,H+L,5BVJ,D+C,2
5bvp_H+L-I,AB,H+L,5BVJ,F+E,3
5bvp_H+L-I,AB,H+L,5BVJ,H+G,4
5bvp_H+L-I,AG,I,5R7W,A,1
5bvp_H+L-I,AG,I,5R8F,A,1
5bvp_H+L-I,AG,I,5R8P,A,1
5bvp_H+L-I,AG,I,6Y8M,A,1
5bvp_H+L-I,AG,I,6Y8I,A,1
5eii_A+B-I,AG,I,2IDC,A,1
5eii_A+B-I,AG,I,1WG3,A,1
5eii_A+B-I,AG,I,1ROC,A,1
4r2g_D+C-O,AB,D+C,4R26,H+L,1
6um6_G+H-E,AB,G+H,5TQA,H+L,1
6um6_G+H-E,AB,G+H,5TQA,A+B,2
7r8l_H+L-E,AB,H+L,7N3H,H+L,1
5th9_I+M-B,AG,B,5UE4,A,1
5th9_I+M-B,AG,B,5UE4,B,2
5th9_I+M-B,AG,B,5TH6,A,1
5th9_I+M-B,AG,B,5TH6,B,2
5th9_I+M-B,AG,B,5TH6,C,3
5th9_I+M-B,AG,B,5TH6,D,4
5th9_I+M-B,AG,B,5UE3,A,1
5th9_I+M-B,AG,B,5UE3,B,2
4kxz_J+I-B,AB,J+I,3EO0,A+A,1
4kxz_J+I-B,AB,J+I,3EO0,C+C,2
6um6_C+D-A,AB,C+D,5TQA,H+L,1
6um6_C+D-A,AB,C+D,5TQA,A+B,2
7cqd_H+L-A,AB,H+L,4YNY,A+B,1
7cqd_H+L-A,AB,H+L,4YNY,C+D,2
6b20_E-B+D,AG,B+D,1TBG,G+G,2
6b20_E-B+D,AG,B+D,1TBG,E+E,5
3pnw_H+G-I,AG,I,3S6W,A,1
3pnw_H+G-I,AG,I,3PMT,A,1
4ej1_D-A,AG,A,7LVC,A,1
4ej1_D-A,AG,A,4PSS,A,1
4ej1_D-A,AG,A,4PSY,A,1
4ej1_D-A,AG,A,7D6G,A,1
4ej1_D-A,AG,A,4PTH,A,1
7o06_B-D,AG,D,7NWJ,A,1
6gk4_F-D,AG,D,5TFI,A,1
6gk4_F-D,AG,D,5TFF,A,1
6gk4_F-D,AG,D,5TF7,A,1
6gk4_F-D,AG,D,5TFG,A,1
6gk4_F-D,AG,D,5TFB,A,1
1rjl_B+A-C,AG,C,1P4P,A,1
6cnv_C-A,AB,C,6CNW,A,1
3qsk_B-A,AG,A,8RAT,A,1
3qsk_B-A,AG,A,6ETL,A,1
3qsk_B-A,AG,A,6ETM,A,1
3qsk_B-A,AG,A,7RSA,A,1
3qsk_B-A,AG,A,6ETK,A,1
7d5p_C-A,AB,C,6KSN,A,1
7d5p_C-A,AB,C,6KSN,B,2
5w4l_F+I-A,AG,A,4DKO,A,1
5w4l_F+I-A,AG,A,4DKO,C,2
5w4l_F+I-A,AG,A,4RZ8,A,1
5w4l_F+I-A,AG,A,4RZ8,B,2
5w4l_F+I-A,AG,A,4RZ8,C,3
5w4l_F+I-A,AG,A,4RZ8,D,4
5w4l_F+I-A,AG,A,4DVV,A,1
5w4l_F+I-A,AG,A,4DVV,B,2
5w4l_F+I-A,AG,A,4DKP,A,1
5w4l_F+I-A,AG,A,4DKP,C,2
5w4l_F+I-A,AG,A,4DKQ,A,1
5w42_H+L-A,AB,H+L,5XRQ,H+L,1
5w42_H+L-A,AB,H+L,5XRQ,A+B,2
4fp8_K+O-D,AB,K+O,4FNL,H+L,1
4fp8_K+O-D,AB,K+O,4FNL,I+M,2
2r56_H+L-A,AG,A,3NQ3,A,1
2r56_H+L-A,AG,A,7KOT,A,1
2r56_H+L-A,AG,A,6GHH,A,1
5vig_A+B-G,AG,G,5OMZ,A,1
5i8h_K+L-C,AB,K+L,4JY5,H+H,1
2i9l_H+G-L,AG,L,1YPY,A,1
2i9l_H+G-L,AG,L,1YPY,B,2
2p44_B-A,AG,A,8RAT,A,1
2p44_B-A,AG,A,6ETL,A,1
2p44_B-A,AG,A,6ETM,A,1
2p44_B-A,AG,A,7RSA,A,1
2p44_B-A,AG,A,6ETK,A,1
5o4o_B+A-C,AG,C,1M6B,A,1
5o4o_B+A-C,AG,C,1M6B,B,2
4fp8_I+M-B,AB,I+M,4FNL,H+L,1
4fp8_I+M-B,AB,I+M,4FNL,I+M,2
6wiz_H+L-B+A,AB,H+L,6WIY,H+L,1
2p43_B-A,AG,A,8RAT,A,1
2p43_B-A,AG,A,6ETL,A,1
2p43_B-A,AG,A,6ETM,A,1
2p43_B-A,AG,A,7RSA,A,1
2p43_B-A,AG,A,6ETK,A,1
4ydj_H+L-G,AG,G,3TGT,A,1
6rvc_D-A,AG,A,6DMO,A,1
6rvc_D-A,AG,A,6OEU,A,1
6rvc_D-A,AG,A,6DMB,A,1
4fp8_J+N-C,AB,J+N,4FNL,L+L,1
4fp8_J+N-C,AB,J+N,4FNL,M+M,2
3zkx_C-A,AG,A,3ZKI,A,1
3zkx_C-A,AG,A,3ZKI,B,2
3zkx_C-A,AG,A,3ZKG,A,1
3zkx_C-A,AG,A,3ZKG,B,2
3zkx_C-A,AG,A,6UJ1,A,1
3zkx_C-A,AG,A,6UJ1,B,2
4r2g_Q+P-E,AB,Q+P,4R26,H+L,1
4r2g_Q+P-E,AG,E,1WIO,A,1
4r2g_Q+P-E,AG,E,1WIO,B,2
4r2g_Q+P-E,AG,E,1WIQ,A,1
4r2g_Q+P-E,AG,E,1WIQ,B,2
4r2g_Q+P-E,AG,E,1WIP,A,1
4r2g_Q+P-E,AG,E,1WIP,B,2
7duo_H+L-B,AB,H+L,7DUN,H+L,1
7duo_H+L-B,AG,B,2EF1,A,1
7duo_H+L-B,AG,B,2EF1,B,2
5d93_F+E-D,AG,D,5D8I,A,1
5d93_F+E-D,AG,D,5D8I,B,2
5j3d_C+D-I+G,AB,C+D,5ITB,H+L,1
2p47_B-A,AG,A,8RAT,A,1
2p47_B-A,AG,A,6ETL,A,1
2p47_B-A,AG,A,6ETM,A,1
2p47_B-A,AG,A,7RSA,A,1
2p47_B-A,AG,A,6ETK,A,1
1yyl_R+Q-P,AB,R+Q,1RZ8,B+A,1
1yyl_R+Q-P,AB,R+Q,1RZ8,D+C,2
6ute_C+D-S,AG,S,2I69,A,1
6ute_C+D-S,AG,S,2P5P,A,1
6ute_C+D-S,AG,S,2P5P,B,2
6ute_C+D-S,AG,S,2P5P,C,3
6ute_C+D-S,AG,S,2HG0,A,1
3zlq_D-B,AG,B,3ZKI,A,1
3zlq_D-B,AG,B,3ZKI,B,2
3zlq_D-B,AG,B,3ZKG,A,1
3zlq_D-B,AG,B,3ZKG,B,2
3zlq_D-B,AG,B,6UJ1,A,1
3zlq_D-B,AG,B,6UJ1,B,2
6lz2_B-A,AG,A,4TZA,C,1
6lz2_B-A,AG,A,4TZA,A,2
6lz2_B-A,AG,A,4TZA,B,3
6lz2_B-A,AG,A,4TZA,D,4
6u38_H+L-B,AG,B,2P4E,P,1
6u38_H+L-B,AG,B,2P4E,A,2
6u38_H+L-B,AG,B,6U26,A,1
6u38_H+L-B,AG,B,6U26,B,2
6okp_M+N-D,AB,M+N,6OKQ,A+B,1
6okp_M+N-D,AB,M+N,6OKQ,D+C,2
6okp_M+N-D,AB,M+N,6OKQ,F+E,3
6e62_B+C-A,AB,B+C,6E64,H+L,1
6e62_B+C-A,AB,B+C,6E64,A+B,2
6j5g_H+L-A,AG,A,1SVB,A,1
5ywp_N+M-C,AB,N+M,5YWF,B+A,1
5ywp_N+M-C,AB,N+M,5YWF,D+C,2
4uta_I+M-A,AG,A,4UTC,A,1
4uta_I+M-A,AG,A,4UTC,B,2
6qgy_D-C,AG,C,6FSU,A,1
6qgy_D-C,AG,C,6FSU,B,2
4z9k_B-A,AG,A,4HUO,X,1
4z9k_B-A,AG,A,6URX,A,1
4z9k_B-A,AG,A,4HV7,X,1
4z9k_B-A,AG,A,4MX5,X,1
4z9k_B-A,AG,A,6URY,A,1
4z9k_B-A,AG,A,6URY,B,2
4lgp_B-A,AG,A,4HUO,X,1
4lgp_B-A,AG,A,6URX,A,1
4lgp_B-A,AG,A,4HV7,X,1
4lgp_B-A,AG,A,4MX5,X,1
4lgp_B-A,AG,A,6URY,A,1
4lgp_B-A,AG,A,6URY,B,2
1pkq_G+F-J,AG,J,1PKO,A,1
5hys_C+D-K,AB,C+D,2XA8,H+L,1
5hys_C+D-K,AB,C+D,4X7T,H+L,1
5hys_C+D-K,AB,C+D,4X7T,A+B,2
5hys_C+D-K,AB,C+D,6TCN,H+L,1
5hys_C+D-K,AB,C+D,6TCN,B+A,2
5hys_C+D-K,AB,C+D,6TCM,H+L,1
4olv_H+L-G,AG,G,3TGT,A,1
6awq_B+C-A,AB,B+C,5I66,A+B,1
5otj_B+A-D,AG,D,2LVK,A,1
5otj_B+A-D,AG,D,2LVJ,A,1
5otj_B+A-D,AG,D,2LVI,A,1
6bkc_H+L-E,AB,H+L,6WOS,H+L,1
6nb7_D+E-B,AB,D+E,6NB8,H+L,1
2dqc_H+L-Y,AG,Y,7BYP,A,1
2dqc_H+L-Y,AG,Y,7CDO,A,1
2dqc_H+L-Y,AG,Y,7CDM,A,1
1xgp_B+A-C,AG,C,7BYP,A,1
1xgp_B+A-C,AG,C,7CDO,A,1
1xgp_B+A-C,AG,C,7CDM,A,1
3stb_A-D,AG,D,4DNI,A,1
2j88_H+L-A,AG,A,1FCQ,A,1
2j88_H+L-A,AG,A,1FCU,A,1
2j88_H+L-A,AG,A,1FCV,A,1
2nr6_D+C-A,AG,A,1YG9,A,1
6mek_I+G-A,AB,I+G,6MEG,H+L,1
5imk_B-A,AG,A,2ICC,A,1
6obg_D-B,AG,B,4HUO,X,1
6obg_D-B,AG,B,6URX,A,1
6obg_D-B,AG,B,4HV7,X,1
6obg_D-B,AG,B,4MX5,X,1
6obg_D-B,AG,B,6URY,A,1
6obg_D-B,AG,B,6URY,B,2
1uac_H+L-Y,AG,Y,1TEW,A,1
1uac_H+L-Y,AG,Y,135L,A,1
1uac_H+L-Y,AG,Y,1LZY,A,1
1uac_H+L-Y,AG,Y,1JSE,A,1
1uac_H+L-Y,AG,Y,1LJN,A,1
5utz_J+K-I,AG,I,1PY2,A,1
5utz_J+K-I,AG,I,1PY2,B,2
5utz_J+K-I,AG,I,1PY2,C,3
5utz_J+K-I,AG,I,1PY2,D,4
5utz_J+K-I,AG,I,1PY2,C,5
5utz_J+K-I,AG,I,1PY2,B,6
5utz_J+K-I,AG,I,1PW6,A,1
5utz_J+K-I,AG,I,1PW6,B,2
5utz_J+K-I,AG,I,1M49,A,1
5utz_J+K-I,AG,I,1M49,B,2
5utz_J+K-I,AG,I,1M47,A,1
5utz_J+K-I,AG,I,1M48,A,1
5utz_J+K-I,AG,I,1M48,B,2
5um8_H+L-G,AB,H+L,4R26,H+L,1
6a4k_K+O-D,AB,K+O,6JP7,H+L,1
5a7x_L+K-I,AB,L+K,1RZ8,B+A,1
5a7x_L+K-I,AB,L+K,1RZ8,D+C,2
3ngb_H+L-G,AG,G,3TGT,A,1
6xzw_H+L-D,AG,D,3KVD,D,1
3v6z_A+B-F,AB,A+B,3V6F,A+B,1
3v6z_A+B-F,AB,A+B,3V6F,C+D,2
3v6z_A+B-F,AB,A+B,3V6F,E+F,3
4rgm_C+B-A,AG,A,3SEB,A,1
4rgm_C+B-A,AG,A,1SE3,A,1
4rgm_C+B-A,AG,A,1SE4,A,1
5thr_M+J-D,AB,M+J,1RZ8,B+A,1
5thr_M+J-D,AB,M+J,1RZ8,D+C,2
3rvv_D+C-A,AB,D+C,3RVT,D+D,1
3rvv_D+C-A,AB,D+C,3RVU,D+D,1
3rvv_D+C-A,AG,A,3D6S,A,1
3rvv_D+C-A,AG,A,3D6S,B,2
3rvv_D+C-A,AG,A,3D6S,C,3
7jti_H+L-A,AB,H+L,1GIG,H+L,1
3hb3_C+D-B,AB,C+D,1MQK,H+L,1
5x0t_C+D-F,AB,C+D,5X4G,B+B,1
4qex_H+L-A,AG,A,1ZRL,A,2
3skj_I+M-F,AG,F,3FL7,A,2
3skj_I+M-F,AG,F,2X10,A,1
3skj_I+M-F,AG,F,3HPN,A,1
3skj_I+M-F,AG,F,3HPN,B,2
3skj_I+M-F,AG,F,3HPN,C,3
3skj_I+M-F,AG,F,3HPN,D,4
3skj_I+M-F,AG,F,3HPN,E,5
3skj_I+M-F,AG,F,3HPN,F,6
1ymh_B+A-E,AB,B+A,1NLB,H+L,1
3csy_A+B-J+I,AB,A+B,3INU,H+L,1
3csy_A+B-J+I,AB,A+B,3INU,M+N,2
5hvh_C-A,AG,A,7NEE,A,1
4lsu_H+L-G,AG,G,3TGT,A,1
6wzm_A+B-E,AG,E,5D14,A,1
6wzm_A+B-E,AG,E,4XDX,A,1
6wzm_A+B-E,AG,E,5WDZ,A,1
6ofi_H+L-G,AB,H+L,6OED,H+L,1
6ofi_H+L-G,AB,H+L,6OED,A+B,2
6ofi_H+L-G,AB,H+L,6OED,C+D,3
6ofi_H+L-G,AG,G,4DKO,A,1
6ofi_H+L-G,AG,G,4DKO,C,2
6ofi_H+L-G,AG,G,4RZ8,A,1
6ofi_H+L-G,AG,G,4RZ8,B,2
6ofi_H+L-G,AG,G,4RZ8,C,3
6ofi_H+L-G,AG,G,4RZ8,D,4
6ofi_H+L-G,AG,G,4DVV,A,1
6ofi_H+L-G,AG,G,4DVV,B,2
6ofi_H+L-G,AG,G,4DKP,A,1
6ofi_H+L-G,AG,G,4DKP,C,2
6ofi_H+L-G,AG,G,4DKQ,A,1
4yk4_Z+Y-E,AG,E,6CHX,A,1
4yk4_Z+Y-E,AG,E,6CHX,B,2
5d96_C+B-A,AG,A,5D8I,A,1
5d96_C+B-A,AG,A,5D8I,B,2
6mek_H+L-C,AB,H+L,6MED,A+B,1
6mek_H+L-C,AB,H+L,6MED,C+D,2
6mek_H+L-C,AB,H+L,6MED,G+I,3
3mj9_H+L-A,AB,H+L,3MJ8,H+L,1
3mj9_H+L-A,AB,H+L,3MJ8,B+A,2
3mj9_H+L-A,AG,A,3MJ6,A,1
3pnw_T+S-U,AG,U,3S6W,A,1
3pnw_T+S-U,AG,U,5YJ8,A,1
3pnw_T+S-U,AG,U,3PMT,A,1
4fhb_D-A,AG,A,7LVC,A,1
4fhb_D-A,AG,A,4PSS,A,1
4fhb_D-A,AG,A,4PSY,A,1
4fhb_D-A,AG,A,7D6G,A,1
4fhb_D-A,AG,A,4PTH,A,1
6i6j_C-A,AG,A,6I6B,A,1
6gwq_B-A,AG,A,7AQF,A,1
6gwq_B-A,AG,A,7AQF,B,2
6gwq_B-A,AG,A,3EOX,A,1
6mei_H+L-C,AB,H+L,6MED,A+B,1
6mei_H+L-C,AB,H+L,6MED,C+D,2
6mei_H+L-C,AB,H+L,6MED,G+I,3
3u2s_A+B-C,AB,A+B,3U36,A+B,2
3u2s_A+B-C,AB,A+B,3U36,C+D,3
3u2s_A+B-C,AB,A+B,3U36,E+F,4
6oge_C+B-A,AB,C+B,1L7I,H+L,1
7n3d_H+L-C,AG,C,7CDZ,A,1
7n3d_H+L-C,AG,C,7CDZ,B,2
7n3d_H+L-C,AG,C,7CDZ,C,3
7n3d_H+L-C,AG,C,7CDZ,D,4
7n3d_H+L-C,AG,C,6YI3,A,1
7n3d_H+L-C,AG,C,6M3M,A,1
7n3d_H+L-C,AG,C,6M3M,B,2
7n3d_H+L-C,AG,C,6M3M,C,3
7n3d_H+L-C,AG,C,6M3M,D,4
7k8v_M+N-C,AB,M+N,7K8P,H+L,1
4xak_H+L-A,AG,A,4ZPW,R,1
4xak_H+L-A,AG,A,4ZPW,S,2
5d70_H+L-A,AG,A,2GMF,A,1
5d70_H+L-A,AG,A,2GMF,B,2
2p48_B-A,AG,A,8RAT,A,1
2p48_B-A,AG,A,6ETL,A,1
2p48_B-A,AG,A,6ETM,A,1
2p48_B-A,AG,A,7RSA,A,1
2p48_B-A,AG,A,6ETK,A,1
4i0c_D-A,AG,A,3FE0,A,1
4i0c_D-A,AG,A,6LFH,X,1
4i0c_D-A,AG,A,2ZIJ,A,1
4i0c_D-A,AG,A,2NWD,X,1
4i0c_D-A,AG,A,5LSH,A,1
7nqa_D-A,AG,A,7NQ6,A,1
4ps4_H+L-A,AG,A,1GA3,A,1
2x89_B-F,AG,F,2XKU,A,1
5uoe_V+W-E,AG,E,4IFH,A,2
5uoe_V+W-E,AG,E,4IFH,B,3
5uoe_V+W-E,AG,E,4RE9,A,1
5uoe_V+W-E,AG,E,4RE9,B,2
7lo6_J+I-C,AB,J+I,1RZ8,B+A,1
7lo6_J+I-C,AB,J+I,1RZ8,D+C,2
